576609305
12176450
477708561
369478171
697503266
17332681
570080292
809300459
15581330
812529419
115679090
915459060
118612266
6384252
112837816
827379956
15981106
824934968
128072146
303260017
602894359
19132257
844045750
494822060
112897460
829228982
16042610
826843514
129978770
362424943
661999703
851513230
622627952
630874103
548451229
331510953
130378546
374830492
674392759
350021387
89589013
106666660
634040419
984656847
667049997
815361287
15581330
812529419
115679090
915459060
118612266
6384252
112837816
827379956
15981106
824934968
128072146
303260017
602894359
19132257
844045750
494822060
112897460
829228982
16042610
826843514
129978770
362424943
661999703
851513230
622627952
630874103
548451229
331510953
130378546
374830492
674392759
350021387
89589013
106767565
637168474
81626543
673110825
3246946
15581330
812529419
115679090
915459060
118612266
6384252
112837816
827379956
15981106
824934968
128072146
303260017
602894359
19132257
844045750
494822060
112897460
829228982
16042610
826843514
129978770
362424943
661999703
851513230
622627952
630874103
548451229
331510953
130378546
374830492
674392759
350021387
538833209
33351945
912040085
602646412
824726620
895929024
639869254
380727632
441288533
946500054
335537312
21311478
649339331
656300608
122655634
593669186
161697160
326803618
403149737
20462190
437652618
466800754
87218543
318632526
539348602
594564975
709735893
3809636
783171719
623285432
843130224
579280438
770097295
236402130
231453909
912461339
571415654
74162094
773489191
543810251
713514053
463804784
165798754
354909451
447251102
801152600
707582421
861018610
915060590
798625434
543955828
720224816
945826019
378328122
901396322
510204752
164570371
378259161
97406827
599844392
818245097
959413737
285824116
269385168
931928757
678030548
935078263
985330188
507615574
768776040
618624623
907912713
860199704
787347651
37360390
728707060
894117241
506320501
739536996
375266257
78298481
433750420
538847729
494171114
236238965
60896278
459669592
95809342
267724806
988567644
585910556
949794247
482508480
187293370
716751800
311051398
602697681
1387709
827004063
310792811
421244158
994720408
726213353
299180951
910101290
315662595
16859296
418688629
941701609
955804455
815553493
270156527
187132311
408707531
190669423
648139014
92240802
795733575
311402777
403766725
854592545
409309757
354861912
641240756
183009260
235319863
32306032
346667095
45672367
537166812
315081899
765915342
388911623
952468828
166043949
795837157
897540085
325083690
169240450
472456174
119740414
156992290
898780902
429130178
157238965
74921298
757586938
415635758
451744787
623600449
917658081
714360539
636312906
523186157
132550085
355999611
224053211
926843483
462697020
4652809
76702463
79009945
735309094
439108996
511284191
721551526
489392369
516143737
849700120
404630364
110563281
343269325
986317668
748051243
39476465
10437642
638704224
647389168
510522777
129069633
787819370
294253252
715288256
360863263
312917115
582184995
392709585
731835316
553399647
270406980
45080769
90305263
96922937
635177752
729342622
836331464
692345403
580809306
994464414
376001231
420700720
890051521
379829779
538583150
236782387
658801647
325106696
866557479
582410640
637065384
823343851
773789369
687477201
371929937
746778114
75660147
983865166
69937112
26844317
437214453
618781065
104723135
903825295
915875479
729860637
67175883
237311467
437390141
411512340
430660105
158908415
177963439
225042
351956962
451736729
570860587
751279502
515517159
827176930
704122998
663642085
910625659
786693038
175620203
859687295
265275107
98912088
742969005
555745418
274700598
365412700
579021204
6125732
707029301
152566601
948965728
762806646
806883773
676091178
490780617
317263689
662788323
924244143
716365260
705987635
991418860
732973885
650264952
780513800
790648773
846739068
8262010
771450978
834944560
213757806
317797758
630319374
521541072
358346804
683970771
611805052
680174112
488679114
278054562
406364664
474259177
412085397
942806112
96527360
880333946
881517863
661260547
206727217
41194269
487589343
305898103
669768465
517682880
678124377
150268992
955828967
234931900
999070914
14405125
115295927
87548891
373483548
761866941
601224839
745415806
599026174
192111938
263423618
539681113
428262409
846170603
177196358
754605885
153528577
525343161
935748947
192094140
595582982
764836947
494811076
699222956
246253807
820888663
439455890
28934915
506535692
408375552
461092005
638814388
727070399
349675109
629810103
105101798
49375371
956419709
779155270
302245723
117004435
182760587
209566862
822048474
680266414
397986394
904497128
265710708
676879808
855115254
608847853
586368165
882486033
697068049
505196024
334796618
477325232
192312433
945017049
924962157
97598813
460973291
913522224
933597541
729663370
477157649
529370569
62446527
329493055
89671008
320453624
722301458
71363532
779303200
502068939
421719516
907583412
389825368
429455475
734891492
519124480
723709343
868615585
494005310
951131433
421946688
866911364
635102900
686569729
409089438
268527664
550435686
763595623
143083670
812889534
869401102
954631134
317674007
362045955
305784608
267576392
125352118
274888421
309680488
774678660
637429623
765959946
711028447
387877106
779061883
366176564
598354845
887922651
356691307
6227124
920612794
276498012
949467552
577762516
698777358
493733153
650593337
739245619
277910525
110014487
29292283
131136333
235972954
8943089
105820579
220544771
37726965
627723223
756950585
35526051
896224483
72053413
631418629
803964824
92594147
501279788
873829282
655729613
961798731
123273642
961467849
510759645
848521840
401398041
848308385
789202729
810263855
344528834
661463576
806993587
205731524
235270521
30875988
834711816
667851949
471894991
489375872
911182101
921228399
53883281
457059589
212448595
13745573
988238928
97201334
183342373
421004074
670783078
128482245
862458474
112916645
372157530
80177204
273732954
367453641
177730008
209099627
373930014
971192802
573630534
569113991
836749259
284092524
508305287
22385927
260886196
584346414
337828533
238901478
235826572
877640515
197313045
754647135
929438981
304664247
52836058
92113857
381234256
385295554
385785254
429960905
538252812
648242438
254678570
351952766
974731017
8333588
485289766
263378165
159070045
668561759
805065384
804089711
370631848
105027652
596848183
572623805
410360792
869733020
833461680
238658753
137870788
927688090
773314448
195823103
529465372
538702043
134355404
22593706
587205549
324918707
295455329
919959383
454439343
429496546
604483510
817706230
63009006
882049191
122422515
332250814
858121715
769932022
199971726
546340246
58190867
367536678
960652517
125198005
279225230
756822756
552386210
234860408
213441889
864124350
575994125
780095955
531535545
237401175
150446343
326747889
60675639
335041727
20689479
846121776
891545012
279050242
619187302
250893678
635186568
527000392
188478606
473680877
444387554
395908487
767837416
44460837
394831015
760595470
315949401
509894175
664507689
930697526
791521196
420925677
668590762
562644507
646558520
845506865
200528021
984864970
80493740
352902894
815296859
831264595
114171032
273290854
90875519
388767817
975085909
17421887
300821578
947562055
16569517
910861160
75583260
569170538
955763060
765376528
300488045
18678491
198551202
773831992
839353318
502149195
726032196
25027689
909062578
29490844
931633756
469770638
785862129
22395185
16569517
910861160
75582066
566016505
861222360
155666408
395919038
61741015
236412915
26922256
124125677
510900382
182880519
419840123
316338149
21723823
999236691
763015038
367722733
816469818
98703642
837237945
767731409
418418651
650245679
823675413
919898913
171843239
894173129
389250768
213435809
182434788
622356446
150627067
712442009
24640565
550425083
793576312
205897189
190989774
539427910
13876560
826289032
555062339
993599601
609664506
764922787
438395549
735168413
162432310
698424124
266121243
519830218
338220528
16422423
143862504
697464866
298656703
606215300
585740612
741420113
54903783
666380833
498576467
867716175
993856019
794687579
376064411
605098680
52224540
622478336
20364730
693041653
776115033
620180194
504139021
102287820
959058643
317925015
792527102
622934248
432288388
353247318
166791344
504645451
855280688
41115499
590297621
217893860
321746003
539106961
939047589
780752262
11501552
975293122
460701104
346931211
327254398
147764072
243690672
538477422
266793086
903561229
572528916
536647188
860846634
79649487
730642587
685826986
605598736
637979481
652673430
858411564
716948046
843837650
461738389
357607020
404146376
492739927
904965156
890136300
372907640
556078935
703586294
583732759
107327803
400333146
597072364
488295836
18633804
193171863
401499426
145030621
497372413
374373854
363937949
783646382
135304938
903980014
686397875
111007524
838243239
189713643
241004323
220793289
571720216
785061566
921792288
362124820
468058711
510510443
614056469
475722696
83143632
875255902
149165752
967233065
881113007
654503659
792111193
590623968
420911022
688456053
933414492
581514578
71630852
826057068
349030810
164917370
503845020
973942213
235803471
121295491
740785005
908946464
965997466
737200372
817586653
380920472
251847676
682189227
496132391
972767474
976652123
157098279
200159296
991616979
669816844
622548676
379307783
309302329
813363209
146780060
338321675
674352042
331241058
572933952
966741464
825191541
803913291
9222661
157644231
546426205
469504652
220866279
864079538
618831403
116635988
941182086
459840826
403197416
993225015
853210448
83363360
272080581
638207037
863572256
557250805
64984674
308725546
936433419
36536330
486648437
212692903
975225411
894898968
701231668
90646874
144277196
987253633
563811694
498892806
35937277
971649879
965281004
988492038
115924338
269876057
711140808
863394607
796661023
483153465
558851625
943252049
986161560
677823156
617565506
17967615
139912108
931603463
449967527
473047328
500684169
657656729
582452645
719041168
250249655
327853089
861471002
991586072
675926378
684315318
52564397
330047898
351445726
386046986
589315219
586595272
446112150
346966929
547641020
596449564
326153277
889434068
181035724
929020353
256869465
874350941
896575198
896582323
744120672
979573103
601938411
537180856
439173810
846783022
136655751
24467528
308264951
47449557
900893901
221687110
524810470
718368947
477474848
750761358
849092861
972302240
934099059
213738803
852024082
651468926
180454227
423185755
356999335
793488648
165184269
755059005
971282315
29715923
799840781
413809338
129659982
894847346
531962567
397963337
141932373
384628434
235517588
874594287
109238682
903794721
584669825
41859353
644683866
416684585
537130887
876333085
581372885
589574925
794218322
239626883
702797556
541470732
677498114
810634662
147162055
122540177
995609012
439106320
340022035
41503532
158456945
214936723
3881381
452799875
25065142
612966728
838279911
606290445
190120262
881097201
100580406
723025775
631963214
706971740
531644628
75784332
86704666
34258827
555587257
446180519
308746917
138182532
931439976
743181329
850128240
976366585
963414060
735243813
664411230
581566041
246843462
350275800
214473065
494716913
169830394
374402200
814485036
455553876
782707322
536795158
651299847
978434937
417816011
614760565
368112236
306650876
472766537
851151004
737760083
267404168
511306140
686707114
899182347
921229908
604988136
998338545
756572112
182808023
115342034
51516394
361632270
85427750
324954106
771716054
209083571
329308614
688604935
267278265
384263620
135246069
987394408
546078150
445774450
441994452
641602760
459942547
144973996
895032417
922671447
720823237
568606369
808629577
120377493
989700954
572785062
617313176
874098686
60330658
207682265
783018916
522757111
775506338
223511510
456364333
671903738
471306491
237486329
996817931
689605575
638716874
420018009
430107652
953231791
410816537
575067698
751486645
337662797
850890045
421204276
775838157
323680525
639143831
433569936
562662728
877711662
700303398
328150492
991374528
835379998
276477940
349405228
703403226
306444538
190521391
489225198
977501610
43288293
941696087
787390376
844522344
711734857
765004565
664293487
699394352
538704311
829769529
214799832
495592020
613689717
247356929
137407639
753895159
924468172
578384324
928393537
99366496
623578789
183867883
270472978
171346132
309102597
340298153
482574844
174964701
462363612
636957916
360584961
530650597
447649110
635120278
12060804
940849785
51241076
304040916
651799518
502413852
576524763
346178178
619549551
129082296
525927602
952263068
269693421
583577626
42074076
844280658
287256158
716975198
8138867
248336664
435827112
208767159
760793425
912044784
491552319
107936348
282785306
382417980
397172728
869506142
288914288
858209423
94265903
627316810
414828645
717170921
464108943
379869630
998930908
551772113
671857818
614259414
670868824
133003694
608563004
432486679
492525137
815075398
750475492
883971136
747974148
864930338
379869630
2489872
562634558
118929547
583744463
433798810
108335451
878280796
452373621
622000361
901899156
495377348
221981146
873801025
295375930
343681235
246361209
342274944
517895426
826205041
479271491
688676765
844611964
332432163
438589511
238827963
215553377
202148847
836985020
738271391
222520024
662985430
304696447
691860667
745070115
246439268
866329363
130574887
456445933
143309390
960717504
703600671
907056230
748990020
631592418
371037118
537417838
269406788
947246801
809595257
66776752
868055410
681263537
887554706
305863071
246086657
500427871
758725054
279718433
884829203
23711792
349678811
555612021
450586679
32076235
988306133
473804580
466531210
796098169
772579478
743161927
399829544
595191117
247604070
450302138
722892297
976583238
457690149
700710490
426401586
736482479
240245732
114067415
881070271
133320524
4772326
381928875
332236574
644308603
588172736
838288526
828226106
875781210
11255545
438818092
475200509
163093295
400757829
45517913
782945408
321160436
671529990
40516682
195729317
525199074
764313139
903202546
457245923
702523879
207873567
615574271
216008463
566184578
50799399
784370517
460058040
260010490
655969434
564997004
724402769
942476023
752320401
753701678
290959552
21419395
265829762
538419351
59840137
966345101
312770219
479586677
859572704
666268187
988427277
561209691
602772423
185113367
396249484
278552294
972545657
959398840
956605073
653136581
566502413
323802346
647777165
869335965
569209199
585856115
6252090
305022305
32446229
19339011
47772654
68278205
924701833
636806284
976694308
367419311
29096143
486574792
771443430
100941620
806436514
207452022
657263990
129863511
608261676
205021534
353256162
347713650
413936637
906428926
833544220
43644279
972495167
210032665
384445605
354751255
689952060
308501211
182381636
907836392
651249161
495585073
581089485
635403581
860045677
581286997
38268382
825368723
361122268
897968565
718271089
394985321
118295159
199889100
662843261
317159907
351719135
662538080
997429497
795227702
763262841
655186491
212678448
37976939
88253893
729813208
312139649
356635844
725954382
291251268
519922184
849650890
784228194
720340656
267418234
287351172
406536500
491548349
641013826
514202719
471777477
466369059
151125003
80199029
871674208
696553839
783634839
445454484
600874521
624393015
147749676
72648032
112747150
759179067
834438344
90564180
252431221
868013775
253462126
717978354
777090884
315984808
898785190
522952746
163370287
58421567
803553810
430829072
537430460
425196303
748107390
978006779
468710324
485039819
556321497
35533975
959036196
4586397
818419308
159137678
297544501
594434967
199481432
492733873
560091829
25851022
28002367
313134778
623751703
230657129
938610278
968655944
139541891
318183849
719837780
101535134
67422013
961934431
772174167
928321229
772011820
846542596
100303276
383877417
154034981
120064799
772984302
529549558
760998513
915920319
831899072
910968206
686980978
84549389
829038194
229228782
600874521
621052300
44190531
223834518
859709591
851751162
537384980
425520860
376662280
937097696
936783489
675932903
154580859
928549232
11350115
947857885
171261118
184028050
913150559
98303773
333406141
210887301
530002170
133357346
431206656
153973973
693174575
643579934
571630725
21867865
553065456
665023206
885923298
304895959
642535616
624389810
231119043
684794626
440202915
114525244
946495076
693864173
367272407
586105191
306006070
499845452
65115147
888291176
348656266
9104684
415444529
470797352
466552656
387431156
800046900
968624449
522879861
63016546
163008920
743398995
870453179
365093254
136436510
101273514
25095711
626531235
779833987
7746622
807179008
466677482
255141503
543299852
402811776
832132810
298262741
826377672
90721662
720671376
582846872
967584737
576208382
267257420
667601801
40524433
596258497
437731947
702883982
150272470
219069805
988038940
362825982
852652989
527999722
705806656
224871867
607244810
337152370
978203227
429003888
522096156
715597685
281029860
44634277
979175483
17350945
290022436
502994879
931076406
218692869
870466811
202357755
496066286
513702643
812925305
494323170
536802262
864239188
37718604
788128479
210665195
795423193
909774542
647955664
473289613
473220526
339668235
595972099
25089641
126294228
807774209
645933541
954491917
809540012
656037632
828302807
796010801
780414034
984448900
702320879
431477445
816334040
98360206
860391934
504761090
941240809
401437295
217436106
624959885
90065698
291188356
857092381
603106275
226817743
823045193
792321986
956440398
45069258
991868043
707970004
133720073
996124458
80294504
583923999
822963806
363869837
538013091
929689505
61708578
877229752
437336254
347888403
447451859
703563716
621863129
978414429
565592664
408646744
894097519
923128927
52400267
48175896
995220340
345015988
867573170
667372401
381246340
637669305
726912481
406121583
235702461
182160071
144387705
251774361
539408018
848146603
543774742
519924704
940527553
374518977
101317758
218269941
989343990
690495337
451257795
780663788
352382432
922235252
538333336
625191368
382925942
94823364
151445648
916472805
28453652
105135038
708530655
861880257
377734924
984246946
202811941
350511240
906555882
894815061
705213709
926401115
814816629
841021101
603196324
154468492
580016931
881014634
758318150
637916331
369608703
55006033
541846187
73743000
433240231
313828232
434344528
463060078
343512125
400556749
790669956
2021102
582419658
463957804
729735894
191790892
56832202
760177833
677628098
881523397
588903590
196964770
700116035
555661093
428767813
622914873
182102205
642051372
578362709
802325084
869211800
737234902
944824087
924283279
174452912
400531547
153867821
992971468
540956174
99842019
873691776
675607147
920673999
926158730
306870909
32856819
241537436
93410886
327752460
770110965
664939189
375448328
981902185
361986952
219249708
413389629
782539468
288176739
977097087
476979440
971286994
431063804
967911343
120071607
243325312
535563389
893496439
189522314
323782954
266504837
49893896
943889539
348947575
923082402
822351826
66125630
831808003
482311601
126265669
420718304
640173439
137796241
972487416
945085586
282641985
544132944
94652314
917596292
891318539
175341261
686793425
210467477
47448967
276845837
995219961
792185802
56357604
739471311
664490048
825362648
337284333
755574690
581962256
405994688
77878084
908548369
517189967
855487712
204246347
268395538
162697062
806549143
609884209
664115282
582934440
201021236
822824206
316064327
792043163
976787564
450588211
839975780
467699823
156046560
185504187
357113691
138404910
635537645
710646012
116026594
690280585
546514336
146371971
223430142
588888053
172444193
596886283
354027011
541876006
48297779
635299012
261191256
296340741
297767185
752007617
166342188
289706969
188518519
937658156
63434362
84473979
353103298
143060298
426898117
452194585
816007789
518804421
691512788
430945346
609916866
402201173
802450048
123122968
471244958
13484837
571270381
477880915
597050046
623113025
650617004
949555312
960298751
710552458
620953750
184278216
240634866
624494159
648651592
164756511
330520903
348134062
917670803
975694600
245028626
693334414
191489793
921217422
376934523
123617653
676925663
593072347
382533571
30813561
699461263
183916388
229304673
905089057
703810663
812171113
169806170
487060332
283716513
568298557
557658473
398620071
240201612
62408260
539701008
363875376
771272952
111252069
320555864
181147214
831188323
337249792
79621526
694999738
518898696
175286283
290970183
514403684
467959763
639958530
899062407
51983489
607429020
224061918
796325723
561483708
341809831
687750821
176631323
175068560
295667303
437100841
117044967
581993383
165330073
553883008
889355344
796104917
257921260
850820530
26733796
589627408
894723978
260968448
9892882
830156468
984827124
640844869
76825094
48133841
675875577
673597272
450620335
488106722
378090013
831997994
203010738
471443337
112274772
372462021
344295057
224005068
70655234
968901450
600073544
599787912
799256479
271162758
36534950
581047549
485570223
258621916
792372898
415863004
652514719
226332671
1349633
131702698
305756087
795253109
755156213
205024735
64644273
998008353
107341287
125241886
62429977
710025316
799040590
621963995
78965341
483583191
294761468
343660882
728631616
457615332
862769482
259207189
871639873
851535376
42502796
544303177
157097434
872045071
141953467
469275396
417457083
586075677
415127755
91932773
768714177
599145000
319005401
85931072
621809383
925742021
91653290
101901417
254525127
2485011
586422568
50957482
550202107
43061001
690524468
776817109
192631026
399973691
625424628
93654051
303447657
741101218
200758127
19774510
111850243
741722300
490923468
808538424
560213103
420505527
907412791
715844266
58854951
822990111
621253171
921870689
785666490
277560998
187421464
471835520
971880373
810285279
929990713
353561494
204592537
862455836
34561085
737717364
485502912
35741610
899251588
225230483
375895292
235670400
830073813
348348400
246347176
426885510
800487099
385466181
43101567
344010406
512793670
518462387
151653778
631818438
297777765
102852202
917894573
858764918
479195391
85970079
159523443
342989665
765779053
498495494
528312332
20751416
402649605
467197529
269796587
947874443
304078481
643908113
881085414
95775001
961407163
874215769
304916492
675755859
664000419
900603556
998467400
972656436
938916461
981887549
100448668
877188605
527364574
908814565
908711525
444981621
410687967
370416554
476855740
950999927
124778046
654683551
156190860
840296602
174490311
14133303
432168313
946734602
548884443
591086672
661675453
701882665
326411370
816781323
609302044
196428062
608048303
147638091
757829909
485222865
791577203
327879342
39192949
59744135
709657849
200165270
831073943
755770913
37387075
742026069
351036901
679416956
271417849
375442021
499827689
16210475
638737662
745899758
149921159
898775730
619282294
101095307
521934620
51714980
285213108
425350588
400453174
311492917
528115270
578898106
348770649
156758791
564944293
301412781
341291575
726061147
641092757
486738265
960720959
672508281
316295068
838793747
501154024
870002379
688475181
296281952
818517259
938487829
822191213
171329865
45130351
963599799
534501354
537358286
179382392
404021810
303261934
627419865
968118311
799807231
235389076
523559940
524801532
905862245
953471339
690803742
388554289
558402297
507235082
223451914
359653442
318845910
804093969
425847485
330961667
898805980
738074907
106432727
693158430
330346597
467258834
796386325
72474298
131731039
210256219
9814075
874272366
601315053
368405565
717533675
14991234
84528544
490159300
825788772
403972920
282500202
8622476
988535298
431271855
950415836
427816603
264307087
411700962
620212912
749689869
448057324
338070293
391511610
8694726
183716535
223112249
618046929
445454484
430128634
331278513
61303287
392551471
30133801
872476166
165051000
903246588
914414933
871043839
862845480
433373899
374544229
95656635
278290901
754331584
170939671
303513852
570465214
270354374
804201315
721935516
588419322
123952871
362410235
56664704
680015091
696622382
316830631
603857852
417621970
625747662
621153521
43586584
108524898
365970019
453730091
561155062
971575588
897431924
910285681
5423117
927472389
2759957
705353845
456338953
737718702
467079791
371512273
12512886
326317282
308188657
48343958
103707646
407413028
265374278
994987825
909612405
385377413
861010618
211204758
521289873
858114659
175284326
353116974
804108966
566308215
323939214
487060238
316826127
155270177
334965306
517023760
622220249
986856491
162668167
294517989
696979868
133786666
22333222
825429246
194037675
678186099
246837987
455402059
804500063
726069491
845974709
13355596
182408178
889948868
460156405
51412573
475364878
94368627
702121446
1996847
212128373
802961452
113515871
307131825
78786562
200384968
375504981
48117745
363391405
124095153
703083260
885902562
607012049
440516540
524380923
889919224
348241824
365590738
31341713
260674350
599037690
703267725
896449824
285392178
839636226
815406667
40043561
101800054
450074301
954168804
690440396
396139568
975935194
836907137
420033241
591066395
9050344
152298958
95439127
311587755
34323695
852170794
643610397
396978499
412901492
267145470
275448775
54554928
36183183
702380302
31415360
971112239
619927580
677472239
478769214
953146425
900056156
18108034
123381908
514132708
832998124
694776543
530457836
250495324
827923623
301235653
234953078
420289490
920598068
204791572
996562698
19059724
459393555
504127503
805953741
900422514
773995952
84997345
954192559
122240513
993924472
514770474
794775219
321468056
753176385
683030145
220102749
10212452
110991800
439125353
721545427
703437847
27807124
496214509
147530737
360019969
947186496
946845475
209980916
940185246
80574244
409095631
453517551
56326981
473893552
802000903
419863918
214631922
953464739
245060090
385118710
698414131
766323733
787633936
73626146
397048187
809365156
364683909
25523287
666303948
781365799
440399454
349288835
606539735
872502437
234619125
183850351
201644803
248315203
102815553
534336255
439595336
927326854
316771083
760021874
928911774
100048887
812515411
485075076
555360315
68476267
59634105
201676164
594808766
930207801
356318374
504053929
363604419
522785920
872812709
909071034
116922528
157112625
297179107
931534485
467089857
590993124
587448964
888689067
411305214
773995952
84997345
954088227
977573359
509242496
489531269
515948671
504186974
401342941
641411121
882121134
379696334
291322458
771710587
41129983
498119538
13099352
165325457
180794964
402616910
731191665
328567090
948470875
341665235
64752804
28805726
108022751
74792056
77898901
520260578
802702570
772553183
612059770
274711847
233712732
797187738
694283378
626563742
742056912
513067164
195765503
564317551
648615115
332506079
593773397
218426227
18394491
954232386
300365727
23205937
544091457
645424223
429500396
541189432
858976550
968273735
679396598
406259436
653970444
301600328
241554415
296264127
872004304
810722518
725975878
571550783
341056419
874221981
202924350
702568393
957620798
387162157
209617405
615036548
902930281
992832173
358938188
857567744
242434803
86047043
890434246
8507318
922074105
792313938
575978443
193220831
776524564
4638325
932020955
804802204
627214579
788626677
687347717
96018490
321535468
912199240
56765566
902062638
502599081
914799146
666911242
241170789
396189292
102405171
793399840
253126588
250882964
125624636
36473456
735610663
800995061
458037328
768910608
309128885
77277291
126411496
840314505
397966857
484529936
133696818
706630919
223217129
621405906
549572239
824878774
247272129
834986524
103374891
545655296
578225152
319661080
437789479
554827734
591722551
790539262
531001053
336420430
492961535
93244059
597189638
530054875
768340834
577922792
438321400
199707433
979070264
496952277
164798556
190441847
840452362
927084555
783123103
76794761
714311994
137614339
778458621
594118596
215648819
835421337
236061731
766447395
905127057
56436510
541807598
140997744
851611815
447006017
284065768
137254475
207148401
290142475
709879721
595792483
629855467
159956282
332633495
974665852
990362354
35691641
881443525
628431714
701987005
622440989
972471184
491887631
242455703
662032514
20935209
354274245
881340848
315625056
859521019
423740349
479669493
120055094
832915570
651081992
251066039
470853226
470331465
582366869
165489330
716234511
873671611
119461046
886995802
347401002
187022650
915710737
474689556
506707494
92627587
956306527
537544610
775201757
26950630
956623899
626069306
344907067
130990260
814646250
370764805
390734877
984519382
108509899
149854011
494043349
930780546
192337837
953777538
676570018
910523344
449199149
331293907
730887669
579362062
966371451
853170800
321096054
948031566
718381767
237515928
546720220
409170323
29148899
484418755
640188638
960766920
51083549
74726224
895344806
534978931
767957100
391059669
614092665
223706724
240763693
335412722
114632289
136517207
783902498
487610502
109864696
86112355
163794515
585720339
290527745
232684198
72426717
193204158
780539702
637171146
453976407
359158214
129512217
13358337
733372179
246675164
518671589
874576251
898431301
637109912
153054851
235942458
151106774
559607096
643569835
581529827
720126077
112164172
22269643
23067794
456554297
338078007
591625687
347397957
440041098
230884368
640650479
380046511
71989333
501243139
785435422
561333808
512552182
158721018
585979389
276661814
918908435
709136983
389414566
637613246
554244855
415329010
398483733
687202631
226344313
30958140
197510996
982276594
238825089
643776934
68385691
639134352
591881187
693182364
46070707
276305611
432409949
975342341
492541128
674966290
675459688
864535362
245461744
369480171
565089489
735209459
57940186
470799636
190634277
349984670
258929330
699339539
199290884
262892566
196242134
364167748
638109878
301171412
610771505
935913223
301128735
997901962
429540213
107538064
460483002
259812474
852278870
679157526
86518185
268026073
968161875
124331312
618861094
403397133
499250292
548559000
783918367
474834822
369082084
435580425
389301931
827605338
145683930
829009384
889409901
833980790
725257738
288992886
615634651
77153984
136420522
85386292
670680856
883691500
999369561
974395390
303216051
856941434
115967631
728207156
714080232
499039762
565507777
212426031
930075896
770661488
678745116
386073306
75899763
244837085
198140920
358495392
895141857
581011814
108109886
956575142
15486470
941549721
976273970
345214600
769676075
988712151
908336665
946575887
971524672
182053427
583116798
431407993
864784225
40114881
132478255
191942862
208795191
344389169
973319253
964223777
317958521
194121257
996166315
554400316
297617540
854346148
840802712
707171615
199381102
410506452
293472
932287093
627557557
188803836
619611078
43172797
471913329
61793735
707063671
145297787
188574646
571198170
682065356
618991424
890076976
878275736
13185428
652171219
762877786
303077512
267260827
440585713
625775029
928949378
744125928
182302991
863974263
697050875
680738831
972245458
135549798
685158801
553289891
27283605
452301789
81290453
471093733
580356638
981577556
989420319
397747415
946327767
540739472
448082808
457489058
589369625
162402877
180131777
814538910
322506445
353645035
271012687
313529196
408264687
658015105
383599775
834938869
491114152
890895609
602488211
282173802
548704044
781365799
440399454
349288835
610098582
212926357
897081222
140436208
852559261
750045522
460907019
535474572
847893854
7595773
366583701
323115986
794653470
530264676
390836082
348101316
184889467
314489829
756446526
756971494
859766793
686133470
268633677
160234453
495168093
445195281
736757204
954040653
668480119
813871435
59384624
249022401
241373379
775095978
321608083
16932924
747896394
165618268
70924673
125971733
254147805
686741975
141318605
43787793
73737347
809610095
737328578
142361327
334382264
677504580
120743793
235101909
531845039
169221483
305788011
367033492
685991422
130615946
8258487
463936676
980803671
164158539
650407380
191896177
439917992
38412167
323976297
658938982
886007968
140313493
342100405
18764017
574527996
997295030
199723457
538942492
577707037
876501448
90152890
413484533
486785403
54611552
156480042
993535452
607675644
352505692
686921556
852831303
502730206
204431337
232507590
15923808
894920011
835704640
53759436
662013842
867396131
67970823
454135989
252469990
310122086
554185276
559442060
336646372
209336270
934462614
223012645
480314227
888232169
367881763
192588185
818701262
902696140
328449263
671337575
258534683
8514370
319694951
477465809
402810458
866822574
94472028
283882671
113609540
466333292
976201795
485231462
487119897
17637135
839866985
923902433
516329422
142486444
21040578
440501928
878628758
682432931
106588504
597262767
501790662
703810663
812171113
169789639
486549065
264753477
980466368
334854055
760174436
173866624
281909564
850497350
503158490
469654752
737371792
238317348
574865015
63529291
770439872
655176383
463764936
760057738
433531610
701485759
534293712
122283337
9577468
166622568
167293268
376084233
480981694
221420845
997142067
137452130
322767933
66153767
805981121
983003197
579617782
465576949
434553802
579727279
172206542
474846105
479574306
217493474
362089116
195119715
196693343
477192236
255920933
156635115
37420883
103362849
774727358
474163648
296873311
758241794
590508897
492519397
25332813
876456456
282356039
590850769
925361956
683718379
125308215
103348686
315016568
255428930
841527297
480981694
221420845
108410031
583786622
159027123
953455961
351459002
317453511
223952650
814373601
680892177
723926752
232885518
721497214
746223351
7805127
586921296
715853767
698705890
4845945
503224675
388204242
379200733
515316091
579832156
472725341
37829847
4091302
962694178
51442827
932445222
631992933
759522508
219961940
309956484
954656199
482466190
526923071
763683177
897550936
908861509
122199342
850748212
370743401
563649803
868488475
252546503
877343574
196030551
943725815
874338376
330491626
361398416
770269819
747092103
961097644
361446930
771875233
151219188
639003233
701865125
417172705
979448278
171270599
970828332
844716875
773815279
213984853
848887555
52997547
633492890
594439846
353826017
886700270
275844368
541861758
626538150
160167249
729589824
211390846
597367135
182414467
263100184
493995056
389079514
174427924
419704097
538340800
462294705
717746509
940996911
668797550
470114262
616726135
701032600
752055713
124851578
437321172
14923179
373375695
951365883
304552902
989239797
325880628
310322637
109480861
520404599
19579527
432573726
150523872
240570378
618535287
99371959
529775057
805169414
751625234
896391758
950222205
17404438
207108971
286857676
241012448
599790957
907316367
838412888
224124192
489477905
279627670
989698843
999927595
620145125
447585885
769066201
57482997
570212356
800388891
160242624
764894335
506200881
900250692
319861818
446478931
298306246
60881325
267016268
247861454
444616208
10374486
888624718
773690199
886197855
560564339
270147518
166036988
848821553
527736876
13208635
72492915
433607771
662402053
914261766
461839653
935867489
207159257
847501892
59240159
917968268
349865044
57262740
501331676
62111075
662947859
759494390
517979727
437070050
444242209
292337616
912600865
600524896
183305331
967011994
878829382
959566696
409269583
752295250
801892451
350043424
231817127
884452621
632293394
732076940
353405252
525636213
411462261
543469670
62807373
481645064
127897030
512001451
441993586
488368617
211976488
357838828
197334478
777591570
302207959
107051781
190346520
639355601
233156685
6557808
410026783
844022713
95240899
999532237
437112867
165939223
932366822
864888456
326291843
750539359
138461612
637272295
347800884
192482477
533993352
662509729
326040752
764690995
923236031
141149064
819530380
192008973
606708737
23118360
408741233
770616162
380330385
409082927
444617030
269991288
262590330
26300325
503231391
882444376
934777162
39733764
368223318
169862478
588261303
531608389
351601483
892129513
851566598
309321187
251864562
58147989
852450295
287080391
736030840
40024940
139277101
204701267
296999924
313187353
607275128
635913627
138786990
814795829
638369295
466241915
84250013
763528386
678621030
909104748
67430004
338939076
158147893
932958059
266568565
448682541
366828169
938695373
758559741
598709721
811783937
380549440
176837828
90439065
419135320
249701964
478261510
409122639
817948951
923450982
315206687
629000547
236506686
670551190
128506402
504881085
826820250
368917563
348323307
879718612
143018291
205129635
145586221
850993501
926608563
387870871
41234376
841738641
880465400
540502301
363653129
894601397
976272317
136182877
790008438
233500247
15960044
574438273
398857803
287611272
1322684
975801811
956533703
488392212
183760037
193705780
352953173
616185354
771649680
610351204
124271568
766447200
986668172
981477690
7351473
192273662
362590235
845230716
190312708
390830289
521080330
458611518
879964145
980339404
51974523
132067783
954908595
290082291
530350571
198599117
28424610
632674005
399461154
175364965
41247733
136162344
644482355
573764359
740461780
572931116
397645810
671982361
560888252
674527237
608186193
959538660
280712280
903791390
231816191
753323834
876912348
908755648
758085256
21378415
400232515
847465571
978153071
235578271
866980723
221270919
507935635
469464094
11301934
380989366
573611088
107821528
822863643
127629145
961442813
676468682
963025816
776272355
409409998
960366911
338396210
838797349
710909370
67680257
966626673
283686287
635210060
598290021
970652181
313307202
291860789
609713967
828964887
506092918
311180776
872342415
363027434
660982883
382144953
938136148
768013760
992303561
623514132
547234274
187349522
212545114
460640220
65529311
169538230
191792971
961163293
363098219
604446509
230524818
273716259
293375477
713484402
90989903
145194246
146005832
624562191
193557187
215420853
22912109
252995220
783663925
460013814
827450347
899996412
197078930
490614719
879744501
480003039
9721255
422900466
454783504
202732811
851732739
626690548
562541527
5814498
249862567
604508628
738147284
828749210
348546657
129439057
67212189
280447344
137180756
925592101
772784189
202915927
126241363
197163755
579399402
254404080
540866808
333891397
224850937
711751874
939598493
125213393
931477584
802758935
757268509
538003650
215467296
459199851
705668472
535376299
941633946
863363316
342020688
760641829
3651577
903299059
784866990
332984883
388667857
836947489
947368681
685325982
589974592
595402504
33722034
178576787
632702878
489086196
157699819
683737279
800788784
550313243
812279579
307276343
293581971
661671311
3867825
341359052
926999861
961898543
440642369
768331708
774002916
368970155
782943881
268920466
446922957
199573900
379664391
336617989
783439181
633500746
426769569
182442455
393106616
583478445
295848568
509126338
570690050
249186674
781177260
420035044
229009577
437017646
823567823
402340582
623365615
877456119
9216769
125255019
7856331
941633495
708033893
254035262
402618710
547787664
156269375
537616527
873773338
542459895
592143300
844318765
477093251
464733921
320870436
1474511
280565377
899492813
168899585
96630612
331622666
503374257
51671870
264735807
364593095
777765953
250103925
133034198
347032579
863814817
231697456
18935759
209024129
195237821
185669825
415118319
852005906
713066899
211188735
734446233
675375893
674042717
795570309
998749702
655351807
801354536
505001463
213710575
111242227
45867730
98460631
260296469
879074349
203412758
563967144
446246484
621891832
546908931
508884610
806779309
798409308
98931862
861715975
280117462
975770021
708587811
357528892
914220348
567521245
653776022
839916584
607340009
35463641
626886772
871521910
426999339
257619065
750125822
991290250
293616075
425305135
371109800
401089511
196826668
466055361
976917249
156172743
810440964
469837100
341737750
708400859
296500152
127773322
274977268
265715780
151240151
304942765
261303121
941450262
459319045
808246695
271688952
154409578
492832947
500796724
502969213
626111927
649280365
858175150
226542887
48578614
791826748
334879917
760383336
899238841
424195361
21904741
588658415
963240918
825303611
841597213
427234237
3864477
908044210
748801284
831253915
369445833
74914164
429312528
310784910
914595823
131303661
442581638
6019982
920377689
803009503
765035696
406900644
821957545
532097242
100059315
929473510
978954357
966329985
849984088
694375677
69481204
844711590
753081032
284988933
563936876
421514198
87946039
463717583
258543626
133662081
355004800
3755972
778205322
937859239
744204556
944184405
77904875
254787322
630348492
905202092
849518234
683258264
444969335
173101935
960170293
384118379
202112957
780162206
350225365
613954015
637508010
574471653
656335366
572808726
39836155
576426006
87910708
190193625
471208876
663284010
551099619
957937736
926120450
836331830
169200951
965058697
654309509
895363034
964270746
285907776
757542732
695393990
42755375
113670241
844275304
380454495
520281643
220108059
442094954
848592248
532981568
187055250
240303679
16336445
384274200
225508682
625075314
344629380
250526354
506640346
138718118
428465904
945353990
493000462
402597101
921558833
863359333
658396329
147780734
785771148
477021117
968206841
746678632
84556943
829288731
48819710
832103439
535718763
818886164
765269287
864286533
47746519
210720300
195340309
652157182
404109300
146354107
142010745
610356771
136850895
760407529
948752934
791132534
404130417
618265637
502520622
392103483
943347157
233084313
272584797
428220872
111163807
579288612
892045363
278376464
412174764
157217297
312220161
126511618
454522010
660180385
300860563
985586597
709905861
192369550
906678449
167379247
994247481
701993177
858851560
219561406
943058170
232058158
68680014
379966583
769309821
940349902
26000878
827804819
153085714
863041805
491685935
636014357
45415123
279710315
327747972
823212281
727604008
711894300
276744887
683310655
801375468
148251541
933518603
875948967
777566647
979862864
43588891
664513732
563848991
389976139
180905930
267092608
249805974
730418899
598594416
176321164
575868099
222263575
886893650
984838876
26134078
853228878
209340560
578130334
685080643
954270359
202287048
146010338
518706038
179654801
852898402
724864250
104531612
807495381
246525616
980297231
157433063
240776030
105402867
762180525
246341029
622105939
59009976
387512205
932849271
139130602
221057396
468846231
845074596
405335501
283588862
534013472
762341239
213566642
358067498
299858267
576077969
425335899
365680827
794284836
270831687
801680024
75156088
650268678
954100073
365336067
877134253
977843137
101899862
648814375
718179103
368937023
298149198
21214599
721777844
377048246
290417002
264555721
167816741
170000292
592863840
562256929
391639856
851414711
527061810
989669330
760874937
458957764
827093263
222807157
732336773
473887272
629191540
127808230
770132208
391960685
910126319
993147211
655898777
144640580
38541795
600551617
4488111
769996340
36646017
798937819
599731588
379911937
396114898
448989721
846045871
607120424
608972434
86068613
394633110
356302780
615448104
573754959
406302821
818462774
820630977
760731903
878846841
132277951
841539589
600029915
424074542
757458571
704291182
968179464
580485364
296059203
38614932
576761548
725659366
917181870
279289144
172524632
686264065
725372
5232125
431975215
263073059
717484232
877596494
222345505
192484323
178226219
589342898
997918101
456563745
376451842
114739433
843913974
787948868
563268233
459695070
824883864
696736773
217584953
875658176
712418865
429850346
460006911
302422753
91321676
619221829
418952216
600590833
941344116
53520333
121361736
142026375
510249683
625749485
251489449
350936168
497766079
190093234
933868419
94951243
973683612
992268856
497824429
640343876
968768574
320880338
610201853
236394899
855755979
749669180
4709025
20737792
344068714
287936755
507027945
455350930
338596823
991693670
400344429
981192846
22011426
299548995
292222545
751600576
974385648
417491080
835700920
395027103
736976059
464999364
863279300
948531204
723043722
37705386
391954138
856508493
510079634
58731182
847282501
720950325
945110299
870651448
52760019
849800905
805120599
577483540
680690223
830665291
60464444
7998340
585942655
615644227
322922107
895907443
645318842
662310158
804834782
771297271
125617944
109304350
49400966
319674479
608030722
80559340
814218142
617690757
805845935
881577332
27031546
66350723
198997891
517360340
633804914
340654038
276708774
642910207
116866969
562690517
534721271
154140207
992608767
642724505
186137833
183787404
271314854
198899917
510880486
29088040
91923283
718163698
754310343
979562521
139050952
230550491
955247907
576718913
632097163
466864880
371131704
72919413
177339927
835524681
249206692
100957238
90828308
150867320
345536268
752417980
343175341
512374565
213736414
288740072
667269668
562493418
628083792
190754750
984001676
849020369
853070263
709481002
170643011
609220140
626406267
282147622
740518925
148450770
357970892
278273985
190649845
574756116
882377728
880593821
539911636
735640736
379193026
472834912
965831844
745563993
984225153
168414783
540025330
738340312
370049467
151460600
424747730
390155386
947731167
910013221
474716057
568504469
622018214
267601735
730723118
23085512
282684589
443149409
736104746
804284032
491008310
566126432
918935061
275236424
343944427
790012754
943261815
634375499
220324149
545611582
140252865
874623580
377751196
483922256
209510106
99797350
899845482
702745714
637528628
490045223
408357074
846416178
443599782
435099314
807245719
765619976
626365008
63381106
458683210
442266565
270373752
342162379
372720126
124784298
213178931
149371402
358752622
909584817
912591904
934072772
161412388
246497807
260276904
930140116
283459258
330602966
815707508
494852828
525524344
846508158
821999696
270130202
693900245
503081741
986732086
944686876
484248030
642439756
29105334
803502839
539438391
14138355
5310972
759761062
261436711
891215865
246267535
672414461
46696910
662563062
789935190
770889940
301714919
576248628
457523261
646369966
15715478
271870031
285454087
589760381
567674749
285358005
924258618
627649270
813286380
980262266
782250472
220341866
62419985
189548299
369273118
207746839
923391814
970011711
750290135
769620783
480137488
710202398
352354120
473801092
506522434
745796919
410487571
299323403
167935964
142866611
215546646
514184086
144275999
993956630
600795111
148814265
453105497
279572851
220375508
706675488
895220126
966971353
873040215
921839762
807945971
966195725
764316290
187606893
768144394
330614988
492491481
298030516
30515233
782189350
123086180
690351800
713593459
658127843
216699054
526115909
198407953
373621986
670945693
350071596
78740276
151753907
470950087
571596828
660620858
983546010
834889593
182184135
217744172
536750806
166182168
756580849
242005457
86337306
295311944
721706589
573021824
554511063
859575553
504424589
941960849
114998707
912133288
246233608
533127517
711317772
145513161
104717577
49453556
40142701
236902502
458236067
993550831
907320117
273372186
366568005
403101567
383748461
958564976
638401396
22253686
826605733
127069262
521191321
746995850
943539815
693335473
874208095
945519693
276163464
493929978
251653490
226717877
816507758
385635431
887346559
49374361
879626407
890776073
332623517
950743564
135961515
330064926
680105973
823152554
578427006
82127148
140049784
388167209
331443654
50787934
324405965
993436606
527018180
545773968
611697903
524101307
35373244
177343262
609118875
597831375
150970485
468335944
40718458
310254405
15649287
873051851
409476477
508801524
108801043
572787475
957261074
42633450
285900824
472038957
475642600
111539046
705385582
215917682
38431192
263105469
700372890
4419626
318181598
581840164
177654077
575567057
984688554
92372218
339365000
87330553
697593190
516645089
676731433
297844782
381504387
393651541
970944121
850216032
926973208
877762481
356074170
862335472
43625597
263164811
249755352
307065861
968379533
754962935
446091724
591644019
535200558
382998944
632212156
13424520
339324418
135314701
459182354
854561717
457263362
512838591
684563392
961632572
429354230
107742843
223963459
613145008
334936599
974200423
411574265
421154434
411773629
771270742
784779306
297374579
749826237
942741565
510877393
476130031
986741458
737528777
580909600
599363218
271157908
60490714
364589901
263840481
746087405
759559955
225167742
770870399
120354631
285788821
758785237
23232348
737285479
518860589
677341603
96800853
660874934
47635672
472127773
462912302
139038043
182027964
865937140
560048413
928519030
570767565
31515154
311234957
852752195
770285614
785725305
766770287
128036514
971038531
345985738
469914205
790315720
671389470
133236562
332744610
620952744
297568618
752526818
29972432
218206767
621892921
679980250
322810778
452193080
928854488
296118954
699424654
699976976
321390532
565325939
654921539
848112536
957562238
749508627
843916874
728439706
42897944
201675724
330613130
380752830
411803903
107999433
16632122
483544448
381085565
815760825
802377302
745437886
107054030
17907124
903632301
811011479
708277874
164651585
990579574
32299683
124216793
658797495
135082168
891675197
697270938
485859743
622168384
859986683
803760800
699371664
247537038
433004785
357860596
969716861
385233333
733389188
79930350
533262937
42751056
62673283
60980338
113480321
699715837
617137209
2995244
472650992
271032732
225883226
914393245
304815417
570768934
35054541
144418548
313191861
357302234
486089591
796506346
585902430
274207336
336644635
640451850
529587601
814057289
457552738
59521145
978368788
591570119
382175645
242775449
772820590
693910688
153999371
757149022
851416166
202071440
608701519
489635033
604976266
691122180
281024667
415207104
770185006
683812466
786984333
954634142
399311102
403607241
383659308
418648068
548350184
42450635
370557391
677851318
973752585
92661802
210238044
305518576
478607241
867320792
778568335
694495017
149233465
522650379
141177757
248251999
359253796
323894610
249339609
404893893
42958219
246207069
369809468
960109773
354568423
443043098
907007485
730306067
190235215
895782878
548688490
354212162
356755667
397428776
665160697
707958294
967440249
263878652
912087385
499166841
731713177
571284719
597962344
6332011
229553113
765191933
847448077
853806559
682076896
492570815
394999929
815513346
372908325
204929871
880240513
75595129
112950755
160488154
678097439
335044576
614905754
898295167
14480590
410692115
469502879
170224704
771122176
566416368
559054510
109295439
619735490
790112949
635586039
170223979
200460739
414424886
82528484
736205245
831105347
433926209
166691879
332590873
907679611
952753188
49678405
150071288
527458247
217664065
463049207
117565739
409386792
353901686
864104914
453634864
270604573
400602135
513934209
757936365
998225697
816849335
117834093
907313954
660685766
48275403
951168148
765248615
19915265
647003419
758316039
860528217
131567512
288781600
570974685
209344927
277930404
964852190
981056123
855494803
788601486
383404266
93569827
633090541
62282585
914834162
851109103
3123692
923128752
798970948
117008952
793630904
825533731
347754738
16645152
371396128
532742676
175560095
779999456
528498286
319712185
195075100
706237107
863957795
612088154
84416259
285717090
534475764
325111205
680369922
48273970
567373548
666162038
215641727
259696961
48985547
436913881
942193760
412474908
400522638
907452003
463564628
352104735
249038686
705236347
481171518
642933430
497972562
295282577
919641945
720436305
674605583
359743330
963312160
786532103
716621899
279976427
551104089
76722406
586418084
469737407
823481127
927031760
712415527
392043020
944621451
326866445
734881598
649872596
7439517
258591659
224358292
249650294
276268100
397833204
978268682
114568330
571601886
667734219
314032580
778605037
344779453
589567964
484530255
600734191
555602999
431727825
330534392
54643385
530261824
173356943
911419487
357922905
662532246
746419751
575348592
494639719
283032168
436908210
870101154
154868096
940872995
786963239
207296802
369154047
255498872
657948566
770330268
844523681
594645618
583908952
288204646
125850087
482896195
892963962
730549542
855052539
705114263
381656440
37963510
149112823
522063981
844141520
84427318
278538426
14484160
878837588
180723152
902663334
567348771
192845212
693664781
123502715
226453900
725854153
555093403
545882634
130385017
927264771
151531068
270979484
337122342
830602427
468410381
148545756
199021764
866018377
284033561
983631381
408316701
745500937
186078443
782969398
938485029
437904813
490681938
36157384
341774930
947105767
930739016
851394968
904199140
346714614
909463253
501795992
334264777
49686054
838836426
812374258
539131695
454908844
839657623
31494488
546268304
279186610
655119796
100499374
460449507
795211464
636061176
559796173
572471602
129962810
633780564
875337907
215051657
247612241
922761142
820711957
851156369
173986472
908004065
959759693
657843689
788385140
175897842
750084435
439381784
782772375
137684723
841822807
445416572
426770052
354880224
764227353
144146630
134570359
611397990
445714452
483399498
644738515
603048535
614659076
833118606
126553494
882260011
694058351
358098854
383001263
252848960
921371905
600785519
397343225
264881938
556302365
847201057
51372170
687521794
421731934
976994782
847458648
462132053
248271451
648722325
595621009
352280514
881503331
251525055
109967927
839734058
522985164
28272943
561932830
986840045
328878781
382276573
742723301
20411055
199763198
400694093
873189959
477076678
78356632
365814162
685108048
344434533
191868916
806163043
558087834
695350374
799559768
547079824
945685524
458305518
412889821
366506624
569628974
153668371
231954865
902960764
75225498
531757872
576214647
539900247
398859028
10910850
744003331
487875183
678472230
467817681
728677936
894518279
820623200
519874525
464621588
997090404
475256551
303223675
515574391
109397522
48749382
985509086
359146109
546397674
606589353
341997710
732705578
936461469
712266131
384710943
200403329
209269317
835366191
232453684
773079793
728528204
133557271
710873572
679464941
600222086
130825446
182087284
234430564
59042388
801765391
66020655
839838612
866257081
773840499
746734351
133900030
903136576
589257404
463743155
607908399
865367695
711708865
904148647
362101149
676749319
412181344
518424086
562279471
224685327
600737218
129822465
981454889
651093489
243716845
451805173
403827936
604557468
859401422
977542942
466781832
127554592
208636015
924783836
920210891
641068068
96199789
75250814
291033705
589073818
980814778
904124952
254279130
424486204
655952733
165378555
431307401
467843733
855376513
307992865
255693842
52052016
401851820
61601797
564324092
779049660
365683908
126381150
16559576
981696209
95586685
186277069
246165267
325526692
538390774
478364795
808214287
761456881
996912373
351494914
241207964
17838840
341250303
946709554
118774689
908529287
641345243
686116719
100462447
178544255
250434752
997185605
928627991
801632227
104839179
577956894
344267371
120078038
940752511
757142061
796344524
281923468
924023263
962766414
427306486
472973581
637209250
812264258
476562650
393732952
73348116
109639080
693088726
187391598
150713844
100949996
792360972
908170349
711540940
322879286
500834300
192133743
301015154
267185381
537045286
716275372
266271357
821444760
809756018
316432061
24195627
314460067
605745194
518831555
932371373
469337592
752673421
204617596
209348312
265747324
110022863
918633161
704192030
17499407
880983206
804500435
347825363
550089400
839438354
53389486
132383310
460591833
37764461
908088695
656414742
116582261
614426546
11662767
884501023
411767204
177359084
437596167
302971098
50758724
886211729
428328305
66430963
600232400
722167220
954217348
111194538
65775830
770999508
175416552
9425898
289845135
552232830
458840006
62368532
853606382
249933849
202363686
547059739
830593266
48167768
716274322
895260659
569059402
50223978
176854216
844400962
796338457
3315826
989973895
817374211
196176534
700214242
42927350
947255652
339847572
323520968
356707315
762180802
235708646
503731572
198708982
942998639
545755769
16573254
590876677
936015197
958173327
458705570
357913462
405425440
359866251
696039784
892480570
429411589
174473446
127165894
690257185
32229799
937948137
804031079
583324709
799671485
588404043
903436636
734174557
58909854
176840702
944544803
453360919
684935878
441956569
157981081
566465061
964543733
798085677
338018400
561613867
61327319
692824599
22485914
277343900
163566803
733575333
456298504
911534608
446263879
465216619
209947934
156813120
925983009
653445716
146402385
330168866
25757181
586710332
324563390
864900831
278325105
51509827
941800615
500829939
870696795
484172260
797579267
412383563
350905988
526562941
237281580
145938789
168848674
421553631
414745668
639213512
945142929
522499645
837617888
841244135
709318912
669792690
551713061
626811208
967612827
563033773
705729127
847959966
104675497
106016601
97744907
878677357
533828405
971618820
198480716
89171001
524001699
906557573
794025734
487981898
417594260
930552458
811326152
772882616
180428328
442056615
492008573
700957683
549446245
690154823
525572956
712753834
440237831
276956069
961943271
43217066
95253691
990057872
914769697
310023993
944443933
153800137
462892270
573032722
954265823
658907318
85480685
731824103
508417185
55376289
792598045
87542225
443612186
69868423
863919390
932863874
889041501
244135164
400630746
521629072
126402412
825590039
274124054
595304162
427178073
810356843
434890791
964863446
307679796
156670150
799145853
577515291
938241190
390888543
250737273
911468661
803831122
485683579
446619583
716663360
399359473
852821978
773551423
448896026
594419166
237699525
904155695
439959331
865357349
615676375
777089702
656699568
304474476
672138094
754503892
93880632
231635680
70662890
378951983
539174070
197538006
926786925
962212238
961678481
623338757
195356980
189258874
978082470
598468239
900618351
366135465
330824127
417203774
230434574
69656381
338196021
420345470
634887931
997229352
810312832
118791784
519869498
267805296
331437111
652653507
892778841
649420518
238735983
170107136
936330506
691995998
613165006
465426398
207335808
669678959
761100262
216386705
495699262
589752418
212765429
219445719
187221454
661441247
283944904
568394535
16903938
167514685
290414805
251274932
718986192
636586280
177497960
226593546
591432079
774654063
853278199
229093247
675226940
506921571
8213031
881335849
503237043
543570300
20817274
101106935
426458008
829022104
366242482
400765129
42105094
368563259
856621486
770527880
672931641
711354307
515448036
470021921
300042253
498073543
391709124
178019229
681961815
359860273
222361245
746964928
449034823
800675189
447559405
693374499
918385128
256502860
930075156
750766946
134546662
789691674
816727724
371481286
282860855
628608818
56987218
741526214
508148152
605148405
525519749
862247246
426528588
309684248
360497685
963567996
563420798
700941843
714412484
80086962
354434098
322646738
612852411
50080678
286450583
106364763
182185139
435879115
566746929
329835678
101271703
204200269
202049796
836639658
274266572
443923306
931311158
78569552
76738397
545422290
249353748
802578407
754882812
7889295
34781926
65799791
298087687
23707922
562162368
642274549
408843669
944247531
132480456
943107790
24578645
520231290
350542118
781088806
271753756
203339810
881517991
887685089
910770793
144542529
945338231
529601608
63249417
582941388
615017452
684682848
420609904
586694478
632566954
247376454
260800763
956675627
159146841
721791368
401121071
57017329
625020046
312491101
580646854
138687438
252908705
503178684
943407823
783464269
903030393
914467409
378852154
364211425
148151048
211427609
318632393
787286446
897127263
432522286
604954530
953892688
11113658
689502870
546780187
348874414
472428280
964557306
758858905
156681341
327351004
29456158
433228132
220252076
412162200
658086554
538408358
779529188
610447760
162435012
777443969
315911066
200918870
165337882
931125406
207910658
79921354
728678301
304296775
781607151
32077906
315157358
336900122
669516622
474033628
216838420
347058115
545369198
627231600
364164611
30577781
288018946
687832666
286095704
491036000
570221379
259889340
623591444
784607868
309656108
846914383
111938970
207608530
682906036
411660620
515305795
644092752
607446787
579777994
847062204
335917136
670206010
648127870
782816271
743700629
277790900
955349127
186128970
114981129
246124672
819646696
632128129
526730652
605193033
744222300
117747075
538208817
925497093
283962296
465741992
314683744
421155368
544547691
756068278
680768971
566778494
441974547
776729505
779997246
391525511
527342411
134280221
389010999
762610504
32144412
949751086
382211470
546584241
512985564
524942608
499310200
614024211
605285349
725706191
519025922
815393384
504841670
95136248
203664075
877238288
694560919
187138152
538672881
993302709
978962857
110788974
544448485
442748913
63101991
112438608
898857065
56736754
723293807
153470152
202612965
822334440
150672546
289594047
317264421
733688279
89205233
105474559
469606808
78820024
789443729
33382985
999783874
119301523
437487253
129141123
348355210
41665042
263543960
774196295
299211026
300791809
741604973
767179072
349573130
606617449
623279405
62064144
761228288
384749166
170156783
223879112
969704671
332391220
961548619
754720243
855957902
322934061
717394446
976729287
7814233
31363107
755488577
463647798
721506067
128658733
659844718
691009511
293150330
7624523
806837961
579076078
975118362
949614824
772173115
857337248
612409911
856530100
331248820
835635776
532197716
164861064
968270360
757415944
676757346
774757145
240946723
74281629
97120664
748224142
313070951
883342420
978050978
544182717
660952013
108253956
51898603
912193118
420000466
63627541
347569592
69100951
741198520
755230463
941622847
168254023
87715916
724206806
743432984
52005114
243218448
280808408
823169040
109516083
498200078
793108804
805133329
60567384
738241406
504321751
857049715
915420775
4137337
260372703
859693013
437050759
512910470
523950385
227301329
182554073
531609054
757528895
618547361
834435974
593083113
422781565
89774333
643619064
574582183
227300852
242723560
406399148
541210886
995810307
196062264
854685047
947649693
776691488
127025597
791423689
695212634
168123738
628902287
393500972
421599131
264074039
753328863
535024357
349277804
615862779
136975466
594222158
158684907
486154119
419006015
917822666
72306772
860354748
910681348
292762954
397448578
839301123
804995362
492246853
534424492
353726862
166824970
959824979
709391154
791556766
410115208
762305011
379313318
231284159
27385105
578011009
918417364
631180060
127097855
130309255
227053222
932291392
668630860
390578069
903567157
452564288
220811607
453705973
597196652
7616866
22800753
847538222
78693718
835741062
262738597
429912443
105875127
318280188
741575730
550462212
216477731
470055152
248680005
752675230
60958240
776693678
239040411
27841934
651239774
87145189
786386577
623775721
66763784
523948809
624847259
701312596
677542059
662712834
816394449
373952218
234809489
67345041
904706402
440338473
949748820
113057078
849638388
800210262
465201992
52009132
513270840
574307361
566418103
674248641
124783113
222513016
773240932
217250792
595812812
207697699
559997227
661246286
373551568
609289392
745547208
381231606
454740051
689092367
896574384
581944944
555711083
109154639
159103878
507370380
864705884
914300556
678677774
934429907
67796980
208271352
636369210
61664886
246878704
570186827
868495519
495598820
608958441
346222864
701098334
619545656
550877524
658470431
763899788
247926938
550939970
867388910
821924966
49939692
919184435
970931308
70466581
921854394
779437862
656553706
368844875
24359803
325721432
884042198
750276578
552527913
471420864
56627897
616560343
853936005
666671222
483256131
899619103
336496849
379377960
991517963
304078688
240778286
985715478
693921194
16319351
305570433
786050427
594385080
555805843
452956903
147983648
158060591
247861024
321073844
523504596
47596617
465639716
50988836
3877133
347741484
443241558
413352760
433730374
914958971
550707226
732077256
258074761
567239809
582925184
478784124
630447405
233957725
703883242
165359776
425332479
755522254
828516060
606969050
707476326
121538143
995236213
875177297
242611328
284477241
35649774
611861610
100956100
252685591
351379699
29482445
488820099
941562794
139971761
127375500
399387465
807301903
898097071
977277799
640594825
827687506
228647357
311040481
966855046
496596217
568152536
6472374
37678352
104297976
143894200
973429204
364817125
757971734
482183429
336059230
223764047
169113064
135263694
6337826
468382139
306524070
473047265
21967221
342884569
419137382
850841414
773940186
443236206
526983043
645377689
793375424
410945430
215055148
790261221
197446934
20740632
572196490
686166818
540737739
620445983
631687792
121043368
538911799
234126675
46066145
214617650
162704863
535080287
560413965
505928680
450342133
212666414
972229153
391141429
162534546
483615641
339235595
506141196
907232551
892501866
454224839
261140030
276607234
550353486
588482612
29642338
751121981
75952989
731147011
217996408
486967267
858762934
800889135
493599136
914207194
506172891
476538269
896229237
832695789
288320391
453415532
954344946
465857491
229721604
557016987
224815437
434240059
512860818
674360783
253195436
538172697
603224287
44818455
732985712
529213483
426190449
803162766
121132702
339286054
361266377
936759445
765125424
67295135
42306684
970954395
374048639
504461141
353868779
49515157
326125822
50254730
217250792
592367875
100887539
358422332
409344156
561506753
950807894
263298078
420143346
369423003
461363102
488999788
886121661
803978264
117966429
774055657
783865011
468694933
320822163
164466635
828801846
564712679
944182046
496838269
334450998
671358773
333510703
189393476
26494541
999758358
509754074
383916238
645296572
743793320
246773089
217002093
54750044
622144117
945821636
335455326
960532339
980970907
850729089
341231397
33369958
693854643
76509387
321614521
604447213
529185598
659362546
814347850
551157103
301014704
679673009
370434967
284359824
382178004
70600866
853656677
930358039
56357355
683402876
523209675
660526128
164237507
532070090
35804099
181838828
974461307
553262606
915115330
935590630
844279254
96722293
7449717
673304289
660665650
674826027
351268605
851406748
59062592
818969869
270155082
302615380
599517863
461312410
535014043
486459807
937737089
297514563
716989044
459225058
450680479
937506324
596238101
486798803
173230602
218262361
872985993
781048415
181830372
604448823
986353216
898754820
495865484
721526957
895235436
750788352
16515158
655191071
540581537
420938959
150937207
523136427
120059251
663971757
416201072
894618548
78143419
795905868
667636386
500597309
9652830
36727893
371738928
868870222
30388908
197635706
334630583
832320555
500485503
726586720
107628012
906730907
913844876
344960082
248328939
340965863
82354748
932789032
252526166
325479995
961621512
330260489
425095778
82277974
979056566
283837933
403430379
297673025
811280918
357731755
726292038
912815988
386569104
355205266
219386669
957808610
563906423
222173499
752290284
532262442
497784436
425385221
154761075
188084651
456245159
523395101
581269870
282366151
89606665
269074554
158476673
631795595
551863209
798516201
88105571
298302069
239094761
70960136
823114409
724469987
891138161
247674118
62137682
942420200
519204072
351989880
126834073
234463103
780474852
299386396
9600592
105806933
696335366
524789714
673545191
221401111
208414811
184266252
259013322
590909236
402147558
811548220
631513564
812103109
46937831
722587264
61237938
100081920
781393344
593859050
65804204
333864409
988521194
982045578
26425909
297524771
688286626
841956288
863585207
635569400
18050220
113825191
893721524
478616235
615692111
729320746
816406044
957714547
284028320
570844392
560495054
549012647
111143778
128485417
547500668
966560093
272524590
226851212
726517377
288005033
795591246
807590061
595924315
663954887
147160235
251200255
266857506
387345756
719754788
94600119
175248290
523359010
839583456
236582750
779117170
952934614
655288145
937817455
639369036
821862533
168611881
731855227
981678694
210732114
396494811
405742008
276147206
788822346
132342898
384250192
413896069
941985764
183428030
741108352
10751197
588358894
809467364
355228722
523212301
542508568
72859532
914125794
547500934
306642229
266857506
383790347
780675527
239852810
571731828
814228846
808016137
691374408
189312306
360737529
499034261
541967321
265714742
6496930
546384105
476772809
437278489
505218851
908562752
761304241
711638997
936196460
742405472
946403829
230092110
699885647
325746392
321110539
617539106
820313107
970945615
25401802
10431444
778903899
823270700
717902319
343762128
562809979
229344765
786498252
875695564
265745048
943784176
485767619
170003951
716756604
780490205
981863384
87959365
598481859
71916747
128829299
783629814
405835617
353592169
184426247
778855459
55287646
154301569
247333134
455566286
35160027
682643645
498484037
852140023
157286268
417117654
483787522
660435606
629429325
82569508
580086066
705083811
202581056
521242107
822181654
185659983
359892672
451225930
797180335
464378725
267596027
82044488
588714619
948178360
521551969
786855905
699386491
866269095
77428883
309365278
253234829
566607144
168175569
558411277
624217391
917660997
795719116
845348817
943203073
595433846
78338364
490242363
791413824
15533063
128106840
579415189
310382045
677820525
362665337
256463982
805491435
136313114
711789490
284268293
29284048
157014751
14324818
24072521
964744522
659918282
876323923
691615248
99526152
783432594
271558778
268476706
783415532
90884126
542912485
274197350
843765074
944956402
23056054
816964716
719140019
508488331
735893509
800119806
336205020
751762577
722982451
587312028
652088377
399453169
39368191
973032710
890702886
581209855
977045220
894033009
506333581
421595442
860711854
781875691
901057484
722905949
973704040
729608975
60630988
76417575
500624239
182362212
693402553
892205651
450127136
565545788
318580049
747722757
548202240
588203106
234069290
44287747
992810991
851728099
835669050
127530312
715786795
983273150
445731020
550224278
212857251
190142219
291215867
647586235
301761539
963087195
411756023
380694753
997850296
378414308
838151907
791769741
313346507
268449351
182968123
80323862
292337311
463272792
27691954
778421326
498717095
237665074
969545156
582585242
902242042
91154041
575024592
612441047
965476784
247343109
914823842
709448401
337769408
176814688
21900224
231048940
945894387
889746238
927102081
676630306
639269520
197053609
45520184
728459403
876684408
507528613
960460874
453528670
474738615
446130168
175009112
99353372
192523547
756469245
503696545
272013640
37267315
770838549
685921688
856331036
283762571
914747955
589474968
338777823
579251894
814291759
750823527
195301506
8113264
276823658
453380790
896608866
399901486
888078907
335378846
284886710
327749154
948470019
629191331
679783694
772475654
905065967
639960761
861011208
552386846
960209373
187786185
416175719
201692839
439128119
484709866
28257841
643547513
347735731
913006581
417714645
258388252
269139910
311967010
634145978
119993414
324839803
733055202
358815998
487935767
745903219
980592922
392186634
68542567
691835211
233572880
856375549
793946114
398990038
156930403
486876145
940198705
995258688
762295258
417834319
300013428
428473244
457507132
357299494
695128911
327581984
32391805
577555678
623618712
118832039
906883043
65254450
253860156
219396067
561468603
24364903
16413707
948473212
446171429
783818831
146601558
938298614
255876533
804020839
57855445
106908366
874675868
301879354
941275995
133313446
817974716
312825052
870048818
758194652
511064350
126074559
780146226
588666247
641807078
341062386
619720381
144264274
258853232
763978693
620097864
225142677
443899739
549145417
387476040
578772784
661561532
146710715
170332588
492616906
59377576
608208407
527821126
282326006
211144904
584683814
583357169
381603324
832900365
457787766
807050676
680387813
236186418
844592207
700501746
494257253
563018551
578363146
69866519
209532898
510520417
725575977
971152631
672765017
145622894
984872557
190068346
924010984
989320685
70297539
53068016
502691167
200659728
987555380
712918574
759826166
369858381
268933855
286693395
106640422
528942916
158083650
520388036
789461611
557082384
888410672
485222099
703655124
262887122
365031835
831580575
494572579
171504973
521233074
291420426
79458325
212868953
314400563
604014344
520205442
904954499
820869483
941622886
809054393
996841903
125071191
257235781
961336855
368457887
256935018
188066264
627234672
947411146
157996210
792119374
213021750
922841298
586985754
654525185
898896936
432828305
734158388
531902000
871737412
761343114
535707462
983977010
279516474
655356283
207344435
774648260
188944790
255051444
43339136
282448050
470532122
169411699
582427024
77470199
259164040
373984307
836936635
499857291
345901811
380277587
107775233
693027902
102707986
675146467
898170169
86701926
167799282
235973174
581493582
657051421
145285289
294053795
299544430
943596225
959295000
715316873
304460780
101302262
903424932
172896394
231641167
268904030
277072714
296177925
402861677
833686778
417148280
536640568
810713709
76725061
157066415
796817196
655704026
55897380
901587143
821042576
483380482
615640146
876055271
824179986
842439575
356110220
647992711
429271498
159000904
71251693
19352647
726430582
414396347
466089489
67629509
261502584
978432078
845725504
568981643
465783593
546313874
793212806
425925155
411667466
653576287
271996048
486606373
429772327
504724957
681430746
903904817
703812995
782979827
264859525
52667967
201996506
637897634
949668298
180123646
38395563
97545580
884590899
159801202
41715814
870697853
867019602
85040592
110536578
727098940
731189664
917214068
91056874
953633338
668455446
593860364
745115827
885262884
917427414
954903851
798894159
36461487
787720653
550228363
943578988
595910726
280113348
576872941
227930184
869056096
115864278
936661588
998118186
534770772
67893392
207779282
202684458
247303250
160269620
348588412
235749066
490048144
176315270
32795430
510516201
179753417
177400839
59950565
645035096
116703658
836093480
263766649
275262006
103236270
173521869
474715765
320428815
451420819
986542126
324580467
115641088
266998569
934535695
315472013
877943629
893952963
499219497
748601826
539270873
665484787
576863008
839279722
981538094
394498824
979041409
795321707
267941150
829849385
940478984
728657741
376529460
365226344
943170355
110022484
414086865
515829042
335662517
476614019
342068180
394021504
290076270
780597169
701313642
85591879
718142630
494377571
116957826
920722054
109405527
756899496
99376092
700355053
9973059
597201492
970210413
980167985
100780730
347178526
548085280
557659179
695313994
645401677
573494999
458595233
117689582
750302328
713879275
625974105
655412670
980505892
210003854
268501513
538799796
85804957
792224915
224796430
403103511
153641838
861645618
768683597
20849239
243468297
293646350
547981883
938969761
702424719
627472507
137303293
823324094
93412148
972006693
478260940
486242408
693309444
150013593
482681528
723754277
336017959
986819355
378081476
775119696
894632455
137372870
476820861
305828826
218183563
48786713
877777477
883458166
672980440
745463506
900564416
484530845
984720130
584373688
865428592
811007852
887372402
75463232
102105902
692103592
243446006
129739124
248501242
954674168
581985784
486024878
289842162
540776042
677532311
939770370
927587786
710441555
261634296
898802379
429906262
984529324
615545072
390802008
734657071
631851865
206152651
541795204
522160347
681081444
695590876
54548509
263223661
293032783
92731610
526371186
648957604
909437751
404281822
414650060
908646105
501328513
28004908
508031528
618995301
851861146
375333717
887462536
998035607
944742980
473758933
77833901
568522378
854456744
618269702
145263748
292567517
889492331
572479243
191801649
475840878
617549141
899859260
276841891
453938323
795077856
873945841
669890431
577864577
731847481
418600348
37788033
931555798
497085923
954680647
2221947
964595590
484006133
349169460
85788953
728936666
252936232
460929309
159394449
278794682
620443043
989447900
110838301
328750941
251726573
307337938
670697584
33123052
997699460
669297222
157345321
833313660
55813087
669664169
751826007
639319037
107211722
942305097
434544192
387804607
813615023
693946651
735436066
185905940
654205191
15795512
215842230
215489917
14301024
155030476
353492156
563301703
330894751
962540027
695026681
468724447
875323460
136836933
60899378
408728037
651653047
424313384
138553632
838480414
280773780
140530276
566541219
181620849
904710675
610927202
9097236
170697772
324149251
364884409
493149375
211184945
209758471
7275073
713389237
338543128
892085717
383726016
118596249
665682368
639348046
739765354
495302175
973112456
366895401
666779770
327605320
977762157
507500675
458703682
404896555
852534577
538617258
554717534
887503146
928327449
805819881
855306078
301148904
867071615
410684137
492047850
579487109
298307233
99550432
653464792
45658356
360710947
970284678
108816680
268304171
174912263
548888766
898031604
629299606
928071419
337136360
312236948
211786789
510103531
766494624
636630404
957188932
332164516
869605916
875703181
163782038
911640391
885554963
238864384
516218560
224658574
627437329
974660098
2705931
509205778
573518834
640115620
777379090
235671824
480568738
983038933
477590079
826273551
181516253
255290710
732966594
376055153
6619766
823957762
100849878
323223910
461048031
272613755
942162892
491429837
853070000
890226138
875175073
2168542
825706412
163920514
426404886
350163068
450596946
818788004
119911475
483949336
79457610
989762475
626500371
305645228
613893563
373876529
300190368
97634201
856571679
870312562
927665456
704463675
837980154
185401475
473940856
451411604
438804220
902735007
883260604
719809957
230886391
894975098
551174136
308875376
40921171
925520
705609683
60633305
546076311
647668626
910804020
310556776
413927073
837255300
974191268
595137526
306856475
250054974
508939210
549055878
747334829
24862348
486366099
754598977
965941495
732325553
365117175
949383420
225709169
753803719
175992187
74602439
72020774
401354010
676920866
795857918
409096892
175971978
767802076
293973256
39262308
420747506
3781653
703674539
423698908
472654937
604006454
596055590
614253997
916760805
206152293
421943946
699007179
209015187
209507154
61640733
369907189
685829629
97045734
207405633
652550274
165441161
527519254
147727945
97411789
878822334
959125431
288160780
700487472
503350638
376479104
305215588
256033601
842641765
859378066
976793809
725663220
269237161
856348577
338500737
251230942
645741681
639753396
47597196
49127653
331132591
2600394
202272838
987057395
509529555
735200525
999139650
435906823
756897462
650858937
807149618
781437366
572453172
833528108
700496260
233136217
858073390
164827821
265287706
475128343
474642029
97243703
226091028
928808722
581209817
748053730
316268639
462939274
77726447
980004639
759941842
215624906
503422386
343577407
788323590
224712602
549003609
299580459
75133414
678156080
645102473
221152234
663461302
187094932
657539819
892538482
159927119
877705102
703020181
412370765
602092460
601621240
739685129
494802518
210712847
334507318
592812988
437664388
958429376
797135346
265759921
719746659
930891201
459740722
525396455
95363838
253620108
429510852
712704863
397183012
535759484
749941507
36943436
923836058
662451972
393604283
144910196
871914519
901091573
736493995
688796261
971522220
783741954
495849878
363483291
72814134
625304872
638680779
279160222
314581546
574627167
573724662
401715865
657007366
719838428
565417793
639269460
26948436
131990640
882853171
237095074
421096706
791502108
795038658
666893768
334316509
182765937
284489345
581938028
485128675
72171279
857101116
84614892
491619324
918037579
688478033
565899612
831428789
392982799
192906009
166663540
823995931
360789271
921957211
307542802
504329421
291533296
168305727
358644874
736363464
411513589
94903532
165096646
482257030
710838249
893941632
49674525
884872625
656876884
484932641
731033699
888223307
714929836
860853661
771665515
713416636
814043943
337829897
558134898
307192875
257537920
770242874
876014611
975403930
231568598
370879519
961273724
480718302
125354408
777334491
664291473
335717895
988905116
467712098
926459711
290258722
206049776
728756841
309007651
776563280
140126191
122606976
498654671
968064556
591837736
866731762
932064206
965790426
718191846
603000202
686945369
504312804
176578978
782007133
943704343
477926591
877018472
332242862
78211215
781657174
342579911
17739768
335010277
572357280
349870359
586717322
996407336
232703166
664733491
649030961
522039213
971458528
117211071
27343363
839533688
945526605
904259044
171083072
886491425
156539565
197688775
189232953
845264041
421891906
419286803
440371943
47339428
339263573
25165729
287149135
699285419
248412432
463726170
809939781
40597988
867377995
139286194
297947685
848351530
107081390
717285907
933812960
869622086
503275280
546099534
95869459
316915561
926361742
180315375
34721467
501076762
325011973
69425046
616891736
931720977
899251349
574630132
263112406
114623291
120355711
391475143
943806657
462586023
64182940
334646019
855631473
249541805
80665058
212390046
512533994
233422627
679420850
733677930
188033181
843455018
958720688
551649878
207692561
2622331
591226734
47047235
450448089
896355644
780967263
331243241
838801158
607868059
655542387
841685090
892558028
544573009
123685861
407644259
329673628
839772022
2371154
696675069
977496308
110576539
445685539
164653501
495565435
712091640
693690153
751176333
421507592
847324144
344040724
553397647
699624000
686723391
107472731
486108125
847937689
444050300
356824719
399292533
11598198
353486433
815682564
665952294
89462601
826148197
201865377
552031256
718002256
252012586
990935432
497693227
105290836
646800020
810151585
167623122
892312035
337320686
523602630
13827362
539950333
91073160
247046139
986115470
756340072
51575489
286656393
997555671
128694003
57116347
247193528
471182355
126511600
588326263
954423434
217876927
446886435
645157549
541515465
578615695
781721847
850030719
843389550
16817378
477681642
103280899
832458967
583934696
764886497
919504474
251191305
658788428
50748761
486949592
406945633
53451373
768199883
259234455
867525110
813253754
787166763
538791525
490776583
305442046
152173196
709849014
705153541
310087657
917404470
936471093
635537330
14448115
505756260
865368004
707166422
502336889
467566960
128315702
332056091
586761359
989580811
754543326
728731986
415226723
99013463
410617369
113610557
41692777
940592456
603311153
472258021
775040008
68448670
802063215
681344702
13783502
31228161
870766039
444618948
410256647
230606633
461242299
647025398
283992261
373817917
399499348
599722503
616723711
25944922
415440801
872607106
64984801
966282828
259778545
924988305
849598843
560633006
861552913
719795234
117439351
769913051
523054226
437656722
98905799
631390701
808027469
158742150
291565164
491385378
464657691
655525430
788365414
572426804
303471237
279463950
627646451
671163937
469087537
543707226
315149672
993107120
183387759
293337832
316448634
609886357
923840351
351086955
453337641
289698964
778643577
640103529
740668554
480490092
453116641
802134988
449100816
320292403
548858913
76267811
296657055
100410800
384544442
540672352
517371814
669276879
141276783
187657156
340675822
336447772
921133221
426871167
366105251
838164016
684951038
277101049
473086498
188568840
627415070
786664739
497914191
7560871
850354030
455560981
495917426
756751239
67864004
344411394
315667669
896905007
358431829
362499507
656020910
203344101
959954379
258760139
15606723
569808833
860834005
320731161
662100040
848190060
952905010
763027534
102091816
223467914
224083167
834607474
866774011
222511309
750250537
177637263
318370463
392895969
939120117
904505165
663099447
271545591
520681327
922033633
834258487
108887783
447321920
978186732
291469974
243606802
614011027
906194673
225187948
788903657
78069113
844015237
509434472
158237895
270387013
43337449
401650351
240839112
267258773
115844665
497339346
762481950
903811263
212344099
904739124
360611471
970707709
315020960
262247638
139778418
856451748
994948895
330109287
742203792
428920010
605586534
293047700
157174236
165423714
761139146
170552285
495150265
266499832
781259862
158123566
23924426
619887981
91824389
983178128
145045501
729219802
597845596
763479524
667090309
124837688
4047279
745370877
336850063
651847875
998972489
860184594
629630180
645033934
971456705
177826170
699649047
974998716
956197717
705575488
252538415
686284183
787420583
69597805
952749050
26356457
337923382
41001762
458802962
114832750
371067688
342848099
773197478
299434961
618769756
129838222
160137630
534708072
872462069
21246118
321640721
315838363
973226603
180363403
403545494
821909966
816929589
643855768
182504147
597509932
393633431
693882995
856931855
797147047
159579085
125058611
710811602
597192281
810380849
893253073
809139246
183201978
487445172
512205144
11551868
836964387
507928625
132339761
449923728
735774717
732241301
219350117
419743208
889829380
204505623
37053879
486799272
105038810
875084616
2390883
777131624
611815781
525312094
63264098
629175899
376191000
826075561
106242045
291983139
682491838
972038096
100862640
68962569
345762968
822871149
999017382
943424610
255105216
41472246
990120656
216563675
879560086
481510315
375579429
581622547
690506915
225959519
812922129
445607032
75370952
451300725
858964290
945212995
882591205
932223716
569012088
719858450
336899712
10813268
680077045
978113964
309153994
75003249
719416688
295952975
102589972
677714663
343367967
656267104
678487060
677944551
776807847
289059976
674422898
698895536
307133395
814972939
55475713
338600915
711776167
228882272
883489661
339652092
395998734
87594567
288540295
77848255
174529623
73329724
211441179
49368161
50178301
338651927
373143084
341892309
518625938
995808841
442316493
704196926
338100126
671569835
609875737
921021126
423396221
258476476
505121703
421336619
556183978
771302115
518854466
314390800
73470320
155382936
378471456
962438640
831538584
974459328
875910006
44877841
80544506
723683674
616321781
884657611
722021800
533100631
823168782
309442916
794721540
293685450
923297744
774897785
592454937
866671639
93442649
683648382
60772952
943889539
254616850
999007998
80451946
454389554
50853219
116058191
523895121
466810004
367059418
556928020
534861934
388797297
212995823
569271677
517764118
670582216
376094236
738276934
89382127
164735083
317859522
542145350
513791656
156211416
573096960
809613285
320987697
65795417
283158857
993945206
590890658
189351804
6090708
329526827
521859350
52936726
132174665
267970103
189325681
802860067
811558972
966404819
190353193
604060866
912912243
864848780
401477881
35201728
295887144
219615388
919284707
373278985
937201147
504199629
328584458
756380887
631533805
10672189
374625941
485145391
339284327
632733360
737859847
647566892
694463116
400097743
586640122
692209006
807388964
46937443
681774912
331782418
495080809
711612772
243699137
213698532
850990155
315010221
237263750
238054919
490910323
739808424
61422480
87706697
982228076
431139401
792586727
178514258
94565224
669128092
534181583
86791098
877780186
548906159
863122424
980167566
37259079
355806482
276418349
293119029
901425928
755350805
582850540
466245718
516301936
459456808
906071819
241862723
608948645
440321363
632027729
726052101
996504921
998693070
151734497
164893205
321184738
546125174
687681837
312195769
273698542
75820634
996019368
664739989
718147149
475405530
904785911
395403483
129249178
377389169
271808875
411112375
742070885
795860270
453283399
142425725
982119575
692604803
708642314
532475997
618539091
246512160
427224034
395522425
609706345
554278803
749659586
930237977
864077146
40699325
436537669
137601454
280231682
96876879
995568649
977010724
381989586
253343988
138286532
949793353
435099538
349341056
449367568
786600909
517820511
678425526
169644154
825887759
248449847
490085045
890775243
599185908
484595474
323632909
887394113
29304494
19647202
547296242
217396722
863000151
544790081
760233703
19072336
328926813
691059205
623495636
461561638
619135850
213941624
624575465
981738509
102542667
665498170
772324634
561854931
990721725
849027849
108002586
902761073
371353391
119142238
613280191
903630081
127295519
670427685
139540848
458865566
101410153
615891887
70476764
56967987
764503884
518679200
943889539
254517759
88543986
856071103
111312483
232987904
226875284
781430415
887365208
247578612
858547292
799682522
184437904
66090336
779361456
35592414
236578340
540272033
823077031
860256507
397571036
848782459
923944938
999877731
858640239
640590799
895110772
255318348
386642619
298728359
924718403
541567261
921680873
171229991
351632390
892859819
711843532
64214000
770991468
899208506
697443979
18620373
196843454
805260615
150105873
221267794
628049537
719333705
40347560
991806855
93187677
797131422
420321395
474904804
973164811
151453212
654002307
401407207
437676243
639764122
611276946
636001470
717261388
323255977
976540685
70736481
961111379
569499552
703099098
790120288
288944700
446179263
825611009
888835875
332501260
410290523
659410447
786589414
966239720
400760075
634677665
401090978
526378403
823797054
812171113
169801132
490159231
434822
53961702
739115180
257532732
73361055
369328448
152180159
299656615
77494835
977636177
443375978
189600502
374774631
493310611
75226567
10228642
272696398
393988957
408775969
881550358
133889153
770453016
135159439
81114688
758056393
870303493
587954259
611067133
240766012
441785182
493478816
742784837
756791266
222763023
880682026
587824670
216606969
452206191
78736341
219510644
403561627
296977747
101368149
636497398
745687017
654901671
793199274
676327449
217246244
524756627
961383753
147858432
642275238
477454644
109163386
532058738
281960421
298781323
459095971
831040339
92915806
447411935
124458587
203196594
689553865
318871651
622505870
415800914
560435734
667708498
281721833
338310428
451172445
460795843
633674158
266199186
559262328
844143716
887911954
313409996
698563979
667857515
101345628
46741739
649284209
611277323
567345633
925696935
385899846
20664555
512342945
541390938
970153386
837799423
562735526
11723562
363664453
611430242
184660643
894094227
715396479
996244908
232016453
641097376
758318919
694519974
150025185
910923946
368642844
940132586
482113103
290375241
35481157
671709190
723793430
190373072
243066949
649166866
912311942
705431506
143237408
888950917
229721274
867595135
641542963
402392338
689410126
114840426
900290376
641681572
483400056
881590582
725317911
104204927
852635930
210302548
11147055
217300445
132612904
826556427
879183183
742681464
590145374
321993236
582060130
669166681
970698263
174178414
258048028
165043523
877397674
426138098
975960090
798852055
347405327
460999765
81206370
239013299
725177591
676916993
187223974
76855978
381029238
315910951
615567720
290616084
470518640
402691321
931694165
686406840
913850444
252606084
345453940
799062461
994011769
410990923
33840620
937088767
760751457
90089317
472905189
401095896
630736231
949559012
113961577
320948143
987380045
420504639
70016288
42356947
480117616
772324617
160570815
840919710
926086949
468972767
403736099
33852000
963694975
250275303
103403318
910572752
810240787
41042357
700263814
371195061
793857696
242261710
898396645
469151228
322376828
374916055
102911145
84600113
892812658
993177549
468074533
922533418
385102875
660019590
496508002
119648613
389115108
896029612
225902493
622771730
823357445
522460352
15321349
989628628
301575484
244429076
598920007
254450454
670108798
415133450
116013163
490659579
829289731
783837457
877675797
812882751
425689240
272985080
269641845
902995012
612639647
693142408
962942831
369353941
414749243
993881187
977784616
300022373
88833333
928675258
334210390
795586036
288784517
827193221
429650400
534310215
786588998
915808063
27064611
996996862
682911542
396581797
907236703
790720314
464986671
77473326
99702022
220606513
344412866
232071440
163542025
941651348
704664324
238244746
65625342
679056614
52579136
981648061
302831189
532787215
889772481
27888327
284447634
309012750
201659342
60823189
108494546
430841122
164257712
852399227
452947646
849453848
840848277
844885522
998397525
682797793
837575326
558845308
135403709
385101826
720301412
9540278
791270634
179309580
377519946
51359650
405009035
133746122
909650125
697748497
449125764
511040335
436366154
124083372
342753838
433446375
744889331
870269699
553282556
743775906
928905886
64182940
334656282
855838150
98018813
383452484
601721011
668336050
529805476
46271389
193658244
179734372
916634242
362437285
425761584
6686092
933958519
570058985
296523372
112190073
285969341
674052707
224825755
663444602
171716314
134895523
575443113
675534052
618251640
995503226
305545005
961821394
315627281
359920598
165012709
987135510
746106821
383745797
597793031
516737417
115867265
403607164
601717677
900146073
126063323
816680273
563969955
554868630
312251406
466815379
38298847
566963038
651267046
407230798
300848707
706008320
649115654
674275027
893163290
636657170
259692916
495425265
324558333
520622422
842936723
51009194
97738829
338553136
617540663
955648221
833014903
921176099
853990042
149121756
534214312
560386282
112724267
691309215
552679409
4899178
528060271
437310135
348113041
785541274
39592301
6050208
563636455
537595631
273953396
486497701
913666719
520431414
898967115
791464077
233745425
82325372
923569558
119232942
141259323
82517202
317378164
534152035
871504000
841470270
224943402
710632354
124084702
226324395
10110630
991918900
569201273
127172791
165728737
887151872
165118267
216293773
576848471
15398357
585037081
5767239
353526498
622232467
512287953
262782913
685788425
67517888
616312863
483593083
750627421
88951668
563484405
46260275
297680355
371022344
182033051
817767042
129727609
208357759
934678545
21263095
528877231
506513008
839081656
129539920
680756290
769894134
215199624
135513250
367138296
386839508
707604191
384034631
371479165
375753871
971230164
222988738
430795339
523491137
361324289
424146657
577360801
243053424
533125914
189930778
889425770
391252804
723615107
77534475
968422980
13497706
159461381
356655489
7938298
638638561
364822126
560598714
661549979
759165110
209093274
819906135
503764072
577550529
40720998
457634813
173471299
801271730
478087299
535759694
723404294
261749993
461015516
47135211
651355178
349482920
832450195
624910653
209027123
792528607
524177490
96006472
553913481
661277248
240343070
895579801
341739983
88676526
45340566
785750667
983389145
91673408
778633798
192235183
967595381
657700729
768420744
412314352
115974923
396948644
237873240
449006326
701340647
852873328
363966307
154802882
410153657
37623512
859027359
756345829
228848364
205623250
600774337
621138697
49885541
438236381
696535043
110719172
21860301
799002253
992256658
191513806
358393074
727569000
847173318
546113227
584877125
25442266
689232744
824181848
784351474
980966329
632932016
750847744
441959505
44973285
958327846
579901267
219805819
283198477
50511879
185662944
749493761
77889141
909826400
379086329
523756877
756228371
221768195
964815748
911205959
355940986
845387354
515053919
745353916
821548388
690975726
686804412
115786104
377508834
113747482
93090936
398133932
962057973
384502220
134873486
171571271
838797793
347600474
753623213
415127139
946991572
965284690
925344684
794241461
141354935
141248311
707856207
717198872
456140584
28387680
99884931
172507926
176150883
980442702
152968731
606671777
757932785
415787536
525342945
805396647
959551660
689561305
339075601
994860322
942940336
50210548
771785293
893575297
812041519
404994362
88082771
254206124
604261332
395012555
53539901
26242408
28662328
535136570
348478888
197330501
871150869
625471409
52524627
626749152
537894754
283083366
182966587
191845985
729006565
947088769
938484875
506541570
813996432
229919416
245620751
642635075
219828014
686410070
29175936
401972927
572368312
711763792
207850405
762532999
640328890
852221610
240211337
929951869
656980697
330149147
560095164
461702368
879695750
875716251
341593494
553662285
550779175
641076740
192915553
548168302
653754501
171230596
875187195
590951763
886537163
141672120
546202355
43480587
932756086
435432291
843266633
253886022
942456103
320326534
449887960
673184569
50454060
458202922
809223738
84422229
936363952
547047747
766623096
531616240
866655843
732034971
789079574
780730310
818098053
607236580
513922930
738759490
692858821
403106704
155772981
832950135
808653918
16358626
42387835
658888605
639451153
230751328
684348073
787288466
632272135
400593102
977528379
478121613
170194323
297004930
673647819
766036260
266995114
196719302
62656111
371897058
104289388
609465570
26625047
211691581
907401337
360640467
904011679
575119765
362622244
347162582
2258553
297032452
49316812
654343860
716544707
370851829
743188379
248426497
494486185
94724065
875910389
672987312
281980283
404299820
571060912
272104768
433720920
135344406
719086749
988036902
246434086
427595886
910839170
482795920
781582918
40704163
394928408
837264373
63899182
582702730
250435014
716047291
835604212
426355627
922977659
165931075
101701653
5152422
697179679
787416501
635649771
614161153
647104422
47580516
48104677
627990289
381080353
761463533
734437813
674274973
592792602
522925401
672046890
877149343
300786739
974936450
23101691
848368501
841238999
863717821
786918226
497755407
326131512
680323486
398684959
964167111
85268723
435025362
2807405
287690042
730081064
484913356
952285115
724858481
603811848
629896837
504055104
394192960
569811235
872071710
755381063
135744962
590940686
521124616
365523818
776183373
114592034
789363802
815146985
760397481
139342197
527643080
720502964
207449722
900102754
839943501
383231410
82891063
779446146
630945859
367510266
14714358
679121021
234595503
429340484
155607003
130945162
626222454
757858283
414653368
149863962
322476908
566976947
763212308
450792068
41852336
817187549
524034386
864857307
429611918
890200380
732955554
658480087
635858222
399074558
259340427
289981308
391292022
938223090
956653840
731260986
884238456
499052277
262315419
125720414
722618463
18460895
203645658
232886184
27545518
795741607
538620058
485465664
182534635
941802324
640916668
719890733
705671292
538814339
832651944
23507540
387748516
17473142
332749788
778677396
363694787
53127458
678298758
621029175
538892522
223213459
986702593
275689704
96898064
141708683
737931496
46753937
787132061
525643073
350139405
642461152
664025641
778479074
468924799
21715533
274056886
623702381
177471080
546026986
546308833
695740185
916368687
540638706
974572743
363706348
146638407
34684614
932804102
475024112
486539023
279573005
580794822
560219426
368913142
622957693
98362541
617146852
577479021
520594627
796191495
884742048
791736482
627387049
447378512
283717352
108897696
585324409
260233771
553237211
152288797
797044318
935100280
565083421
122969577
142658276
414791712
772554321
370154592
704698284
77357746
531189051
377514366
536528843
588313864
193338366
613283797
531829417
978399969
465856737
841446183
847768679
828112944
894476784
751326778
99272994
413536508
856555319
219151814
895057033
65938141
794369964
217554665
418971608
482437935
618487284
144589701
576031215
209523661
115518813
343883868
835359799
231119633
379856338
719142495
213287987
949924325
843716560
340331778
422026718
100140993
143334349
615000270
431930055
391744331
216974103
478984675
365455669
190542556
151652243
359075551
29209492
524660678
755717040
608726940
838752944
449610248
189127091
756917064
824073434
337733969
765698930
524806474
543076512
498282848
974276933
201716430
125044221
151747805
195422628
666677404
558944008
514301839
328987407
234478395
395428308
130018962
234462722
561983259
411690408
725493994
298390947
647993378
387888620
157643038
979214843
693545677
959950222
541829232
894539387
407414645
856442321
227803868
706228051
124780491
4843397
595090371
89869113
250981871
652176232
384098218
905424609
994039499
435018948
33515551
391368944
198403280
979867149
941113434
471145167
164055599
320559829
725494242
658480559
220974068
629454043
690327279
816170962
173041337
500691565
223723185
865859408
9906220
877308652
87041638
692233257
531130811
243737580
868099319
985471743
634256610
380537412
987233389
966735333
535717521
388943491
638666703
13815339
613601631
82750866
435092670
662614788
593990457
229774285
751238026
893412078
806800033
550812992
843774591
80438605
705075897
290394736
211732747
125981754
997080311
136199945
624104843
219084907
35058993
978773111
153403288
330621779
436202748
622803354
798156494
260980267
223593293
803130331
745261122
214418604
338437784
270160374
372433231
469635699
670030572
17840753
467206899
240744507
30112410
48247832
219144747
190713226
102382082
455291408
970402018
478577166
837999468
926003398
140255108
927396775
408653730
622353089
30429164
688060285
373466512
578992805
312810306
485259256
735831919
684793545
604286031
780624640
467353022
276176427
739730466
251104846
572489358
262318709
953972507
330382485
195944512
815282730
940466550
914629090
448486071
732454352
151141077
397099166
611701241
889452844
191783108
290145085
442556241
399384584
486910096
432213359
74295605
932577470
846766777
759987109
676397281
264533027
612889
993905950
378006467
956071364
246348042
494271847
447725929
474304690
101301283
276851547
345450047
593442949
927993402
69089654
535523176
306766286
553531994
334350067
781811618
27491326
988572948
686301768
61922031
936466894
22858877
770377323
167718596
862187560
314717703
251029751
736293384
125653336
389502577
696684761
954336933
215195614
235610358
753644281
881005598
987981537
194455560
8464603
267704238
793522981
218050579
541183140
240656583
590881413
741623219
177346753
62202314
500509690
511258322
603138067
483958763
669072773
86124528
1372174
609559370
138533597
899950878
612266168
445851511
558898374
56619131
639197531
341434880
883057081
491566377
623647513
516949940
349913779
414360776
167571590
959694695
648908092
758441723
856673639
384998792
792559425
276162621
161497204
351282454
630064507
902133384
752702201
471508456
869738015
894761651
123293487
725175175
3358353
285393393
65245280
26949646
349590845
372475950
891727331
546645064
341227208
366294303
671333707
532830987
799944413
389442358
417675370
139630555
518753017
954780492
178109897
979929628
270471702
304605192
496941707
342183235
216197059
760038308
906056298
773446947
104465732
815193517
448945981
725500651
228010021
291379695
169963210
509923784
744392311
866341544
329025191
926643082
861146840
338974385
953262217
476659548
264985283
698910529
281864471
82773419
393544764
766809826
487434587
831417934
552545271
792155164
368419764
83287485
233188587
100681058
113608664
557818612
918630898
542638591
609935864
765594421
493592765
746317248
677642635
976847422
814480140
983844295
722253121
415807229
708274320
499548696
779032057
496945780
154285291
969771522
156509197
418707530
534752473
633987764
877103466
595071272
302319473
974571567
448053284
750690001
8779998
507985096
507962832
150878013
239828401
245927168
497006285
582047304
592180527
963644779
8641003
388742581
423191215
590172462
494958948
59304437
769287160
115198552
162320864
674337733
526741250
924987119
752650683
441988160
19880438
776354689
855134435
39541626
446114190
182005011
478483681
969317189
985101507
263026000
961816670
161185291
762437033
315788417
451541595
996338839
447131341
352360033
824295166
545628701
568163515
958031171
309962225
543142057
985535559
701238832
530155801
490708998
945889240
526898819
556835722
822017592
580868970
303605604
299896417
633074892
918449821
228646050
214052694
825879193
577177183
671195836
421628673
305812201
214863508
468945788
459311684
29622528
417915915
482178043
564570824
602185252
729490213
597648772
190122708
964782946
617410212
918302342
31527023
763905303
644032988
623931509
74921220
733186847
295824815
622797777
873759108
857638095
975453718
96659280
835824266
689255550
245980534
602067602
731957639
822801319
27573288
60239750
624297618
474253465
354981559
227515411
705509764
965938824
265809084
26709336
172956616
339586573
502816037
832832679
840632159
996354888
757322572
708710085
414957501
109645660
381252756
329454265
773595053
979822998
789495992
154489442
121873488
403486506
505735873
569332651
428005740
620694497
488416043
828189429
442133051
279233322
753335728
10728733
655316798
170671115
160335479
56634262
325698145
945206608
669325163
43350168
929882652
442516709
616485128
285780932
463538972
974735456
321069156
629834604
16102681
832486609
620157895
16221769
85843002
584534196
911770650
336686962
548597207
85162497
316731817
309819194
937698435
885280215
540175514
122159561
780889079
887810934
748849180
415096522
409129840
250040596
324694159
137435645
764553122
94840062
130082993
983908685
612376366
494312679
697427019
236488771
849184720
551093700
258746500
972763763
943812633
818813132
301502088
133132237
209857586
914748828
925056413
285265011
413656722
933249110
105464124
845610307
350193789
613239010
885342585
520436679
138432817
349717013
706320987
891982195
769567878
454593442
304474279
623519637
547869197
761022078
329524029
182859221
547348491
416303591
952022043
8204965
642306288
694255285
748717652
414083038
911930107
715636242
153579231
947883246
332467758
773792936
188241691
10067237
445183711
145670959
210396421
181819382
222430817
462277682
292823250
785700272
650357728
887575163
513206372
17956916
551515009
208172867
988799919
646740098
571125340
967004971
315159387
939790582
508931533
538174637
898561309
966714940
300224056
629671483
391673838
278348028
679503763
950182137
379228810
867407671
306476270
853402270
544322087
170912905
518139973
289441865
971077680
422578172
497685841
121927789
433276300
802222180
760831646
814119469
530212987
928546871
721707899
181021662
296736092
889671252
705896135
876722958
253854247
542790788
171383450
454996509
603826324
914387370
802890569
953061526
36143392
907093293
891538029
425932281
486504363
853133806
810870624
738449367
902493023
914041654
954987250
524472287
610720197
504452474
318734154
596319973
708994570
110946728
818149465
82495631
494123081
68386420
991717313
230150577
349921658
938854078
213152408
601667473
797597213
504099319
790422220
715770961
60641155
16530678
738469590
832487303
67103900
743132316
888931894
670529662
897627239
39258554
69166181
209348712
788067019
301818781
683843486
227639777
976815535
504458226
710005381
788752554
953256307
895907615
265029165
782826489
490701189
607841385
631222056
559674815
549858035
35103125
102365070
306527765
869845167
913172632
681565895
792770038
920739959
330716515
810599798
103516156
862238642
392308960
506546473
561180963
963642391
548561704
665949963
434612013
810693490
107537983
757432486
139415557
623340989
195308790
545803544
655237526
102642296
911706889
256856186
162897691
127063342
122684082
537090817
521662647
346395478
434354953
437651709
200278522
100321304
551456740
239015943
808611944
41892846
958031829
507526093
494055283
611333232
929138003
939568653
731561269
19401965
59224685
229658940
240581413
77918308
934125052
364930807
184596486
246131018
416628681
975836561
183642673
184059368
906600900
237727176
135975869
612902346
172444842
135913056
88692387
450795552
907068776
523275912
552029808
313584614
418958289
534992371
445359964
381378581
316888575
539892461
89183380
384335748
225715198
118301884
15930799
365706806
34863599
425422318
918907243
265064093
74466407
930395484
429620860
880276132
773728278
982859550
564010382
454824501
322634974
319444926
967475346
683565188
867804050
688492906
770405198
477281982
394549428
828506975
250638623
765179484
857056884
635189512
240978352
345245731
503435351
779643621
274071849
944814464
170973378
381120228
45050272
706749659
23246158
261203830
885551538
5409875
389439737
839202964
24937574
564712998
303876102
983993905
505918233
80246999
192504553
316155035
364647824
158627629
624808717
199205767
43920712
755288711
131480317
467984823
403150366
992156919
387352815
798060036
598551679
574669595
876398959
827643910
580388827
986089383
881914191
833548482
842109968
292169639
845502758
207719676
549169345
521782149
32726063
591229372
323671108
549425619
973253250
393920781
656485779
302226801
932545881
605270175
262919642
144544750
413664787
303548237
27725927
314963114
953932221
217854352
320517614
710138172
929781509
270156862
991021010
579227279
267033953
571906981
529354409
281821459
845067081
988383369
204292050
199639365
976959957
290805310
900298451
132227816
99356321
83243344
38507228
616555954
399247680
734533590
713887242
965103110
616221481
388859633
172386744
90097208
474995273
904983845
737161056
401101726
870949697
109537159
675103510
627389950
73879359
362160267
819267573
605255996
602344229
866674023
656821355
233203144
927252480
577342580
660158603
526674648
41556588
399567676
488397992
495927104
485057922
46727896
227259000
542653664
212570617
90670080
237899759
66166742
370339665
690610913
438247665
579620460
731592146
738155500
315654122
564205650
90606523
94233335
834308964
612305460
995637466
69229494
401921271
378332145
32390776
383220031
61945216
107229030
185816216
754338571
820746185
792041641
237711644
813964477
419822641
400235364
279037495
715272651
888915188
743349962
580077967
602304930
87085440
698025176
973772748
375110194
416667335
853445647
679890254
726783605
753758591
112535243
296669611
937680905
640704176
466877135
470325471
388266306
5582804
984956324
149002004
31978449
732142212
893172112
792813662
323601454
787691018
124201135
651406004
330919925
69596395
513239831
430428503
925741438
486123629
419160958
610259035
124919191
313421896
276694685
249547177
80831170
941701075
874503787
896291329
677794593
602897482
439650870
301565296
735077046
738486086
633442671
981591969
9901655
576645682
648022839
547154204
833621566
330963374
648882801
739261306
974646620
726478
613343782
712766809
54082496
24048717
122278716
68534560
846280432
495858874
737215234
557858413
652555641
17474675
619460949
425422318
807172561
801281934
700239049
791926431
133557529
756552817
860555801
795331599
284866224
397891627
679602634
553129986
935268755
786897277
505133401
996573365
556796595
50674319
790992671
381239430
303168597
746151611
527996661
48039189
81341961
917406749
35670981
347008469
374138765
455877834
691382980
222631478
34222659
802254978
727715872
77225255
386468129
98517271
504644352
647349277
942585433
116337134
600393792
148337551
590849805
434352207
235575138
301209223
280980470
981241333
551679925
470750420
669214463
155295329
101438970
895101406
742179242
715056271
508253302
685604127
146377650
325846469
524684642
243120302
718018787
365843056
416126844
77717441
85931502
778259419
527456508
343635234
301809931
579083867
899669064
921755485
511174933
216981315
601700945
839772954
477821100
840349593
842406923
714836806
271246555
683119021
212029894
943482185
677433300
937306692
404895360
615682712
363894453
126440262
963244168
520303352
246670798
268335822
433230654
639743855
892505352
504902476
623642720
777963641
321500706
903279973
224747964
693371844
99457228
263601293
762900169
984135160
448590560
300011705
796158898
285859485
972851292
284887717
426861648
842867152
716348
155417410
584436949
303177694
128237695
309481921
923273323
808239625
270526507
512925730
495032860
991423321
848868446
546629090
213097624
409277215
303751323
135465758
735032397
543184347
506270958
314194649
693637894
879473451
661555878
511006283
919323560
903972960
631707727
697322241
764234116
516563819
327384074
593851326
357478337
749474490
657732089
985896297
7516229
577872274
221384968
12312014
129868647
699088418
238756412
891010666
804940201
290983342
224786694
756621137
960114205
383334830
498269367
572948111
567545493
382049754
735486939
615366260
813844055
83769875
971070824
974933585
308795184
527511648
579028564
780553785
194458095
14599135
737361307
850702211
265012756
917070090
715061693
948130008
695722844
20099995
823760558
883123918
821782883
414713199
129328640
672099269
296416399
411880765
716384065
933992385
825505373
809811596
327249335
32759028
635431717
696874314
32911288
254691050
767163800
994514598
174937730
799058599
121619185
982295310
544703780
997117953
123707392
64314167
736911836
910611539
17097308
452903949
365494256
964718745
521138141
940591313
711837517
415872392
186626307
918515083
782624403
133203741
13961372
216386181
707175794
123214641
601421266
234521856
400661422
739785780
565906399
409278896
429002316
342573645
964751851
440279309
215685255
783103679
499686254
698194052
34515350
643190482
216304830
85148151
633641102
975890149
31183705
77662925
891319657
409498170
766710617
124865998
524169056
360948790
264768181
717017499
987272124
888826544
707848562
863173039
326070864
890156245
910381390
74126228
291855433
441274802
74221769
887599689
606159999
908216578
933401087
688468010
214343045
91513265
255478173
859786853
115053582
354893832
192025379
45877809
563136876
787556362
748465161
500061
121591512
114202565
336984107
334536618
47526038
606499717
24463533
797609181
388795509
505362999
640580314
477220921
11209315
10505781
635849790
889171365
385094526
116503587
499753744
331155665
856093061
832517519
982896429
77735138
517047467
708698380
756217181
937011850
495867483
640017721
70438419
77953245
815752222
208300198
175664960
195398179
102318352
164347665
55414233
357005092
375282461
37789573
177872871
383609377
676872215
599306969
198310626
479593908
264579596
993178134
646098048
548904500
242653939
199803382
856816222
898775766
648727351
787483175
161452941
834271504
924157884
262632793
836065913
393643772
910950012
26117671
646876793
576059522
143823158
948666685
177151603
505961057
411278394
717312040
196998553
715638772
484827333
7045880
90163847
651601293
607211746
581268921
978941998
583425041
189176400
579931180
200940375
197174951
291969432
842837954
469904503
503798219
792597061
568006670
900127595
985486021
424969633
671483858
735981920
743868640
802393751
41152758
839664279
374569422
84323413
256423870
149800789
182808019
99034345
856725397
499551809
159094636
193628446
217740179
54116041
22466592
90268199
209763086
363316690
423962748
178982355
402486520
677743067
876215173
665183746
380719997
990703540
676486607
107829072
177776978
726327567
269283445
427888890
595879763
599986174
390915791
245866931
614259967
882658354
614246123
844954029
284144548
895526056
826118926
879386563
414323026
652458975
548611355
789456325
663626168
234228085
828086170
235655604
532036628
871363379
606599763
231360213
344638827
246167664
854173608
611607964
228801403
496877241
624324920
911867635
612765430
214290117
213328469
402919669
671679377
677456923
539700264
124355329
629588955
699857671
635210503
250012096
840944796
957674639
964974943
828435621
356274374
852950449
389439832
215527788
776361506
529534514
487468334
334990521
937209087
108647421
622775049
242781498
240044158
962774325
633781852
732984534
716563032
975097337
861749803
256981253
442301347
584540891
371883806
385997217
593792846
425778481
812469912
696231213
694474793
229728432
350875463
880529151
866673997
766779405
450320840
55204575
501551509
113077601
12564748
500820645
489464858
424526972
157354879
120534488
608773303
249748011
928796838
826307398
66713180
83877740
513686604
837782854
869907959
569642104
994971506
103765798
728319828
447530970
63942743
776549496
247650542
909577296
181560510
720018477
936730453
909995609
1296678
403486506
502020855
729294602
787935825
778621815
384054563
45056611
236527339
300025778
908924442
559541659
782322183
171855255
324587101
54585649
617725642
123351525
294675150
771944652
153656589
126554323
837036792
46454216
311818989
36947105
237002950
724504740
64687017
27920076
660630216
702512013
614184972
429852407
185224086
463802207
140809101
364970629
952860341
960228013
71948455
288439445
149621823
254805304
156290186
740865106
874754794
332543035
625639082
866198632
364972547
634631780
896654116
86554321
250102946
264858609
671486902
604326653
453116537
273126476
380299207
920676429
329201918
898294810
582926195
404011659
518876853
947022965
40011043
817333373
686244127
793432940
77186041
171451009
358021143
761666281
398315137
634607730
280968047
373020323
401735362
278752695
527049461
55036905
492711636
735360410
473716612
913548846
117787291
719797526
536699031
936162633
680056150
429723209
85211061
306829151
898639499
550637409
689141562
637752863
829132853
73788430
121317087
27892017
431574986
820496878
853973138
117139437
514707489
913410601
283648767
180047608
402962291
11596277
950948571
965055797
915106008
480037648
401038223
210770737
488577054
139831418
330299072
21506711
889783610
873338153
945224031
277852774
828580594
582893358
749836787
53110643
73676955
564463206
175050090
216444650
43898083
475372401
343909099
655224340
563719995
347057994
54866920
292133156
846250881
336653798
433765643
647392269
732336252
551000348
767678434
718002137
684678349
300437517
917825979
129399353
801560017
289482427
771919739
963462107
635820459
556236897
770128791
731474944
387973727
593445998
474476545
580514337
129143295
410910435
416166378
459434810
733729323
532281260
432328771
416298306
772815916
404369186
192766194
294922104
550410827
854412192
265367096
98121601
40820218
923161960
745161779
776490606
869184534
382214668
511421967
28823140
497952011
755644638
226514911
530555865
17345711
470579707
92733325
444993611
609895269
220119826
595864644
575514059
839315498
127340116
228192806
166463315
220852378
509440680
686396664
465877494
9217852
221714475
655384240
821770371
48217619
778300873
633179056
857043090
902559685
750797193
83157627
879287793
465125738
389475202
702893009
552624014
316970626
477383652
184534228
663652499
68749526
651225901
574640321
267056959
747001078
380402421
126087615
541616098
500515270
739345869
142807952
829305292
411726443
73381195
471685142
479721906
505070429
777494046
765315173
402588365
616652624
587569712
72250583
800421195
130927293
102873711
379658486
355669725
229989671
806327524
32369058
317196096
135969636
414941012
351075197
307587784
18362866
185406855
847969514
349329733
686701221
562171487
200588179
566715181
693909932
734180188
152540156
222559450
653482049
509175980
778491165
337240772
236166793
988663716
759782255
740176797
949095110
38199520
330087789
369466680
219692056
941632555
377849508
707277528
362110467
270463583
997380026
230842534
31124539
222463784
528150743
978289628
478865163
49054537
312476516
387832835
186008525
275744695
833553420
55409620
940670688
40680674
277645962
161682563
548772105
115317582
502694490
809778680
891278333
333777920
626893219
122398996
414163553
647147185
128333179
508192217
961019210
596223098
95289339
732670127
676646017
608428825
939343224
416711393
262922241
664438794
701868736
960933517
281380558
289719622
35799294
77335530
815499609
495752060
738965818
905207190
414039362
115083598
678910729
383988345
155311202
601214412
296343289
32693842
719111897
164304727
231974469
257147247
194937191
228916529
701345858
728741620
965097833
916523820
470879312
489199608
679445965
361239952
543423884
581353347
15895889
187971086
765613216
845217222
554361984
704739783
901427615
728767236
162261857
471613865
419380683
671614148
405111015
478412109
639331788
686208034
504159809
32926296
761660848
956351818
378825488
310618212
767678434
717995696
579248888
31691018
761105649
364047946
475561995
245436833
952773349
421292721
470873822
643930404
136581205
889626249
763130584
319316235
434303195
779310248
631127002
135305081
261527927
115311477
651660608
469845322
780003980
359631937
528792660
997610358
53030746
553092035
85270084
866564041
307744904
673191135
267404646
333045504
246521645
830443320
237992654
37058715
281919684
902970700
912057079
890027039
696672600
468706302
65733328
81789157
322142697
716400843
120979670
689545813
192786830
321357879
434666116
46776014
878396177
996545999
630609511
420636238
530859483
215885795
385361013
565986226
284522881
339974940
62929511
320049271
488549302
602141276
538121267
89133359
369118752
750634306
265888120
1777224
122946679
246375638
439175938
17027095
326831878
914292185
243466573
467334894
562592775
198376883
286338210
264137141
357248651
183268037
547648963
825694443
532795997
194024870
676618730
39107101
990906071
309253275
924324562
602612545
489066220
155111696
600130402
665683967
91339302
703259911
915877296
332129654
660151169
955915638
153149882
301987720
312787071
662149791
217282354
230021359
280123456
679924240
173622764
442753146
380460564
983541882
673506325
844449840
595294251
285381721
133875634
86903370
185245693
891786862
742495297
677402181
855861728
461921418
520778062
356570357
573446110
606248247
633368994
515186256
202584382
806074338
500606739
508774898
69073904
927858387
474022705
831449040
349262937
692658185
280574074
981177635
617163868
914315071
239055967
597662396
838405614
984516688
956524355
693733937
306919498
728413187
456162850
572175121
598981478
560811074
611232637
151180000
78042913
529326681
75560982
961902602
520044724
580910386
786910714
498073182
518962744
885817426
943634398
428229378
880007784
265201549
444224003
609766904
122988378
804434214
378825527
853947326
654096209
101178436
656296857
111787717
562000231
742287945
913605921
987808173
868831607
29448606
569682624
600565726
135683840
200141719
721927053
626520530
622796818
349770630
413330893
599930020
860757882
800761177
821151497
216290547
362438572
435172738
922213327
33668287
109004674
341337202
959480984
811397277
10798396
475803144
58131867
508372367
332464586
873324124
715982929
770685279
82362553
861441957
295866182
509189233
393355067
188059981
822344485
689558576
145030941
419353103
857425673
888253088
550829395
786105887
339883127
759352598
541278042
637207916
814445961
184579708
213201031
117322317
415679212
19254465
819864502
228872506
889871042
526119933
96285191
859906958
793861019
54633032
70426227
117719652
900978198
537289661
882273478
916976668
34903524
79065523
23157724
811109792
16238251
23379653
344460003
436942244
796881898
491474863
259199012
37166279
896737520
365785004
562410594
88940030
248371676
207608581
507666294
778965850
716689321
822302625
727995776
87734041
494424221
240845213
341118127
386735650
164314126
885025800
296487463
695010733
307663420
553536376
206652180
209541669
37186767
219454832
765648687
734340699
384356557
945319941
176759296
306451170
286553359
515828986
543226131
626682362
842607089
711984884
408157328
413754242
483702362
314036819
468034304
523341799
474711797
849165078
211300464
308022313
390639334
629581354
203517408
925548485
283268200
423605506
125712880
466940549
577901880
872222558
23738593
982313889
887265953
601045415
610638357
181811837
33929745
188364725
134726901
539148483
45728731
755476474
947670300
376264763
404006718
837134513
945111973
131204601
845932146
921046528
471046397
193600514
341491143
457967061
208456393
77672616
401905051
435506608
697465074
207344942
299551184
634385714
219880565
810339822
689019507
470926199
583437114
798805453
553068990
7671771
909216509
57453267
62718551
946379150
554277555
455302048
295534463
948135879
730044286
925804999
698334296
253550543
197955600
808932516
329341400
833020523
392642077
791698790
629878426
105871801
505151333
126101297
500400329
106420072
782925246
79233411
703039682
399163816
868406280
542895022
418303276
142253383
281707835
833272438
863961528
930201035
624371470
664388028
288507526
776250922
726472476
519026722
202032846
235431094
134754724
800026877
672574711
96709062
662264052
958752289
398015240
908586497
514539543
567693008
744488857
578231874
917573319
806845487
238063439
169888118
186403021
586681029
924502150
485740202
61211428
753760677
797331127
940637597
860058914
50207029
198814828
495802520
638383841
501828036
392886108
28688045
598841264
558982879
56928051
331688585
652000990
409736062
826463842
396405484
511657077
151289712
743350601
832107766
699627654
504525668
630641802
116814704
411435898
50710479
858699484
491523544
460315949
812357754
131165930
859095210
572063846
438561004
794387922
314670793
158198111
814798730
546986466
141841267
329541015
4180694
772770848
370984051
163060725
281212381
974456682
354831308
887893211
739836987
528773134
100179822
535020810
600352863
230733335
843893027
898074200
37174987
183126423
339830360
17334074
342103170
950066971
767285937
452066416
222092818
564999424
79030979
472940455
550475347
922218647
116396574
577620794
822985716
930186496
402703591
551159677
709271293
49051303
392937879
613811123
152697082
798916100
76590605
723316738
259146104
166742454
463888033
875261554
69866519
23345055
337288785
355395430
329544283
782906409
671343813
226755614
688333032
406695938
952442967
261963877
567850211
170384571
254481644
555166508
750021790
142730080
203321330
965872455
199801084
399331995
596935360
242386554
710846657
262291226
760059013
334821544
437397307
939108241
677386896
656828444
928604185
461423109
95811220
973783394
68700256
889059063
714020054
54585925
659974275
790528127
398058897
532075297
873746712
880915335
670784707
453785468
290418179
939332157
254676749
292741991
853702285
392948779
758428525
804155250
267662927
855961231
819875615
492207570
508840017
898592816
735096730
566945606
361986947
293328734
684356453
857452335
302609844
551831976
4867035
717800553
596785891
14016287
313315042
875862482
721850864
683664151
81402329
607717999
950558670
463259385
469476308
674028883
502747785
919294814
418126522
822596805
453479931
815212469
925873602
813382327
210339759
32945653
807996771
967165440
413006856
467500565
353645194
581856400
263566624
772967849
613417181
884568988
279121241
87825829
414062634
947260537
64585678
665183597
421858967
935026277
330776810
951848437
710270646
10775588
146039240
736822549
687339081
425836869
315040967
13048401
261983038
889051073
604201270
355373213
10508781
120533736
650431213
733497816
415126557
862965520
744410860
380933064
367045215
749981959
143326139
48150843
667511615
292897794
503166556
192830028
922296812
379438336
684026621
427911282
933998704
398997807
37692729
813241902
166593452
901787368
398912547
711158024
880469676
181271046
968668913
792258745
427673885
573024038
555076409
379085324
418168748
559750006
346192562
724354756
938579477
434964598
420171494
86248747
164844079
239975088
958339677
580382724
494639896
556812514
188541948
602031984
11052205
776610452
171667610
151067841
677042304
173181955
363789238
219831298
601337774
832456770
745620251
439032302
273356292
40967603
50055843
544116728
748173412
93040953
756110773
116233775
954212084
43063298
994415891
564396687
176964359
425194279
843933966
952075591
961313169
736817851
667950790
958135587
622074117
804063135
176098198
50057229
925732792
68275254
843788292
445605531
948374905
65893472
609731340
574595406
455058844
414876697
982202594
793260577
959935445
939727879
439516697
746564802
488374392
698412090
644821769
784690687
814203245
283504831
996472330
167518899
716621165
438228402
203129753
207679642
523069320
258760139
15506780
473188960
865621243
465636966
400864295
921575623
356980302
561058401
11555457
174642024
848064289
626066446
543200689
406140228
322944244
647745725
739471311
661112093
820610795
190087359
836044302
484401320
364624586
430013712
531037088
80990448
292939439
720747783
878419905
98585599
355885024
247583537
548593570
900652079
986604691
247745318
488182118
754334896
607357656
760407590
447214799
932050184
984788089
400288525
404451754
665748807
525309559
682564522
380828414
607835766
838813174
186928676
253849411
659768503
630687711
308664292
426174039
902923142
603293956
504267505
172948555
298163756
426797832
220959858
24497842
213316939
950825573
823964529
212507799
158076611
788766833
796640946
584965573
925718488
90920157
320044305
873226513
194213248
235758746
534572725
16699414
871163043
258256491
913890697
102172667
364226728
495603999
560487615
103230013
822430838
355952360
530772350
24509818
259978583
396674438
487506291
199906270
447051410
123003334
859273107
701178186
72817633
205322336
248374066
379836584
564671189
902662755
219720526
805377001
364449478
80434733
560526146
196235014
20044132
631584371
573157691
782501215
787827389
294506879
192621805
757949224
958683698
976704105
389031280
134842491
958816672
75928018
845016668
189459201
90090469
405078503
162460162
782284115
474279513
925138822
339951734
511419197
848035721
440349047
333147478
509397695
247205272
666682073
167716266
330553317
924474241
610125739
886542668
83697828
392608757
464746837
195288062
782472745
16918591
396217883
684267736
435369928
476997049
733529713
496763063
360310020
117673319
691371378
18590882
645796147
243053229
402218823
328540210
68256158
967069524
934760462
735333084
887257539
832050406
997790492
111635481
410235153
21861049
831973309
683116791
351362467
403317364
43379869
220055702
192282216
196763663
497436507
556822643
977064681
13449828
257808921
863818165
668447282
508549448
743343241
722494057
864479065
698549349
879555505
903964309
21272923
488729497
386629293
383374311
736910307
875017488
348634104
651766156
291573685
409343281
863657264
884582816
54907400
687163267
587680326
302529303
151030843
437600828
792313054
878203229
887207719
517305684
607043181
5660239
263179151
152589633
82895617
911393783
436933536
203536892
519139383
354246601
817861495
465019577
611415332
327936936
899903653
416778359
152364930
571783804
617995714
37936944
839049740
123540320
396765536
483441250
606332922
584564962
11905616
160746356
284778375
764377301
353017318
262806953
875271427
799792294
890350943
263906266
970836915
497512511
876149783
758297872
550836112
23988584
96490993
459256947
483746851
307751573
288264043
315407720
649497275
209509219
623501182
829108663
941035514
286394160
991698930
47677850
44935396
987566296
508082427
746731080
23753105
872730017
721253165
602158441
960542759
85108446
682975965
359507048
545003898
831995578
919585131
144153656
723417677
321180798
711987158
854106111
944452703
993493349
115207251
343199041
746946490
984724910
524059308
451666378
995695029
12451404
55170884
769315246
842808443
144842214
653127086
484590128
444400855
985918790
718579201
73315803
932237075
900098836
236363440
786231001
915004756
420450486
48838384
863011120
382506449
80675734
661278600
162645082
386959856
792162171
226923280
472098718
581686071
924490919
117185201
589324625
668691587
74308347
800432152
638761815
494155515
723725592
307234894
220657044
531206894
386959856
792162171
226923280
472098718
581686071
47092798
807937601
2647912
375615042
84706318
95492636
956368874
933032334
150423747
297846581
319246282
80244699
73551024
494903941
560373902
434499446
960618932
398981381
483276383
292952616
153331689
244531269
75317242
535602302
569293072
519826415
184333201
143631683
364743802
913348700
446905374
617006727
48094111
554529839
891963097
830986272
555789982
320140782
926062369
537205681
828228617
875858090
350451252
953884888
634658131
214943987
520846223
831404312
434713589
412485963
354092928
763564564
436110364
483861317
901058553
711404278
548716336
921058860
339491959
357257406
641901783
545069016
267812467
462389176
767616422
788714334
996634883
225967410
577116365
688699089
233053274
622386804
38641055
707533424
863809748
772160965
310400372
113661775
517563437
893871888
821236026
949452913
51879599
496618427
879913875
542469335
588322178
843031361
599928130
591820307
104430382
353165996
991816613
144191506
252058672
949930501
691658445
616247097
722516282
240190385
355382857
747484175
963489008
213121337
406220202
897386742
913150466
8640218
169084243
193942244
859353766
840070717
606282056
583571830
927054962
169832558
918939801
290878222
795301658
999331615
634890410
581955525
114907816
413232424
155073963
719334574
919181690
448137944
764111071
766042239
480990569
739403591
462277399
808717828
624916727
780478550
631286953
334090970
344013350
451079384
582264326
708019985
539785117
173218616
306635147
287400845
495358847
647248202
638509975
534754855
297258223
292254216
273098211
385915721
190209302
131215969
618303043
711484361
580092046
327822085
687007464
20937065
589449885
747253979
762303432
465960503
986634465
15278972
17984401
654893173
932613508
711958697
902000106
263820807
77209835
655615743
65046539
134561806
505629290
509248172
949443142
772840792
815547047
116236756
988031614
52411408
496594887
469581966
191145754
581352416
813090776
943204054
858946330
538086555
509630287
653184027
914956382
62107412
716661147
206760389
504864346
715477865
604009685
901241874
418437378
186817008
663890757
520004187
677101739
609948815
766006434
453172931
664421166
917628836
321323765
818519490
813961146
117823120
452484437
441418509
52565316
934085375
467803882
856156765
640901835
717704606
986232811
761148838
713722097
374586529
380796594
467716865
763602234
409059439
857537715
683189576
523856139
834791633
448654554
858219579
267332547
144792083
31020925
954127455
802054820
774674075
886638022
224103752
748342388
494122157
96486407
862934277
743453673
783091636
672822964
714994317
783568981
69327219
210892537
205753884
990234612
569014021
426001662
429638258
690691809
296653490
921265720
322272123
401945640
683801326
420922564
299860461
900608082
779525030
72180494
846244679
269638505
340156705
537243525
569884088
225098142
759412838
38956885
657724036
847622701
140440588
562989677
389438250
821534273
409146597
313443886
912188597
768982472
1002245
516007227
615080339
439906686
24220053
782001119
282654988
110527750
157355360
179261163
549004642
829600035
311411676
440428973
114842162
181868451
623695196
942799239
964166561
238172596
611683084
26833549
471465181
949154084
164520717
449163407
786952944
145352064
848760842
222243243
234509291
110660452
850438442
156917792
434565672
261119582
840840804
53433461
57755526
786449175
500959373
874609425
511273904
76198235
198795495
602385510
433750072
18003707
781184024
679017386
588950293
987139117
169125345
31024933
406366395
841056478
756649385
585131711
272182243
451626896
197295465
298008440
682345778
722754970
860404124
609385706
5576885
930118480
449937742
955115562
345972717
228577650
887031282
946014392
219099058
663812441
523781745
280735905
51722898
756380067
245869071
896206602
349326878
806777363
741432696
329382315
477914031
385597388
905254820
999657898
823170173
405215560
73981695
767978906
570003728
912386881
203964068
316828385
138070151
291298740
92829679
260974076
654325148
530301605
543730904
422685194
177183513
30377012
31676580
629281658
165145783
531432825
311331182
439516452
464883089
199620175
528704838
381464124
345381752
551899045
794871475
960186065
137020507
736008432
338606596
370869055
834940209
811582470
437714633
519746557
510005613
461039818
562327947
426108876
456842066
948764703
120607739
366549898
161122328
705315457
845403789
238002088
764257140
478649981
179001842
485431690
604881283
613089406
742458255
656412314
130711026
16750633
516387480
290290319
991385413
245350060
828827534
641739761
466215150
22783680
492971765
371903887
386597810
382405143
847058868
899395987
940051575
746528826
99517830
703798055
483842505
714580712
378066034
712178954
952434676
675904208
327144502
105911167
183131882
790369774
944682342
312967614
563034385
855024043
287390394
42294627
79579
635681355
198066244
508862846
108861914
283028744
434755936
735707107
32953010
588559078
679759813
185822951
955490696
847015300
560587553
680326282
878360888
430405359
130705699
119837607
867867688
486814705
829051220
373576287
925827157
779677987
41865760
642707726
321188282
848866972
501803091
138910167
873230814
640522243
87900297
796820957
641701412
79781414
56254201
310802814
76020352
621337311
122131201
408367780
514488231
7790395
113240547
597690248
98763854
166479971
80844678
610451568
760215400
345266549
412322429
544972807
243066831
165173178
317132266
292046924
611522786
524235239
583523611
422365924
206635576
971029201
488563634
53142026
40647
112467386
842618528
960124074
778014401
613131458
140267596
503392421
360567809
52899117
605085179
944679170
744111649
634476564
177908775
551228081
436494942
356286336
966803302
254525237
408167822
880006380
489693385
386885417
899379977
975547185
432532272
978618200
862584505
183339337
693775722
633545554
131968091
637055795
546819568
953806937
134933799
530829259
286342073
400902693
46828319
674653382
430309071
333637737
296203179
561997133
41817150
107941316
965019141
100456575
452042885
358198063
836162911
709186257
186062031
287688453
538236664
471498114
839416910
481004869
591391414
544703583
468638961
147712791
690304000
797286163
445235018
677113208
510603089
639967836
579747165
734684774
120292413
940601038
770086557
466396060
104410011
817120403
882614763
450953443
165984446
982581871
685887849
369104140
9150700
220051867
565015589
860352108
93787023
477495296
150778614
6371874
717293467
681042350
381481281
367547619
200787740
138474505
90685562
307800394
364093046
200266118
320081403
492973081
645270076
416597915
577539733
594488814
871755449
56418095
410301177
510740374
340658526
211454434
636616964
737144042
55945427
708043604
730782820
157058212
169980545
331035251
829122991
361721376
407834418
511408833
847612957
704448388
329129409
332490990
970128463
410276148
451668161
793401409
145556094
216333460
104096603
526311047
378316857
598586675
108766175
244086060
402982958
363792365
779702565
829688317
674504215
846482257
668256414
50059039
349905651
379627637
559936429
226567861
21158854
396490008
205570324
884982880
757975276
445860466
769743648
321014031
521999621
285916211
58216214
592842134
246575501
770338657
518190065
742264268
673214887
789819474
132188635
612431817
980660967
246538213
931377612
161067255
913067371
32341657
253088832
832646142
153474955
105635198
400231757
344940627
526102257
160696718
838628707
631055325
334162106
799675942
964556756
982427933
538688619
190483595
523736175
462335698
268675249
921107755
426187617
344915042
181261578
645006442
683016239
952192115
589855322
665210031
767790916
300116147
40990868
328347009
401732934
227978872
10667014
897600066
232328906
865106904
627179782
822271556
362273689
774366460
596522378
924922866
177122099
109530203
907832340
945245537
484343997
25350984
356156945
832560166
949970638
35073625
709043711
891105411
715913781
187266290
746181373
798447409
560530271
135683488
200130971
411720403
161095048
442927308
225302718
856125523
532276149
197615769
812152151
882386218
70655569
977658676
257450292
439923399
365251290
70671212
61213644
428143317
938873005
828877736
271621330
43611478
518990162
849051957
421871175
765915983
288052586
992755467
391480823
730572646
606607287
372797986
393534934
161376671
939533387
250087537
706419095
122457587
21923600
726714041
326204325
450055003
275468695
159417579
403995026
733341368
930457249
3130533
888109729
782680359
925998776
54476917
892827723
636094858
714643283
147990017
788351332
84504315
806350977
912264608
845464406
610765370
763091822
149241696
71437261
302206996
594734482
225001651
442070430
1186734
381657907
132612333
899215167
607555268
733341368
930457249
3130533
885185799
216108732
473005917
8052046
359775163
172083781
837139887
803643233
532734907
161613738
920971677
354003104
736987737
43383554
580914990
796500778
368768387
650523288
928580742
128387155
202977856
995204404
458407283
826894140
655098099
179888353
103607324
389062697
921981939
340579655
336558173
497063395
906881228
683578008
735020521
876640377
129618412
623104040
43338018
201072841
450166938
830276495
875308658
729133916
140505488
767791988
319694975
645693259
242999416
566692947
622719401
161895552
759679678
519490443
99048028
408378101
304591434
982466788
244723783
721478900
932767766
616725541
655555908
940977978
342237918
745792940
342556806
44889693
938705263
362067130
314090902
37169411
353372592
27560500
737362909
786302544
533104966
418198466
824840212
406260028
442341618
59198571
183939515
425002208
398155512
904081792
362076765
8662265
67812310
447143951
778933836
775605712
995506175
427541614
42022788
352164691
719712848
99343501
56257349
532217143
684766918
794789921
715868659
756970260
252641997
806132100
888081380
293166579
990657686
932484643
679182181
768144284
638777617
771610975
415135471
825754885
470254208
808615310
837615044
125886484
469517374
899907621
404295395
138184041
742942777
653617259
458898580
827226368
336438466
122934783
26225993
811478967
489635315
587750126
135533760
988224420
426258343
123668144
407135524
757846609
17212958
827646604
149837563
300708041
362598402
805919613
378831759
230088276
33556865
1305234
904257380
820212602
760105047
760045954
295647126
955517590
226086560
627428059
654595003
747581763
46776014
878489228
171010070
39096123
83721708
193253940
189641319
256023144
316415877
684189244
554204448
575568696
341997567
93061037
422171994
366472132
232377555
149896193
518523501
909971187
702123344
428734363
101554334
43303969
150499932
63260855
97678650
787283708
357326264
696908844
589233857
964087784
758459337
365001784
916915587
822145617
732931408
36790680
85174380
492823848
361344473
599441408
203750354
336773911
784953510
837454580
528125472
436996009
531601069
271120943
583471363
432481216
27235987
411351994
453352913
495934689
471398817
628823324
65046023
410170615
564454482
114039872
709978134
269380547
139046869
929970893
336306902
88524929
616973609
983664347
121389233
444977931
114159239
410678286
867450226
243687999
203412939
73980825
278465439
500014163
690558140
201529327
887034565
88319231
912364196
275671974
767000109
623148308
253866068
532873275
850430484
901360791
730435223
20146198
539944775
907056431
710026147
658792009
509522141
989950810
255397495
262284632
959198144
606995201
312135451
631901001
377070143
783042696
619306473
923188043
500583592
940816844
550487256
687388003
505791259
885466875
74126448
513167751
472801351
423122526
15059900
269295001
556065264
628183089
866100394
130888465
94571874
154817928
585760115
463134780
384490996
410462887
519695727
427494494
109909601
243509109
327471465
519579568
314983399
711099740
940535152
368155484
470749836
381495735
213959720
998375745
655613503
704833756
154247705
733425242
355041421
254837586
341460734
853369240
315575431
401694717
355801369
110965218
155908243
48303762
845931948
407767362
133973397
155461814
801381791
945601025
185373232
159497961
282326006
811167948
765061648
913774170
627546542
413862504
288701926
807353926
860851742
804505770
299845816
958241813
154130988
748678501
107509282
952582468
387535835
752587050
571032816
534133351
221156287
99144839
9759055
381664383
703334068
340710209
925015206
621147007
38154682
1510833
986458723
104936353
381398637
611596843
488437938
541312736
138075534
137925625
106699555
489418783
452895972
606811418
743919832
35290457
864233486
421988364
531920232
712596155
3862576
714410136
372373840
205030305
446050627
501236403
474744031
395463962
192152360
817274283
64917968
10320363
715042097
38046549
749814881
752851690
394906836
454972654
671185874
261124450
59198382
402183550
156672622
201813596
628238596
763239891
5305580
561192885
188765160
196588660
46292352
108051595
593026924
772592891
570173915
740074303
330843646
967878760
117966227
447444773
869281784
554921327
647506262
598112405
702364808
392167976
229369043
982292362
206982417
591308438
952680968
404947172
93997505
750720042
713794803
522216065
375331134
423404524
230015285
651703109
394016791
834426602
616325440
401596805
395536460
198481924
657433226
902860800
559162413
13875485
218279338
577541619
879297655
828487922
629319121
69408520
489131962
837254580
450414144
629059991
634075210
250047356
364437334
169298995
872949167
279065474
270935802
985445365
112998447
847914189
391255275
473893850
872819583
344725588
474726009
165491209
478659041
123766000
422711775
892315862
620951708
413781098
304067120
764081157
144488666
898351804
637045368
509664294
645931218
818990607
113510094
194013911
359393546
123628562
588727534
872324447
249545225
524151697
861565022
339380338
673878795
411072913
297944174
824010241
163176363
380164469
548861950
856125135
369244465
981402610
86391760
680129139
581176947
63439245
461645044
210101819
808292046
786167976
525620056
20930214
633985214
964907036
922377787
380389032
246775462
995013289
742744428
989417738
607186967
818122100
19217505
17755708
531298449
749435808
895531439
106457470
898637878
46548705
713108883
291071604
641964831
286917633
117519835
930083926
792510874
284232969
156185511
791613747
169344674
843500819
573020642
478906942
691640872
45293625
555265636
991823778
81804326
511567314
743927513
337260081
946298462
858149133
951047344
469376983
117708329
439081159
248636446
627600675
313220084
128103229
541460809
737589635
937078779
160646183
583976125
955264387
43972662
171346132
305672590
634709374
606029414
2059710
175055297
921204585
31718836
432808143
787611101
735807970
913832008
561105931
891647379
304089896
61075679
816275161
8624348
471823269
181205199
336142423
643391193
407451194
386800968
788903886
983545910
974323925
722074671
653922398
208469042
810702787
612889007
569673211
109549031
507327313
79775122
587785383
216845880
238044101
165934608
954028218
552649161
751575088
59617880
846644568
354640837
610118422
254542860
810805565
992562260
506820010
316447058
207621502
311460419
492945267
865095962
606114277
787922403
830028984
364782572
116722477
131609803
276773362
754442203
166408722
107564803
309281442
369862885
648976165
463240407
91347809
857502305
435589112
272961893
908336981
678208259
998287082
23401875
214987052
902977338
381284461
322806595
816974929
741590619
373392925
269281584
692597803
203000874
638012511
385976517
902209681
978587413
649356537
241260028
929941702
432594632
52607399
827704399
153196370
714266881
728727601
281293201
138892458
71259024
779300455
270032589
759997422
688181432
64143112
686465061
722299556
85639763
728944867
453116501
537747750
597914838
980305063
893239327
450739712
974581376
197059287
871794844
996574709
254162214
70244429
797372169
905222981
201095348
508320032
967522429
794464345
399935058
394955272
315527985
655798584
682273135
341036624
136588027
755081176
9020636
38996386
463416739
96041280
88483948
814802548
603853662
287858108
718130383
255984217
10866445
115559470
340045606
631309893
90371645
901060513
790465565
185064524
704507617
976481493
225974576
946161834
90424176
448064379
108563634
759223009
23415552
662150849
13697891
130410849
939631461
762240868
123962881
937912474
661258774
175810487
307608043
56958248
465399667
601995595
266796809
170517221
57481344
85607362
548720555
530099152
533534961
411421072
887152310
87296786
932500375
855431560
705123068
525291210
465941207
736600377
425777087
648668056
785383644
951826620
997871697
453894745
275205628
18257018
437709255
112604624
431813091
953238513
86016267
464590302
173839815
610569528
620380951
804918177
546493531
128321211
769164975
374493713
753107555
179161608
158940064
281245243
236635546
768709625
749865966
243141482
409421820
217165602
352039788
721200635
950935934
95224676
821684476
817194577
413078551
468123110
209938238
112530180
432954030
988497108
418291070
758808940
871484140
682851531
87186936
420788570
365659896
736973469
625874194
90501320
995484704
257078390
153917836
169215537
206077213
506513625
390329931
739741750
598253605
611849627
544944287
16975265
93155502
585849141
606560264
666360194
288818470
371759077
47581223
68734299
75986576
352674796
690919845
459994199
162505287
87270451
752423949
816275161
8624348
471934705
188034122
654848558
23119685
175788761
794320885
15352846
267260383
209879334
153453412
628890660
740728862
311105972
527666747
133373539
515388294
468981637
668288776
939927395
809484294
218480314
264025894
706195702
25165524
263156931
409148617
372575635
67989101
346764284
232992456
885677135
325108724
423350787
449124114
440880674
80122835
724711146
114161697
112026065
149859279
742482486
795761171
551009897
550806180
709601502
591886810
481701570
739977209
280268005
476447770
471038240
248119399
306057503
583182287
645572799
747943962
803904575
400409911
191296339
63399757
498422735
322939574
403189822
397989955
51281398
435771074
300059021
300320828
298206749
80626265
278103221
190566310
252531602
594072882
983281294
367752979
257905984
936150177
590722812
98974600
383821226
561463577
750239887
165309691
691636782
286793332
347773065
79929381
96493308
610037659
352640966
861274940
478239180
697270132
784800528
158188253
530407594
933885603
449605177
893589742
909316768
893361814
416851794
196769909
437755981
241042802
647858208
315426470
789554540
612934541
942596774
683461485
923992686
705388939
117030560
220202210
371800574
97944230
844348217
262027811
789270107
472821572
346437222
547630695
812861733
158513249
785652251
187893153
167422654
377029918
874688027
606564950
425617753
12749265
658786620
919810372
5499350
232121305
97452539
414683877
988299451
398075354
900851793
585629368
799355775
118031998
374566642
70820757
361829416
24894844
386708506
834126797
363529504
218949794
566138662
756192666
786941379
266212913
650359629
317250492
892443713
45551542
127672297
413542429
671521452
881202968
5404088
877723144
79063656
239639877
773798483
382241539
763535313
240129466
509076411
418653513
301537201
570740331
604679819
413723739
725784977
105079655
602338617
393591589
199830409
131332982
690067758
461674279
469110746
887413433
202073848
136124158
55578106
555303155
330164055
868682939
720424135
149605343
982745069
921942469
368356107
38626847
957598427
543033589
670258406
533925846
106744510
185285961
92991152
757826720
175994465
388697617
608157958
165587603
583598774
98262450
935829381
768418962
629170662
259534294
90621417
337099405
20648577
418691819
212734480
848514946
385532324
198283670
373415830
702428980
160949385
750192602
64047357
200615941
448724125
485921333
383931635
521779831
983251776
125331835
376534729
814004350
122164358
306860204
817127145
180317537
657360079
253017582
976640905
330596742
500281463
268891693
951894985
506242269
265633473
251474093
665266085
228286488
996751914
893248333
637619403
584860299
707416693
63016649
270106848
762620626
735469748
363181760
825556756
251167837
814246641
608483346
671165210
325980051
871968124
220065972
301255478
392960618
969918574
271782362
472144148
811210343
4272934
623597482
532182241
630748473
319662674
10913564
97660274
647263180
876321206
297222820
609231320
189173804
672558386
25747463
115084298
565217853
624005316
135658294
138084443
217372847
628396415
702250717
680428992
184941267
392192133
994169713
25041444
396079508
501538597
247724495
988268817
897981592
609736889
838601564
219620727
110308349
367629305
417796316
571480437
938969088
262390879
739050893
173641805
919651461
650443401
154204531
118340934
796734282
851522605
726607988
842468552
456240954
686944901
481925590
704447853
698202881
59269323
574039337
357357833
910750417
126972666
123515355
242274916
789283705
433233079
424858402
779008024
740307059
736085801
563870838
654737711
145849184
642866130
612747027
913193665
928891478
499363366
449588213
364452985
106548278
94311390
350519845
89091183
309044316
410507156
532572548
276340608
438410813
750158132
91792524
115585339
22011354
539934516
883000367
575033790
444729688
878359545
970182244
193657686
913736648
651529092
988865472
564435721
368781842
488583484
186813821
86843352
819234749
604538824
38391782
62000911
47402895
89683107
443083036
596248421
102442622
659692261
667379951
612983766
841382888
305952088
874825053
102914525
780635026
533799001
492255009
117387757
376521129
236410329
951527435
466677836
86912567
822174355
857846487
622599882
386004352
623555693
94873343
971268712
107709376
161150431
635131554
807180005
7592653
998423226
282349890
685417462
36080400
741816954
853914132
395593414
619227049
787303636
213051288
440434108
776383414
276140336
297838770
381534026
53678864
600420323
914880756
298161543
208316405
501403639
129604233
587657326
425393879
917659940
51623666
410739820
49554809
324449054
395909352
631965638
537023964
925926597
561318547
138376929
128710227
298556440
307100460
865082862
566905527
185446864
408206910
514953166
700934957
966177520
423953363
315026423
789291573
694569997
984767075
399634733
795858669
459857975
107216352
588013356
60825494
929185443
335733206
451227804
949819462
136216123
10839464
334288939
586047093
464772803
210496976
126281565
530168615
956073297
474603011
705078944
552268390
611566629
816144283
919323460
261565784
307351473
385378780
634558210
450009701
410762162
980405420
137167883
324004847
422645926
907945143
369271658
250382322
331949520
94666165
722790364
732319523
146960417
537701930
933066340
516315243
736667671
807582635
795227390
411294100
538256461
854019719
249469398
353445843
852378054
413928980
36136877
59163636
620746021
906320333
967323524
844622314
871221908
789524209
994016205
576879534
740748014
582043712
396676025
916751762
426916600
857557675
849739920
181799066
507623038
278348969
326846405
120389360
978966023
607841660
415218005
943658203
898242080
464347450
965123466
485749777
433445755
197657999
64156636
842921196
893395450
16956094
317430492
599700880
371254908
183667359
606829276
840800594
922301050
773329461
318187974
156849884
753700159
884563473
332115879
74279571
178046752
433632734
516063209
789170025
404675094
988119437
609254282
508966791
586047523
368133724
888439739
940508410
406993090
512222981
687100857
503085418
891234060
925651143
396469686
635429001
962605193
724640749
638721624
128394225
55135022
658502413
639419207
42824352
725317911
101012826
511089115
622462105
796878972
575082840
960781189
324408355
914253216
149465076
421557007
687123546
684788161
573415915
130472761
704185965
174733538
398107874
70413018
248087661
526289952
318902172
121787421
752814011
464061064
164576614
144914655
689114604
787590171
330787116
972652356
772123421
161993455
330961309
750933438
276004205
334830919
70205279
260979260
420077730
432438407
153443255
339068387
170304828
332350723
921728769
187253655
593002775
631352821
363689478
622602180
106663294
797809740
633610858
86881532
755080571
794628803
978361680
985069599
213489715
963144664
31093570
458212198
932642839
330822981
31142861
177307206
505692851
822493764
536444537
604473125
928082865
980293929
419237543
839112275
579402587
282180692
791272207
295178537
286224742
868618549
684981222
409259646
350246164
220668123
750268176
198713940
950341788
225430334
203602339
534647958
828513682
961215469
585819129
779230899
747323260
828360981
299194308
149940349
500118035
23424499
217295682
959141839
681484368
499731697
715171112
800793807
315740741
637627353
184879692
963564007
896506106
17778530
352939661
981165084
683598997
618696016
984525357
932212450
792099972
599963183
932162009
187959607
1486632
76284415
995674447
657118486
77493673
574987623
504670249
230885728
798412019
958795889
453118651
564806034
571877911
91653850
221079238
962564288
853765194
911731404
231351604
516878934
146751895
440984469
692769301
469902115
227715701
574672715
124849835
161849370
772829146
351397002
83582750
427282173
893972646
216327050
465384072
678122222
913840129
790094350
298846179
136089193
426688526
565065056
893726855
493783207
431929753
880958621
829479108
605751624
123169326
744631719
650505378
388642288
22944948
311040749
816824553
958034321
218934951
486813890
738534212
682798095
623187445
210710125
149286324
801697195
789371199
693482703
472882801
703229383
431479736
184042206
225070440
719570275
600161821
496237555
171500311
823607077
137949695
230404331
405550089
795121758
96314915
277226028
417063000
94997734
733065977
223122070
785326099
156377624
494980853
620028651
166191734
817994564
794035805
936348516
299501609
664668604
406919429
184647302
333795440
838899392
525762448
57877718
60323435
872134885
377728816
753095961
343265390
209075612
562777038
584775742
657879154
959238162
633420602
595760745
790573084
313866833
541409639
6671133
444884466
438129677
549400084
681027740
94925066
3024831
851136049
649520368
309973043
714446531
642620761
16408555
502719178
431446264
774042404
928535320
545474400
363971731
635758155
67207289
320398038
288517349
90060150
785807015
431817581
636771499
62423564
46337867
508390674
426365905
467771081
225703893
68621294
242023356
558210902
519801903
886945584
370699254
340241094
811896641
212298232
281949786
987225246
813594500
335996802
960967029
421242195
625430396
822595326
357393584
175152865
920969543
120622693
443038198
200169871
248878811
323252516
270958119
953576928
554826890
570055259
443160187
435994452
500865195
598621398
323069781
574512920
319664032
109707969
500210119
851382325
657251492
115898044
654588103
352695293
70299295
693688747
685561324
593734406
389534033
276212368
207494076
42365214
868590592
13848601
423249324
868171069
402098506
817675125
867799920
192175882
278535264
314613369
936624404
814056908
992109873
804305516
596536367
734796763
126928415
118657469
470516519
769622160
66426665
577259875
987705792
758660730
718784236
702780757
9575925
679832503
863040284
615044958
427250103
811786802
159166333
722412270
531620383
970206270
421262854
264374602
729055029
813847496
645624832
345154014
416316831
426023659
242328886
852074903
982104534
289153957
983656746
903122367
565151288
513738214
717453923
262260239
241275234
304871565
233254003
364084652
284880383
703033541
939789865
348731698
155651485
164572325
668780794
719487134
240856106
780558132
837422364
431450833
51769766
602360850
972213518
196548321
722641686
784676752
972705716
911112178
779369623
237550354
598805409
861551592
766028651
246144646
10182279
113742888
300820729
500278134
755520267
492928402
392081265
116986149
836066019
29254252
573348384
960723838
10301293
939131576
984914213
455923157
427099160
255445380
912745994
475488691
926775791
698416044
642688425
770998666
893340597
386729450
50595852
794463603
45791981
413610413
996390740
880614562
420195436
986317602
782824074
159490157
55402719
328743593
123046741
445713673
440630248
413434267
161327897
703688041
818991296
572456466
845628451
586432008
916782424
558780845
433413354
562312382
982542284
728503685
977264773
915002452
423005293
458147079
698614591
227620782
547377128
335918246
208497240
55455730
147817113
808419963
156117464
908612234
737245324
748860009
191385361
577387676
335449027
147770796
452632942
826411472
841731308
54138692
774134987
992232829
264877340
407961076
640732525
934508282
748451592
516912060
653435571
250441798
835495853
682605249
292439182
211636973
427684910
330032540
477790766
209276123
602213223
437380837
932713054
193815348
83628974
807204032
798416803
448946009
8458633
186423424
149684721
887004829
600488480
910756778
108371200
431423979
368179152
432455319
370891943
280151148
799539196
975834082
130177726
210251941
511752500
68634438
120052984
30209130
808224597
126759346
251529841
401659192
300022150
823811909
150339965
333699511
7750338
270471272
902639188
448644830
123137692
256152718
87510857
706779046
750511467
462618988
705292090
787538356
225125429
906162872
647795536
571573385
163831145
329198125
962474907
11460708
684534711
678543101
302256036
460586558
501158917
472294847
570686255
307526317
943065441
897939875
225948845
553719099
317202507
903495629
880105996
877866326
747515874
950161643
945048794
863546306
119105841
956697862
923297309
755315519
263849551
827004471
494731510
96839579
493266690
812449578
60764460
381123557
808769437
566702973
62436913
356476619
674125301
120859879
707307966
744704286
998178095
863391498
657080868
279682436
645188384
791418937
25284367
655553671
396661032
153974930
345455225
309934988
406122838
583932597
325283165
222517453
755623788
598805266
858581717
487869446
962148655
206306271
287439011
768208287
828735191
218160960
382784792
738180293
927091627
406654738
901804934
827694278
156053844
34429454
428351113
770020945
390414221
266499665
381789589
392634691
47063244
810023628
575198554
561958391
349992801
64921396
797314110
859955147
907710337
977813206
535184996
699916468
691352613
192093710
474721203
514426294
559690755
973763457
407242957
385278250
731875438
264081404
281528888
333906038
222945124
408818895
871812242
87926822
998687187
74065531
900961713
5251690
941391941
824971093
494091198
310769720
931392464
744904434
782831276
382515567
367762931
597507852
516682519
907343260
619512151
316195728
14851835
793912423
793017494
526880674
292670844
423110436
547014409
849390972
445972284
222900084
101124607
903574863
384465213
165203425
115245407
309997650
131215279
264665914
821435498
458559224
287246428
686640788
155908423
551912511
220495585
332788404
202336259
840748473
470205953
839943822
171463336
121191328
4650003
166775108
742151573
788900454
651996162
570971107
223515648
151960544
264914299
695810221
411634073
961317024
749139437
84234594
593341715
891015301
818337377
454056403
187066200
475746428
742187581
745303239
164859444
721383714
563177711
240211839
667113371
359392304
190083897
649832403
633958595
455440087
906471504
498493160
447346836
636806940
852222298
304213308
880599466
511265560
367265482
522040787
528240355
994493836
89212883
332638110
810244433
455298188
461195089
188992297
66857018
781568986
530265553
257186482
844638915
924884671
65217864
701908229
654453438
791601646
216449428
89747158
130222743
633743435
357175895
960482046
30943836
955290703
230092931
642707281
586953128
998962904
183114151
4818245
331844273
398473311
776973515
200499284
125220049
865102225
5212553
726041926
200088445
333384375
318082044
975289048
825122552
337780286
304476741
683757996
911960610
493860305
176234055
635598104
878283028
298679859
37664522
149052285
230134888
209628166
277062086
445445498
383790294
551316626
305962943
48923023
733392295
526945714
630673993
142175679
130443817
690858472
438858284
380215415
901527781
279820657
241362754
211090660
60559398
436374699
753523964
434846793
22691684
987951851
299393446
298279436
975581070
34292266
906630463
781524436
787884911
958092036
924515706
557887810
910046111
556398010
515836126
609664778
252359916
486174352
567278047
164465272
682167708
495275431
406400740
933342564
969606096
351433180
567656906
374002472
556038518
115775572
934017604
379190482
373036533
170300326
884243349
193443737
313093278
360177332
464826727
186981975
461300465
518810660
493096662
415406819
52469875
387447142
708995797
967076434
599164052
689004763
379528568
543971449
648979021
488908102
339760825
300969571
323998914
561996072
493773302
926766774
216732484
338595056
490385923
219323379
359646766
514504026
392741611
169025732
592175492
930263940
647350343
868181542
701767212
179932102
242506238
29996146
99155875
871807718
844499594
785426787
346606743
563763185
656967321
238456812
830117721
836100070
710671730
887907245
650380383
100976227
252453690
719800046
242401708
692839845
589359035
585720929
775212692
222832090
158218961
15995059
791448295
292605154
369392870
577673794
502337975
906590879
686231359
550869007
306728185
673093658
663984888
730308019
511406427
111202302
52205167
249813861
400664817
531813514
698906335
425341586
845709394
313475016
324569634
57119899
153668425
893128554
353065817
941925289
971232966
282963983
769381643
633335006
4213048
819695271
754168828
227704408
549973144
450254377
953982746
786431489
863032704
629115124
419943837
204885326
824128103
869556411
474281764
698831734
117269932
980236990
560376600
51694980
786270886
366308675
353948648
791473925
861977031
791863870
238196593
47002174
805455554
969659173
633975345
849443846
288036752
686370881
695826399
864257120
957246285
66792111
64497966
510517914
607836274
536735056
243831549
53238578
48158744
485303205
191087890
268593875
839785352
600264708
926029431
467764360
375628471
855979840
529422376
617561343
136657281
228761271
546012059
586827056
692136471
275181643
97552893
383010702
968758276
724324516
448100547
685808659
222856876
475585069
854450470
580872188
623104559
491090392
917064723
207689917
188060015
619651850
546928219
953763835
574601341
157610230
809406070
658626709
3411907
328968688
987788534
432842255
529317458
245168478
473737479
812279080
862361809
103774777
74501258
836558486
13843818
475092216
19470064
475419448
871196504
495883553
588307042
107688171
116922652
233091164
121846573
985267675
416782139
490360357
124058453
778388721
181486079
23830813
153202921
870647594
244096318
505234390
538524774
890264781
299406332
266633729
259699500
696260914
362770707
111722657
419011257
427832849
588066440
21845356
550007430
617250679
793773144
387032500
213155324
719133981
343227060
937690282
45797173
82623474
19514984
543760631
711902522
243716845
435598968
904760514
39961442
360137733
387361843
57168528
679142745
928526449
701694831
866763582
474720803
320799295
466003018
859009802
744912583
203604470
709501360
987020697
247101015
602053820
604618298
313449329
54234638
727613718
414274864
836463587
451479968
92037119
353293529
63303595
921142344
330051483
310320239
192053863
947612251
105264900
258789166
378418751
222117505
481488288
323899801
36335254
812569980
544692796
90038387
666285701
916405683
810872799
219499584
565131348
429729174
741095729
513989095
32834451
349503738
706468786
206125417
490120724
178087434
893481347
42883864
677141020
558387029
658578501
550319334
848035459
661586238
843386991
328717964
832836445
811976608
783556517
61828614
261667449
306004445
374167447
435501231
492923468
625496330
316618435
690104841
543463706
653377948
65968673
382782324
858637541
251368997
705817375
828314239
442588891
397505542
717902273
248912807
456387824
918681136
155809081
47286664
989171115
703661102
698804665
185325580
318800888
643600558
985893089
349252659
1240819
382791687
582005271
777928425
710121881
257828486
800853510
346220693
287182807
731049637
761651966
402709712
899475153
29635771
193173287
599613091
652839195
693148105
457948284
936255924
838247837
981623598
653307018
542194640
581022598
955945654
664513832
14643213
259884260
282681275
274472343
299853242
944844888
404717208
898750355
476784913
591494974
909558673
312220083
52936726
132171445
909575323
550586516
1849201
980556278
536609614
547886304
268381809
313778679
314372442
181749212
554093333
958918112
527959878
881331875
813232535
204257714
419214508
966152616
672085972
730164849
521273771
879796433
765320392
318656274
448604844
586793221
614252100
471260886
958090437
311715512
859944399
359621687
743050489
13468109
685481060
162015723
372971500
7058068
745584749
261258948
917468208
568849852
841954415
172383695
551735328
88876541
868718002
749316820
451890320
456736605
202442546
667356966
395815548
58421567
803553929
133240681
312293629
539459225
290158423
377968975
592760595
583502198
851242901
147874880
622949691
213589448
493011128
661290940
707942290
551645464
651611144
423037503
569042744
260119660
939095790
890590341
832826203
308854178
94244642
171959014
324765309
934059982
844768459
259738801
836876711
130221628
601835391
434609089
693936184
482111842
85354552
443967284
104352665
948535010
340853554
626760371
925090118
991764420
523285955
355069549
823604522
858379062
584669885
644636142
979655823
202407028
977742198
532983618
503631600
655619564
677604517
863222663
279667683
611888724
191923093
341778643
403308350
22418992
706996150
788618755
343546468
626870941
447167206
714551933
374085476
574030639
59350546
349527628
417103522
610136296
434102036
65210271
247629970
91897043
113208569
465646396
51196337
756775227
833580857
654174293
914023286
901643910
740958503
734106113
362219558
911272553
744150781
194617574
248292678
33367011
479322042
332076137
192045108
820629120
837265503
88429369
964384378
586784002
489055594
246006410
525864035
342434153
960327424
186135678
664560618
357621117
321170605
89388029
880833808
92511080
498594578
790841372
86560055
28330499
824089397
513360544
380090030
702658629
572160042
714409146
982900466
217411529
966345779
159438295
301321184
850718823
415782597
522996340
987573447
356668037
993467472
20467440
898796757
87974947
617477831
665224327
741490010
751114237
558902332
938834443
426960061
717690501
232255149
554002321
965741400
743905878
861502865
687726630
815133931
648849961
722926972
288517349
89940416
782205693
323290350
758791037
668527702
828625150
298123294
857979825
962871410
299045427
619317945
596730226
513891164
127482905
347990430
450715605
410667628
803729143
513074423
891939233
582999400
607533505
587349662
459123188
892283976
282753157
733530087
611273885
948283628
741754566
555651552
795234000
597651301
880838450
864329748
539220526
332087554
275041123
491631305
529165103
179168379
741261167
332743909
977101691
811854434
658623446
36183083
958896090
933356183
139254746
827722898
4390037
758740326
91292259
460910734
548765664
449347655
6769493
301286012
547790206
245802582
456776942
826534409
732738714
898213126
681495108
867293840
601571880
871817979
889731235
983412301
405652469
160356893
589908472
217603725
809465021
965153729
916094789
19545822
705250959
78020825
641731777
562448416
144292923
837451630
752499278
853513167
77652702
166590414
612471743
48265701
619268513
788589277
877316463
962496586
438269268
44148532
751662426
33702313
836556043
693503221
484488739
80885797
253123211
206919563
732757729
632424173
393398979
925911225
101124496
811553786
297427139
721222244
149584462
647681130
837465995
313246828
630622477
416148961
476299670
546992595
442323474
498594981
6206871
227449494
667196770
200951544
124498227
204313998
626856146
320683868
678589799
298312253
137023580
34298316
623536211
923979847
566262526
718656006
179144708
951341877
487539049
420510038
407872470
67822301
413802052
676427698
622186132
415198811
493431221
50289979
813913633
969798388
576091066
670110926
304495485
160424632
592019032
544171958
14330358
619087210
582913422
927910221
496726046
624340529
75599453
772544579
386653678
326363049
722287783
315466493
781257344
379282373
802879387
943719735
302478284
363546016
393486027
995728797
192088096
525098462
66973912
641347756
448702340
218734829
930630893
75918726
154366387
345874305
97083679
268220638
659705443
325858145
773234174
968638783
306381281
491762509
38587829
493434398
429679505
546634336
817405834
666622004
502075953
96957476
766479212
423872379
365782306
562343606
484298560
331566662
114410674
441797358
809941871
234696301
115232311
569790520
279589501
220781318
902150337
951501407
711784775
176532114
369086910
619512151
316195728
662969743
775037356
192355281
906236110
939370715
579380972
551975914
401588473
321077479
86497685
502956795
466940744
445340749
985520454
649785820
938568406
584416099
110841383
118533406
879102252
549697378
912359887
797155040
159759575
889399755
565334457
301402520
551479271
712276577
374746982
208321942
100385300
113937986
829055686
33539757
217007410
459292977
232024472
873065384
725707328
562359021
830892156
890866272
65092348
83149262
772894200
564376088
353138171
174836582
670254443
518626206
700975811
690578152
202840612
780224881
305261192
686027092
850934628
469861190
792139850
245041844
6570828
541509892
497222734
858849560
878864908
538974474
379352978
251185244
698325703
41746927
626752033
902285318
553871266
515013837
205459256
866297983
340500877
75520969
81468729
761030509
815318228
682554407
209083578
12647823
943667092
823674468
756994306
573259134
949145661
530776087
563692739
972016788
834086969
79525954
857774441
19918663
732241813
414959251
720292174
440769813
286780995
742237310
95106246
720520802
514205882
450142256
802880651
70533369
587422140
512229734
188261770
499119322
369594012
598672401
178737225
412711966
980994925
721464079
480673852
837647701
186230709
767094471
972292696
1628755
570368209
533847574
212185942
922629877
399508418
32877219
250958346
417136536
154208018
208963927
158036137
645020537
437002011
227769819
137890781
539357086
805577592
637021821
464008826
399240277
833843850
843195149
558644277
432592604
501665139
545562053
125564418
237465868
858246210
416872918
414691553
880764315
604461790
221967088
855307154
122853698
800943391
119622486
276176427
739730466
359328516
19931510
770391665
673836375
949317369
915819875
687267297
682456803
76032081
171501237
888776276
645184186
787277185
164837881
268220638
659822819
795262869
257542545
982293210
390123059
805291306
138495046
563977600
88349443
91584675
520932187
464616625
830925572
616286799
930513260
444004335
814598164
840690840
406284763
773509496
977273166
114422502
428590296
97895376
342820062
392321503
959938999
535167805
351081543
744566186
230982162
154482804
916902292
670852523
201879888
636099736
53205250
159311824
232770167
949880323
107384283
136989665
852625042
163654867
300008195
504119820
760813431
321029415
798069460
737443850
1572519
856825554
765865342
523774059
802083581
355727380
897121681
255716973
99201424
847033357
127862166
511477101
311894263
4103874
204223873
332505771
59672486
962059317
439499982
837108746
861027856
101683912
23479509
655313204
930867290
544656042
732807995
501423518
539635199
228540089
914015199
854336234
598058378
723512959
491027736
38630285
405562538
492639444
63316298
335993810
921751858
342803710
868531147
835215882
586825918
804983666
392472613
849859435
133781766
574036423
454038024
929896815
873920544
354719562
673395945
98646926
487275084
602947984
58482493
386929458
866661766
76918560
571455725
348867339
369160812
781705895
4429426
774366499
803337162
831101653
572228163
440621938
807812075
840149834
326448329
782805972
169614031
479555389
674294256
256855013
53052579
997146996
216567689
283596503
982356645
508492617
146222557
290499488
780524617
132531648
337442007
136913498
415706105
561648923
902252451
314694726
32517469
212258995
361888590
253723392
528336163
504436348
511376607
143259893
576231732
671260690
418025431
166811766
343865257
944794559
783322990
915542288
589834198
79043356
784557621
914635680
693706761
818777619
485143915
998728448
801342543
332854774
811092868
351802262
324333158
926185853
12620330
287438967
401744119
305258387
610775781
11070768
19888219
218004669
747093297
373931249
936737795
101216845
715346233
719687221
928811223
360163304
166912551
978102889
376389348
608120181
639965097
245512725
242341047
504282159
82091485
316253221
62421970
731634480
920692126
309934069
970358775
441633474
471268737
943537737
459265080
808207334
692347079
570186786
397254511
105073383
648767590
962531977
307344525
841552339
931766688
164323519
846410788
833432547
591704786
266149395
860529703
613278655
16651562
831364317
872868819
919971463
259696881
168711703
842621582
142250036
501490414
660858848
688299313
523929246
593908146
199288605
12123573
440940064
540883771
60512891
98968710
90442668
928095372
642697848
330683636
39332135
932342504
273234479
346474919
261998069
858468817
243284209
909734742
677959688
808536026
590407092
174361009
450033151
737594733
408024421
222287968
510721456
654940029
923045947
931365373
484980334
625556163
728772052
449527706
557478312
761359574
473986361
102866124
536924125
35954683
985113417
475274409
496552085
994632487
57073852
515311798
846521281
903036256
755754611
33326029
589397574
893625100
244119607
831267159
262948161
757024720
372102035
392646184
747498623
823490296
565615216
288576633
817617291
649445546
358860309
854299836
78941454
14221453
446037306
320341841
652308847
6245474
812448066
992850581
780280314
300806071
227026142
825949985
652989987
244779752
777936390
334732558
375089158
20770307
432133355
12391583
102227739
170779976
279216729
176554368
213923846
233535749
755549304
377744005
918101745
174280649
274441430
837984979
715672962
804712536
97158681
667894152
912642111
760233782
345950351
29227247
531561885
969665944
298560989
874135766
540973012
751126237
759256564
602029834
418520294
825218997
197412776
894953440
503611707
326907780
803906150
129014126
301162364
200347795
86078611
25005446
773548776
52575249
566705449
487839518
988185505
632130385
451597849
612877198
736683133
142301989
420743614
542598797
114195541
29170349
259589943
322108534
545880391
450228231
893836552
805417247
646499200
244083021
241189712
515884564
958832941
92410928
336385003
543868053
754115419
484479554
738140389
419144099
338335941
882223936
603704065
714197181
345943762
616200982
177441458
701345858
728861354
968906686
34592720
701249803
630688141
662539512
835145359
668091836
339028347
883945899
132445123
610561320
259772981
501456301
446649155
510330177
814271251
388314433
100423006
921656479
537101268
168893424
644985593
935506264
940657653
383362484
448642615
474954116
486517974
413280155
431476181
690500448
467783191
21143840
498911844
463758592
582347595
157053941
716786046
393813286
270777140
192161924
179493643
925673518
453703505
788082737
191728965
937540535
124497273
970623416
323015935
623368738
322810954
115792748
976632343
254037823
551866702
606465582
10039060
202116481
76864039
184101445
478588678
691750068
516052429
776214479
362422372
560911948
564041736
417348587
800560252
811310133
648435595
661629311
699138175
410734262
395672902
162879390
517496618
990884931
918209778
597695414
810730154
4372851
875838932
262210944
920324835
84728131
624226338
33139215
21351555
866107944
26517410
115985863
991290960
25386003
853173171
246460306
789997107
254631939
843238012
470689429
702576468
651189892
258780328
82636114
159631173
190322675
297765715
384665934
6195381
536925936
62804089
513943587
115857834
52424553
623537688
441840623
305522665
964915685
704048986
48494248
951696229
865407664
245751596
343996418
461864975
44647656
781933355
349366105
353121773
821708310
927294217
537584231
720489879
348471621
795122053
516352556
334805072
801753034
897128949
922321205
463809184
519107869
106886543
91084571
934828989
676029145
738064045
217625447
976177924
53178386
287524349
872053336
680864612
762588065
519815551
108224413
31762329
232000691
810700280
780260621
694687668
883898274
200323043
204050178
529630486
685033135
461513250
557020178
55863086
627741327
804850091
606737849
29130050
843100921
247449988
669435957
737646187
458197320
829460548
778871489
799332633
477859930
705855947
990200515
933353689
500996661
192891435
166539209
918249328
642897613
570495348
923454158
466924934
450561132
859570588
918866525
395519398
514666273
762824835
4270088
589161895
831040697
940649880
951639697
304414327
318503549
663732802
793978365
524085982
552380453
799282493
771481054
532067216
158724137
539904994
301310748
175033057
419967016
777095115
947043317
148429150
565643900
154850047
911669451
333553066
97376589
141618375
187588412
581609005
549737723
264841745
123475565
151130722
336350283
325325949
82659555
357658118
885964675
336746068
165084059
562650544
661293071
815467637
69657299
884567465
208269059
126073182
819450569
77715844
744458628
938875446
723945404
657565733
993117198
453112454
994568963
291543565
674609684
226871029
373101885
507111387
946600610
653874941
355373213
10512352
117545924
554904022
316407404
584365031
874557782
902635660
326678717
75121996
788690891
938468775
236401229
905065947
835633274
37846920
422439243
705210120
618846644
992319679
815354884
485497160
305015378
395881172
498844877
15515380
243777472
551160580
289830415
786470606
491895949
168761824
346015929
813902673
883894252
187289159
917271263
423070638
404535096
327265755
72153023
26396759
456734833
683108648
144170824
673640121
949505033
937681160
723859146
836130944
141990750
395655743
837451203
94182335
301614463
172224879
230912266
152322406
412827288
576235198
72654961
246359048
374615195
731079592
230389440
144175452
636042014
325261829
574367155
328793136
873646363
28524996
561822486
940788401
365205395
346008466
302602235
863916753
113790588
501806277
200900599
303365216
182910821
501612208
950129067
719170459
509531787
379364697
871629537
230121352
433152301
238684173
116128671
808084639
774481846
857518326
453573906
368268317
50243792
402492522
622938852
622612651
419111125
666785013
833907379
53080292
449846788
802733509
49944347
643538426
261176735
785878048
634389536
113128747
298971688
448309482
237560916
356287363
761230137
8536580
152818766
915149884
954380266
367932643
30597230
692583224
37646522
219935319
741421606
95391250
355003052
624818204
597015994
784569332
940487448
670472339
261257730
949315492
547703841
27160053
489182697
925544751
996894718
821366256
551106207
892643300
887195891
487011265
887599689
509630685
870351618
869850245
868925425
117619394
736301288
163225543
557060517
495801260
777758218
718993530
282738509
286118661
797059198
180041704
501164187
499902156
493063877
425441311
485701289
932127520
105316915
451629460
936782052
909323854
389700277
50135573
60401678
550098455
148315945
469536132
342187556
289091101
817663630
115953965
357430811
710260450
268388447
455079873
217222889
178970906
141326381
799947138
795916288
582468891
167739754
552665073
45552206
857063491
52529216
622455041
184695210
402245587
36535370
740854484
553051444
523828912
758575825
282417706
6737552
534335809
108682503
893007218
683971231
317669687
815579551
562035725
39265331
935430760
909010683
270977021
233927654
985297939
712852153
665335567
626981549
851411454
412252825
388758597
274488876
74754635
315773667
306671417
154238877
4474249
336728351
5594434
134192941
924020725
432781860
985568428
538629113
554985589
432107077
393799035
37038869
665957712
960296867
640944520
359306176
132433854
271550356
689957157
446601211
630884915
369155464
874482673
32025561
167534263
903542952
210492151
829577070
709367725
756488206
344468724
248806841
134709787
840375456
308807297
796001876
269885636
743761799
929684178
751377811
812477644
179719983
462904524
540363673
456121012
11493150
329660596
71035135
384008401
51677154
473733287
678117194
152085692
922579989
320849498
754504864
13181993
557675334
54509675
941572013
976871620
858140077
477696404
579188600
744933031
904114659
547414101
414781919
93075295
646107700
649051996
911733197
887260280
313145924
299982346
219423654
980517630
974808663
194575902
734867159
163920690
332757336
566593245
245157970
475194145
34441484
857808874
355015205
898809038
407753851
841030328
991922445
913990977
141909091
330047944
103320892
547816808
855494148
266341085
649974094
834941419
313680941
675702154
818508116
307648039
907644653
433708904
936108856
877577871
200645038
214036873
627628370
679548406
264809779
982195205
397912635
715083418
955722018
931365908
210154546
407444149
418907777
980190333
591731465
412958604
175292287
943037591
817081298
899484944
91956927
371940551
820840700
941338592
616560135
19058658
741035496
455977274
209688052
702571369
539878414
227466841
449235016
448579831
254020574
633823851
715437652
50305316
60148428
623946317
345864975
911372472
246488917
510732663
306479793
346922016
486727306
751557423
647276132
719420326
366602050
614500531
646550755
599565072
727126225
595506954
556327387
553137747
406554572
279552390
287626291
788771482
158636875
620488234
13968319
842764750
583507812
847987253
349243002
396773732
86553174
638355298
544533301
103607866
639225398
383023564
735476404
638594412
764760462
705163021
478891771
294145160
180141500
909602888
412833948
236675404
260003608
770688434
757895965
491865666
452397375
231753456
248260331
208214424
711815485
253207144
312744405
185611302
254342642
703687766
481144672
193263458
407564468
506333324
44814586
344487496
95503079
695021769
337376669
903621700
360276925
419005765
797355701
162988131
423284163
859304876
429755005
533973442
684212923
998833250
308832781
457715593
435965031
741737903
424876621
649542166
640672718
858758374
966378317
281638788
297724389
802512194
608483346
671165210
328913213
959249778
922369521
886570699
716870370
74067825
915996996
783201573
293956444
194073345
962864746
586297022
371971465
764189351
352780748
456536459
532328924
373938177
298652746
66312150
42148207
52708354
4517747
60014585
672084729
764458370
317096321
324164905
837248223
874679870
990055719
36595967
339368131
514460410
567017422
792325485
370163704
68246206
894333013
799255395
840575336
51889382
612189312
902205002
911691743
93293180
741144185
767221735
23526317
540510490
135523476
218410303
320373745
798741771
652939142
868910767
575701772
51223211
636418594
530143883
233155116
237843478
181225078
15740145
483885489
760709559
798848472
334297284
733884777
295373566
944831419
383181988
859687672
147743262
728584935
934018679
468707339
425641413
30270514
283359423
308446518
322688012
795023505
651376171
80801948
225641753
634362518
517019680
647908879
430043823
941146876
108122449
26128630
22100221
304901555
60788491
457657844
123543437
25458841
600857992
24360589
537197583
715414507
239491140
720523898
207982544
573420454
711809464
874263702
31155733
837569245
312601010
521486587
838118952
601482373
457222421
639755841
680293405
391239171
155760
997319889
359462773
918547514
966108859
860957570
468273410
287079211
819431568
480857468
589239011
399601727
978929506
4240122
893074141
137646810
55190377
568381266
33866700
912298548
549704733
601462688
868318669
448495435
216046207
604678406
639999405
434592886
806493131
188266213
889371644
104045238
440222421
645374442
118183754
704719263
462455315
157581256
658967424
545995336
827078267
514597708
356562615
352032681
534881207
763150017
642374895
480660329
752234447
904703849
814204132
525794818
410942859
91851314
876900099
251555953
192351517
824428765
335880650
105337126
37093802
324375752
482884690
91977819
49773314
536915268
716268052
982898629
957562071
36940605
103109235
801433904
335692918
979699582
503897394
977409253
918527446
256586143
811769700
512785567
581896658
225540217
206891336
528485042
645062281
754281915
348556159
799183376
335912424
337588725
580102771
78466067
98551048
709681429
936882635
290143158
105741462
380009030
269914580
737910698
683308545
983783174
255753401
197160756
796506769
503342473
275428654
747959363
805485398
470998079
828004131
188950852
312612872
657588413
518339583
417613557
878578563
727071555
339438588
674130762
613674216
812149463
178659319
806177787
721012638
844488938
240393492
667346081
121953373
568694419
472224502
262303244
292067044
897648509
786231447
39641331
203652640
692988472
270778684
924252248
533555404
401255688
958688328
945435821
114787188
697340277
712839201
91957575
466763303
796454289
479819810
213803853
147684928
923102071
342349999
748503465
592065770
866816447
743051191
167685905
567465177
743663329
669721352
252494672
347204629
41263310
640364883
836363065
542048369
694650855
814197610
463101182
436706396
110024866
361731052
709271095
750448756
37655777
171991307
947167334
698473139
540696853
35966516
929021427
22737933
679891771
951412328
626995422
608626592
804282424
278641342
202331278
793109966
953770910
353571263
676167629
184265438
603796134
894672467
513529990
890755978
800362427
526809525
844710041
790944745
769624358
564308221
947977069
986573052
519937505
180199962
371595368
123789721
333093171
826280208
433641025
204135878
220153226
319091303
411712145
522415108
265071705
211162060
686947452
406678202
635216154
56155193
734753285
383122178
663471305
329200705
41538538
804785637
175730743
558960367
764610218
489595626
232792285
891814496
432816550
516860389
964483652
515267434
969903740
586880862
376916943
549341156
140883181
518541885
861365704
574074892
292029430
545708704
296348078
78731399
434615639
160998753
653463557
156752339
853261750
634501509
31462337
21969831
48345028
492635136
843915305
943049347
959079374
651331527
398886313
102865814
668776718
675152516
80619478
433323718
952905010
763125350
101827310
31794434
371315275
398902760
970919324
92441085
395602982
547191835
342738573
496636986
885705921
516091125
453368088
846105578
20842294
263667630
372055743
772271425
860285376
523540573
801983981
853888407
393929961
100560428
488353863
928622691
351342236
75219600
487663673
925750568
768464829
10214589
188393827
832594015
547801186
987271444
323914608
536044562
140789097
590559885
273116170
389892343
313479050
616276764
817300773
258505967
719354453
42580677
642594507
264342091
781770907
233371085
346709718
618132163
39941471
964620595
691374425
647852825
87921901
820056339
230097621
356001893
704707982
613699780
357501525
376064970
576815281
401137129
213840051
415608944
227696096
914245036
278454098
531915916
9158611
13031502
465617980
220724666
643695433
620583117
384681567
316613051
570523718
870963577
619198317
287388351
873634284
379840430
695017784
863854000
618503315
221827100
115491320
789726741
750013886
934669691
841704513
998797197
529635460
546406358
437051015
849523505
2817317
328329271
578801277
832450919
435763640
600430131
626880826
49445464
390292409
873573398
527844959
783798132
769623476
284746050
601703240
353525258
206375662
612793158
557080402
466349274
637621373
687242907
48207370
917723154
237667506
542160681
105945423
235618181
558185132
265723536
757194670
251747563
137973846
283969970
370164860
66276159
277642558
233417741
186136399
630880835
77176973
171072077
529379742
704151018
960889666
567670253
820863910
578995600
518802183
683942407
858364415
925702325
4818134
267370799
856951530
985673580
110681787
219386542
713425085
962229562
125330465
606175738
637592873
142410153
587186994
195181828
228773553
279000573
440338887
54633895
288008204
714821820
283709215
652561811
247230356
656626215
744661390
125070561
665326878
840386872
842172908
235831433
803983003
443238578
522176876
632521331
683878101
816282902
269701389
353228229
137112822
170368517
610459006
452931487
827553867
511652513
384168447
150812763
463428488
227321316
566726106
516578398
356548938
844569112
107596280
855250021
799512630
582978515
569649161
885283051
106685638
512521726
250032542
228045325
781765024
544198542
78178171
327422728
769992593
528675782
654723231
487991367
919083682
279833342
897806015
648195459
987115526
537339203
37213961
959635438
918287282
386869864
961878249
689966980
597086466
172591244
687801637
191644879
749161711
459279058
309450761
654615513
353425261
691522669
506484065
320800814
275489544
911587704
529290111
898850967
87858105
278308798
3141627
905562147
908640003
41276941
351491396
950681810
76069681
352102972
751405723
72270907
508738834
533473446
409511606
917949539
66521510
725078257
839735405
819937181
147121418
38720538
72078387
157471125
753346401
702747837
444091974
963714504
259145866
699988355
489739149
53655224
499141271
640971595
789990340
627916992
131390333
691276215
89016254
526305772
263454519
611652011
51211679
681021640
343474779
784385717
142142778
546958843
959861253
543949527
501409286
484641209
468933716
891726037
988372641
320319567
496829119
746571325
620841014
240013986
610122292
789059158
594026230
749026308
557810325
78798770
76552401
257035049
705582570
654840556
644922793
79682008
104962239
200000915
305732049
471635749
313406572
44602761
674874447
322463699
129573589
423747818
100012573
650071211
829983409
350987727
723196329
367058698
248943783
451279546
399313015
111269406
675928087
466073355
940417580
613685430
518939834
154031683
686276222
839652821
483575485
914422733
347494012
5215775
487886643
262621843
324998538
369157426
222504648
613959930
63131071
367086647
333284675
902389406
760635495
531654743
472567978
408852768
161398442
416359
271734472
733174378
600240390
865061474
119987881
335880505
813631468
560335062
267281938
565516312
467760661
678497814
337757558
147175065
338148182
708764717
437454812
38135642
179859188
551892644
610718163
501819145
147559131
761056817
924728701
425835055
137265597
822249144
109419458
122125668
661282074
107497420
519344072
828384880
471235138
858717295
297023336
430799029
264068248
974348496
420044346
355588212
334940286
526042257
309115951
916708059
539440665
995588287
861613181
532138188
119713843
16238266
414043578
929478199
790479904
982019548
739540845
723841586
943965312
571279178
488341777
276744221
369157426
222504648
949337842
366227983
698040872
596510507
58744576
904198712
357845044
73891048
312756632
689397800
356537443
257129293
157753456
510258949
580964523
995224429
418995784
178662795
986595219
578394062
775089727
139087088
883826345
75310911
828966315
18320893
423709332
505544700
430398334
334850129
99165247
217437330
738112402
197314513
227954144
606293448
114920144
11181122
874609797
106845795
830252862
518298671
254000601
842023721
663344779
760557474
155672199
765652212
618354032
315487442
562255408
734358195
636845183
871505475
887226334
162934852
448742827
332286476
450314675
408342016
701566850
544934911
805023640
789193987
716234060
823050189
772176792
211963931
389836476
658150823
535886430
957442739
805890552
549529182
262392587
880292347
360801991
992938533
300859954
20172429
411912711
714923034
181390885
494858952
464067601
49117094
521408120
845775385
885307288
196487634
47884216
485193399
560760376
445209896
669538043
58130181
232363021
336353116
528731339
573489497
270019643
553333973
25094346
952791539
324677299
902127021
990190819
774881574
621496444
138130912
505034323
604072794
922922574
57808657
411962926
736335162
591705655
470355921
147952438
475940846
991099776
339727406
194565122
254494247
675821589
348105882
648765114
688473218
475874657
653710912
39613698
659309753
748582693
984762960
247108704
323386777
651492131
339256629
374536477
130507483
354715769
867930489
229271839
44185150
808223640
848584446
966657814
878544824
898267907
505213926
617561087
923537104
978164227
943290060
808913894
756776449
829936301
750254402
814182524
759423161
525352955
290718671
30002204
51534805
743988624
286622887
516570708
934270277
748942479
397510253
842583281
526191162
704171277
52285139
34366758
582372544
455729121
189779220
406043303
35303667
848813379
618323684
476086815
743751110
174293033
594631894
370457437
270747865
469144381
345409544
966814737
828739447
150953677
902540038
393645763
674809234
438961908
143411249
321136614
904358963
667851473
560878495
797934268
951106764
452004242
238616248
341081247
156434841
935184377
581741003
234631772
261345564
835144399
700655032
695938167
572462584
246831758
756574268
501339426
773232965
67324517
569629192
227914790
825785212
597820855
641117556
851993534
984908237
524640319
1239965
386393564
445246673
253464408
643964339
457222421
243576102
329541682
521365945
34085891
159371795
61974372
108133203
602255719
236949232
312924119
309602013
469520358
367688116
187941526
755453848
1263024
243092874
140029048
463064103
306575713
601663512
95977084
797558070
947275704
813805901
572853994
422612138
228860957
713496443
266822290
43806029
15307841
236284122
879141336
128477019
123771416
566118748
407163891
106166203
922196715
254327506
299409565
947799432
39208358
247491605
248613405
578856878
826130469
897272607
611034232
418188341
753581195
648251145
467855046
263772288
25505050
738632513
67030892
17891364
337750400
258512294
256371172
239640777
279339485
38304739
48486508
472324730
41711267
353397416
362921902
124428692
971731087
31613782
880448834
634116744
447534574
799762630
15617206
96633083
782291179
816110383
36918967
341361968
992392809
701028602
886082319
708916427
66965661
911893459
455738440
936646870
716639836
706970692
101014083
753827925
988571657
882349841
972639581
468765329
150629139
14482736
544200489
533126285
981103505
596027848
110602103
169610956
454703186
238802468
969898436
969328731
590927580
210815614
395958711
681036883
603279407
394479676
343269278
636749401
847556440
794065653
727242924
723103835
643780701
157078905
999443250
68148652
400668643
129770724
642242301
86791349
509486603
191944993
154763202
790044604
411446458
514191226
304873540
491166570
34240858
798956636
546350602
200072476
471158793
172845080
144864790
269394394
13428558
603549251
585410462
527422599
344142663
21051017
35639461
359432434
463995478
691812992
338871343
566746587
151259733
896654278
668135373
944969929
480995063
943116072
861658025
56360891
767726231
366435577
558539279
931416956
662064898
143917838
81712110
488728688
958666353
238422219
736051106
847469654
315057556
261213905
624177765
540031256
628998189
492886185
632088186
406650119
280807461
196281543
896159139
102291114
942802405
721124262
973702836
778504257
393958597
84454693
197631307
13557684
292030108
356265971
711007105
243795714
31831916
215391253
525599963
419483834
861481976
613994469
259674155
924958783
736290841
780736048
495677506
796466640
117966928
223990509
288571445
91437001
674982914
64357730
204585624
565130163
177646446
455054766
867443735
762493853
639208230
536487465
236138279
394549879
224989020
918082438
164948480
259915456
123318062
798264817
924593521
787045052
265446452
100581813
561903418
670121729
983385563
375868163
414713763
513065510
524825424
380901457
153831514
276185683
422408612
614526779
829029662
922994743
282839689
9465009
901904261
816631178
623612738
485562666
195336042
147156582
676147213
170164986
876800144
747726853
970863629
163536775
284504319
635883991
584145290
100889557
315336189
209318387
141543053
61599107
260056431
106279896
28481129
802885889
558976948
455620537
912375796
410876051
810259967
989900147
823416088
460560245
388668386
167578592
981607398
823479741
444806445
577255661
377594182
384273199
283139282
660891717
598961077
635223519
358395607
458688302
701363871
599868570
191736603
886459494
706955036
125213024
773508354
199721173
152132349
587942557
571198577
642759991
588470664
206377153
334446831
868073504
433213404
92619883
82153794
769743115
498391666
582256736
838097966
930195245
272306543
201775974
14300552
3833030
182641110
473115007
611075143
510251558
981596574
822357392
281323061
594858311
935103160
65556259
779371752
498538985
664315506
161714980
923821719
152139038
57754667
138819243
445599582
555798471
295933223
269132556
573375374
984131957
382934933
967805593
879047620
480832969
552249869
672720817
964105986
138957747
167627556
830679529
973119471
696586986
164765027
638038797
624762335
590607716
627141919
656646951
71515101
383488989
507953482
14914929
824988377
797708569
201851756
917058247
87714457
773230327
758390875
758003621
921773954
93788882
965098098
355845340
572257585
836204742
106347303
435007365
562138832
490986376
573036068
987193524
624637364
235611338
437050606
956540283
439316235
439903901
878392207
749920274
120856710
662746638
990090291
391955387
376678286
846951929
110719963
161504307
497769867
915142305
838309962
399866231
159372488
511082062
247505873
280541900
591053827
846374945
682661359
218369313
632806110
586420380
583065593
863172513
569958796
854101497
418057221
134670319
307875779
865846080
59988858
256707425
234347363
258710719
815313634
719777766
374752209
296053123
182909374
853906492
557468787
947981577
250018546
148430882
383484716
982332055
167867939
573007518
488389365
855529989
949876706
885894522
465465799
299977162
522267821
168876841
74512726
369431282
130218598
834868750
915011753
981633545
662380423
741237547
92763180
72744322
480065055
146908009
665356140
621766067
794513389
44703493
463858645
251471094
997880354
304849254
856352581
415494828
729946786
136872944
376160420
973663794
326587171
215848029
321465293
456559984
776692803
283609756
863813171
457352653
311028043
133958217
509813984
661716230
34647884
581539910
380254126
21733156
193586503
346047276
938361413
659681290
564865575
844943058
190346756
253266039
957306183
391954485
539576162
862620623
457922133
370432627
94520758
732177485
944283369
906947277
827487389
423333613
989205062
256615607
166649374
754460165
732569921
846908152
228479958
227782911
272631059
310350158
225158377
158294213
480345771
342350359
404122717
360074903
392483437
278304469
233948712
868488514
798497951
569760466
520155361
644697889
330596738
693443729
471788350
562196892
503851871
410817974
72281010
101428255
738759711
863039695
564174378
156877351
789288886
97570327
215802832
735385590
427329091
380300648
529371480
282367773
889585729
327310566
609295850
280345605
645633606
186953743
574265663
409602306
297703689
412794814
690076763
253054195
183204448
104166507
911339637
130704011
44309547
560243078
242468702
689359514
697630865
413124044
800784525
820318166
513267218
542600924
315283880
996776072
309006521
565589972
138452743
49266638
528837466
505806000
768741756
499164972
468056876
737995032
42365789
111311955
723474351
708331875
219353107
404879790
548862044
707424741
255428930
841780522
104513472
440685135
794436466
36693937
582573448
718707077
866284395
791674245
716643882
330814068
459434941
125828314
687245297
260312581
284944976
450692160
412483235
353902636
761193869
934841069
944512914
68036314
770787229
141185999
237804247
679884552
299393400
640112798
828336381
853042111
614610668
276006106
600841255
387433093
785001164
755049335
189647294
422131883
286848793
496611283
242268498
588373621
176337231
256663467
387690146
746544465
577655600
133832104
191081085
981426565
705436149
499271515
615560607
649300693
987764942
925720621
571749660
482952523
591323173
376048938
880592548
820411167
263607071
46759792
344906424
664854437
738008103
724407281
574873570
522248841
639626959
432769156
323945622
824046066
347620395
177251408
64848099
46178015
264522378
863104774
515489726
991312766
661086619
354337520
504333014
857299222
130540392
148843871
746391353
476250951
425341217
328471305
839694656
141741503
967201198
819145826
374698805
226228738
84995772
413458292
127841144
320338465
945014075
633450541
207501570
328347276
576528310
125077907
721503925
815212782
998102151
511258347
809369432
661776412
250477890
991144478
632856300
185572035
581514428
359567147
615013870
816644256
654097850
684439763
350825012
806357070
567546822
42711119
547124473
682939024
833276813
61936541
151854955
152388368
570355351
344026666
224346122
302641357
473261942
238042131
716233604
225310836
419802981
989297225
170563764
207446183
109778637
189815607
587297677
710138897
985771958
347163299
718588806
796116368
73846127
237221955
142020043
15600315
954140052
194408235
631589103
477006561
898411162
88666741
308114795
423393488
611508214
828595858
389485615
401331242
487206891
406182035
291777904
920171318
661965244
95156136
165092622
422882372
411098839
835803235
235615274
4162932
696083657
538061251
468037920
169232158
454918067
959942574
331433296
677933212
238998436
976048285
852155718
74148396
60330658
396417953
633825190
16129477
67034280
50818045
750116174
844766794
918662434
418463267
147217618
171725667
946924360
258011731
130478693
671641759
25111805
481590330
635768541
175326394
828904912
569802057
524518473
126253363
575887129
640640113
379720127
682299561
828561638
381785229
426508018
676945195
371853940
487190629
922412284
90302785
479636139
734807636
223981573
950397046
803752705
875128502
798592482
754746322
505695708
596550617
841978754
115463037
712453312
282816502
946422705
5427323
465252500
127411241
448372407
151516840
94026713
140885082
825333101
27482706
245657600
526042869
608120328
456763351
883121868
617770109
162515592
109685281
186811101
245727349
118050214
478610799
492828870
797560146
543056751
692242304
608822542
374446563
97869581
822096259
247589010
839685427
24283923
818179814
33255872
549075586
688144924
612021598
403596855
324573012
922368434
111454459
411933724
495219521
696773956
26429680
386242367
28112134
372427111
925032183
332971182
813243111
783756391
594304994
328306536
797294019
591502060
681538597
710592141
513896397
924840987
874286516
881467702
332957195
193520419
170698075
211611170
553885485
594645950
212708044
284740319
500288436
732033600
739634164
533706523
542457295
854742364
608318817
206793060
29329997
354273046
918826450
423404153
496087753
602092532
601726689
898219450
409255728
558669333
393908966
548575838
467370925
8357270
18420553
846220373
7881964
624133283
139826569
542547168
713327360
875515374
957692215
456805342
52910140
511074484
459375872
367260564
149601769
509502267
805249143
342418427
472548894
569995108
451992853
606558088
797353578
732228414
670285130
698803299
598393167
499432676
219913510
891712192
994834538
404423367
652301355
78938797
678924891
967772678
380651405
608370425
367410000
734672260
856263484
114652661
447225020
154659439
891889644
456755690
323704585
786869677
335330938
243450059
588262637
926780607
874363000
163107082
30014006
708026247
9261214
305584356
550366804
53866664
891766017
852775759
730879152
856000464
393611122
433655198
869944477
729126510
460504411
939120951
704009378
794583036
437309301
936286698
69685217
765281144
68694720
341782432
115126566
529847810
717289014
93535579
535266806
199540104
432619500
271101196
212937842
389212557
391346767
736776561
276590498
984319845
176919422
81862829
329533559
295983031
642385914
101205671
363745387
491254587
406756360
923805582
665327588
34324977
683869159
819912946
659812302
731805856
216192936
809680601
828886677
790716111
643332954
935707163
645916133
789304069
256658794
291382687
907953056
840680670
634715131
467874072
308759577
140086475
836821618
961680504
380039492
743629986
147289082
744043907
669694495
478901248
682742414
891798044
158042166
99394986
187907462
407007401
571657461
593236816
42756632
245233466
118329564
273243340
584397302
320644282
151187746
431512325
165021809
364767053
690652313
855276925
575322192
706835263
405424763
378662854
596141706
168308693
999244564
771908801
285716056
748633602
245762394
98570653
815672585
739962565
699005659
76747074
602131753
833274206
91404584
417253883
758841740
747162840
445084181
368087227
489160126
380908864
596313968
893520234
790889146
325750930
934595384
105552561
880595815
313343635
877027957
101857975
380671155
935947003
717660562
502825278
361351277
251745874
15385867
335755740
937290401
87286787
365244214
834873558
865688348
403307194
557117083
761858999
376874338
629237733
281519819
693350199
285266088
328043343
161729303
393406651
147242021
848582815
492383850
135754893
998581757
663684637
799208348
178527394
452676938
477929888
574128636
826010758
581915637
481063309
579286182
806449138
549022697
568897171
947587426
772387209
526919883
400974083
768085725
619213803
858459368
484076292
9654941
869565733
301406633
626656886
31296776
778391317
516960295
222644040
358338184
916560937
32233745
947513361
144478698
174152708
968967154
245905077
6079245
157943575
856667264
431691682
45452840
870444304
688585218
44529136
199357658
488135193
329049007
492579489
512222279
687061021
313056228
312881651
376025223
419673173
798113666
735465741
943575390
644051061
166243384
935219720
128622003
393926446
144282972
467037212
544911655
78888088
923439692
563388952
637399803
968983948
559684192
129042541
875400795
743934807
55599035
343364998
759234161
839360276
216932103
572858010
325520444
274743720
771859424
494564560
746106690
623998858
975930828
193762497
985124081
731192469
453842162
444931490
770502929
357733963
877889004
823269160
632548030
560267721
991364550
958475855
473497935
672494870
996802186
91989859
510356952
692806944
588334066
158331451
800216007
746295910
654938377
651604629
87772484
714982831
25718063
288396161
144550178
617268419
208079016
604086322
138204099
82181092
322601948
370352304
272654199
192442409
870396490
630381879
709685558
674905829
509821438
633736600
846491874
23449749
801917871
692258858
979789955
596568581
938664147
46560985
582044563
762815430
647505942
860823718
456119178
584733884
74753624
272007884
999259930
885476420
54702640
477711520
400222339
949305329
604291291
604771381
149890506
409657585
159400002
418437033
779621792
807021178
473229523
761579494
179528669
788364196
387359200
499700389
207111379
671673374
445218221
111250370
13309015
241851577
74153679
302147132
303892914
25613734
602102904
865850332
937615842
466253616
265585484
753015249
963374370
52738318
837585037
180400319
800428308
150997959
551527216
489066408
272266028
556615689
391740850
359114134
257090726
777886320
753658915
928086736
693931136
31734887
206850595
857310059
202012037
178794819
732048261
481635362
156846857
44078489
586012375
948886269
632679276
6746928
997294464
790112537
701412004
947647476
843556425
720816180
971015597
764487847
177074673
257066068
598523395
903131612
206575141
13550975
761650386
947692950
375509378
432466171
722081268
304390518
354519571
467401048
271025411
268480324
197823409
63790052
372822156
684207951
208035198
540092158
526026666
686525159
40658387
578297398
122054921
417101033
612219623
386393591
641816712
789071012
206864678
705920889
373295795
495686981
574334178
538000853
887615277
619806284
482139727
779634126
44730001
720740416
103987261
150314781
633308187
190609035
902822919
779196370
603551362
774847472
373494067
542800767
938031180
836197969
538394509
528037190
205950158
375547743
635922657
450992538
66172247
184793140
20865104
984707312
637624544
184536037
711902522
247332802
161741694
411755477
760219406
684810154
677184574
339859915
407398595
286158900
668898333
788757081
60041323
452446939
365670790
515924899
387322625
540378920
623484678
372699175
731502372
551961265
793718915
709952851
920341
603318250
22722990
602812345
539489525
814871859
97244488
219154687
903268225
873056052
178945561
345284851
150947631
137505756
853950572
179575752
560787544
530319400
941365099
839809640
816202387
296216651
651637051
451864528
319996109
790378993
866483801
22167758
569405660
607735734
628061217
985714806
214834683
261962219
928905831
417961352
401858167
397200908
917895371
262944830
436044050
862338931
372720126
121360204
725927876
796786738
591609928
131063570
681827080
622261551
161849650
982591410
578342086
273473295
52903622
489577135
79650364
960397169
431192136
711918458
674842181
731614670
530542762
555150462
997917803
428463200
270197563
35577896
21112778
273241119
621656001
761852543
354932956
23503006
391604243
942423734
600343907
518649957
483738448
375586964
803256844
517120135
242632626
184634120
946727976
12814450
964284356
179563156
921765793
179672852
918879592
31475503
886397968
826557226
289740347
326819673
992899194
346907500
845365047
298068097
783428784
497351278
275372650
538843780
740545224
234912558
194167837
778448447
440350732
441180704
895305097
158591212
87006001
190747144
333955869
272596277
237151751
694961486
783706052
416984346
714654255
904852760
208343925
897893970
454614141
91418067
945873996
619177547
109707373
58800491
485726286
971486339
760036378
932886294
11231300
156361561
995746670
804905221
422857752
969115902
664423907
966969035
735379614
467892577
185274491
170738832
423796051
742704356
943817340
841880304
34558099
444139421
560103903
711702526
187207804
574956474
770320782
483633396
440583926
692245340
927611043
880608863
155069285
824231038
313747676
20721046
715397806
222941302
644855664
290302581
786058787
113206599
857614135
413090734
372735269
899767270
456209496
382507577
646995301
928689084
172959556
127023136
43776217
227562413
89929550
193180472
203849615
588511184
35148135
12856712
706527268
240177408
610823461
818942489
874655081
555237039
959919165
355792583
596585572
111590671
682397955
315684973
242680448
857300841
799637578
319821661
999917912
173978749
181480683
498055800
617647114
373086551
353915853
363634129
788232441
383274795
834101220
5276331
476257719
821653288
658277262
122157834
58557800
689865728
168452128
161910175
805779533
233135254
512368077
806047575
157163389
98687128
791966817
210432045
132373060
890225607
28212606
661258022
840274822
613607144
809960939
385078568
834330678
784122049
986747246
591189009
435418854
287996794
151383486
190413265
152678852
454689036
606220632
163042646
512633500
371671497
339547625
104333353
277795372
560465706
697337716
547612103
119295939
434455374
246805501
463537643
370229254
307105093
152663668
615745795
311189775
586796624
484338695
39510478
57652419
392158629
989463015
625683951
103029050
116963464
888883366
664043823
421575039
847525776
265783926
615798218
86916603
317855788
711123639
649833177
624873986
806275234
213039933
949106640
815161931
105867480
142927617
249519895
868215868
483628622
864228896
715301129
462582100
571541713
738570900
462731419
452547233
101864047
256183495
156835957
471419820
985920218
133986979
869056122
468282336
489354600
808612272
785998742
588936491
472662096
671515788
221022878
958751526
529467552
150884182
419484668
495271283
768612176
618100747
824034451
474341545
565626083
153153381
339871097
764605783
912129472
199529277
993484647
42778414
527533633
110777722
680890903
919260631
644808870
60823274
757263007
611545428
431097718
566002866
885478571
257912563
798005565
28990439
693106205
878973765
56263745
15248841
814063154
231989336
759179776
347246846
597479740
280364168
906536754
16418488
232625334
303124625
254346278
718729480
471544
494663545
122709043
802360306
702441174
215686236
197069214
291506690
603629356
475450715
191093845
477201988
408118995
375374283
653474852
74320400
12523999
36531127
367731146
448150237
25756749
27753467
148302316
692573308
652305651
57220195
344182552
274698445
60623487
877804373
253806203
555906725
11808958
339994279
548965796
80013149
820149778
56682853
447962461
453872570
296671658
847667678
671171681
423593384
778769076
320992704
284997664
935675004
71175828
492001444
360697768
736314747
962912717
599710116
121280440
547833300
549855688
343716059
415458459
184333544
281372376
655424551
939644142
733901849
608439983
416323504
755215907
473331303
335963675
906010230
958159700
378595834
959539883
400721693
992850123
711119579
504359117
855308404
337728693
348250697
529568803
202792182
773471458
212881200
750578854
735540703
404075714
396372811
379203183
11522875
143385671
210044678
996930801
475315514
218436599
629123273
23822932
183456161
175936497
238452356
942540294
335260577
268143641
310925983
681519113
263577132
623331190
615800274
880990482
207972066
731862528
778875059
112937226
936121461
49124049
515101329
839977182
715986876
766064311
746373434
956530875
353995096
848937887
323734858
602802484
688273119
110767694
131926903
420898499
898341551
966706953
852452082
106400141
397214567
71620954
822611225
783964780
503622602
827548145
838741330
841741930
92484451
410546596
464334924
400100176
274843642
181000705
467280217
357521525
200109856
429751758
103346044
432041907
181538452
325813921
323061818
752406177
298656424
641395981
674785280
729976103
366648966
393217839
887895618
687739337
242802870
215956956
505891148
349480272
602183393
697043872
380105712
826883380
64587366
341200127
385374354
781613614
396261957
282600330
688497966
290755432
212415232
456613828
459556826
428108201
614247085
961530725
805931985
816666058
935392925
924420926
995030898
53987034
967702195
870509688
178926837
338428163
269973599
834909629
174386670
57023180
641582692
234043705
744738338
807226748
628263156
94902626
286950062
746597375
859015952
391048969
930595427
589196638
285182271
45212163
180293440
567391244
287256689
772085896
726448447
518381424
435558806
239713089
683433821
405158704
939718138
424895194
54269326
470488612
612360994
362889122
18047554
729829151
118856586
612510181
650726905
423288219
496828279
922952193
881070085
188526643
588851802
649636661
351006196
835625511
349335885
891162016
497870385
628084524
215097345
543171818
266772463
924358656
863136213
110066150
919019501
72626450
438053284
184585336
309886290
4337252
916060476
124652267
862600414
569884691
403815668
636387602
528435883
256772963
369251097
784669722
944764406
275601454
300994025
104449973
464480339
909919053
605776726
324578956
914254391
728541719
505968212
303759398
168857229
572569038
467293633
145562896
320625097
337233966
578223285
353261114
605522383
821267558
646314782
538388490
445562264
157295787
815386302
942712368
522503907
491247373
545259175
348090644
881382421
384470951
815073036
383996077
823126610
532065880
167517504
383054333
925096965
912491937
336595880
707698835
774975201
802820184
693367787
334724387
759693058
265742143
49443478
151492584
141211727
688854827
703409237
323830673
174892786
644745428
458077049
866862026
217691503
858482113
401178140
244599505
706289335
278080281
577602479
697428894
743180965
867975231
584670491
639439328
271066605
960092468
551005756
982401287
612433548
869348059
607476629
494786137
523665227
182766181
363873466
506463449
437850360
600560761
817833988
686963789
242963758
323091855
756591798
204688659
568324248
896388851
731369602
586633833
613213638
8002740
80969781
32554911
766436900
836635831
698511228
98903281
381916899
430695265
899083661
791464656
443853239
450911406
756942618
835573609
878414018
67544579
340758261
771540049
638699525
34689093
212016518
177538908
474499260
106772741
537508701
679245364
338381342
779597049
189753183
272546284
388534641
880902157
47456741
441952119
272642101
128710612
448213370
272751042
332848614
981214799
858298623
542861459
862068206
305757185
701554301
379547642
861110816
523805426
877293193
974678139
629284201
784954041
270333475
344678107
872397337
242676872
583003081
453361331
52680781
741758535
229338895
965650498
150419002
180169261
193826936
925523705
527451512
129700044
781998555
460462385
967993883
819442715
21468947
424896707
431274446
997618524
957635149
79903581
95755954
26715199
919817483
109802802
429095104
110118614
852389260
299363975
922670279
442919836
518754257
48536254
834488295
948474841
551181589
294663154
158719994
693087791
317052443
748607193
64419748
725378740
265424498
80944926
366881446
352502350
424633848
768694137
187239862
583124701
978827847
681645431
968808416
819971205
209028702
952126693
307420891
125977327
31888646
257799292
779917840
88209845
312507677
475988851
913321840
975531492
28043572
429978334
677571776
965477795
944455655
845158770
46259875
861310023
397708974
825206080
311326965
534521140
260958624
868856722
462357018
878530632
101037990
613788897
996876277
420441042
35262856
511552084
509262354
691588440
98150503
825656242
241161595
535619065
335474332
966725667
313364778
340810162
132512154
915953650
761449153
560625637
643626482
244950891
184743100
221363829
935874499
967057268
768866484
46054960
266496504
192940888
654185100
959839295
946140021
950233355
37239001
368920419
228227986
698504716
431325910
307495802
386580643
213944555
758779091
144815505
924909871
642574513
845900751
13414810
66611911
853208565
335076989
150420430
641258659
498813180
253124126
481245369
709859573
140802029
935317975
321103676
477255446
411076887
362128518
819077429
424083136
720814284
580530905
615016308
164196816
749009891
416069977
366681165
603856002
332686771
936730933
846735944
946513362
564889884
550607880
744085341
363895979
110047744
978513763
863892310
517757452
840314034
921476569
113940592
284255345
790968337
784908337
902428790
338061683
266476227
295647352
458827345
788631973
467029951
860528739
858216642
577044084
455388418
776458035
881103928
102464688
788256953
176709701
686024619
281633167
867646084
866206999
696243474
675286839
156979001
427763124
444533771
798249882
533885821
98039338
982418599
22012696
324750692
389812955
369080213
935671732
628123893
533482515
886739273
364018246
485679953
147724722
451311578
919880538
385295099
847788473
153277353
434103639
243779862
134921228
973597353
973212643
998176656
534641433
917941184
560396267
353747128
838002264
268559460
41341383
427641525
719908450
103729350
676945355
305862648
566274728
45764059
759987517
964377048
896978455
707569347
164707349
685766303
403347222
913117199
966098191
967480123
383866961
715999643
532630441
856526640
159423814
994906791
763202046
629510521
133571159
601825163
593452417
742005198
16038037
64194790
365784971
958172320
48322083
469886239
354612970
914573817
689434650
720898416
280706990
363686799
908385615
298641530
180992522
468247725
355451998
510063776
27125022
575387839
166430183
154292487
426715228
795094035
530198694
65264687
535601353
862687705
307481156
294037583
876004712
867381356
156862031
81426553
496547865
181123367
412492614
453720250
804062347
897968798
403951508
677472515
815723052
923673985
971875852
351232789
874536256
266678853
71873717
956480778
429492815
639326289
787545320
636834787
953331652
144553593
138482299
157424501
727885830
72939816
202180940
44962650
124851783
92982236
381878565
626486361
693256216
14877729
198599991
946920033
702538180
962660081
503989363
194238768
515886410
683131862
966850374
474560077
926609058
422905870
452395694
529653031
294339539
369562357
858735206
806170126
56056468
316179785
634938496
145905923
848360519
85836629
268677286
562211827
330108169
867866594
695616378
498769271
639781021
504909496
875284102
770954643
812975859
323295132
513284971
523135193
289352570
841782596
325796495
968634748
618525934
744371704
420391371
219651531
35405518
405950418
503295324
629919026
778719918
640234089
538378826
691482748
197776540
749817696
548920707
103121292
258401443
111303433
211677880
906976585
944444871
901198182
387673252
820980065
733668650
806395679
556526449
193903859
743468403
558983240
423644452
857376769
480091847
759333363
202244917
139161638
382289633
618482270
105695790
900009165
249193612
23256543
269902468
258710059
888553709
448089781
509633997
491103263
977803910
120092641
559088753
209800873
759540561
507835453
347832429
594439130
929904641
635120770
141276963
139145528
500161722
395209386
742623807
298834165
674316269
595593961
485139194
262390573
77096748
23612721
189465612
976959084
497300165
364280897
53553743
332488911
153208267
771590832
727504166
796311984
334885030
253283304
189671192
985609271
191144071
613375822
903567273
601750991
990923226
593850857
599592439
378670724
305714586
822120768
954039409
28818250
498299613
255364787
657291913
345287076
89925969
659539945
578837058
618602479
525188026
631246458
356779847
683329375
99621726
335349054
723306704
285643662
919651206
607499409
644114120
458318464
439583030
885661144
498996791
388771608
719980080
810618448
460769470
848015957
488813494
728449737
400896429
650628116
819731438
331545419
31904940
252644217
398892719
81998263
316282196
697419872
192142500
186121343
198215136
203571733
396899092
302358383
315486179
734698710
120639275
226578242
606841677
281705272
535818416
467853950
534408845
374844579
598919278
792723402
333387046
476452397
956951718
814905910
213614400
91940381
609096892
600523310
938863659
24754709
575572810
74579150
71230397
996281985
130962015
797312595
64913423
333918071
918382159
112162638
860386599
265800544
377508736
294029672
943504160
463888067
591972821
645538683
799838268
386262160
413843749
416632794
105621093
33038083
629943353
368016179
647334390
592046669
69518632
822220843
408813064
978321735
348608713
111877693
330317072
927645776
535719440
395930815
888648745
102748830
57055214
116899168
603469780
283110573
902278241
178648735
900003886
126942748
529089008
383836787
396770290
130572510
793863534
833253252
53429954
168573264
831874263
579887806
434488797
155051247
598039091
113731119
743852536
718875609
233169578
12155266
346521316
450861315
615928217
252879306
514003334
578002929
841047818
562583513
946357255
248148385
876476873
628497189
955664582
847286313
925229649
483230249
411158640
265683226
143074766
307059277
130096819
824157766
116852357
308003542
517471413
386482998
900168350
14401426
369510347
930412819
714638523
938522162
991947839
129486118
968654928
818425377
180570232
94837735
968105752
619851052
138786258
635507528
438216567
24484574
250272341
764085606
872080393
720352984
646190792
266465580
458693936
998199311
55386294
464356424
74569998
921699341
509548204
669270933
745778570
948519060
164738115
498664955
378582748
255931699
631411930
967513579
751490036
327797219
94482777
656342252
134749483
482361368
789419411
605100867
997135163
783031031
489878779
673103087
133464703
948605080
144240816
786261494
127917103
406906959
233371368
421439692
855941014
104411712
581743478
457163343
851745037
612019446
500130995
723645850
258920160
182544817
470314866
260303371
269717585
139830995
670305019
480832440
440897778
260585668
747866314
267191468
981075473
21285502
499442053
406985380
587484040
418813880
431707850
881187379
503442190
929900156
623987189
272788202
890578634
174856424
142518241
245657406
517041775
965053642
242481147
185561610
626715763
619311040
176815222
979093585
574988046
192867665
235798918
910191448
553823678
516922034
473561415
300818080
58253119
613920557
817452036
563988814
30446819
603304904
727603599
316458062
377118854
13773366
167675061
206434807
542816044
50273134
851589532
79162851
799011916
490983842
790569678
715683324
79732419
79752243
131787460
22731421
128668724
886345210
92859050
497475482
516008463
308545001
82927875
703969195
136615835
572811717
751203823
362467077
411324120
318261642
360766201
120510502
527469129
793425839
92462303
623563016
141722345
52301689
527836522
653615983
261848138
109677630
596770106
622063700
115084679
46945066
946544690
323336380
210452585
6057776
459961320
603786265
931474137
822318400
962755133
971235319
219501932
377668574
486426331
915602798
460792916
879100032
743237308
388339089
623947844
961128345
891823602
631370957
191771256
131402754
996193172
167054213
838148512
601837695
156013978
765751876
87317672
325686177
374962167
904020810
318177902
227865862
851981519
222848162
103834246
710095364
255520026
792962129
615914090
879904000
223652376
28044855
656069353
632207908
852157068
378743152
567402917
40796079
659534237
63384791
836016471
687270752
573664649
846265970
584807297
886372391
200133478
247905036
403067853
408955047
22573549
300321780
901566201
367350646
907742400
76867114
680276042
151239871
872046006
371143537
539759782
907388589
842638917
784823218
663042769
575510335
629053103
339976722
422576971
239757679
923624545
420499926
749092674
426455284
582437503
927304344
45832460
604683123
664652377
59360348
715260780
323221607
511006079
342659005
342540463
316894291
873555142
878278295
413947157
317514428
289866630
281895507
526900332
694187197
183000436
586729207
839639378
595836136
818891460
118848141
652172355
716201190
990480711
32887632
275769454
452320404
490992098
108884237
283711116
226083645
77642038
910960044
619571027
559134238
678124778
83738294
617246724
483162101
534453745
172999897
300904042
684065938
699140196
645798565
515370753
854357253
721625786
138118270
916901551
215411706
991510606
71053597
508432396
431886872
218919405
353423742
394624409
623437141
224206663
585010337
56707731
583337745
419755979
279815439
555323828
190072436
539926676
712763642
131611033
108792414
148496909
775705337
940800328
509783416
832375711
443429875
718669608
836716287
514868860
897236378
381710832
529798647
89711869
701038811
517385921
988897998
513320530
763881690
394351559
171524160
745322515
599626952
235576058
661031703
929594837
56573974
451631555
599658953
747701609
15640311
464535860
999481820
789764511
818390900
261231098
904085520
659793146
307680561
882966313
328432406
155731976
369432768
341304498
355363571
888105535
91653101
481817759
82056739
459464482
217726296
55388678
448217444
302194350
125844430
182351014
271626390
326627216
831224462
882069080
944566711
947684046
712412181
632739003
249241185
297041234
349091671
706585931
111038244
890772754
975795463
248035645
521568959
617075498
493772089
93690465
77313002
392701151
874749498
814882922
916421403
278946323
92397342
754965854
966106118
943231940
26249858
924953158
842804288
67402862
580739043
854936717
22803357
300146102
491751811
261480787
957723605
318750227
190186168
340716205
418474847
670749083
397662208
110032749
583749984
594071246
288066500
366587322
162182783
539991565
611573295
69979664
9994540
107806505
888806862
344671285
534323546
510854147
499490787
268205605
495981075
836716287
514868860
897236378
381710832
715876143
21082839
576971624
671205617
753999886
552351077
817276348
120750196
263121232
598604688
1783401
375070646
564059773
807178250
190207350
325389350
458070054
643404537
414275830
870805046
831287506
903123083
108792414
148496909
775705337
940800328
961954009
957946075
897103142
779617737
726219704
920169666
694024498
4950215
490930291
563707657
538897709
932164044
785114503
859906958
900938815
374048291
943673665
916894301
675395663
789571769
348466313
373824281
375116764
391511157
71677638
220486268
943745467
221650161
973806719
302771279
123296522
277388900
724213022
130844085
427733244
253789458
544265464
724112388
845246496
986201361
686767707
226673612
93966855
575883375
457526156
710725276
143798018
853101503
44515516
835117247
125508628
161854362
734719591
46007175
192775604
164919097
659186102
287187068
549685515
905457129
134172380
34141401
403252761
452425273
203068354
816684830
575808625
721919259
602586692
532764744
485034532
822770155
363464006
889277518
133063376
318871
806688029
746642796
302526221
843361347
257512468
809837910
378454411
394973392
370673569
673523630
449388738
252642153
155548249
693737039
80846067
562948663
633141183
647506183
150980485
728036083
255329696
482237685
73920772
668614649
119420908
340054276
555945383
725442943
621829995
974755015
848119101
305965825
976076463
491514882
158154115
993868533
588513459
6857566
939920531
998380154
515635676
475936920
416955514
597929807
266718942
515068750
981410907
914874406
108490198
496295303
457061639
69508370
434470387
270774300
888334865
479333987
557378803
368489363
495080762
849642911
819816545
408255518
863581181
325700233
283634486
657585623
144396107
560061301
881779875
826423535
759987638
53528905
176944360
100858907
471494861
377198350
528633985
911699793
98910126
199429539
637512409
55906943
563864685
551602146
214049248
312327568
173385626
894719735
959287061
799184888
357740943
217447461
430079060
578860230
279815439
555323828
190055871
431029809
336846201
102009977
89645028
793263819
192638412
105001340
77642038
910960044
619571027
559134238
678030412
80809934
386225500
317859579
231015167
122908992
33154651
571163590
38840278
427024534
419554883
338970406
731058246
515731091
497434482
150443666
513266664
434391780
859795395
240185969
362626908
732570456
227716977
305643730
920006387
290893024
586234619
981350187
819618373
190106977
293671024
87039948
189491052
494214303
18672275
673274156
946421157
453402893
732183689
193323257
19086388
207738450
633482340
288047653
870430606
329594117
191745017
990191558
10275920
116645759
261992670
296515005
551841442
429898539
438061921
475651538
312232571
162351436
430757086
8963729
622744973
374805452
119257262
908238940
530386877
311711061
914698585
905943046
596533618
791124571
747837420
943702903
38840278
430194126
517812194
275661784
874922568
972205784
113338611
884153911
756988434
70559511
978832780
235531133
238223605
180397351
138526268
992454309
873555142
878278295
413947157
317514428
289866630
281895507
526900332
694187197
183000436
586729207
839639378
595836136
818891460
779274331
121767933
526905193
465329625
756820112
381294509
339999540
32887632
275769454
452320404
490992098
108884237
283711116
226083645
77642038
910960044
619571027
559134238
681585680
191026515
290727179
357411222
457119365
90666146
424035721
980503360
15510070
66869943
87230797
454423908
478336779
791982082
421388315
671264720
747566376
706314743
948784427
526716406
684065938
699140196
645798565
515370753
854357253
721625786
138118270
916901551
215411706
991510606
71053597
508432396
431886872
218919405
353423742
394624409
623437141
224206663
585010337
56707731
583337745
419755979
279815439
555323828
189957712
431599563
669669393
94785503
967104509
9490437
739259919
533443152
371027182
43470558
109250934
731648059
497124727
256408202
942713210
828053746
470781398
369029872
278132628
733318951
647831957
888476047
604398881
69400281
958828604
528770761
87332358
308763319
234668813
62399516
806126705
692209006
807388964
43326936
569849195
839285580
649215518
692719642
407171379
281221857
471804796
748894931
421798109
863986682
658652717
889967596
763737673
296948076
983976216
390678106
745285659
866593442
646343313
187739896
278329122
485778928
757099354
815042072
405258942
519597060
993508892
417630858
375518035
846396619
136072781
351635499
758293710
343435868
425206920
439635149
233623365
209445425
111553128
236850257
762246899
501493436
304778120
939258198
738884504
986583237
630486718
331753711
156206337
563868319
96075750
907330000
742593330
807053806
367577861
489395165
930491955
466847685
260417618
835747034
388634912
274177081
738733860
567216034
432164473
875556780
902686722
840767727
79441496
456628652
913489690
310565684
845358947
513199870
529107053
274153548
497239687
31787418
932246285
14488254
662164366
896520457
800835747
875867654
459495119
213676011
257098902
314931627
161005428
425214461
751930436
800979300
824300932
313491571
243327910
61194966
124991014
634072543
650190973
916086467
222682936
739482467
702651384
915291907
133294104
785451764
954049434
377988160
208769247
991711920
819277872
742482809
570890062
359256874
344979930
995926089
393473605
817476535
921997150
370051093
568179256
739644349
730142261
352163192
258070104
454480634
231005866
156860433
980798501
20836483
610952002
936725036
266029795
361455375
251810987
980879403
601400058
897755703
124981333
870419403
667839294
821026916
771382730
261288869
544999504
653500578
130256040
732290010
725570657
804196035
237469861
355507917
27659296
39581329
151343123
766123049
512754939
966700129
557279086
390213274
938976211
106642292
138537383
934311964
557488143
806008682
209734757
95594924
239257935
352957101
268957276
125815304
337472204
149782397
741706100
197113772
869771872
720670529
881987024
735287622
74789937
110174153
860343787
286595624
64594771
512871700
10323419
118001889
528654305
566581145
779163279
488174839
102092658
384060194
754333479
17413302
302857373
366913207
36798764
470668687
565651636
17183061
787346763
18897319
886712586
134648850
582632642
185253475
176190554
684977430
126976471
595624409
869021593
247849869
288395871
985136196
140685767
565474912
312342867
92032337
833280587
622905425
545099662
92583718
445036116
294017689
337640497
33354059
516726355
150127873
743969750
174362906
71872913
576422267
719825569
976267710
598412736
718869551
753854642
660177640
809341342
961416310
591622921
128556945
728157967
943553776
41428473
729669488
804153503
113475303
454492528
471089969
565357721
700926218
353187407
820022353
375334768
388566765
59737633
48404595
392547056
391934750
957239712
340690364
362433796
805445784
841888813
277969538
315198314
700694673
496537328
276873596
571764917
346797877
502477842
922507510
867322587
602787071
751081760
956444998
800141005
644232837
942798417
818012358
428066226
874986177
101447372
374933288
314066498
725552881
83304712
677724024
533766329
731394734
285088199
328970129
845498949
196767894
172775488
227891921
854352751
938050465
999528591
463047491
912426554
454811644
316449459
704167993
65950967
230449418
539982769
597048237
807616032
127413061
506009868
777493207
839795898
478727818
237124307
280591995
463834184
584992657
818385734
889816259
527978167
489416966
218356487
943886534
18491759
127902342
962120255
17980507
348895198
21582047
457183277
313589387
880773142
821996987
709853458
764808145
317177684
452781211
30159958
771175653
685034241
228447011
220330080
224012553
435618680
134272075
921676272
384841118
511618034
143690968
245745022
715928958
714514849
148433326
433731267
76729083
537562692
367456982
578205601
900259734
349569395
685586181
386270568
720409903
747249845
461890715
378498448
544941549
523280991
980955998
964914276
137366399
151363587
372313717
111723326
798690676
473007390
530147393
132597637
241966334
871514850
889111102
967702462
489912384
391508648
197117537
660475053
411481605
891090721
617754835
100856270
426321684
438944564
587415007
525845637
86931910
566630760
788529157
659931734
326579406
205334280
856498849
71229630
431094392
574746143
450272895
449595841
275356759
337568143
323306560
382793055
386350307
199946590
336825727
8516460
256828816
833435137
181469446
849266492
550330125
778533481
6279031
543051780
158643659
706092696
720620400
579268886
926662589
479988033
440141795
239053089
323306560
623967240
975847613
728994937
828732097
260808938
453529850
718775802
56625021
595131263
441451141
697778998
625184442
172283921
829696624
943571020
244796382
277656358
807168424
748441772
818719709
290967797
789143766
286882668
137345639
496142338
848468307
365179287
956050064
500940785
227291657
775263805
821317103
143119691
211686281
804197641
381678932
396027762
32203064
202523119
769459901
373022261
319917422
348725116
270636020
334225306
931551517
222965768
538440848
964415254
816743990
264820858
49800099
243440494
918738206
384255979
955614425
88201637
391935977
886702019
678372517
490288549
702034869
690940405
994513011
589259741
676373952
767033261
263687231
100488718
460019356
923703372
553730113
276840699
56254821
669467805
604523511
949840823
907838066
324153150
947246039
251748203
915401579
553379851
717412297
822697465
374901735
413201084
539441885
772214374
841045404
259663456
490584680
915481877
563548318
458378106
514046673
68545663
239123727
394901067
589887618
767075735
370513513
79928580
826692483
802465615
875565634
14387409
579202086
178240427
605081902
533547890
983217440
307914627
278287127
269303337
116265611
658793711
674370496
705545598
216782343
845583879
266580838
55758104
716400987
812661210
118588558
127209595
388442687
403790758
766464
455288756
409459646
568556153
461458530
754792780
41514074
853968501
342549460
870702175
180700519
890844932
191079438
397882450
670649907
435629848
955620292
194475319
250941542
176950582
481408873
433813700
746223397
377545317
138398512
602042745
98619494
977075136
287708768
751568381
874392511
313740132
859043375
293348813
648640418
323115039
490976410
787296767
743606757
863056492
275487252
337559340
242928992
883415532
765579486
875186261
889249134
438464433
972207221
733201872
296844374
990419532
514637825
301763597
799730478
644787119
876426641
89201195
384759545
643179107
729717700
947378054
256749178
879095863
990666950
278446582
404506209
459304742
110288387
369561278
546295685
331993578
493092180
497336476
975150915
991949383
894981597
168090947
134064315
786850414
956912462
792021668
753446757
72136254
14812850
686993467
519773025
102162111
94065283
476645823
265890578
134552174
982749970
531913482
268006699
143832199
523653247
156677031
775389101
345108360
612089085
594069546
507913172
97860040
243250245
33943187
80282545
833627874
334846327
102302571
933973356
142060269
66879118
418229647
78677477
137123669
473775536
105247432
691009766
656146621
677780894
928422830
890776120
531575107
786781091
9223306
220281535
419837716
796878063
511296997
288919016
828227726
394599635
7048319
589057016
129420753
103422911
502090070
594147666
290429322
348277841
980589986
777424988
94213039
475284782
988063950
398479019
159677425
637909784
769142410
482672317
712098197
541296285
666026348
644262175
297180685
441549316
69455977
293215641
72494511
39114281
175142920
823615046
876935158
692691750
440516561
151535115
261838145
928408016
402763776
127717241
519843972
906335050
794415276
852707586
869095598
839856691
539159879
587001673
250692908
860350319
607191529
694789274
758078926
795482624
67007298
464763374
265240686
120956517
120210891
759220767
624710989
267277973
964584872
276302236
369286013
294011440
773808536
249548378
180945007
122361640
581350282
988112123
233877729
745845708
1264018
850908081
892711312
485183638
662993358
760468829
789681176
244350720
833947120
645003782
518594188
728542178
539557150
385625109
822029006
666508776
344793163
261697035
249262774
123385662
958054439
510643166
705235160
435742072
230370124
841959200
831723650
10143964
306941789
141803063
538788612
490586111
571252375
918426189
395178835
122285681
21567973
54503762
691383802
617666496
370523256
102915902
82447639
782703888
833973291
731484924
550969603
600051426
712798331
294076836
523651907
33541034
527547606
675315384
919694425
881317423
364451233
970960058
68496384
757785007
414207756
410554484
597916216
827267624
747947723
58232204
801103030
97541354
629506768
112367775
941367971
364553489
282181633
469519358
504301571
399447197
609690096
892778232
676575351
845577269
852033368
524241503
307295429
18196232
55219392
22785612
842865773
831288593
558085672
196155459
45199532
186653875
394786766
758266442
366279468
771871725
500149571
328754
978766695
971464662
864376347
928877145
307361721
634439217
159671644
622098136
100182221
239839255
542733695
169613389
206023930
431938124
848048700
936557324
646504847
390074649
28034425
532033693
14643091
902398536
793837561
652583235
678574104
508890013
547299689
607481933
946342397
340020584
534697025
878246167
194260806
339740825
643289514
53275671
488256410
863304069
553730113
276947722
373518576
514603938
781993852
451416302
682887925
792875944
314683133
374968526
968992890
927508415
601228177
419760820
6524580
34500094
758176761
729647004
542418147
808998333
25492800
998063667
932358831
415422952
98991824
859957207
852335096
913524301
313307382
472794874
574211661
347052094
630456335
654937031
510971532
144159461
29459427
190439106
797863802
300699773
44978226
885461220
220943765
572530860
189325754
545903882
417173301
385503650
263300898
968852704
382795528
387840317
674452996
905478210
685898144
964035040
879028858
454474272
645287881
162002955
932748772
786953247
740419195
907912152
412487740
278255797
25817088
420217780
321194844
797029235
327800499
368354296
753093471
841419296
76489262
628873033
427630145
439077145
683191467
263035043
778655192
71181291
468198869
137497767
613133003
670034045
112952563
439352893
335402408
632665347
384946835
80194760
244152911
701951027
717734538
665027275
790698910
233384909
80984232
663937199
920053507
869881668
882340548
925609163
904854401
759575086
140543719
36406262
581191655
143439332
402779728
149189391
521766250
743257004
532213609
785304040
860779427
475372724
493785951
216811498
533372156
154128130
444058428
98106704
40815461
257661432
372598163
498633033
603835627
478703699
65816324
669920798
214608015
742744258
766146605
314997569
454251173
980253508
279803142
22917388
230204729
323384404
819213369
267449138
901745174
825838445
330324503
474897228
510063729
562627254
668065297
974446844
999351384
477318183
987982659
983654068
604597515
260649244
86166883
894149442
247285469
587841553
11320852
152964390
616956002
876572796
911179309
129545736
671077988
896505178
391485020
752190262
157469024
125716188
302899613
359014617
352428901
459719229
340647267
137349705
934610096
74266451
556226055
91253536
544434577
328147785
129157988
757738886
366393873
107354522
816073928
69660460
305380522
821305918
76561729
612944358
593291762
263896300
831818426
134431844
865430949
51731660
207215034
420956976
450020930
149734998
133016001
886048456
165530331
209085464
731986562
808594020
561936457
491830688
540284346
668802122
230687001
556000700
107763069
714860022
271867813
502898058
898406325
771437423
115217350
707909596
437252217
403382804
848423319
295061932
257085107
470233575
365380214
868517762
921005471
751923424
95662962
615647088
464758226
542930182
622621132
306682018
799061572
994281371
216508965
912555048
524452931
844079516
36185822
512455801
869791
175994512
343815514
886019611
867018866
662777138
599144197
719474095
95801177
44737706
724590081
648942818
53985768
152084893
42450398
191348722
302365845
886442951
181315288
605807767
30182352
158734550
999828146
918099027
97751090
481682919
713993670
881184907
168229078
817500348
889204112
494957168
141644578
596894486
497777343
222766323
394658199
231538164
170068750
53895725
140496476
938414047
929739637
581285640
971141605
706184961
832780264
271380978
158832640
585152073
456189941
930141902
183424964
597757041
727337614
929202981
39736547
346274610
310351107
402499808
224875311
462365351
369750694
645993367
331488840
785911425
968298925
355550782
768096719
767567994
405819261
689979131
660381975
38856688
538769185
410264005
798652588
496711950
189765399
823041321
844995968
930178047
877001416
757397396
706141128
103185244
954528831
181675567
969349728
356045518
677041252
705590316
988062737
982572913
4014594
238745621
531044346
127165996
287015179
874846829
187022078
579359225
717874077
848241940
361926564
55665443
795842472
603885726
962595139
357938250
701112489
396078113
700119278
720873688
135220371
529557808
657226560
861274106
421002629
444674657
229957205
42153295
340408914
773246259
607514113
41052846
209396633
678222876
745306820
272358693
121091671
244978324
405597001
971369538
824410685
552010935
987439867
505520529
882615289
907867463
816569660
375297628
698017320
730182703
846911661
874320729
326917875
27161513
504918017
907157189
75562770
475545228
658345361
74786897
169483717
587214485
430047723
766547400
549119592
506662394
51403073
799302188
772403511
148724914
468177520
4734093
381501020
614671186
923877852
5859046
195798638
202973384
675126424
886465290
62267958
268295586
431718918
652876370
898969586
371582473
305735412
149215887
461909721
760566348
899653066
237249408
696689562
360160139
788314421
309588221
237062677
158413567
399721866
288435590
731156835
426604768
144816504
267900966
913688697
559093724
943622501
466695844
608872653
126724097
862042898
385056757
782904525
355950264
797398771
585756002
95191050
247246357
251279622
356694170
863850398
776331013
212167064
781754460
913241887
230369446
344280597
181029195
556377472
814734244
58349793
150206708
290032662
751361102
149673543
88178930
497817914
372998734
179212026
778659942
930009240
247245474
974952892
11790327
612868638
54162358
279565784
875629320
78013056
478847080
841397486
229227775
239160283
748976463
763348701
155870650
355401598
815531115
134048293
920362364
642440722
275947554
333074738
867199551
754927751
200835782
36698081
486155624
617517781
64181224
369416348
943043217
438359643
970061822
430632959
832480439
566232001
725161292
934096626
765183735
233615602
429104308
360934202
755975836
890447459
742467792
808071173
862902129
936889844
777033183
7899483
45811841
395200963
192746704
925379938
494855149
183388257
271064843
78070904
985509407
121073600
365031181
904008703
897483813
412735534
312834867
376834395
238612893
292706822
663660066
445203563
184084723
67556459
608927592
904163347
827145181
773086123
140523389
470792042
116179620
383713098
988515353
493673572
268019723
986976982
363760243
139007362
509888891
241858124
681305309
263797266
891533215
529567106
527899360
682319822
998059438
380658895
588565497
184300270
438278204
97167896
314348738
619674524
196320948
996699848
136940391
190928743
762372628
439483956
958115947
151935125
949123127
82170511
120394399
865431430
530393968
860146098
155664806
900947492
707957941
272280461
705859145
442149650
271240238
631423043
510382853
49993607
119740544
743085330
927687566
615779699
826560681
854707846
750655707
210276995
244370543
383675351
398130030
233718274
237648589
515652725
330103122
833716544
602920824
41348214
218582243
336565651
279628545
476562083
2718572
963766231
368005582
996214865
253325223
944831492
877818444
323578850
102856255
365310860
3490403
978035224
918975644
334296446
283072897
757323763
818456147
89686272
358043185
136623256
7205494
468725579
402341434
292071184
476521990
773813245
720754506
217708856
747186264
618896131
894654453
582755372
721506655
876475997
264265299
185286691
830438017
889484246
352600429
63712143
739420450
524874343
762240834
109235343
9132991
394330276
68999979
140991842
359317032
573998851
456875684
951397032
444545480
842980260
269307692
220391378
29018557
41685034
129133271
567260229
391453593
577081930
456462136
361891944
663595236
700055964
842134434
676175162
216257758
504992581
277179666
643569421
17433067
724134293
650976997
699903796
339536738
636962505
116153737
787693592
212903732
880488797
338655392
805495981
466013716
547144633
164591981
71785609
923189198
836731714
33846932
961514666
979207515
676026965
214961888
230852191
866955579
497923421
856519579
889996222
454162580
528021421
217131471
824329829
49743253
737906389
750481025
421253381
340410572
775703812
494954767
260250032
554678834
983183225
974201761
192750214
169871937
431226192
859148394
296611037
55695521
424399495
647520405
47844953
862892355
943977026
883175681
296850766
129622097
285540403
844231201
120220490
518139246
760266998
26272699
712929299
297907126
26680413
576761561
218959280
10215108
907265415
834327127
79288392
71663512
65462792
660097277
447854252
506889128
574405153
738498055
701610014
368655003
873360405
135913659
695064132
602617462
703925100
682807136
904522686
145331892
133242828
353715005
290633251
358112386
674719254
983679594
601357364
869240596
263963223
377501393
558462423
539450418
281218042
3371323
975056224
671687616
295412150
136237244
762649116
931911852
313769436
246617929
363694721
501067455
446469501
387343094
790264315
368346331
342252059
700946340
88682846
604872108
408089427
900745778
570313631
662961158
3860490
955986704
628089455
227697512
820981803
97817669
892073722
765586056
807318449
643026444
519955444
338122663
270035334
946062108
554513521
543817829
757500025
270640037
705473423
314620597
328712001
506886688
521564494
640314926
784478282
810073125
632146347
793416663
932500504
871988509
555349175
739636090
266569981
326352097
540576960
878644016
9411207
208682135
198224804
324475485
826243350
204705958
680097984
418399353
205558776
481473557
919717234
248620956
312277985
760230597
804391519
544192559
867467180
480366577
510845520
208989650
209279234
410719141
369681357
177063987
882926127
481913989
931813842
453797719
933435299
656657789
447770883
297541998
617545777
765705901
81845199
787638311
351447797
683017858
525595101
503038213
595593961
485139194
335914528
353160747
650426490
514135933
41743436
859772480
876033827
192920928
974585635
227024590
98420825
395914887
299703570
498067239
434026989
353328144
828287763
341680529
82336597
119357081
5193143
22137322
357943315
190326665
561449819
896024180
652046357
11412657
400776899
360104261
951368250
412381446
798737428
94973875
964581190
895959172
788902120
971041147
606345936
740412936
444048462
285381686
328335431
945996240
659993573
914997337
811887434
466622156
70336705
177899546
191696472
740666038
732193351
809201244
842589411
234909075
19571482
973602196
650001108
193643803
306643781
997200394
821661387
228743337
31997109
595055609
444935325
227071064
216016752
18298029
436124135
10984282
384128634
512168595
979325476
822191120
979154416
976144325
208008941
563131010
809574797
188636339
787818742
85556411
754900505
395857991
209871192
17466575
455252925
679857395
595593961
485139194
262402060
77647867
115673604
936799995
254540835
235634988
941867909
956562015
24079192
423259544
688082153
862059210
428273291
306845316
635593187
282255700
287603130
776946329
291046591
721653955
220763602
267333756
183310263
79863484
469810347
708129596
450913876
127878031
959796227
540366662
277264112
986494306
76670155
482254799
61222663
767465195
589504613
120286871
215679443
800773264
80200928
918214316
782364235
500171055
394400191
733359697
934811302
673188592
809250707
434832564
923128981
126769243
676113539
160180411
898370278
636157223
62097625
814123026
685142606
952795158
991842665
636108535
576958706
243903554
475490329
89221289
435888919
857425126
746788919
87331166
55428658
581873653
49695668
261885955
229671862
472437942
813347939
785909162
712093441
208101561
641369226
399841810
124022329
916492510
189856763
238076810
181681059
429715392
812423727
705014796
915026128
769691557
642582079
762190216
246734852
853942366
254458785
549660597
639731080
619900725
714765552
554646958
15027621
782446998
924502847
791045137
723519904
505629287
752024444
913886381
846316155
864756785
362525894
867066053
42736824
844607280
535997870
406354316
723688145
477944548
689648273
646765579
821762655
971813466
78540042
635507899
833844226
717823146
113348623
648295306
878939110
118964204
211530294
255573554
208669257
895346725
616661101
317154431
713219172
242890060
724759053
771322289
505449887
399841810
392114456
227345100
826286997
970952254
897492118
593816727
405873601
377010637
110780222
431774341
3746195
658514048
574725530
11769153
233499842
330968093
443888001
324683942
546391292
556875334
905492834
942112697
338592660
790631569
5205503
183085862
825879111
603712189
506863575
370092261
905128614
688751841
906929847
333168532
198061850
897625665
530535477
966365003
559583515
390591403
813764215
998134377
837722428
956228057
395803344
85031872
799108784
217415227
977970187
276589339
97676859
903171608
938724140
494204539
903256626
496782961
749279657
428423256
170037772
404270079
719022736
744644344
274457262
302941358
809568605
619929102
675412577
857660779
923505534
386669287
506179338
791817223
688884250
36043736
343596038
725525983
61587528
93398103
893720997
910034393
412368935
301470142
478784943
506787922
688786930
189192343
308946997
922226165
403291655
935671818
504778166
947186627
234527163
403534663
824198756
857039028
488192136
742582155
229542446
987668770
613673794
372312027
223792673
507664862
82479917
743639235
431666795
399394012
163830449
950485635
920259542
508950066
697416464
366038486
570565787
910016331
813812228
437781562
349915717
719240135
522138293
976607427
179786899
380061627
126779668
947765727
379117472
861301259
55954333
609881581
436464600
486127696
281175556
882874347
217575351
93170026
108916819
732493849
202087789
788133142
487465140
893807724
938396193
216780282
935336626
488451944
233655875
462092683
197786083
733228901
127858525
99789342
538414503
265322159
835317004
696445124
361246193
90575980
261925932
820862573
573237479
626568114
556710677
7177852
922294842
287014922
632656494
610829177
920741597
263419870
307501330
692752898
412198008
121667506
844592621
49408554
963462707
12284171
462233149
310623459
821667832
677392850
866229429
191001098
622208454
942537357
426578111
754127488
299127318
913611452
216618962
941682685
128526261
742019029
790729056
54337697
441813881
301278054
337005583
276996803
757307864
996537232
548629956
535428792
299356535
855191588
644038491
423862371
431921789
798864618
797247485
473913793
770982484
519094693
900009233
76347180
360816865
862110204
765704475
730880879
803213331
800399497
798358685
946768163
136380581
99650012
605632429
829954584
101783897
128912868
857318941
368639135
776324364
509274604
819434212
918849074
932910809
171467459
354916068
160130454
486825852
341367040
693586047
733096378
718466300
390460482
696291325
456878350
449347191
718018787
255646905
500440
552126337
719860791
429908213
943121897
440976463
273466130
235551035
614799177
934071592
472721929
459223870
26072929
597015994
784569332
185679230
602107616
138432169
228269729
195285554
504638258
358428507
605832450
402720561
482713837
810612599
968734104
424500874
942031017
429050762
164667176
421597102
227503966
937846681
689404662
926339629
927675838
706995368
439167559
887563184
30024468
696351955
153932521
739042110
133254425
999398013
853183349
235251339
84986639
492065379
262121575
262689003
15212019
693328479
716158162
246162883
306243918
841985949
429861754
948868982
936141041
912376838
853941918
650300817
677358413
780714721
216670546
336581373
495774609
936029925
916593087
875217564
96688538
854920878
909574374
954607063
393990052
295111906
936608274
748811134
422751092
600874521
621052300
632826170
110052891
269233886
704955202
986710684
909821682
423232511
572014280
175662486
941170513
543825407
303625887
578790811
509437694
140867380
810105274
835511702
792549713
64673409
312207728
782709781
781548425
533304330
489078017
362079295
904416658
381878847
691290053
241708079
829420840
913277158
312207728
675825477
660508894
230583855
5682437
379988263
311091599
583754344
718794136
51003288
495026983
576102548
59933026
994635672
708592622
224844477
290504349
215130166
98444875
964488471
466061361
109883526
997665159
573466282
952290205
515049150
73039417
761647218
841312846
290190402
593702457
398824444
158420848
399956004
392578558
241841424
374834356
972381842
664569465
124558327
639991685
138800482
825844760
824163085
326231522
903305294
607497341
36878815
762169699
72205394
328374487
381893549
477986130
116647882
240431326
890971615
951570772
306876718
224654753
747317656
603819353
92223043
637614951
578409117
138606043
982357392
746931325
499839814
939272285
640738693
948974753
841972301
243719821
136299562
197153316
926455489
929727013
11065521
337087804
655658970
245393512
710091294
457599071
807507960
811435687
686628143
85697507
167483332
184365405
128979062
900355237
524842964
929485756
808100545
811376205
597607026
439199440
182101536
435327672
220445583
641984539
532010062
718843110
729174635
372010199
540612915
548455230
228915962
309446016
930131944
698625573
428236580
378340370
958900841
721866815
140762426
431374228
286076104
541732995
20433109
834087227
209797082
291942359
957897951
802243586
667621606
283791558
588847507
751698228
361094786
208200477
565422466
713578568
491587557
465602193
787806535
82034845
269516517
143249676
394503278
630759941
408260219
26622197
765609027
956955318
33386612
643560953
947744524
410520287
105925471
931494287
2817559
591322644
953628279
512545290
408499537
657539739
169126410
210828917
120240382
250829863
727438329
380965956
425950372
883422414
831039869
593612516
213584151
698226778
436743147
410895476
849060690
78116368
41378088
720250426
436570878
743287327
801152165
280778300
967134041
732458479
311246115
544220175
88099238
673724777
368984679
931541749
93047792
388502663
165493221
350197925
253898202
156797827
537526667
46051693
257980811
805481997
556691789
465462241
627025458
309623951
731441578
185410699
447617835
113926549
323032273
909500279
421215752
801946440
878159519
5555025
742559572
245877846
328675012
217913941
448033869
677189083
65047975
281192613
525048204
799524034
512188969
421856439
989239113
195347362
270199528
484856509
708361107
722228114
933163183
512192353
222831974
351110864
94025717
252466430
663292425
240411466
927293872
534249289
103452452
598318549
282488676
477365563
461243783
86808092
729007375
169488853
209759869
377910136
619388088
924241854
314502892
976120903
708011045
942005736
652577672
945165213
526831970
335254296
887574890
821825675
825505800
113804398
832947274
48075888
583786584
606475971
862396942
228996751
622220044
4284253
978332979
311487831
226479196
940831990
57839302
760368441
302591144
71650361
999750560
188313444
486312789
531289018
640530413
516977597
103887566
825796012
853595120
80224785
508248957
153591625
71875222
14278419
889597833
376524513
68095055
504640074
898513784
847869603
42070148
143927896
956547326
572838288
277845442
961507640
916888659
641887675
768239218
149640632
55860926
241855337
387274643
572547551
776172338
996946701
663460150
510041371
258892705
810214792
683692053
563717998
869044528
981311428
83564869
935491354
968998425
830732883
42372036
933328202
166044403
950485467
657878060
33315544
904634862
531451316
141047495
815363754
176301937
810340435
740280969
61885585
258066993
429075566
579577494
672325903
409025094
620991865
103314148
181967546
462920316
13535340
259506568
314293565
239862705
452926632
649305365
744735589
34610110
815609142
663675018
789173134
917180071
43675722
147730453
289201359
751809469
27809000
808704939
702008809
843595229
884992593
646033985
371919084
30109632
570950478
174489961
921488190
789205474
171498366
371054129
586702191
410743464
392348524
953999749
431475156
510953439
647733758
698491334
15595173
358760397
641566463
657045059
721090076
945502160
241908897
454898599
309780358
770295454
834699565
3021937
359576568
125049056
121585692
843549109
151742239
947707932
441184045
513033663
149907041
888752609
507039318
381130027
847099698
600091291
307338809
907201251
346611007
819445473
779463930
694876740
325684523
759131004
862394770
821207328
939360051
183907011
389171199
816925859
219758706
623956949
472333203
273194063
260321158
427555076
772340276
753732653
815738204
892917315
865986141
439133340
373880083
739618825
758181695
621740927
542990856
595607995
603237631
997239709
125892483
228431015
403351553
738327802
400464373
133413981
358809080
792695339
10386952
813231672
947176386
170545192
27347216
541191027
177439149
209008990
351114754
237878390
990493947
572629533
131214018
672668001
72077839
13102140
595057933
13718228
743512406
360207551
374457379
382235491
187303311
774205151
153023859
530406954
398392584
968914966
614763275
354296481
191207747
828943413
894064188
178271677
215186945
458935092
38405360
852295050
962871973
146208880
818068522
660012392
774739136
864129539
656668894
967419973
334998365
493761109
350096026
197845884
585399718
4873957
293218163
514265257
452003285
507688830
258119265
414152442
385419140
59201129
64575934
764745548
941948121
930506312
717553456
742076712
219637233
787907383
202733860
395957167
211430904
953899587
71061415
769826448
359115353
631653358
564703240
128370
149461545
694949862
576713009
872045669
29035021
823111910
784466179
739708750
425819018
155160738
511657559
303372936
15189485
654484082
142682687
623820714
120236306
789894279
918250805
837296744
953333251
694249792
245060067
142347944
406840201
701868608
633018493
878130227
803580278
352462101
685364453
453486425
14661555
456500716
984436512
695293197
245550032
390640471
554909707
453316891
603209001
303120938
728853170
600555456
428815291
916168956
719584170
334369739
94268767
682680411
258349768
302375532
25400771
378682856
358882022
302219995
960096802
940769102
955395728
158898768
564637093
958731152
926948790
631281440
907613925
480993782
515154886
133986287
648323767
498703084
251581347
656035311
831846806
232195866
791616517
755366313
761224245
184427495
510607285
536546671
10776987
100546268
734341198
415036906
485642476
42816917
637735300
881002026
832807409
145486474
308150979
668502193
598484685
736631846
529699445
28976144
657611600
333935151
83284865
128524928
502412637
353381002
88022060
712917491
972288106
723847068
666170060
397294247
221087004
939526169
680373354
693467469
64413591
142961825
365606044
226008931
298910847
74310061
183167453
893339086
635542879
313475016
97307582
182635933
858477609
838821031
86809684
223427976
353394491
956784273
492660265
1090477
251123151
117441585
588661805
194929770
800531206
851112703
313475016
314591215
847555694
470989875
730096809
324592025
582417557
785839185
253052149
642592078
681191876
770175264
469790445
897723225
449325912
891711853
958486823
709032128
853432879
801287972
927006998
368581186
538373035
856908130
452290817
541008839
979288718
294329101
118258958
946252384
953618154
956305309
168484562
806900821
91010902
348888502
160412466
175507316
277635464
504951246
742893654
634157604
517090341
374669430
63733752
783934884
576879441
734264144
253324652
472958842
9911195
863535570
420258135
993816808
16244302
31101693
390989496
969144866
628904139
304105040
373441133
386639253
700459388
683674011
924016662
961343428
417915679
795135712
427894268
945062686
788172530
279499937
637000565
683869116
807428032
306898688
832106851
743402229
833605142
553405224
275762376
197079013
728194359
797100625
184035147
385109769
353503030
625117643
586663775
440510566
747020567
776482204
515893386
650502944
37443121
149929240
437377665
430449402
813295953
69768610
262195543
980283503
260641321
520087693
467680698
130886120
342450590
960837375
609245753
674758032
34295912
36565072
633764302
100786531
416570839
38354463
210387734
72049401
798036872
184827093
532665616
857602635
700760254
293506421
944640978
230398272
879736934
47740886
598087533
852642391
17419792
414903535
635249294
203271634
868760137
550254156
101380645
547709370
822116607
573167702
556437804
587457585
808634980
734478037
384977300
671793810
48584008
359070195
730155705
510094900
861312049
572529176
74361626
833107087
799746751
684916349
753249580
635739912
478521255
880751275
753761973
307574598
105290443
293089235
201406786
815424398
152983880
194649398
853226874
778392240
752215025
388012529
753217373
986542510
687580357
846435046
56757761
444663820
327122330
700888819
774395412
754100444
387685
627653825
279452801
480252105
280060659
248907150
60990349
993007220
261342126
721512023
104101448
452851609
281886087
425517026
632501397
238900927
216559317
747067010
94276395
755482839
740380614
620448562
815071114
147048976
685109765
425834968
165233557
255336140
84067374
394228263
762704061
940706930
387976519
591677700
912241619
505968828
996507388
730151443
979563284
894864035
308882900
920344718
259128010
799084066
257624317
654615367
71665154
761317671
548823893
499100487
780078451
802226275
212848873
564904471
856907219
135823522
830423585
234267274
397373173
451667619
178885995
282950570
968330887
698905815
236615046
519598841
517653906
784661539
442515927
163049983
877124465
143621521
407969216
211099964
888967584
894526098
839697070
929072485
611557751
578084637
411759958
245237385
951268839
325662133
228737130
176796556
654771883
864850489
884565584
167551982
339588636
235284460
785047776
852998888
713075427
12291422
107865281
242287224
212238797
743113946
373265679
189980890
238433799
882677285
886472718
486882478
502752816
696544894
491355096
803073723
896948578
388322124
608552857
326541245
217548403
646419520
552281617
875436918
361613447
923624714
857987324
3096366
504696451
858433955
959691899
645540221
438611960
520201173
824261560
774938378
577210721
758438297
576867097
880378096
363635187
142398493
249132747
56429608
597788428
981966797
789084753
218956584
233905278
981182339
647008987
977242464
899449396
736617724
184152388
909381436
433319937
471721582
17764055
518790083
255566981
72128646
107498879
574499636
183258889
981846692
759243036
870740925
458185512
478301166
949536842
836539521
720864613
147563971
327593317
3974044
205538618
938719080
921216779
732462026
563905288
679823469
814934028
578597968
599559405
976587136
801708532
971072740
873820275
433297621
157165831
660280240
255368788
819014288
445175115
323977778
360121069
240654612
219631505
197067149
32066382
122856133
940112310
26360397
655859836
947812511
218401261
271026961
521456439
659610175
71356358
435022953
914604737
308406779
920665699
755898714
431239749
783515404
927637942
929190660
294997098
902668980
290818214
9307096
394690752
731045735
498729092
165523982
549629985
906092049
946336310
941452262
288760265
299527881
962156568
492306145
451651628
41938050
310097618
549781227
685854052
512589073
595868348
484397796
10274256
616132954
561002265
843121288
433441153
3598042
332773367
151060598
813287078
255495525
813184877
900047162
758944813
87997213
425578681
29152675
812624374
930115558
138593172
723582779
503187094
28102240
423919039
802025066
957517030
486768874
264576934
400311952
943703465
94952870
345450853
784332143
73657925
192647485
670206484
761437742
148147176
703770165
487531972
892080548
787595705
333338791
556875220
836941083
816914667
457570112
478932670
609271629
381709434
452880461
324217220
260229535
776888533
428423576
255458219
346335288
534475505
335594042
155610469
998666974
589180763
43192806
144805502
670683946
662940448
951376716
866376452
835477751
905978979
156654849
480399773
997832792
326509412
35781654
998938133
360771965
863973594
374452675
342340754
400808695
517542491
835387078
675588167
960589870
556874667
663045552
426248050
349980494
147173741
346036830
956437616
254499534
884993078
215207838
607711413
782346082
822640598
117941847
644576473
573130641
101160103
80729778
583700612
592144374
961405702
800879010
585360729
32394758
498986395
554282452
700789289
244555025
284602744
267626659
414795358
733920454
938577386
678815325
37217197
92200532
828719236
801774237
726859167
669026707
529346451
708850384
803633872
23964411
95413810
451759442
173178498
888392123
481105610
481195911
353060605
164056345
873886510
84534486
692462763
803620800
318143560
734188581
393158005
731685698
397825410
12630394
331566767
676329093
119190747
833494757
904763900
802348933
866870680
533491603
742467680
533890462
491005048
566025692
710807465
926972288
733443185
869036937
811886717
231934524
183912724
222403395
273929319
363550384
65279228
514898773
733309366
330676853
770744453
765633371
224765506
839472505
230972301
386308888
953881721
573623332
541679809
897606581
525108251
847997945
968168776
358101125
815794370
223999082
510890509
262513754
12799854
99809374
223913243
45977172
297033891
770446487
546751778
200973970
552248863
721178570
754392694
519269233
425031303
270068207
166341521
761520636
604406539
941071034
165587216
251318193
453775169
318816508
374448065
127655410
978263466
124236303
298292201
470430474
381426235
449347191
717899053
251935151
991186437
505461839
75342653
332889255
935530624
147354772
359676077
462646144
985520454
545076115
688925803
848640673
301803508
861362677
838880149
228256862
371988896
403396996
26050878
335100396
611084671
124797490
488622809
687300526
903049730
988480664
714700492
934410165
267884430
72767195
249722304
813191539
987632595
917779751
410532330
690314616
471651146
23480915
138749850
295281338
362744197
913719158
622818947
198066054
349543468
784964179
489308296
329664425
849183544
891608660
604131851
884000645
873933129
711814871
164912819
8576473
927640853
399153967
167712595
403559223
714804060
995142931
954010279
920462751
406179953
844791691
947787741
251055790
141575044
177059199
215847279
559019236
603960615
906749152
900703574
199300047
300398353
975256725
419885303
252902145
889462890
605870408
776019579
851731968
66602230
862644660
460172261
870380249
526759186
201275942
375964295
421151931
445610956
10859146
931354586
533332032
623188460
634569169
899902510
917158703
951684666
122135603
417696639
472469567
380651094
420071921
133436981
972760073
526046306
482174211
127357758
843156962
131807899
849529392
332701894
979391304
977097534
595179983
288534478
366111372
716631276
139532986
512498292
3801146
179501795
226174545
942460535
7968741
489479462
43436174
162525408
910029516
232008513
826040668
491079308
705578246
744663739
828644805
356105106
535501268
971192505
78584603
836828218
644685173
270118308
194672106
731092160
362228196
223111405
708022925
261089912
152849034
948201836
408424681
887879191
972895821
618829156
715384379
839943148
700792362
670440521
388589244
399011063
483890826
201369546
485875321
825075635
384905543
140194698
137523380
672962500
621079294
397336374
522001869
747041795
333034299
321449169
110936841
220971670
983314264
705717665
405147389
636463105
837182193
853885243
65234731
120616001
424875553
564792926
167931114
889582422
324537979
717502490
507016674
53802796
995257992
66989777
303271503
632909075
705807852
98551118
278060150
64806237
843136140
670498684
303598857
548004098
211214066
627024136
302143037
752987017
449037504
265124857
883729616
682730897
731576640
170224545
178410660
333839603
957136453
706265637
883433083
241754530
213824497
576628672
979812664
893957456
987045102
393394447
983460629
308182450
686754812
909287119
484305464
804721747
773418590
595882263
285285794
408312563
347028479
653966925
617843803
108963904
27120783
619444909
753184904
108070413
351973344
795543715
6724115
465567756
334055256
982214395
992397240
331236209
710628453
965184318
540505073
833274208
664959859
908336548
95290847
176988707
277347036
579652064
979257486
665046190
842755724
875858245
26879926
72358096
5581787
848353295
87205749
233261717
474713808
34583620
407453055
151894818
726226075
531346664
799101894
560294739
893485346
134946370
981675449
270139028
600898230
539595851
753640524
151100058
559456589
788098816
882732502
222934011
578994756
203509146
444968310
57207806
654607351
480914459
756819277
531410541
345821969
871481191
143252211
315972682
493293316
523526671
599964573
118760322
75332167
290785795
962335872
931927979
677906721
861254501
942834014
508723788
817438992
711167317
654732848
962988695
813304638
70037845
801067555
278039094
777741813
984763603
292987254
109819617
971423752
165333659
693239862
796301068
249693958
528751845
6937098
911919059
214516617
827831395
970722718
230985615
275578888
329512860
779993271
173833408
596476357
696594871
846480996
98393498
787700070
925667949
918792387
543903168
523908952
589659054
407237552
481847202
338195565
620165460
350600824
940787185
36144042
903062938
266777182
362569826
681302940
611527346
745586897
891324673
150829984
766271791
419963251
900048423
824447853
77648692
630179735
720949050
201835015
28449081
252480133
431917720
745627464
260473589
181537332
697057894
380824402
951578775
613327541
849003194
925609021
562418122
549462726
135371439
769255317
742207212
2365907
425859769
331175698
444220953
310552761
150547238
429901573
932730703
94206880
528927378
315591192
6395969
380004384
844818614
812124092
747905064
973310634
166568661
627246621
223234054
248875196
949575404
434418307
39094107
837530634
874106384
857824633
890094648
257281697
85406319
929054702
120464716
69368747
537004996
738800882
401811527
386393727
592549932
654515693
856908367
685202854
32842103
583089752
276442978
706387008
517791560
950963008
351688036
272993707
4436310
760966732
816679264
646666699
879044197
473742334
901156900
135715666
57105834
177451922
502350346
570296105
646854482
692002573
446018851
975659974
943297903
257151769
863645838
876359768
953205874
504990914
482849779
962378922
979652016
431879080
679555007
526570248
979427405
401606111
386645955
557700028
936296615
248183274
265245522
159369520
395961454
996208968
640447223
480471320
557522086
375538045
986659729
771822441
596009905
156327150
25690875
501278540
837277110
621128122
917447736
960645274
984231146
427865170
445552758
140981152
577634974
39779958
225901770
665865704
979186459
346691205
741476372
135319632
328101050
616188832
511013883
495746919
583299018
809242414
431380346
819334892
966304028
181759807
344970534
691071797
767505895
662251803
595093499
319639643
902928491
284316185
166267018
354938226
136277401
651767275
771707977
897056129
568539180
962361002
800485796
940118949
705201253
424125803
286259355
441057105
221235705
888501898
160162307
492445470
276528165
284414219
262638807
345668801
848925289
491622095
180178719
216384380
269175930
132593402
911843228
256527826
743885879
676081087
853243473
428795331
164396884
665942221
957916515
39230893
245820453
187356396
131069590
123214167
455284146
177482551
303490253
852775632
2966644
379583848
827540357
913047745
551261752
232457895
252996205
358808953
119692800
614113403
348823064
601651135
78301409
576895968
715035298
158479304
135950598
719733451
530233154
706577855
80525870
611064965
295530649
859475379
430596096
850566740
290799744
537749226
667691301
51046866
693657124
776072200
919090801
462410700
121415460
165986984
534905049
164306758
303005548
504472949
721765450
910568125
271114551
900072839
290885442
589498515
894571677
698303316
780502135
945871818
592119601
213301761
332665507
14461750
164530327
541078361
114848739
44667313
618533588
694413242
831378264
850776197
391136482
557216644
856628821
601258748
279653606
647941137
301322757
666823823
177065189
890594895
582865906
663130695
290973137
243193255
536124945
191999991
571326200
515704761
798088044
579633580
612099727
58482611
106493718
635529360
49364629
695811366
117395344
661916316
376995289
753518587
656135709
650562252
248384387
286444892
402927281
271687758
992493925
515046328
508269270
578878131
515292610
284525865
901145067
569740585
23880165
894148012
508575620
285709268
764290965
500068896
995937706
468920013
323087628
919407476
373466428
20273591
11908142
778535080
866956151
663890431
316057719
634681041
466774780
362062200
84413282
683587882
84278207
881885664
125019485
181259560
963915502
376365099
234236983
487751968
602167462
189304068
631950660
813545858
742277313
577625603
607490106
768951712
537637792
918056133
42754352
460100633
934118422
262678518
835913565
853329909
79068616
445480630
807484231
134757096
487935690
317215500
278625461
888505728
244065389
427065439
173310387
743286642
308450808
724409571
834783825
4889886
844381530
883758524
168312625
549696438
23980224
80614340
937709435
830100697
923922001
690540376
23020912
344345561
119657406
239058589
202399158
622885301
117487199
212564095
934356066
853254761
580543961
616757206
32232675
406345011
294010480
440328693
436856602
33001359
265849128
29562229
779763136
959224178
139269943
105607530
167430569
195393546
727974373
721030906
142164147
203666220
264038570
957906548
769690375
692890881
315927433
64285661
550703130
36160446
958108083
653925395
464970932
400202083
731111936
339950921
369089181
570065546
239052266
711843375
22644817
745590789
451667651
938455785
306748781
70569875
928290437
367266830
72054616
173608178
217393832
230851690
120759572
936614365
253355070
22875294
7817051
34114459
331912429
176059855
566408753
912318886
83002732
192879418
41015001
371256119
981070041
210400584
185443280
168567635
562221233
343330640
156135542
572044743
800665261
611805025
910882171
893553090
359592738
97589210
427001944
219125740
388433940
832915797
244050962
957217544
117501283
265504262
669584194
376904768
414526333
686643639
806519390
789878912
860995233
660252297
328842093
401765690
813182292
537013653
862682467
567870742
366933105
689369870
937487895
407103759
596212780
288578733
458243111
995659323
862634892
616426829
394297719
843117421
363461876
478731449
43945652
823721662
744866813
435846810
727381832
723678862
47991410
563089620
42034825
347943833
664971414
919913846
144897490
794734770
267634333
87874729
413349805
174136488
104226860
34062137
675721169
752867896
332941662
267732443
979843240
117611625
951064613
88047699
194378310
553627701
60342270
204819869
694378244
790547613
74012397
639348177
6537091
990889478
735979805
336109655
433671753
941343092
421220066
30297620
430362563
917696344
786312755
181387766
670041649
755454675
987522397
233688138
717535270
922964
313681770
252034925
624422383
943122960
251072887
819945978
985244123
847578346
964267635
790763690
718013749
265945571
319759086
694653607
210955519
887910111
839835812
238684402
368543426
558055768
238032057
136340041
842803236
845845939
78800093
137355337
690907665
249164876
580985608
798804640
963654710
356642431
718699244
726597355
869498240
87715574
971472061
668994180
379033879
98474713
384312831
162224969
820424303
509134834
353436885
882634458
706642854
544551780
717902319
252560353
86899292
472467576
326513129
616455442
314133404
943979018
135184167
483243657
907605258
591061096
914059594
670072252
223853422
170544110
640102327
410205683
171006720
709578619
292470847
499696424
838533923
347189388
506597382
121456669
424231140
926168015
407742407
397249596
101416216
543223230
69970872
988016341
361714993
561050405
920951511
65444241
255302656
616555627
530105475
520991858
19289565
614452292
464902090
924528095
98403039
158305932
736849370
461075584
390878356
780139808
684508656
11077428
105759253
143243139
63744632
847825487
65204415
48734102
697407289
199464290
58330093
400498433
713459894
55584610
301344392
944245997
991842138
970188800
446230035
762259509
908534963
784152489
310580826
797272517
378355665
680206616
359102781
383406791
688217535
611651791
105574178
763935700
891849946
780546970
518189872
258580385
908029556
804496509
247344854
464884492
627266968
233415352
933197444
803947991
267349801
158984104
419643401
427535423
853651845
797320607
636810092
264013657
173750852
232993223
292924419
572729668
365767774
275559151
887295914
726907257
612269720
852200932
493584565
635346470
194755997
51603884
633109629
762210448
976805293
916295558
924927756
353522315
108180342
842089033
595531623
215376847
814473105
426484076
57339350
870720236
88274207
845469555
121437608
811623982
92919695
338274297
896511257
257597612
555786513
574362183
739680743
731345484
2007411
632794491
961609483
435230737
891098714
751395605
146038741
872069892
218142961
907557790
570710837
97300627
827439181
388004786
149712473
280184228
669666612
881831671
787988960
998023884
242122591
101431111
955997155
33773887
739688976
559488181
29178556
430792121
184553952
947793043
921376908
811455400
474350089
998479033
591449361
171146752
441734370
173705251
269606956
933497678
504062139
108878490
373613327
734737995
322064497
319260221
929557651
688028491
883063580
948333088
376133440
109214345
52093992
830061427
174376209
799355572
121467294
514902237
728023462
640265533
471370258
460948704
49572594
405489424
828889955
844050406
832119600
112685396
346213205
35862364
352733523
135400005
276246545
786618754
570015679
515457956
546115522
573071145
103200317
154119606
842920953
124491852
435016374
264097019
798443796
643701968
446008481
746331607
8021178
327538423
491580097
583848609
317236088
325560757
613612060
913914760
328946183
323826506
820853265
864566263
798609436
210664384
524538729
275200043
173109631
58780169
80347609
362517180
560226402
771051699
946214713
997764177
550594436
433770021
755905050
294101809
527813759
219709419
780315937
764796566
960794380
848234530
54677779
274530036
492324908
160836229
212425505
521459510
954477817
930011939
248424962
769942545
456890553
508476014
291163473
808032390
622766887
849859869
8677294
613964797
850136431
928945552
512569412
747246404
751173938
68626020
245525717
57825469
542167377
382861120
807270587
882871015
46017144
346495883
900966917
140134442
433484950
63011215
741487539
864956118
940230969
525695431
83125629
641913355
748921195
118014667
581352240
684830175
648524667
423706695
532769918
370512832
732315199
671204143
230989822
947362315
110520757
313764904
616726090
780267445
45773613
583773150
135346674
270196603
382557582
429547713
370473339
486781819
231622075
52026002
912682876
544951900
238471106
443052091
304623190
229886221
400688625
341160293
403735699
750662360
21360149
208126251
151413658
260745985
431186335
265545103
526119059
879951462
153875077
762512955
982863757
922909827
595264267
809398504
429242481
97847869
890763509
232368109
140637521
22770319
544672642
111383081
846717875
226318427
703780828
437000017
773822469
118551282
644326707
908087140
711217269
354674018
181545191
488575607
342945378
126089205
694931223
417635667
939201462
595284526
669079512
672540892
793826020
877328506
30038199
276053157
345414221
381618434
221798195
179643695
231865408
974391738
838482981
655029481
958691252
431321416
659091390
656731627
729902621
971850392
741918103
73159890
209009696
543641884
724640164
281170105
25429344
578025497
190808942
786819061
661405888
149769702
686473938
926509640
593540328
733506483
393844772
554150183
247417794
236874174
191663525
930963187
648097878
94438218
799437738
574063377
524650820
161070441
611928636
314767978
464838934
826966307
540484333
421117168
402517543
413759413
53268370
562237062
421833873
194969061
391926289
615444128
498997685
209873890
92905054
957782798
241297314
671338845
356690995
473877919
60757825
959791854
317705839
807113427
598620123
902092990
880208438
505736122
759789162
145573834
330992468
302249049
141844611
709972233
196166196
697251627
223340223
282251854
690121387
771569118
955877196
60140882
135820205
784116368
435056836
331216106
612661555
88734144
834335833
486685547
808960912
866038040
447020216
83476688
840637976
516469431
868034840
527824813
710586477
49161551
527207206
564495934
990510018
749308796
221942666
652229442
367858438
70078168
395399063
965826866
600100530
39283716
791701991
760154985
580264451
143170664
898725906
75647498
982083449
207964160
171895113
543989752
89771655
298495819
578590756
179138356
436056331
133904339
205642942
804947515
298242079
580623793
337326642
75981288
504808790
523902332
920678820
309424828
642137745
141334841
349346204
862646712
968050107
143690384
250787462
643046604
161265642
850438795
299694961
901310737
732036630
554173763
798131638
293821772
980330538
813625271
623126258
425055316
891175633
245189381
957041352
263783403
489662939
194668184
700738524
443096615
988299429
377801335
503625744
228666413
577313936
902284294
610932968
807577945
895811550
14987883
384595388
733665977
511800539
259466875
419180023
202504347
217559876
287939365
795494727
813000295
770031159
244514740
303374374
466937289
69776884
371117434
265500820
466411616
246899479
874485577
966633721
584501527
862223071
325264440
487342619
149383464
113536550
638462550
626372197
762518369
887308252
653660584
484552203
130795896
399635045
249035647
816613740
624219719
252268947
157983761
245557418
339578477
375403871
143616704
323944562
34666928
151986986
583452208
182281964
846759893
833214845
472595364
379528912
447985319
917737496
721593173
556429841
43860132
473909444
277218909
39381333
745203340
462299360
119419300
572408812
535884082
816711942
747996865
811071188
214944698
634175723
906229008
612861104
954691509
940400071
261683662
7422693
421881005
917531845
51976051
603748895
380411622
847998380
326782027
94569230
627904611
791359703
873655787
627321319
206441893
877126965
714201567
133188857
695773553
317328313
122261715
412364906
651853719
533283546
876026116
254769172
468000657
99297270
908576388
252003075
986937215
613887889
378533117
328309185
693500046
288428113
870998684
895759648
863812523
226159287
72672857
627515840
648655613
894891586
146553514
331298413
722740656
213046832
476303775
103410496
790869522
470833028
509791389
661122350
145834080
240557876
971253000
533149222
181942247
58700319
607846121
79333832
524366347
6694447
555150776
432649990
255951699
556803182
349654587
297966235
108788128
982991850
43107330
147520522
922136143
374467700
911976256
57831438
110902735
309726631
29864669
329838705
96741101
494517761
89296032
391610154
14861278
593798804
109577265
413145538
141142427
178739765
203843919
299852862
83105248
564162689
59484659
642110660
196359790
606915544
621232026
15533438
342312976
399941814
392135403
227997468
846510996
115870207
360358058
525034663
67643810
968696395
737867715
245354468
959627033
540007754
963332449
460048442
113302207
908374900
34568353
182823229
518609618
681937446
239664039
570398827
945548861
103584208
86304332
506691342
470036673
381486804
927313417
575988169
853113252
964543424
81728886
130882724
929199341
154272489
377324474
991580089
224529213
748541790
355106559
191913449
180236776
524098611
873010543
318304383
434451456
617630250
373180656
295036804
372797897
743662190
847764794
471830946
498500890
591614619
335897398
357970926
532848347
516678193
849851705
297660574
561684729
459078729
917453975
294956785
839599076
619992067
524858225
947031594
505008
280719758
898271334
637784727
14139952
200715349
386248827
665653501
561349960
613112669
588829399
152178469
457308149
48294397
95774081
599858703
390333382
406034120
462441634
123443518
174852126
309516162
821823000
603117775
486971174
962569561
167178835
527506199
69640233
143067435
256239461
618048021
947742114
800126864
537804659
589774795
774154706
511359101
474423374
922383836
256338454
415302900
972106918
714290430
491286438
450229949
546174941
801266221
461231743
194053109
807432212
646667801
595645459
391100676
776758783
294769813
818615360
332998355
194801913
675356073
732439057
272800068
119823625
59515452
860226915
801113468
831614883
637655440
389149431
521760110
46304585
933374163
377086314
909932785
89477814
393717435
160511814
38797420
697411686
224695726
919655019
537705999
833380055
754652552
392608733
256883
580195813
267347980
370162414
966170958
679806105
141822267
195337045
182878425
160367132
764976726
271354988
404383184
140812117
735474170
420149006
369598541
512937575
563976146
379241060
368324068
719941860
820494085
307157915
821672625
57626939
823737421
472725341
540476737
626520265
254509922
142577464
761125240
737090043
512813601
91235882
689436608
356368744
987384465
272203314
242141683
664605691
438993196
910964999
544925448
937289767
460016305
949476531
270099624
506301574
170550310
905354820
121237521
615845754
434165003
839613
484505000
891496260
827247909
836264402
910407541
526052978
876925036
667845614
48082600
876718129
304760117
504179457
897226452
405185368
143762255
23548882
78238536
612586539
367984763
145011130
718418951
867895118
865216794
646767298
841039327
12113155
214412237
968202090
404464629
225191005
146878066
409915328
878533982
801475495
13552793
900987420
438053284
184585168
213376057
12526272
169959727
340552166
365305637
168707081
8508626
522340307
67307390
434752275
539172364
525774491
821262771
577154276
485598349
765224329
501858223
342995645
440942010
406692093
638077709
958706512
639772616
641027864
609347189
860365017
500648982
924038966
209279435
381868351
767794298
31728363
737120636
522631516
595369919
395752513
424300845
941560152
169874342
66477889
475426116
350629173
771040729
241226422
964599452
428759050
681580772
658413664
170989362
920061768
330085063
591646984
625855310
875598129
361156274
983983873
770230247
414926126
556410721
232243870
598875950
73916034
783515965
175923117
806354121
124418956
475528209
765022993
506923091
452105724
148761774
689430340
803305171
557824151
79221842
337118248
666155961
809048192
920266143
306839387
117054123
275380255
940932902
779187753
645956522
765401689
606394159
892934550
959632697
318562151
937161623
391901255
884135942
114558119
405947050
184628337
241511823
620077072
138164850
950258930
553373263
26313022
160572798
256094009
266185405
581260677
512582379
891747838
473455229
605774776
471719647
756522233
600621585
688845520
749441550
820451406
159593754
144170274
299904600
960053591
667966817
244682870
194457870
747324184
774582675
145458913
672743770
537457276
869198809
167184192
540682044
526122302
876713819
968308256
751379115
185405278
369500200
217306793
278892523
506817688
766059981
868996520
862318528
915751000
211055033
312925050
390791011
569669734
322772539
955084190
370341356
700248907
869361266
736859786
130483324
653611139
828978771
811304988
938594099
505316286
13210923
159256025
414586939
419117288
957013819
183922743
292770923
718189351
475294610
352973875
720885137
519911336
983709907
843755070
954550981
272313269
320475985
562898315
972657200
38431551
772921202
846363051
653049179
598272132
382653221
995460374
196702702
661855470
407977604
581789254
439440665
8711202
500313472
854746583
399602643
359205295
30668340
240171230
187601674
942987567
565391350
732364748
18082483
833835618
72276592
634267871
736807215
138239673
190556906
130636852
249697854
601470427
929397726
955601575
498945701
570026045
581557926
163659759
10325223
890453784
956331010
855873193
343215875
160526139
324734836
977548468
418524597
49618309
478572105
405995401
930824532
206063699
614685366
256000250
7913043
185327229
276933712
586473243
39439485
882961684
770767814
5917247
338526542
419872930
137217774
418789275
77755840
230680649
892266693
644161171
476738743
908753250
648612094
674008460
648694200
202869045
203154290
392984613
531093420
171780411
438407437
968096908
968913204
206454953
365847436
635813459
539228979
363558889
212264024
180089667
320263208
79600622
721750261
960285346
411229809
536374916
675065773
941465235
793911259
834010361
199289640
300363555
976556406
121719490
765744537
475568866
860754796
949767561
314629054
115137935
506148484
704781795
294795839
153287160
352476617
549075625
576008368
923958673
66754978
848237367
522065498
87095211
818074285
330805038
28190967
206696019
517291907
483019267
537636219
630986286
711550321
340137605
767638271
175258192
24283829
181760244
195189587
49256739
945020947
816385339
144261098
250683513
904385804
475697414
816193678
547048936
717860318
618922949
305235257
298371593
980096337
319858916
972823752
598186788
497494577
213825467
596365176
836494483
489071352
952957304
135392423
110347401
212464618
68782805
854539625
265853309
927770850
643320012
792331439
977531180
899114052
777504476
862804891
808704484
1539862
392702931
250982844
347483744
116970864
978937273
476298905
551833519
895089890
321977874
204289927
269356363
917076576
857691679
43146326
37797524
379761137
113958461
962252635
711973218
226924862
555406738
344218344
648944121
192900940
985237029
112461476
831174904
828771649
36904004
805458793
808115312
498264035
794696407
95165571
555177640
601788698
571972665
951265647
485832524
798574972
57446818
140633088
18627928
422546421
533057765
276933712
693648587
294385498
941315655
381999274
950533904
584094056
41049429
715752258
25096807
1070061
309003352
782161202
813919336
17508127
876977027
152582006
372426548
208236066
900751857
271714522
583417252
334176226
45473251
979933664
93406724
658548699
58799612
167657293
87767991
139578349
460121331
74139724
463674599
635241202
839922845
825747657
490795250
98048285
932631643
676198422
298315169
157950779
119549798
857313958
459719873
882141422
8929543
578660965
483215404
815987730
180275016
675341913
128049774
31525968
47256967
862018813
989896753
525768740
291314426
455747028
189893959
942062131
938048320
16256247
336879345
48286488
841861552
580330936
557181322
915011698
166812387
519695409
253779059
151190005
473457325
258270416
136145493
943759122
174868126
981428036
191232784
129337296
498542052
285097180
501021834
548919736
741488673
318592440
367704948
335711523
944411422
538659364
433730864
12677160
289883137
993275511
992016047
540730004
699499826
598839667
618617230
765600267
67815023
447246128
581231966
806423664
533508853
872981315
196537982
768137078
186035674
291895410
840452734
333745888
461701940
793798237
267197172
239154545
250119217
66517134
260147282
1435516
515236207
320833730
137524719
445677004
160856337
429765966
452567259
234050116
103931753
93626220
35611922
390482438
327931215
594270236
294118906
497384484
304223120
572474732
346091650
952213724
185091872
924880367
823311209
473284486
9822129
874743166
89226095
793386519
896026952
508890571
998583489
914936397
572954954
317761793
825631329
161489987
223610389
842355059
850840203
164278930
846177846
959759147
617068920
172747534
143412842
2899736
58758079
531414323
140400915
138992473
222761168
355215733
743733050
781811465
804887304
145559918
429199174
93413610
668377618
432148493
688073518
205575889
159514473
526035273
205556890
160249435
891160057
230891777
594354716
889726644
315201894
660322169
81704260
331109566
516179204
328113846
268624033
989084283
480208314
841141869
911614663
464616165
923095048
842477556
103713582
878146254
409566880
263492185
851828399
264163169
210786935
749259270
450013098
925421769
41545047
938742863
48020669
715568913
947346126
390276412
886808006
719506367
153278486
390384519
671836097
616845703
703205243
656945149
262244844
96764995
152574635
296735930
406837146
83020372
266077663
175963701
117785978
441488161
23853905
126506654
457581057
752034617
236284588
989045989
447086163
306231319
476552679
837909248
353864999
757954145
564406749
929909948
615447469
697723483
249222656
981040257
979169987
144399600
814108183
235833094
368598908
184325063
692344803
82483626
343559928
337899199
314647615
890817630
275168491
528714634
663280212
788393747
975832177
22988453
558693995
400036647
624205056
311008309
942469639
882510933
672975838
10551065
550156972
802507342
22962232
427740356
32943217
961262623
393895458
597425979
992773534
777908170
338627424
606103193
411556511
918375837
444416109
25653133
583386632
530030315
857969930
476781511
736480544
646319629
243831892
39927252
681267368
875437930
86567623
350153778
527679390
308572342
348572899
756782141
675494045
305400939
72164483
144254950
535677969
560250056
26660635
791807233
752610862
119183073
404620271
198988474
827551483
451871745
949083180
988500361
761201696
405434015
187305260
585052526
5229508
993580877
783968047
81598198
288789696
534976109
949901596
43793807
368400258
292244017
476718384
911344687
474774906
841886913
703527548
115893019
507055538
337559906
353670361
175351034
621152824
630414774
578614379
792998178
798091240
456405408
442048859
928930096
526474984
811953960
302472480
557227206
590870385
236852845
921183322
973747921
751641519
132310834
592883471
135504818
88629259
880606375
520687202
903783956
903712647
781825503
803612616
698558252
970542289
604937085
613846489
334962916
192020813
476583551
108203778
702534357
706926319
702965684
314321426
310979768
205356904
120265699
694087011
940128480
932121889
328425137
17396296
337057335
541387530
935194413
845643724
438327648
85696636
879677345
318851131
774211357
432028293
15268336
252007565
38342091
760274826
698517718
982598993
668492086
663168166
383435627
191615110
879640589
931883255
376023259
147890128
884674322
282498031
568669192
946459105
3143450
63072843
413225088
504269839
95467994
834385200
867735888
959594825
448613977
215392444
849946550
51959208
605950036
645287970
235737342
300342906
368552001
133797798
817445544
78202195
131020856
883952063
520616906
693912580
386673813
430837340
176707315
82860419
795380326
710477813
421751250
754705668
962891153
101281248
441090242
335578342
484445536
535282661
470541644
899576510
533717192
333465700
609496314
797927041
764635613
87306703
988283022
121898426
349113732
160933523
679817036
910545063
222837577
379593082
651154260
221365123
429334348
229235737
844247010
161581234
689038475
694306150
294769088
927544902
806622140
664751389
419008531
786926412
24069045
562002952
8120280
549359573
610379392
698044064
657000293
955150665
396343668
748048778
538533136
424278794
893588178
574670375
92337790
210356915
33364201
954161425
62372374
673550033
998152845
869820963
966471901
312694359
163023186
841958182
760089397
689266015
112108316
815605434
663466898
548611897
590505919
559765489
461260680
522453438
902519826
533164989
726261594
527110511
831660126
469280092
329536412
10892642
937276494
352321890
920355054
830742946
221751636
611789088
169789645
5819881
362242278
177791954
448305671
508383015
74125672
86035501
542457890
39284298
868662745
71438547
781617172
477008446
406006707
595464984
331267567
754653831
999300296
566072460
100365380
224868577
802185918
914845683
168775136
905263588
762668102
265935508
592910643
388085664
886469311
825417737
731982088
141391432
83938847
140972955
772297763
77372264
820090266
38433602
155132337
190797714
349796562
719170842
751378955
637811053
902861827
555733231
858592227
261350963
622645788
871754749
632886211
57956360
102639041
976445802
57959412
754622730
156104099
406149088
874267082
861524884
125957894
139409293
454787233
754201484
13948772
561817727
433531967
102507876
605899003
38820342
818770244
119360915
967886686
126140585
204801583
394269349
14135589
573562777
126563772
31253167
953885499
785709576
583167452
339837190
768763199
402108045
737406825
467847571
4266881
195458861
376039721
555734341
435798248
665911790
885978714
321546309
422242971
188280179
354181030
573793888
540225442
529132577
260592345
815752981
409426743
44657877
45734251
355920630
834863644
770568239
644850108
798427054
356743903
223874270
167697605
718507240
496810506
973206672
887062644
12252069
531700083
646054344
554804355
56534182
971067537
275210188
494416285
95382990
71156135
726987006
469043045
326898413
342998541
407726291
255673264
646777051
366987445
414284515
359211487
7297871
114134918
915903113
389093418
274752390
276675154
42121595
242627985
962856346
779611314
273979711
461052407
790341090
710945764
875535449
885839549
532936365
767045759
841516646
606777900
36295617
223912313
458677494
106005742
283762793
937570400
237031993
871399369
926762131
76196449
909647010
225450615
240085015
240717069
374223979
148823429
395521048
333064148
210322500
748157745
801469787
765534071
186222869
408401151
202444908
454943658
893016288
181412837
625291475
322772282
801700401
454980898
962657844
458644295
946348742
411203829
96339807
113125394
693814712
555392784
784098621
907027273
942694984
790577969
204769517
857515701
467460687
154302561
128353376
213532123
515937800
198540137
709428188
226893453
486899289
154225941
447557530
675689091
136286902
305298855
558929779
578039112
223005357
793108089
983613790
952175673
725369517
824287127
774265110
447163308
926730616
600504522
960620453
296708205
873274585
922695076
222291951
236035889
844007673
543868492
648173136
274965255
740791253
577632712
451204819
585149493
544543523
68801789
991025686
535958160
280884529
455933007
280058687
918593254
135744579
807173666
312263914
470122492
154785871
902402652
959519248
563728580
336735131
198030945
65067469
818713633
151569774
321887715
972462046
985731989
881426476
222622395
208535699
960223227
759412011
839923677
676393510
647897541
693312708
699316352
768490877
9850477
84309281
864693863
99675537
87916934
388336228
480180267
756090347
31241905
308606790
136924565
875412687
327949462
49813230
127126518
436989630
42200650
278827808
32555025
7678950
732507085
934118439
607062060
138093817
839436809
894253590
873260727
956292928
236362574
921354254
304765044
416896521
546940993
588078366
806733518
204547286
42123487
903157046
540238152
242615907
747803677
501733215
477411169
244691168
436152080
183625482
16646198
685203931
242990181
851865675
228331775
285943114
484031198
352127231
645377132
410724545
39702178
600287695
720240060
85940051
330698802
171533612
628483527
687982758
438669596
896611030
931264891
227928325
766842586
995189012
764982836
483086859
545974756
794938352
70422494
817403537
907310886
58942008
963661397
723953157
583502218
786691753
770221818
397935275
575187939
135282851
798702217
390519059
160552240
276183011
528734184
262594484
273633151
351806703
825878615
960609089
328043747
826784317
803177089
970389699
286308332
539093533
813877038
701147973
522265822
756676235
643890850
980239611
155092428
152734225
784292760
905540978
320198170
131450778
594739207
781784258
981977178
817187549
527455346
970910463
592624786
907498374
265641890
995404027
855904146
734145900
966542962
750971076
471339645
234472034
266287286
609726650
392762020
798013860
781931398
560759040
284689834
452161999
214521347
217189886
619877701
366701965
610567824
763919280
553701675
297847690
960678414
569263444
253003308
502115860
892223494
976810027
69343384
748645590
96039214
981041091
906426223
313733050
426156226
204901900
344344399
796009412
954211466
86495749
792675442
370914407
753242809
270398116
376395497
338977994
798696329
525179399
851096204
109372408
907940812
789538659
234943204
728300671
445198485
672987842
505019863
275526836
655731274
895525939
566433558
252138632
930710227
844518677
992169986
909933286
459673139
390794892
225849441
201993095
398423749
928892312
30105930
720869926
310206792
32456265
766455443
762053806
808589601
972307416
902974341
25804746
223500373
588918355
578695308
467547715
151410615
12899767
781424497
325774560
911671640
781814474
986376508
912584921
871296147
504852823
173206586
736511800
287002107
882125127
755167784
430896683
197786083
626098101
806803754
647697525
523568023
801748310
528947358
395853678
874513834
109817590
288007364
619487948
982715554
86641624
491715249
464985870
53185967
650663962
493017498
241488472
296574264
49664211
296825561
906395368
206915634
800351333
923247475
713790518
446792704
158620018
919214235
435023515
655807150
163362435
852375300
421125629
671163836
10169534
469536180
427474452
317719990
953399028
540091076
403360495
849040966
607380101
617533314
137591574
924353543
971550328
906713622
899907480
8450619
977575349
963744610
99169821
800455736
159101100
802690907
642542970
666678793
555072171
783992256
845458847
379000878
195232419
922024442
555928870
577724484
376752851
302149481
927098564
444443667
631787120
893353849
812088098
469008086
936797391
118769098
414290830
363102802
601167196
798677305
940167340
837867341
308000748
896251568
782177944
849454624
71897912
848630122
369175344
67554802
46607224
459091910
606053801
870648418
241866350
461151649
507037181
444239278
788505184
231893484
132160223
321100082
709621679
983101209
685632630
369357568
220218143
226390744
499273801
269057120
829566270
491224642
523471699
99360819
986162763
752123386
330090997
526182150
538177703
423712661
698346278
585586201
651329508
282860546
762719077
435966732
306124539
381903162
330245567
196073154
856857107
680678547
872932023
390226323
436309896
484346783
906027038
868654173
604523247
734163210
334534280
989302786
660866070
247013911
224464895
659794489
132515943
826238028
233173387
573355367
481047921
272746192
430054102
994588510
244123932
503446209
898654043
481625292
167258122
261341295
603642085
32071574
24417608
52785833
634740641
909697585
194567380
711368504
401439117
715613164
489015583
937430049
126995940
715463318
596523466
486169999
277212504
405277386
969554151
639199314
385656302
303336420
22249942
514899953
297513417
142880274
48967276
135756054
99744867
698600945
444874517
978013493
399941624
488886964
227394293
245424061
960659468
97763298
479190882
817854871
668737705
748430619
421349283
269585011
468719010
738312700
990712453
691125094
531402907
410344246
103680949
332200510
746282825
75261366
519835783
350965456
76480265
990166227
534418761
295146805
687790416
240348953
115713051
618853641
104483407
335890265
290620669
929111491
151890372
299767275
735370629
132547805
586918728
804268576
273770171
548792318
884417392
263020126
514472319
965834131
289767338
541348373
978559762
643908668
144035179
272327215
997046719
997238456
906883186
231386928
485277489
395865973
621574982
146562048
676628538
198456966
965322602
132707298
220016049
982413071
677874059
77469491
289678485
394179354
980886705
594414938
994675913
849120833
743148017
831558514
382544511
376912826
817508129
155945793
120313420
216376803
230710684
460903770
581138883
903334571
763622814
876623490
283887910
112033792
755856204
549650458
531108666
802363486
721738642
387881334
332380106
114876796
342965444
440121982
125449774
670645918
18355940
61092908
908750306
1373558
375800214
998716502
579056242
113864110
184073249
34822263
646523870
585156536
904811985
18498559
93765649
251604089
328734332
795791094
160656646
393910535
874243502
505707837
465182264
357604778
263216176
938385149
654212095
52091078
84657181
656203551
947243609
475870609
512906296
824300635
126655803
496771319
744879575
368883453
233362669
119092048
449085094
896996223
387871446
835535325
573397893
501992456
826072686
766925928
302703343
41218108
596928441
380135760
606156492
222208005
865378624
49712852
986157455
137490052
180498000
859744304
143209740
58247020
663137207
260928483
579919124
852846942
812456034
183165283
438290070
78228204
980743407
341361477
62145473
493546051
679725874
923915669
719002415
780327358
812186434
385809619
225069314
746294693
246342791
989143363
246454808
513265665
835534301
709740200
633135560
632564412
902519174
769309577
59950257
589516162
266795383
709325712
760660553
910342123
28782845
415590330
189377473
691250705
540257155
718311669
454308671
187011665
555287509
25181646
48994360
613286511
848098588
69759310
155018566
565853585
783111177
84630170
245925202
228614680
836401830
490589302
598264453
641383707
694614172
21341943
872609458
578891048
546373646
188699175
253531994
926156478
113328624
268623781
716551802
260133732
584025104
549722750
212911991
730782515
460260973
75626052
107441455
322783750
954272254
495914766
637768987
62660116
825875501
699135784
464424535
54481831
255920933
156521336
326939707
78352935
995977373
306591963
501441730
7538398
724919917
186615399
542411400
946991186
329510929
2978353
509255384
926753463
663201486
580522924
820365501
202877641
599927066
206314756
389700105
192282038
729128067
94220203
560397973
710222829
805043753
951174525
427404079
421836755
160324736
897046709
127718236
595955881
978147907
242549275
773256114
739324433
364102095
480309712
677851891
863261094
328120994
554713689
687147570
646440218
874299653
760610359
875812917
258760139
15606723
569808833
860834005
320472678
809962627
431930212
48849830
737415022
453681883
107859689
636672776
624885281
979932528
146292986
25538084
282922714
293688148
24203331
561585456
984921890
311267469
989957404
390168878
898559510
178826635
751549524
402552759
828045210
189163376
892792264
529420177
280876626
373090297
791923274
225809584
944841266
80492698
25511452
837561838
172337057
16463680
393361489
721334741
164801298
102782858
894419242
658061108
677813338
784244595
310061994
931092445
703252264
785545098
570458146
158528674
786127160
512438445
945909878
196005025
411275146
747114236
364769426
512413971
724075960
123163008
942028075
773330564
160171347
640092490
363603253
750160981
973479326
403947561
568328463
493045931
471447163
289642700
671799141
600348975
226896559
43858623
36308161
473863553
521328485
506052016
37663240
125506600
250395466
135764597
207198767
627656528
566017876
652414642
829787380
338298291
199190237
956678377
627846860
465277142
742878120
14281395
438244280
755161528
706177557
2711998
580995679
622013963
948608291
765573675
192074638
253277600
431838310
588108113
232833592
520871293
666879808
902568002
742545050
774403568
640672194
151850992
718029927
481903244
937150700
38855101
855260932
656309831
251114483
435279081
728823882
316991112
384648322
499614621
61869117
50613068
569638889
500069179
342666462
192917398
662571034
766433816
156495621
545357238
903661602
236754279
328212788
420665713
715389081
423943036
141872815
300004340
158267794
846653353
454288718
315016961
685396954
751753323
979100051
244712193
123882815
992936482
569495475
446145450
242300367
13645900
903554766
236303871
540564602
969068154
931048284
539623955
235154349
741166069
468419153
612732972
779703597
67019911
307072141
848253773
485907827
949201132
345211799
508208451
647697779
803048899
730732788
431302162
476998866
33746671
369057832
282363956
976351671
428398594
621436945
262921678
473090585
453947860
813322783
51799050
828746660
256225008
814827222
877167579
683424285
141865055
2750196
946169065
627886154
365928432
25919525
294752919
369726881
319016060
614700409
97288323
471131014
477875910
814431551
506779914
498410070
578898209
564589327
597544274
262286119
910693659
610676978
594008706
293722130
756139180
122328828
998711790
715563932
93146243
934040262
758672080
90312944
244193780
481216005
613133923
796805068
932637294
526724831
140360086
647075433
294082784
852368438
787488125
38726804
167959700
773673287
583415214
496727761
186814081
559357945
211937390
592190173
852230519
132630079
187245150
431761109
540894796
885996002
632308124
437296867
573951414
121901303
74413775
308853198
361900121
967123089
852668496
762754675
860542828
88893709
938724658
445447463
441640498
257883504
996086769
867282171
406576342
291789594
215884376
891708123
566469005
747566292
757471123
552560400
248097268
906259040
570355813
453260981
491627093
532825021
295447902
967429675
869777140
530013393
552605594
234441919
5201076
726290219
6132977
981906636
490959988
564724953
71438547
784619145
915124606
987718019
628501064
929990589
519678870
194616909
890718426
40556675
795496636
114603521
599521877
975146800
253029536
410837962
44849334
593696413
25422514
374030822
285392117
955815275
418524209
693444587
565293701
273539114
958871424
73438458
946981733
902080061
723952991
833922920
171064136
534809412
305746457
521212795
448394220
740574756
815300436
37819944
663554846
315377640
74081305
281580319
28872709
850662564
360969008
617508354
540621155
537950763
751290296
69439404
327200995
994022970
593394362
516163650
777302449
545954179
864148259
580290762
671707031
220780124
774969703
365141411
239254482
225073073
714655601
312168060
959845156
888393317
481145890
482558861
307750329
755791811
918374845
960756502
428375547
469847688
440575351
960079249
637320189
655443804
238722172
627208367
280309903
305573987
409578111
841921146
843797878
660043831
442962045
963534222
816220599
986900297
942422883
871815488
596244816
435526585
421306520
932547025
717145143
666666225
592850879
723246262
309731545
617204765
874384136
763039159
214684973
99829
449692209
348091587
668459158
988066283
949532882
69861507
102082184
296776920
493731593
512877634
533167643
914849386
978503682
64572927
694462817
970613033
875664536
333089928
20367746
503142030
239693605
174509826
947357601
980947923
281226729
944300853
726578344
817461510
4313789
807054601
811504813
678978864
539480772
505332755
349468125
868882643
654039651
83399508
716075163
116249874
627794212
234396628
57967736
212360061
972180562
945674648
938207900
53772087
807410335
367702550
270520513
389537331
754169552
949630462
772751077
618194636
512451568
497106134
951887954
296772871
71700660
285388908
194924474
271096677
345043523
263382840
511578562
960818508
400893972
854756691
845439935
279914041
247813067
918164669
664533196
309430132
762016338
849328330
144333456
814409325
83585951
379303730
200721586
733192762
47218802
250443627
358473543
296553332
567371118
285598025
641788687
531928301
712858834
38087807
437450802
418457358
808394899
838944969
204296255
639054736
433503918
250343317
379384497
518062200
404797059
64763175
257995639
220840907
744062422
649971015
761474757
525695373
415656843
562149504
439307225
912056653
271967935
739226405
704251228
213758489
246414896
922036515
921239903
454943763
531776993
953047438
959107612
945477750
467632637
941556899
389493726
837283023
170918151
499343040
351376092
458774349
499608252
481798206
846713207
747273699
369952700
177480992
453933533
183146746
46403838
58313713
873078513
439169202
174761489
932516996
571031100
998884413
94943767
510178797
346042568
626883974
858422236
506083983
308398260
593809114
466966869
824486882
96804650
571578171
917665512
239416498
772623396
614235940
225040484
637155773
80071309
162795049
824485322
670345799
658768150
904954542
618887469
509137893
103097966
198520974
649672538
371559038
313624891
168181767
980387268
144153335
694931452
148571785
959423857
353787387
241773350
812269809
337267622
253388119
517459672
704160771
602871556
988479059
689528465
132613867
919221111
842394499
497418403
368053069
407232526
243069673
840331809
615345170
462249604
578800911
616361139
237248897
809148479
565332371
670969815
909840189
746793365
11719424
701131592
931842901
610156035
26044469
70258153
239644144
230499624
563903168
143909347
319990807
613862131
949691521
535995705
182894894
668064707
668309361
322523710
755192880
304416706
875789087
184812187
820730290
938428263
656484069
429603803
561410743
358701727
345904503
674091371
148394730
260222456
748109318
139470510
270181703
648390521
705039843
212042560
351908621
770313440
891093841
495650568
241286749
958956348
950622264
536700885
314977329
855414119
639931388
733009054
328564190
862295362
72991477
256678484
949534833
788217209
962960698
644261934
691238986
539709294
291503930
338257200
141620960
430699769
454699229
771357575
803984119
582509709
280773294
992483655
154643295
771920669
717680176
474136920
142284969
635729341
966082992
746548030
803617914
528406489
59564949
716234852
339733560
915031977
154130550
279025471
850264890
271870878
914015486
828729782
618383934
353622299
716295140
141418215
233035
927211634
601039990
830247190
775709763
141114505
485757516
281458380
107537292
737244640
515182385
842488724
253804854
672852752
245098371
360710947
970284678
112097806
269054296
198276435
273067619
243791222
607309831
762635314
499287858
823010668
209597903
913570026
796880543
563957695
605521510
244259609
410816051
464765783
277475101
561048556
618483153
233325152
247390213
363549696
453743880
714074690
272605944
289970500
323324659
811309762
929191734
607740130
599185834
431581597
71731327
222162852
998962295
190899973
946884557
579985359
728654282
498939498
255361590
910151521
210257637
673734659
509211344
147361781
191652379
702892268
844888379
438708492
95481922
89797710
885359329
571791607
513679329
573349465
291866527
545287949
827324047
843809013
776314382
362797103
47877734
549539119
917801170
910107007
825725869
593299747
410803937
626545956
365679756
333570332
734330888
275455009
410846774
88872679
678536786
36632688
809840566
798469395
531136961
910295084
591342659
337194596
397313276
539687504
618455987
930236637
79844807
388997406
700319855
463311224
570568131
102868259
389329048
87541929
372011856
625351445
181110643
59374930
180459811
828167449
136370543
552755595
612726879
843097281
877052069
478351932
381191530
456074409
929710557
178570
190608547
161592025
935659628
206662437
515195409
483456834
195085138
554553812
979400899
133077013
584615877
194985844
784552829
347052012
959733150
520223753
339997542
536650121
518499410
170350433
737157322
324969745
755577904
777690369
233610677
300815367
548346597
271092591
323852751
704557126
346081381
446554218
843426058
494268436
791230432
494905129
1412871
445117242
791019795
747949505
71645658
787937516
93211516
891829053
52416258
496756987
474442114
338456360
283469227
830370786
86474565
741451900
552045099
566211120
946331310
907864238
483791810
616291113
201939721
884787948
75656746
786002622
364559100
286480581
190460821
423352953
623693668
274811010
867656604
851052845
952636168
423823430
141909639
614458141
448611075
784824389
33960303
841020813
929668910
524370884
317735860
362221099
978403074
747454273
954452985
926031305
87072010
764445689
506004733
580352508
198962595
636187533
59702553
79861788
979732556
411756366
748853485
64824009
82444223
523647467
702813610
602861597
194845456
266994175
941575388
675119644
690082484
8821641
667121619
255682655
503125035
259898500
339506815
161966791
365839651
845046228
541408936
520791028
802350119
63973089
947524189
846827031
198333025
46796902
259272461
642491185
426230608
893175256
441312007
247708497
23832126
533769463
16463976
828874442
710358324
581717383
94994701
289818817
458506250
241364062
43303574
277029838
206669664
681120714
69158100
884108323
664384375
390999454
347491462
813380710
22879108
446746111
720842212
493930519
984624712
182896187
812762842
67389197
23603582
936364661
641828032
455048979
697684167
362274073
232586499
903638159
47467358
356485366
833550287
579348683
579603764
193883893
810490723
786741666
693831829
205130248
480081548
227496536
982089013
39477634
258154698
907761030
975406242
109448910
317121984
80579523
132090511
616956549
744491220
950969526
36731541
530077841
495773271
260252733
883819588
180911016
37202996
868861846
937318148
799444977
496203817
298646718
36637719
247354655
580066076
754061312
627877245
335935992
637091093
815257957
745512237
914314971
967885644
745275011
196011526
194465841
376628245
179361070
658022089
257315469
188345500
769108437
630612285
21920127
602536600
805129353
705604262
218712357
318720059
447244207
87542768
980841060
751053023
320016971
487448479
333875191
781643419
575908132
707406776
633002709
846059731
997894745
725861470
846672581
760094595
538550759
325824349
254219382
820615448
580459603
291696349
269193323
562766397
9050398
902666812
214254036
567966507
689719839
1109358
99296245
456387702
715040875
216364643
887709695
40649556
207370944
636516145
849576564
766419398
406314366
257721934
780641569
95147147
157585046
269571387
548464340
618361798
762684826
115535973
768642432
302768550
260688696
774706909
309443733
804241788
27777873
722227064
488559707
371882114
755451432
989472552
366048914
814002173
460777889
818581989
574582309
913858212
4225839
132532041
96673044
615609525
190016288
279059812
847747819
623070581
110515689
42495245
304172034
14658020
985683556
785883287
580605530
964718338
378022611
516676567
570930820
884154179
109943318
168669358
36920560
77307061
897189099
599425970
703346769
611403985
513871000
869791551
907862476
812484109
958186539
490456677
380371776
259020506
969534014
449489764
520423083
700037725
487736703
793471844
699716261
988971505
258691078
539305188
490488072
733043019
18870100
363906297
502668574
709340316
484854231
818620318
238346136
752518611
804063091
444105158
903718939
438948528
791014634
874391266
313611564
239991617
584011976
976109405
18550971
578494489
923790073
607493270
826234087
307409422
654745761
233503616
996087280
750540334
377954442
652698770
348061120
938755421
892935028
768433462
22097997
776054473
302413776
782692822
600556799
187296639
984536017
64608660
800937524
603702099
330919648
643247166
534815170
916497531
498656527
681433849
580128814
643015764
553184732
95271241
950254261
650134453
341205685
292935303
875760500
483569605
610563809
784960901
905817673
3861137
970784826
108895522
374141163
674831184
508195882
373866708
388803744
390916949
937061724
215914410
316783860
946146050
169281253
309374248
176737458
608713496
683083356
599245579
114325735
480366667
900654896
608817594
539789117
827575342
221757416
533510393
754075873
471963831
118070453
348237919
840909149
846772388
5740978
971316723
741568886
5524392
731772669
315813593
358320687
916018104
316618457
686913826
890366423
833242908
593470428
222546986
465878545
63463532
595551635
953236875
172163782
103729454
180120838
301402967
30115555
705029159
149138260
232385279
995662308
756593332
985703712
230917927
896136478
411654045
328297254
945439223
620280704
222644368
106555262
40713687
323859170
804376122
31210429
315746493
152678466
314160980
737370127
12379009
977465973
138914926
771508210
411082386
452883716
534917086
910834866
14469800
441047430
479413999
670022424
393778688
698369993
891738559
978106952
666295675
616525002
717208421
356387036
887009801
490373722
700646909
383058325
811170069
819869623
758678943
153557637
588212392
22818055
46124282
364667824
106018812
27036316
535667421
878928045
984269753
672804990
133802226
441495391
34401312
701044510
237145172
138068023
702882608
737333356
648665222
731432910
549485821
52832506
847821323
695293040
72521384
542602982
864469837
114413266
162451838
27801762
757875174
702154126
793989185
724982452
233701053
180810311
881788725
680319407
724524651
980029693
825958532
740450347
520879580
216981315
601700945
839656486
473925951
849256809
118530610
166656622
660547549
784490836
100317988
483530137
456713716
420153990
283247130
307680455
154251785
444124725
122630003
673268368
7778377
4164233
395140748
391578580
132878751
640823396
42696528
434911350
260951311
961232146
905142553
626341296
660737137
117454905
424732593
167458195
564954660
445841860
612759954
620633410
869995928
962356158
37509114
666348496
147939396
257145244
18494109
93082873
921369548
212423546
696334167
434219032
258871542
895613496
465198795
418445545
964304022
117050478
285329149
956411230
55077946
290448749
144304100
766960062
878851016
329165606
219123605
580971390
821365402
666795846
257602226
96876494
512835235
845978626
223831333
639282529
341165868
384313519
511625113
202767407
202813635
541782251
506736245
487412665
16817
251730856
331556391
551474434
615578571
534463885
356520142
863750483
87260484
483664364
798640482
739837501
997531090
921012415
118406595
292175139
418901972
356520142
863750483
87260484
483664364
898116270
713345694
179897647
959383478
307809798
833703665
244985484
539333699
740414717
869633951
478529042
260904713
511381062
706337385
739151663
258570348
993618325
796107074
871676445
370879341
20563041
876227564
312200598
566342404
223081061
741299936
875486014
481349747
526775863
808831252
422675108
622798100
85423512
520468682
902125773
188979489
852946592
628364827
962562549
785622362
11714339
636364698
519000563
433886152
893801821
634285231
875515882
367699462
473675430
28803924
434757081
703810663
812171113
169689824
589913331
469042444
316512951
748659770
210478610
797963332
473755609
830769945
561945175
624607110
495919199
349240956
384432198
725475526
690512203
538977425
660030567
786057050
239506636
947904677
183020451
613548792
797963332
734001208
97560654
832555613
9881222
442608943
212818500
646854109
989235808
660364226
463676586
597043309
723973711
759165425
515996941
867646776
50799656
616719411
411927970
27276810
415579308
182640846
621229702
141100110
172195613
109610840
570529227
494586699
52503782
742149070
744010944
317172165
413444055
616994343
419247722
587845002
162539548
849718843
340973986
500387731
309995296
381301602
421509248
755853496
434603890
992482581
529396850
543449459
907374274
81257951
605547104
764345486
128144725
22129114
862532629
35060749
578019605
803929906
113363906
885598080
571549219
285047741
181349077
362773715
597622213
398030008
125497894
113806930
641993724
392941823
700961525
966681291
329043009
505705423
548609668
157427296
178860070
356810143
631228499
569479575
173619925
41571217
894590895
727825089
790024686
37128528
742149967
500357532
127156319
724291609
622894348
800860969
349531099
617608637
453527840
523342310
24779106
542615937
740965147
202243587
841678023
158600731
34631248
640487709
924933222
646872054
370870885
392584118
659158920
171316306
318345781
979923425
617442408
392997597
345062092
509072697
775312483
435972324
507527687
382475929
728495604
697762956
645257284
874822228
490140972
69459998
239151480
112823332
157958210
684840723
931282700
98128031
898352405
465189138
859842555
740235964
729459461
177399527
82412997
698277809
812068951
744397442
693929140
335921286
361535911
524820938
61135058
435603709
97581818
591958621
330817164
366539727
86495532
104244345
894482531
325879621
672746038
38830517
212733948
592337152
506440240
926464682
930005593
534792744
833337212
784471921
708775473
629460492
785842673
561876722
543894174
535373259
533686904
829265741
375783990
711872544
454659822
993513875
8535898
538977425
859477115
969043050
277208485
116805274
415114367
567209559
16254636
80965438
208050639
752690553
532233529
387931634
897554880
37338979
384219098
511668077
99747999
5681169
540336424
548499321
778369456
804211836
368941830
119321361
303892417
948658733
68797719
453596065
798864844
91862319
660898422
662557079
942423867
438112101
572215628
424523432
23450221
227660213
156118556
631245161
515854396
111819734
596465497
698090601
403070131
75769716
857303825
803129092
418015636
80055749
330199148
130790832
52895538
684323935
345851307
194150065
942078611
15867985
208988537
683113264
159933508
531844087
397823756
293291041
318411123
695597602
432067208
559359839
651663272
319669593
718601940
39597173
623414073
248783069
20339461
751574758
521793171
126640031
869157592
288860008
64705772
803966124
653765412
871777596
538283179
665073054
965653174
420736730
248885086
438681814
875279274
265008815
544272312
992869929
771458849
33233054
574318307
764522133
305119397
237390127
121951797
299095940
993969674
624692344
673415451
696113093
517319109
818694164
949885196
112394546
344560848
533980395
620053555
392623517
682124225
636987159
887207475
726407073
686212435
264615424
403397133
499253680
77292859
304555897
793749632
357973164
487922090
175460557
508460370
253407678
370110109
643976665
479823313
809349418
998444889
479691252
645431340
233163028
770755210
269306827
868276938
716862645
885649652
680072724
962018859
597093186
784253061
819657061
576856134
69108986
171697613
842486217
647853278
746362567
969798856
838336613
423611114
375371356
127648487
480060304
104961508
314464050
539596532
602552637
781841034
348279704
416775902
66961327
403268009
850311181
118891922
47553302
905078867
603570786
535637455
364112097
100548061
313846775
706029692
96412656
767475438
382997185
207133328
87474322
934679887
985982048
390292987
100906780
204596687
909419875
27929551
53843553
117455033
756389024
828306389
271214471
48073583
206146551
169132227
714452044
17734587
767996046
640547210
519985889
765858830
539599466
354914974
453561
358929393
711660022
98131962
769057318
248168333
213076927
50441046
658072024
443734765
60331978
204405265
685044847
504087065
122217667
390061154
851140683
190370009
7581509
229076421
673495868
14789632
494532092
324530637
504236930
506516351
29362369
573255989
89922119
181279048
674880764
488319168
588829481
29281501
427488630
788360679
626107954
60838763
805873052
979198808
191379862
223918949
515724385
859291918
633379007
432818298
860587222
562601800
923099085
138185619
913511328
78207586
899925844
868923022
836960489
31128599
151213906
790267478
68568089
174652512
941497181
589816132
629262148
100842423
86586859
307063272
390702919
936640159
970665984
891939394
406033023
78276287
949670736
218493191
866201617
494541107
542501754
210062795
856932062
89267871
337242719
398116705
768921542
947774908
357872161
212162006
800091364
295196398
742254037
652282459
801712801
238141450
716615015
781987403
352922734
34834993
980975425
521556896
243583261
329776133
515479853
997021534
252646550
14189498
132572925
214030933
393076596
682893413
89660063
773404650
652354534
468229868
728263733
763102630
984036980
616350405
183854449
60225592
458159278
542663804
816636791
107420224
827088139
511584165
66531667
173685954
768461294
581661615
998379019
665016512
801939531
332058338
889513734
466329362
323935875
91378742
71460155
585307060
37367686
535674396
268408064
317740870
567707151
803386749
394907425
497646437
474183469
276711642
572096729
526568088
129550203
425216519
442864154
873788470
982816551
714259823
588829692
383860824
125424460
627436303
382990270
99523001
335701234
239814949
700877650
221985629
500296178
95317234
350251377
194869122
170996363
635453062
638461903
813299784
937148581
143345084
54805229
840324524
14324071
737035010
636221361
70936151
332421905
875647380
20261260
524541101
401587535
670744797
96903038
883398320
445793695
386523449
833261910
603897570
5703001
642180032
905085868
903742841
130790832
52895538
684320324
241135789
815638138
204653079
152422226
416027422
678962361
253664613
671786655
142243834
25525878
606035099
659984513
116879053
763856333
453094593
761395092
654066294
389655655
73384208
194759663
628821003
334673992
294764856
212921642
806403119
777186669
178176806
521960587
292462883
146987975
320385242
801734939
881510238
376413282
643169997
503650696
709645790
590137285
80819825
221321911
654420370
85123529
410273317
822743013
263034559
708543606
40062775
239501242
101330334
142768570
760978441
702533522
227128751
402801059
530445933
734542174
414737661
103765622
846137940
575145245
301895604
107750384
451469560
757202644
309026951
235399160
824493578
557787620
495907277
481681969
945798253
637290715
93733189
542608455
814804633
53837541
169580122
128725434
805991493
786797484
642499963
947697505
176714633
193173951
662590719
318898049
565738698
649107046
199310565
688390659
337201198
687665420
808760780
783834625
488126029
175405280
191320409
157100245
313740703
201249015
232661705
48846215
509911616
954989528
732127109
315834611
905603317
426219603
661307233
513809613
665604556
607558092
835885562
956914897
599902505
868678561
77467521
936809078
839056777
782312960
83101652
381828654
907477657
203607582
193577995
137664289
131902151
386146052
61471777
678380551
383161914
449856570
160794838
69372735
96738371
839662939
636164794
509248067
134883212
624599083
150707651
445430382
178897241
838333596
608241897
24185372
632983237
620067544
910026459
993051646
378020865
559068964
923069058
821273625
589094084
860468379
861841314
827184192
169729578
647149540
247456649
854766439
261697599
111002051
895433718
49176531
497946890
428739215
517215575
764315092
737369370
679011439
922394435
890295144
26457069
28092709
320767589
261345930
348611434
7726504
730764595
766544768
963548088
648691330
857283814
962444135
599474259
130684191
897261668
469420214
340280139
406167386
252248129
482696412
323885799
490985241
983432528
807026839
805971644
495734181
287730366
628393062
192935368
852738267
217490141
542072221
47045706
688073518
202130906
52725130
129034970
901539207
658131736
262761573
886554366
287025316
595522799
777985035
417595584
40360168
94567755
278737494
784413051
143332023
174094786
477781796
697990715
571466539
799952244
414143317
35206313
682256352
366488002
576390011
654657358
960844499
973266924
32369919
721256261
950109837
260035473
708199594
864827923
426083381
190173243
884264383
78357953
66845419
995598218
577146032
938402510
811557262
239118221
169900000
927545405
64466647
812309992
704566770
604337817
29015336
683721811
189424394
864634949
777741395
896648662
218024049
677879916
539955698
280257769
628312038
704293583
578061536
888790336
218771259
760176870
812264879
313595616
215775543
207181612
48568947
377472272
853340388
404530076
930629970
97811029
915121400
554279453
942785578
98450215
909436243
793146330
819454293
311167555
216454736
707115216
291563296
193490111
406783523
948288662
95645828
773465523
133449373
56801351
165933137
902023020
95918459
994453173
216399224
424591967
390990705
813410243
699392144
293243511
610407490
216902889
781589252
425165587
849755240
130551489
707401315
731425390
878277699
8843995
407362855
220264791
700043337
686178462
599998385
386516959
576729433
212722647
236748330
886371282
610706897
650490464
388180077
223387061
196651982
32970140
638232355
783675964
279086368
712516053
959846063
438849202
967118829
771804930
843857178
749022784
155974833
599236735
754618962
340650312
2362099
596279124
675775240
779660755
340299357
462778242
696815255
171513383
796125237
363038900
460261256
468865425
627915779
640127839
362620351
226858180
814748178
435766682
731739510
744272169
471801008
816520865
486889061
90698374
703739243
413045219
420515434
310585834
835595730
949264046
820836065
756272839
525301432
870873215
25537801
663506755
478056637
745012345
636954770
176545181
264595780
242634547
212526046
332981246
298067296
272838496
975826963
157540363
797985882
182507231
675578349
957500852
594660928
506640141
275770366
343735506
475779203
723339742
861658715
728614264
914954364
154888985
225193357
680680513
175296373
774185177
880041865
420454052
377910240
859029123
852989760
477582205
459127319
799962415
473838815
33868859
807479585
470010125
358453600
8111971
614669810
551233756
31561747
853496321
257372237
101597005
725847348
289508350
612246823
522498985
957611933
357683427
21048804
334073602
682280610
891673912
116446243
398084451
257340266
109943572
992139493
430977893
705297679
33620293
798784442
249105493
302569877
973885179
487844335
289525483
674304253
857313020
987196019
477172149
137305167
984373992
27283009
190753703
384954176
31014901
833296855
725643398
843168343
699077843
50131113
342204003
162988278
646459947
702065071
382761771
638150404
569326971
986853542
19315915
303269259
171538137
55464469
942485711
513635994
897752473
758185167
440598066
6425372
388820911
574184376
55150238
450692414
89583823
472881189
531058089
299507837
625029940
233411003
785609721
310847235
957871097
31563053
545471480
317587341
168969301
900533295
13809345
33022973
802411838
720918222
847445693
102174789
787306547
136086895
956083938
782886401
206336311
289274575
852746645
929265967
664727923
344054512
870251646
206137176
92066905
729011194
841383910
269825055
653294005
45521221
903102249
618433649
394418821
391069266
596711835
432882077
179774238
571474517
721566071
435687506
717361195
846333287
24570996
621608644
895421466
532816827
220713175
628675783
800724380
398025950
673661042
256624284
728587886
394669372
109174275
639946758
773064910
314033219
254905324
628109494
209078376
52063641
57372367
877181430
750065696
819055865
574341637
446673898
718738185
954807411
167196182
674217992
967515656
771672487
475350346
443736077
435838803
299252760
313054372
927661156
807082635
777375596
959675188
252129147
624080645
744355852
857175872
575738594
807455235
977061966
180950987
39223180
438894658
374506008
610637537
161474584
603343107
935695162
797814165
112037318
345005498
436469270
844090567
826461208
828220548
880183739
609346001
552187920
390632497
463786696
976941551
945722785
323049416
818273020
603195410
387541428
35064232
305751804
581869940
187429374
84791466
765276965
168530977
721632589
290591505
123099834
951818336
824959442
918611652
51616461
451776709
896234294
310091201
571567274
483566781
482514511
672504796
85620022
113118400
617994402
290925483
515846893
517010165
31440127
85848215
251046511
473333972
18222172
11282433
572824530
687530577
256669792
523802244
189205349
653505222
902656553
874408658
217986088
275601759
953043459
318588034
221203863
495022050
839836087
772309028
111551946
236796705
442707698
842044367
975116719
899525310
545812535
697840773
477300916
316207745
500035664
683598679
830246079
10871391
955857817
924201859
525592304
610313908
31035738
699494832
678944663
832262278
471037928
343397907
639277316
173337534
726019667
29715440
939796731
896733464
675054411
141834490
461552122
227207593
648365582
805354646
566572967
83620491
398163072
566137916
24586522
501748814
891969034
498754056
564296682
977751298
249469464
87512171
71430990
421977574
276857576
927558892
485314075
267816337
874436742
455927439
557997932
86075253
487561408
158862810
906201074
583369601
123633781
322677291
332716478
637664981
639449164
15173510
815247558
911704883
445343969
593906943
405057382
550719178
561089983
201964677
834013632
162265743
305931753
821884780
657542948
191908531
597666919
173339495
718486659
787992437
994794726
528654777
213241069
411715734
974303094
544132961
59869331
475169290
623017500
697745590
751313616
642806968
588502225
297755114
802535126
874050025
902401011
846289134
977799518
875139360
900881238
819259189
511884252
115487041
945394561
929388456
34110982
549711424
731676216
421156742
9625853
86540726
490951069
233220171
720961633
221645295
4214704
576903319
714374944
712542088
426057917
556078616
600184666
13527254
645840302
794705976
535366925
234334306
72533789
376379678
455909222
581775523
196922515
980413947
181088070
278137093
872223460
32969240
695233323
773764410
326351917
112298604
221795332
533411567
888190987
70363288
198344985
192192989
306199810
915783229
963407692
432676946
27778788
175696713
959157796
974523497
321530248
539564271
721953592
136321439
499202711
642542932
716806664
992565027
359346454
4924678
166770134
835412055
242642474
562548104
66751868
739739572
868327596
513186963
706987077
355834332
196873128
589991173
649507567
126529050
452190431
584825282
43185513
276985982
497635729
271855808
47324725
740192926
183473315
84381873
5886800
94074002
507459411
299329333
584313561
802953462
463790452
510603077
535416432
815314639
277021937
170596249
808354944
934104074
975816978
693875418
7577809
111117128
610168115
787046327
230706115
571865616
534988691
947785181
169479617
16901889
846589601
26403801
179160331
342968217
545595786
977372480
244201205
330764255
190146800
35160065
181706843
654736789
103885857
693558815
372157859
782372213
179629659
794765728
335831571
342181462
459615236
767837564
382828113
114453511
821285459
217080637
224248590
529974314
23509941
205133987
673712410
330029799
610210785
56496357
573142649
425240867
57224777
126576279
710525396
610920470
675924582
71770179
182323235
443697959
623175327
233354330
971374147
404007021
239791086
751347248
961384655
935471551
848088419
148323435
21173431
830957351
277218690
184945039
626416663
437722107
583658165
34356253
63420388
351541701
655027720
117548974
709913048
208816486
716584977
781056225
657687452
42706157
166588866
565302043
596263461
923682273
888823130
425258355
224491346
260265431
833068315
698981884
162660075
562227608
287003847
833877601
84743171
160487780
783198467
579029209
441041876
371978140
248867597
285462556
57259468
649870590
663422239
571106538
951084434
490662870
798599445
554665161
698621946
455256080
5702952
143361987
27138020
463111892
923495328
973223687
870801984
218230479
656820593
934658378
107621381
795557175
656214881
619855941
560402754
445842230
388031051
826938375
797030164
331368119
523627715
623151180
316066387
262177979
428603798
494741143
794833652
836606559
590968885
194439760
175763301
997948336
744472023
79271283
434531756
591706936
9238583
804163155
705368496
674774360
133153031
627947570
504872251
611671596
853763751
465156008
692963166
436213031
446806035
225191676
749420192
106907288
154233316
4205228
708196895
742243243
683074125
373185933
791832931
27784016
532122290
262377714
523017628
774564048
666704611
27624562
81153272
716070469
938388354
957368015
901780860
275902276
644613196
597802484
592574362
936727107
567645573
590955489
206599598
480665416
520422856
627074503
311148190
248528592
443580487
717584442
326654758
867547145
517321678
939974552
975427937
597500028
999243313
452992868
678181872
48599327
618704578
505309942
258321059
645293956
942554811
695559604
785897077
585785258
727952491
138660319
499704837
55673598
597739565
776708305
71899911
850866251
882797558
704636264
410757712
534894873
347334366
66467319
10042667
64887831
564789946
383583895
946979835
923408350
252848669
333000342
233667715
115545176
926875328
855327626
471585548
110399506
998698448
460353145
363263771
483463183
837653069
770662683
296673077
190804583
64761115
868699074
635678469
39067506
205035206
928217876
556985564
329461464
704441285
729735404
216699591
844185628
51139723
718430932
616339127
229241297
976557457
496455472
261861051
462677980
62275943
741701846
601038818
690159008
506248050
576789701
755540619
986743386
279897168
25111268
115091966
998648373
525135696
624075607
669872624
110920158
423414318
576459970
437180972
318548650
369712749
588430990
442128288
842416655
986654382
35785359
981198073
415468069
340960305
563823338
717024383
950459599
599850410
186524881
130345397
55226907
468049
884916286
429993285
473929370
483505428
533719496
40919641
469286049
949686960
13725697
131166133
858001363
528969965
543974837
53693441
35169554
630726510
569876847
664561720
589988494
7433922
975110615
697318214
177480560
246040413
145625186
225246426
324173483
257301416
737189868
126012403
781257747
661571189
271473195
156075642
668477429
933718197
560788178
875315571
252898203
350985456
945325371
586608021
392883498
268774668
521840914
965207886
778556161
192962569
442736522
127548534
521038244
121042360
978274167
198009832
94245360
424529850
301237891
576101996
647408049
759667889
808290865
151919427
359934866
740897203
49348184
423999615
550424595
354080293
715084533
512489500
280867743
703905943
11687202
525199038
942940224
792788492
905850099
139378967
853939075
217213462
174982625
557671952
624121541
609228442
537484168
328184664
482597123
896114939
874764543
884431928
730724447
761017778
238926881
353734597
473637121
375175232
526569202
58871729
464121066
681392712
902913549
864372478
872556700
838964859
552507263
600389977
657719704
179298135
235421009
741381481
771064908
421488033
868686636
288831693
814911636
999750538
485516670
681860780
870544282
202130906
52725130
129034970
788223894
149003056
144943565
230735249
461359071
173984073
499230640
658778959
27186972
766097322
93886074
973564926
868328734
696893836
729555667
160334184
37255669
646061947
740280189
175020861
207593718
437052344
211533661
625580364
564956539
855503194
939497849
790658985
356272124
12345997
519483252
234034303
4900905
923314925
838004911
268942427
917867924
381436653
274654314
119310545
281650186
375017790
60973247
725191155
269176779
395757408
835515946
245863245
834072804
122755307
154324028
217823084
949279281
440068422
370963430
94580850
534358732
523068729
537856412
74671257
377470899
901441524
152546948
726054975
25843923
777538392
659313024
437838530
167118431
911730183
847014684
366162549
336076070
37099813
628604115
468796709
209391970
514339323
167494956
509167475
503410863
268647910
246059539
606021193
9732696
985131448
109639359
743782407
119493166
472672821
402555220
605709855
224437308
832489931
943627094
211273206
21011043
49104982
514639811
560984609
613593027
354418564
879019665
57797218
628024060
786532016
211141562
753405303
826308057
407331511
868550918
536365810
399944331
827814142
788850476
183878537
294384184
768201010
625648737
17209837
315649599
377150856
956094977
703323314
713679928
219279000
23819749
5115733
444624666
871974756
951088610
91879626
435175723
931918562
469154701
415537173
376954278
319960821
757957119
184487107
733332293
74687835
935036343
284125315
783517057
68877003
514992371
884634610
650494726
871638781
686852823
878856632
811575851
689908124
47614969
464444575
286768012
923171421
793149290
554688689
334094967
465647474
264450825
125828079
899160641
986181865
536012864
957532117
291358952
571991173
858224735
953179710
966713329
856459004
776921976
956322953
790917377
487801943
94003934
44262391
243875431
693348920
575929307
473701015
935847634
278222657
39805266
717971222
700165650
797129785
95943958
180780478
489222592
908901151
834955748
752042175
878296356
861493281
596117854
921410490
903824077
951011192
329931639
409610056
25435534
823875620
128168384
595520336
684106127
60204048
439875918
963144718
777464112
99767264
77933737
989612224
233601803
12769262
733835890
96797835
975108068
795271922
685559180
989724372
783928758
265056455
777376683
273518772
73422743
921601110
357773978
951835548
407926976
456232995
946543846
105160262
325165214
659384526
656166270
564229759
665835519
84326347
222696598
840353072
931127421
463435747
733958670
855475209
772792270
618582788
720730282
903260621
661592077
923096965
232263496
36385604
9385685
283453089
345805614
509655107
598238285
43208412
684429584
702876872
408715394
568664622
966585573
848338439
643460196
341658623
66238642
234033485
454125804
224627977
326870465
105225401
141362571
597501713
299157800
545131115
493167785
145783742
138037699
724207489
406052603
796300370
422806501
16115894
312780225
263816708
177908317
175521772
572045149
580550035
193851408
682868971
166600963
366652464
592476331
365239283
781732347
153178267
406375381
164670647
893030526
858781554
26365547
436077300
724973951
707506465
160414957
803891081
4413517
771072857
251275769
905118708
502897005
703180180
5599637
217200998
676549616
754979227
249548931
351541121
755357341
255618727
432101336
156863816
539931369
527553458
867642511
213255083
675690306
618045484
778892098
786225892
588260843
117501283
262334832
314532094
370389401
339554188
362501720
379696723
542003978
676595276
637457852
526786762
92119878
241720732
535285080
809397479
983426214
276139240
509360960
345552870
727196790
311484994
355599619
25612861
208982120
879501564
397747251
674604482
781374107
33988648
281301532
506914590
271586540
317120064
988987878
445191360
392209072
929668233
706087396
22788251
369446844
868350667
632363686
231506359
753783733
687433143
365014959
538439553
395666024
447316113
316028800
585132052
709628429
966104457
283462026
258382089
796518010
82108409
610342924
892858510
419152202
772412387
999986982
67365087
928730292
834251051
519217666
857482718
802220962
737391717
813230596
239522976
221359080
362792617
486110783
898706305
255219184
283765908
565163629
607885013
335571635
586373974
819137369
619968837
67062676
509440124
250750923
868346466
585296584
756045212
730934589
3952485
61090445
915938369
797906276
455932016
478861053
83845900
264675680
207849681
269433401
93381031
12820534
140325008
316244924
520007925
400558953
225404758
219358025
722340109
474150978
821386441
434356547
251620046
671963053
216012349
786884580
806177419
555164360
208586265
762637865
862547439
267010873
354271391
330928388
497745030
25744003
664166624
622895076
637999352
270739946
749944261
676906608
474277089
172182272
868542834
458516302
669008926
408995422
165111713
463441981
488396136
95943827
197234697
88777457
326984492
32602807
970360971
952931580
378268202
57971627
750932954
336746864
9571859
487050891
191194453
204089088
986099063
416022380
703603366
41970358
568013713
983204213
282748081
378837055
992408813
649892878
607625138
627789224
744879121
635355967
554549398
809776373
294289542
62068288
203724941
250809641
345633778
504573904
405242159
262268876
129922079
571145005
770212574
477192236
11302196
665951925
826341924
559818253
29232107
56369129
148000007
374564327
834563145
593183464
106730812
195689685
232097966
986316133
436431130
148214947
777862967
989048790
648892765
159291427
787257370
535755496
531903987
663859502
774220446
93810780
779975410
729843295
711102232
402432414
267190604
23854441
570748127
543289899
826422743
834346048
527880149
362664483
71982462
436414188
862953122
174291050
296207567
527300225
200799423
847781955
89423418
43634246
575634102
492317249
402753856
263958806
786746195
701156508
60958583
671838185
394005537
543700371
929381729
414959711
109516437
703078952
460391859
246199163
421784198
927616858
864930216
384962748
56003
999284794
544750803
497496747
70873796
448307495
517327087
501760826
738311986
648418059
779923240
548179165
1772555
166271099
29231238
481160891
219304176
135388741
431595150
449228006
704771598
121160158
276064645
704563762
457634200
707489283
889431220
651687502
257526496
578042611
258847862
656689575
150521161
313514333
507542126
521843122
744163961
619842181
927820537
79121011
22716400
361624150
971978893
282122757
537304876
763761614
641882592
518151657
370979600
18400758
955845994
872378662
266824499
848340445
865581753
13110832
65789963
256970927
805319472
856590592
657070197
354235809
606511019
822059933
143304889
186694100
188835164
79734614
312064576
554797887
882773661
820277676
207196923
388532072
195974582
550832080
425405453
79513253
270739319
263543667
311963514
165617750
797427664
582656409
237047917
205035790
801054683
212631680
367603601
187169427
458915069
989167714
109143783
445098913
891604501
864018409
704534894
838592258
594240783
547962484
862224791
915989017
895419067
499916948
720794471
951594178
46339022
830314820
802103511
859151504
205822858
584843732
959715327
381171929
688071397
752812926
281302220
110734464
71364621
10278755
899629808
932125282
534840541
184990522
354600830
804051054
233628769
757880140
449998774
161408342
568643125
419211848
62343329
714288453
552703354
5542123
782953545
616534578
290496171
400612181
308958035
649499093
913057652
397976357
209008527
168114376
831340138
765486901
181226271
109147296
659284993
570934131
458203270
386127211
193024211
127552814
825973325
607146037
609666629
560638600
698966945
369513338
129567253
818272339
398473810
351064564
104091380
464906422
601137788
981163113
410115244
169594366
431893696
375728045
905075750
361040855
577352295
57850467
164016606
311135435
581583609
614824014
265041170
963946991
750898621
501447588
169537377
506085247
375531173
411098588
877657890
89536141
22398858
259303504
323286932
335873835
487610502
109868120
85959970
159450712
280883600
873739279
282681351
677316210
88448051
371596396
3141240
972669037
672171395
428478836
83768500
618039117
221781226
969371598
815310164
881124865
432087600
393095265
15321349
989628628
301894631
254320083
695293197
245550032
272795263
901598359
204005533
789786345
730272369
900290429
780856054
509357284
449527710
974550737
905426311
416443850
742797647
963485063
483672273
442073951
768976821
595535855
25665719
140503009
705768900
879695147
837564966
680082691
497745653
369929187
659080148
219717300
462821214
109481150
268852794
968590508
213332511
579167628
881111023
405689453
487292772
617874593
932701763
121152303
100590728
849319299
30765105
828573568
468396320
572158744
81883261
668032532
325166321
926307468
770738281
272952237
68711618
793064625
483771604
334640793
687069619
113423258
567513692
968632609
899462562
90767253
197129664
978920909
48656930
28472809
265968238
463805519
708630304
721021755
970519166
997285618
308191581
128176128
188709115
151521086
271569977
471057084
744854314
26865520
494796057
783715930
969570252
231145781
315102629
942787456
85179989
936385535
365940349
628881437
928624499
841946932
701519316
126897020
977420805
910079
816352145
577655009
287003938
687027840
928305968
530595008
603398475
580299436
702165152
190892682
205179663
991436756
65655050
710173479
468755055
874926678
343334995
718831212
92936046
6826350
522027732
716174030
402055573
763593016
855098363
127552814
825973325
674058264
684045199
862832658
66982836
80597613
943536300
987125737
555998958
995312612
848957907
186350982
615495133
718250125
52317821
706798888
529510340
329535977
352379853
146751081
898137336
102786713
397954109
947865236
270613456
737298676
459536475
372222144
537266315
166843801
584243782
885500078
238753120
505373894
499509100
217549524
390295478
403555307
403552228
725381008
548449443
289560131
819257785
888127455
247300574
889407592
51575221
390042502
89790638
717491391
861077619
565247466
25968245
237944607
583882939
106377561
508982097
649532642
665851969
278425349
890188506
732933344
279739530
763671016
265066831
175095644
78081368
895621120
501750591
762291708
424418052
278322295
824193497
389401136
283003630
822608741
414902485
634908889
773821118
857096258
381703190
227624725
571037794
293337396
180757332
858149119
359857361
16415154
717230282
638168917
631806774
105874357
875921252
268815442
327221478
884898232
798731540
235015575
939799616
893033017
938373558
106114724
121920221
754111156
972922916
86802389
838778642
282457823
937925098
360743937
416264699
786425643
105180668
832737246
167104783
700118221
965097249
516543803
675873497
20299391
967295576
378355199
718206322
889581459
292586266
796377514
262468932
322779943
382852742
805193318
286760290
285191758
276254846
299566374
901062420
692180189
686051590
612839637
453221338
437521164
240402013
6769521
874518254
184653279
695990153
543513895
731324692
85853900
724098762
607674976
757795502
779106525
947068494
327662294
604500902
611380798
82649156
414241019
359504688
374349126
949688536
553743824
160482708
281731134
810739400
471062347
196753392
290614017
52738993
736740805
135346650
83775505
290389523
793861019
240824271
527288555
118617842
928825308
935982599
550352665
665865744
400076307
210442514
285079105
336144175
183516883
535943539
422326670
610159746
563685110
418836388
766327500
56410075
378805428
600900325
874691692
338417914
247166129
453471039
417657714
467268750
293408269
296012255
696468261
762930399
141034529
38061628
447558370
479341086
60334068
652478121
471684294
647411474
103118635
721307566
333417193
668734947
729273474
531597548
687290891
876372423
955684234
483793792
833935811
165360468
731108171
249666404
122912389
265477051
277567104
171499165
622692131
226402867
367398781
297229953
437104207
732062854
850711947
938992591
644404804
825647838
803006084
73720404
852254796
816147240
478868917
436102072
954764240
372985282
20510883
49669566
106778642
521616906
300079547
451991944
470801300
381407344
743603664
130192462
608191036
979463383
954530383
247862630
448503946
869060649
248430906
271591265
316224308
644845219
750947927
210403669
183952010
493834422
339192647
323049290
2243800
6416034
636509278
868717164
497154091
916501669
198119241
978493477
204823489
157605592
391141490
997124385
946454355
292543736
940690668
943914690
876821200
241898125
14153428
637525501
571474075
670644045
578101456
556001134
634821078
337084152
112631172
569665135
106589305
646102684
180974901
955090883
309448013
173187900
350239886
919074769
154326608
841193783
87580313
135339873
590349671
947163713
169374882
820808073
506668315
349523836
424818083
739617631
233976701
361837445
238241129
603941099
716226720
407493335
295308892
955905505
271685725
976941449
601775396
935404198
911742535
414249405
276225231
221890969
586733116
154139815
961270434
628655687
979562286
999290558
701862699
911380485
793089245
969111227
525694039
915111815
578056574
829337547
871811823
364274335
144242207
485770963
195643853
335030928
174197888
310023864
215673566
863730037
680596368
916509053
143692593
326212037
952088314
765377897
649740476
535731146
6417757
787649445
849692529
550058391
943493771
590947866
746514255
758096448
109569540
879797702
931945870
410193894
45081678
500183955
3166180
942913120
813329554
511809759
363566104
977883319
201137784
821263439
638925700
514030714
158032236
83817528
541665401
277785820
837982462
868898103
350004906
370693750
12688419
612135046
373028688
273878917
165721509
948863967
7679773
6714502
663342590
241252239
188026967
215457842
612131989
325094639
183668673
409191886
917265681
149659337
427578677
52275264
210694660
530008784
371513668
136834515
828305379
435467905
107702945
394259550
525750154
59135900
835125464
360001123
268594451
524494661
474482621
714149973
757421509
386759373
673248422
742442642
594076708
880513464
477766220
753974911
940254799
118843585
275839544
662230079
9244168
144052242
831387735
988260979
859182298
994944275
410194651
829654626
928788625
903654806
322263596
632325690
477375991
931754533
690127105
809023245
920871056
262465667
899372853
686482762
592032142
419870101
386531791
976427965
711696986
387610321
804059703
817911373
748466570
407048418
897645854
698762550
776488697
7163459
333274790
907861246
232065945
445266304
865824077
428287072
202990382
860991105
387072137
215113845
497801045
97967392
288658138
163549975
25890732
565663469
301160497
329917868
299254461
55571966
220272960
323244039
540330333
513127694
511892242
500182628
393522009
270982509
651573879
70531942
811059305
217337042
228677818
608778005
767380088
15866748
554995755
935723872
879178082
810690591
318729895
991756578
758315801
501832104
191496143
119987160
258686440
891020896
1342735
463975417
380294089
547615049
595960805
600260042
372131771
244850915
701702331
490255648
501992473
857834439
886516887
593230655
178383014
765443921
975659592
359998669
231759314
972678035
399797329
615244715
939398392
993186018
860563360
558177670
81229116
629426607
117251654
736688441
148692505
720675302
548746430
220728209
648399348
370079794
474466026
540894152
445040063
790277735
621672754
720154299
272852390
749218096
513670878
228808217
323724551
124331225
711750804
883308757
189033124
981467129
829625798
922140320
44316632
44441263
37680342
516108011
855426864
463863185
961350599
119053063
152008286
935232753
822228693
359123617
812852294
629056690
67679678
446138098
525327481
944505947
227212816
610613010
47243506
562530701
715654161
47206939
673004132
799992224
419338477
975694948
761269776
391148727
904299462
823377559
775918483
945213031
516851456
902785949
67881191
533616257
856314968
332331186
813493162
6427484
81752552
322468563
662955658
849156443
894125949
118076569
876420130
926358383
913873535
179488476
565862805
526784320
67803939
864515603
233535749
752022304
380514010
7413233
794794449
620012009
565241283
118127353
805822122
92751620
892431743
621047536
597342784
521912171
270451987
195312688
716322402
144356142
470574205
784563838
87165229
269154759
749572797
280258034
182446151
447324351
545853554
87128295
292242669
715223749
562837828
980774871
619268612
405357479
106387105
769881828
532562379
140853114
366996006
988164102
848346260
535866071
30140889
109012266
946302687
680363469
780323339
281780928
623570774
897616291
171085202
728435395
427548999
450919158
545523167
354617538
510670935
397832567
788546862
782673374
901986155
749710413
460263977
722279513
652189922
836632754
807467093
653810747
859298585
232380019
78578151
956009906
556289554
739754519
664523505
774834887
808021141
897842546
84234847
580261206
946762035
812603284
801963581
741247631
323638713
207405845
557028105
890172888
644327668
150981121
449785419
288330976
124910565
443741586
186913466
405703136
218448187
434805035
126195255
138671074
603555585
923480112
194919623
269873243
492662006
892753000
639717228
278303678
862269745
576266276
209123569
198834407
901257097
72137863
697693649
195425553
720739479
105581500
599402214
422123761
957671266
985340396
708939296
200090455
33488009
976076543
243429562
19222763
818878130
833779430
614251080
980944346
75299321
560787500
829467559
132306162
288241200
701045586
701854363
312274817
600390312
398778358
470961498
307389213
307766158
374390657
951072627
269843519
495857934
587500081
442712208
515756050
930924838
501313747
42509198
399359877
95619325
365195207
694243345
959144078
71523771
787801633
726665942
973506254
989375498
105950346
513801574
118038893
785703967
464776430
963238438
591382720
992323898
760420184
774239748
213757806
317626601
625013710
628310074
578106985
496436495
479538501
785984604
586256112
573798167
450653912
315139901
364966455
347146761
597877886
276339473
157782546
225483971
824165328
893994118
556082575
122548754
143880677
142437431
586160937
135366884
94917516
814184334
584683069
850004301
296091633
142112302
812828200
577369186
561460228
453249030
258643337
691641958
667068129
567137942
342123639
417085184
267394066
281601570
363254058
709465584
941408832
951415654
363962317
678062689
991327932
649566532
500945945
175496681
312231990
710684085
999008539
306982024
423541466
917924604
820759832
159115847
155678393
16182879
121464171
554005131
110917660
783426812
239929305
4730633
914874570
343180737
569226353
25711992
608503103
773966803
686435210
674718680
234102536
851000724
89135182
919626598
502363555
519814772
892847003
750057187
967347103
170061214
280059960
491280889
749472550
582073545
539101436
981016449
401649320
42400307
934927073
286532178
865259200
389957021
877090314
553524067
552376976
995539110
92421152
999134867
962252897
354674299
816963354
318458743
439142991
469750100
344487123
920029398
82501952
148726079
413833224
701014279
379684726
784394775
208182070
949273221
557505983
737821580
856974790
975507329
185235934
457776771
954113666
920566929
157369469
730016224
191019102
575304239
960243006
334451938
633960801
876157563
270247651
627534919
777076886
324338129
550097452
625147822
603656794
843808583
6870795
450700366
354565920
555498240
547183328
253573563
533293859
186896673
614774452
674432866
977471201
383024500
549683994
353006213
42598964
983479176
937826443
752639738
786941881
525258241
849927617
959450460
512645581
348292827
685107280
901336563
575800112
641014230
979865932
166588423
372164983
529947107
651732409
414833122
413677602
695840478
90727918
403824341
433303796
964606657
694501073
571015487
780267750
247184656
384903528
917032201
48205510
348089447
109907141
905783381
152428722
986777957
461857959
81964098
217761654
828936828
672831891
434267070
329848182
461861699
803161254
113146923
815760624
163876139
577699938
132176296
972725883
361923605
238651283
86208016
451131040
742401536
802692829
447633511
651804079
994159149
491190640
98242132
381315294
676539433
760861752
114285601
977269316
580227242
986609281
107294775
540703060
659564198
401680598
103228241
763620540
299307355
989971022
118748481
469440605
579401719
746776205
940382850
33008437
963159938
166193004
200079670
249760452
427871376
877656747
754604706
721283032
370861705
567597148
490643335
479617320
760167105
262821311
608392239
951804977
735869699
46784979
442815848
464787287
2711096
188099087
543983852
551315893
872551511
851400617
386087908
199299954
163138058
839784192
473949842
14142188
607002253
476423510
966003723
676409798
776780881
905339465
728434628
796153604
826001045
176567140
299304977
150195903
180278958
46614617
893358026
170386667
82978852
65344313
740821561
483501066
981018287
693584484
500150527
243246158
101257476
347004988
383694668
287095074
504881085
673447838
617421433
265283759
301939900
114033515
99822516
138093053
738796121
184454791
814040076
826407507
112642980
349525684
781864863
110014739
941885805
39999738
398090354
846417296
901257440
516163144
959462640
248219519
265623904
628091453
342576776
172622551
208875254
190071078
272013279
902097642
968410085
778537782
939964568
483770718
77195742
997233771
544405017
283907562
760298676
342052039
944064951
261435170
788594775
673259868
783518543
634057730
267180957
620956362
594609410
656928060
80119392
561849896
745906500
911334173
533526948
368721512
316572570
987940395
836815792
747010417
810020812
329439248
30690844
508293556
376790861
374010228
809465079
53806631
234927961
381368412
339930629
104864998
339386597
519457601
340695216
180296567
923421302
242049542
295287937
723686297
242352154
131761661
841126819
630600256
1407775
706662623
208077372
230709277
114621931
473150860
528519362
408572251
544135498
544891143
169451622
788023508
421114128
5130777
385178253
35076622
240139175
170830248
470579596
631579601
825848920
342229696
10071758
536873133
500643197
257440622
674009024
652087475
509984487
601017935
976536256
312187963
317716490
970155124
496892591
751687604
387043197
329088745
574821008
938625359
401089270
91202572
589016192
16737002
624124409
436612021
153714275
543831375
745592718
842824851
747479016
168727201
850088543
23914485
804828545
950634531
733039452
820151874
632731391
364070671
655484240
414284247
743334047
251279001
208727444
89295468
113028438
388155618
599746520
885746201
77926483
491462
609324170
496145834
474144696
490055286
255802908
908473866
24497842
323207145
357426961
428660147
961623661
377252251
127952047
77720734
329318835
347827718
779687666
181807059
227181117
700031857
462729390
568480797
285569344
956919882
254410379
231587414
132541295
770120573
760793927
517073312
23329181
868781181
807513397
137327305
360642330
798771257
789114685
284925589
530721573
56702195
480279094
569740492
79163200
127891003
164997349
693397360
332359139
528965263
817613172
791052729
350693830
171332956
103016558
384570087
662422784
613351986
173920621
404141847
389418215
589994377
571985221
791889261
972225347
857741796
813070873
60604681
596903838
498061177
667449981
428450881
424381381
267261469
467920715
168546515
473050483
647185234
679014208
684182475
997908792
648963751
713523843
363835977
849267572
397009404
179132802
57167677
10917149
326361491
684222977
997585421
782245566
243551607
691008015
120802135
526459207
50715669
569661173
94194503
663047757
571563189
941431183
752199231
707006845
411404277
384022003
127657858
657662918
436506926
709337082
845402372
205952944
657667669
695766991
546281392
249019492
509873678
554107958
288655310
508809986
337371587
800937446
645283317
113363588
205683412
154775260
606209993
100462570
342672345
855722184
399222394
162458258
702322219
436104751
724433688
249229764
814067443
376904255
971936704
440619
217674062
833251363
60955661
740809851
188080925
741165832
861788952
834626969
478369677
323731686
588232187
57334924
555968567
106877243
927666806
934101470
672715433
183587964
900395659
457737729
61611346
592090333
420684700
180520079
93212713
745727629
168674887
433137870
560487155
680177419
31411166
620957576
101682319
883994848
690146042
961025870
136784813
917136336
95315220
716012979
687538374
324252249
259239643
356824917
864340843
288815858
525532171
640742879
906864152
131441726
694496437
151546974
926886406
396386180
351294487
447910753
278883735
577801393
134819108
679230560
388856041
968680728
470643977
461798085
74122424
864714148
312214715
913735388
114047721
157715984
558066273
430103317
649971786
497639014
164648444
986479439
328808590
931782743
132046506
856493594
736929881
349845072
602428775
900012119
245342646
149928371
214801885
885446815
691020188
361939636
880938603
374628542
58429972
948543735
634622210
976711707
993697855
181837619
248225457
878791728
457691435
130062130
114562193
7021109
436848501
429754090
610501502
997293134
977248072
48337866
912737197
517935417
470902510
209265823
443129530
380970593
248567185
228496452
842746628
126117261
701330031
585546285
195433181
317338162
238379320
309723144
380101474
9261063
341393014
150219747
572712445
365872094
105971578
532363614
950242172
913004090
366254353
396685346
784845953
897143349
11819859
328835253
458464105
732152497
923258659
274817642
693953293
851758934
981005358
259636838
660141179
353894133
432823959
722550301
158466716
257333888
866543561
523155117
444303400
712938500
59039471
350310826
903134842
864742517
8139077
470267651
369628439
452420779
704913469
350915308
24280565
745082939
135579898
748571194
413565096
387440277
598389407
260368356
56307765
119044726
507205427
945637846
120601573
223854670
837961982
714892218
525381432
782346310
825940223
280946707
940751499
152440579
216887483
172350942
125024062
800069626
680238358
988626403
310860159
589026482
756618822
844861682
853257621
945208151
533261398
976048258
409709233
806689853
557830589
232698391
598266721
531405019
981642142
875287953
129671182
943016305
970895603
446784648
25835905
862649272
966511882
299757160
637340881
690709118
16916146
879333887
754042176
895072622
422117977
282532209
106490346
260395696
592130084
726603081
384252757
900571712
585062730
170591188
50841959
296153956
882261922
841653578
814619571
821215076
251373854
60008308
261268890
585353858
716230049
994393004
637441570
550698286
605533879
338469108
223140038
659570786
711706692
463803222
371839025
34936663
210390498
481126439
506183288
914654270
648607784
505857160
730186351
572534867
105293814
756375978
756308419
281875943
874665962
910115148
312326196
929280972
839316190
412558116
372316622
154607078
584515643
959757187
534674425
816925872
184270870
586147058
93694188
313468369
102021461
123165686
816516053
513118246
15321349
989628628
408451343
554047283
231356585
859964920
441020658
949541972
720877314
801289870
372169646
298140166
635995965
420520996
427453970
9074580
383960316
778153322
255851710
729680178
575693817
412613187
286836487
486210369
770422117
477442888
671314644
878691511
855689172
758185339
496244836
501710084
943334382
869043299
797930796
354599219
838627601
53944137
219754368
505185313
357976572
14656694
55528954
59183485
879391093
670291073
922244296
764426489
75911791
159093864
627514823
363664947
724916240
708223690
521949969
406963312
442814029
154605830
385739373
326246230
602428432
242296873
793607273
349710434
485468162
857701477
336210608
197788320
857460351
547336784
312309276
419520230
792898657
631841697
901921906
68682821
917306956
97196042
877202780
827193519
495398876
877130349
252682242
580704276
581817267
824581450
841252944
598606709
298993983
515688528
569260813
193181383
747868240
799431127
574150355
557905860
21587632
345684315
976681466
477880445
60487440
207631809
413620071
884553994
415049360
353227277
640896093
347690826
988022622
474327647
323205238
228858136
86490054
26060772
15849003
773071900
535236626
779368511
926901226
339120006
280051184
748362706
987666470
180819030
516145294
92150077
609800117
465296180
325639283
388436397
950928920
467059198
890639142
10707806
667090803
738605642
612349683
113876232
984653772
939523065
685842840
7146980
423530109
772075600
498505684
292457889
63783384
653979127
793256478
795257684
583023369
292404758
435199423
9864002
524045745
468390436
415516568
705860004
862797984
938057834
76927005
65143012
435339081
61864166
92257309
816365611
891372459
524377863
964852765
912411204
393307191
184428767
863532986
714708143
454092940
146454984
885077977
97582978
212500369
251097653
619820759
787659144
115025687
371621193
331283175
109437117
390762380
256966321
62637894
580568533
302635496
146454984
888500609
308288147
639496048
394945967
75977724
883980661
718592894
832002476
7221186
414346686
409200352
50270208
221380915
89221896
989339035
236531782
849919329
138862492
273953396
486609177
822378124
690584908
176741519
398858421
808095596
193940883
997622446
47946468
245696252
798427790
977793795
447378949
122919555
411951348
115477142
770087890
390757236
375377222
505333978
776654046
280491628
831984531
221960903
821192474
794271998
663387856
618121722
273074128
764574265
444034212
701329321
992189347
295855782
526977266
74756950
79444829
646666304
785408202
74367371
543067661
943768560
982104141
675584849
381162259
111066273
791063165
810986292
344754620
820492074
291460487
930210826
27369856
239697630
25324811
360687649
18114475
189748129
802520374
531534937
995076964
417409811
443301076
361077997
257076626
405904344
28425706
291216688
261760811
279405966
577112171
819928387
219907680
419066067
89927619
720182130
843772282
576243182
74726539
764046390
306277430
282839707
626067819
609223214
91083951
560717754
699726917
908761140
170068272
101388667
664346224
348986654
461454154
93218499
888251301
740466531
63120243
867496157
940284697
356760110
733714548
681908974
484046759
85811736
923933232
873734068
222380845
814331610
762356541
573543685
667037362
853156488
851995002
603081324
315315968
387757295
640270796
705991477
507973584
368769317
218416482
262046870
745844277
590089213
642211623
780301832
826137952
825538335
936553889
733614055
363814617
597516760
252088430
37831119
354603187
209126234
179938131
926991805
355602140
915570887
605673332
430815983
18316945
22342514
631868555
463204806
195777440
926583208
653060995
460138546
983403809
206190000
11778073
236968642
553951754
902236290
748024422
545388508
493606242
177073139
200058946
59310306
9630808
466481129
176378283
880028084
898772399
520853178
393585702
953304960
420704585
814548118
698320458
628936675
771512642
358148718
995969393
918759436
676445297
314766377
376355750
219509486
828759882
725207079
269652122
444487435
346143124
611852066
551955226
812318886
585919052
5438162
4799971
186102536
74294552
373735565
228193138
737004240
506481803
550787441
538914208
443823880
540320929
972924152
530948288
351729890
88271638
575213934
594665608
517111437
199052951
778673305
705794715
326847597
467654335
528895826
845362442
544124728
291933404
398122671
329128162
336371816
994555313
161836357
544452682
883005650
484137365
591174636
896437760
137995010
461836256
205368561
181161438
171259552
557945601
915169924
706347155
353931019
743429382
141995955
746849468
708730738
576936009
55714969
958970886
506792307
231593643
838757050
176047805
906231569
460818399
364507643
171589832
667766433
146722393
719661052
914530977
199011213
614392309
655889013
899581337
654889880
620856294
145495344
300720002
970797393
231266516
958943105
857285001
194690273
36958722
17462277
267816353
90446137
853798387
268070226
509358469
466806699
90802415
745990657
359452367
459850620
822291562
489511402
700164558
905022445
305094243
24937095
56631977
546895307
646543063
72968462
799648156
647523560
407455270
11077601
962262077
110320455
291675818
158747386
661221245
842827098
829052020
582401674
182646679
839828332
808626591
87510751
626314878
126979272
743208011
742453517
948623557
196913873
719306716
685516848
239383490
154829045
917709341
997622163
563849176
189978106
967371479
860257156
426809006
576041374
634943903
666393559
149336535
681272924
453681214
409079867
957855060
200573905
425807936
537766939
555541820
755947899
199249970
990894151
284734054
635300387
463944865
257302850
910158080
3040079
831744108
636470979
921722736
940390762
983381532
833251677
669373400
709315344
199755134
925068514
597105130
351532832
266829769
533840931
337319662
265063083
851574854
867148833
750260605
106629726
217677223
604265321
523380753
762246496
455137349
794173512
356768664
177936949
867111341
346474226
782425343
815815708
79838124
706651843
781516978
609728430
520419531
332299634
173129950
710207631
36633011
20390187
793100802
372692236
518415412
687035774
203158615
197127594
677874382
487745161
121819950
605790399
73120912
599345559
337420734
975485108
30250439
167057869
675954491
826423911
531454456
453953740
608466337
603401957
39574110
17231868
593204770
797150869
631647613
389264413
349406271
175542985
412189708
564448430
957446756
13984256
544437583
992208232
566537136
259056103
241811115
252360320
229585452
818289277
541709451
836600515
724595767
27563069
612163122
785233589
217417665
133692666
785158039
569916516
919723147
310176590
319451501
820533575
893448571
268525372
787483913
24956993
592326233
567563156
381124919
90275455
683566906
147638916
409552692
482700934
831891701
419493223
283051293
585841369
728118683
935758441
391765347
352759697
521638681
789649879
287812637
842174177
832500544
628740482
269544149
937011667
392230419
219600348
362291468
797957456
750849081
112607065
132787051
249592622
357165969
870120488
382598520
995765571
886456162
971381497
245925665
940522478
711776663
913547538
728768496
463664689
587378029
257365236
36251777
661189725
88658296
469793077
753035801
518851713
69462841
905421545
856207472
391249138
936898536
441716845
919936266
38531714
452728562
84662026
411089974
402698271
199488750
224679729
362934026
397364385
77634423
507414742
855156385
300061482
882999337
664800903
368166409
880063534
500428204
283913703
214108014
120444298
325038628
64502884
400998421
352202167
534260655
352378886
63025178
168928743
188521524
656140513
680922756
285486221
82624050
500932649
933673099
465798639
204546971
865766736
932004709
115121469
952082272
41455429
76904168
896431726
280519813
287150501
944057911
484118232
414122119
709625355
713845730
915891958
344145638
98071353
71818226
13038302
741907998
956254593
501468340
381833566
387357759
141189607
181865830
429185337
245059198
721481049
142141755
751379529
437147034
471536052
60239538
265298801
239250310
759985021
620180320
442356972
570643427
308691091
300021520
791685950
634412729
539217999
206893790
140786582
127438621
91420360
533417009
470042734
666599918
571502058
355561297
360400626
699429182
959220336
951109331
147300292
911178141
835085467
653636696
468308535
84597215
926404024
640872383
181288449
471751006
481764258
865243228
65862495
910029602
993079610
660502744
336623198
999475439
565470580
401443505
846654069
169679722
202694525
695308695
173414306
734670929
776906049
925818336
994012638
135630276
591833448
204430283
901588344
391796094
751968549
109000712
766427539
925985987
346351014
635381974
498236867
832730897
100822896
98037286
532962503
333573271
818410276
417832796
179151768
32322685
399252065
177141181
936435618
785603994
388019275
44743489
307339349
149413160
46286946
197946517
139854185
833094020
869526646
258097256
496253864
988803307
681972000
998726112
303018964
82647935
560466100
142473045
764963481
859532760
264353710
508887460
973665371
283995709
723837797
739217176
890332219
818846352
24919041
559163588
731833747
679231688
886902561
114825040
252277960
421395649
822510423
214643263
134066943
818986498
510422273
725490345
408969627
589944293
963529356
73878247
278606040
989067299
279831000
770036218
537257683
999857204
629313064
269304612
413381185
693507708
946067784
103255262
775238303
246666676
306120408
285797191
608999562
774992157
882339465
502639703
455581111
945434709
90657215
754566030
109734998
17335507
585335272
843422213
906628942
997441241
778275173
765821040
615806284
96255914
792010803
174618086
758129442
946957431
35816264
950055939
498718434
947769963
43779666
717947173
926094370
500620432
264851746
996155889
542572666
975604370
200150689
94172657
407541876
978667387
446846267
658172818
369946640
547494487
844165071
475095332
585438028
984796006
307264890
130141762
330312252
734371397
734142981
894557444
954370595
65818245
963792227
511669522
536535820
153346346
984845777
100479371
632986924
299393623
351806703
825974859
713927983
919906971
174437049
726829319
219639090
489118542
227421
646328857
893770614
746080635
573550316
558387803
461092030
81992087
590303727
78004369
657369310
250190182
888994559
998662454
522078015
567229780
807495847
596056979
664693908
169960716
644069107
950981684
263046692
176125845
686231055
628047652
132477239
967452558
512336657
793186812
725303202
794394896
507544989
825540502
778780896
999800900
830144265
251864562
397553223
736194572
679514732
802457108
99245811
258349451
647978653
851844379
927169574
758057955
722872086
753312995
295901949
833497630
561516825
786719695
215361559
243130898
195963381
861858439
237496129
742171777
879063183
477467096
137059858
978602530
124817669
92434884
3746743
683071501
739636701
685263649
740233491
712831128
775010825
878781237
929295478
247248920
331165781
83359734
874835467
802634255
94079733
635577233
900506212
791233876
943327974
23587865
857821684
411976965
70609430
793826020
693763530
247672144
334999770
285757634
938921841
777118941
747383065
922152085
218949580
998594789
401494552
832422708
372026182
428543647
316938060
264796667
473508582
573128190
115272849
898326260
206725760
999218101
720116429
452978606
299271142
745128743
261012921
436380912
528480172
125467829
726299955
741819306
341378712
762839634
214950856
196427000
132738728
680584059
868446073
104489411
981981410
935708078
204392966
301328586
186255067
76583399
417586921
943574393
583760264
884707298
26644330
386490356
982921031
789834799
76044324
792795891
388362239
648969080
55382142
283768674
141809246
935459267
183114060
871285531
672873777
207568584
163626814
481802764
506435405
44477844
208767241
655661461
389911110
130746420
398118259
754385742
952979909
815795982
165055286
617551994
15965116
284840168
325567525
390124028
490765917
959877126
775356249
168384882
353027223
526784037
678492386
155361312
34903524
76063683
933454853
337419369
646608909
757355182
252712854
748104047
597923019
449088580
858014729
757436255
182107866
249673961
919850080
313438271
303553960
955446423
720726046
403640544
10279045
784042408
431929089
195725915
711471140
52742760
840856900
122800263
494735845
403560039
717689241
619036494
422333950
440776788
576122151
522791129
446004710
684461861
138185308
779366254
369846060
949853522
22832717
701856707
498503647
700984214
994910150
885716116
840543957
905333048
939376947
908824991
489045961
361082101
713033617
322303612
970781408
514707894
178917047
863739975
707257592
813335208
428539333
755508771
865809992
504396841
293718529
672196950
292301804
287192407
539547542
131532824
46947755
383373257
580503094
565866481
649793954
931285437
194341075
919146774
299522991
378552847
192939148
945477127
375045545
927348812
391675180
953063721
852928390
558788873
730376260
513405552
677727373
884412114
395935062
978864557
440069129
150104257
269298692
130108893
64891931
642400804
178731093
848711352
428060278
393919229
923122012
108018277
953607195
373456705
335158969
125161088
198250937
483500197
484463924
826572992
935075457
322606162
461167885
140965840
890791234
110235771
994911379
164043218
981846744
957985037
283468548
513951020
145389761
304744230
318809343
19364049
925323382
57348741
338421684
714153764
86739183
756789493
786518440
82776072
258760139
404244677
524070240
446136494
554103852
744252985
99190297
458239722
697375917
869769600
311371185
83431071
82246894
311180466
968512198
270659648
617070886
574142005
980134949
838396217
481512072
127639843
593616473
273852068
600621902
758538798
172024067
651916176
908298659
920149789
779349963
35145657
222725019
110532929
641668478
151543211
617710328
105546624
789978162
620022307
525268410
903225794
726180235
131381605
679434524
109528099
252964373
659919662
700932559
337488786
382023116
43328621
346330839
85276174
847307741
399744825
219282746
15600207
341189222
583675539
872531067
219563876
481133733
123065901
579907716
736478833
892595761
293348744
87859422
798735938
365858819
485383083
113540471
301986055
714084281
481478250
5308882
923932021
896051393
397504158
316681709
989423456
20551559
747143597
380603512
296377326
466825882
320069788
442024796
508702644
90303454
937194510
580183351
673500189
657094885
89993591
12888475
485322709
615429164
679764161
735693412
200753343
617046960
17535082
487833024
332435753
330457058
910122658
547915805
97002976
118296516
849121618
432815365
826223552
532894440
192010358
14559800
18383476
860568091
999320311
201979746
919710112
546280364
115250200
168385832
814681807
804443311
540798564
587319679
998642770
988120431
233881547
15300870
381969125
515696642
954415237
245874447
50553128
221571472
760766470
810470946
261345142
883825984
827039258
292530016
879801111
35391038
717531688
809750883
96219691
335327299
621853534
491223236
623538629
820830277
828741948
917286409
328531767
107888504
229750947
457858891
810971429
707136065
923211531
153636975
219863210
336617035
743174315
681826146
674849885
357840473
998749217
400771552
39442491
825118142
101983111
925054903
736804972
712807407
519160795
774581057
80627610
165922593
770029471
94379350
148345146
160838908
216361675
981576329
733201609
157589455
539701008
706115306
380707245
525332676
157160276
216948944
963508820
958486823
705476848
648482735
548340150
85510937
282103331
312125227
778459953
681885633
521134874
44439285
608165
146353979
104007030
83504209
162856014
498064374
372460258
891133636
740104864
510173045
983083275
98571594
285508508
642427882
485898210
724928578
993410411
163556215
573848165
214062927
584038076
977422613
649107728
942233018
797376809
173662276
508995457
516543398
579865391
938869146
854655763
802374739
632961628
293476136
319289836
494503761
121351893
69861947
287284554
665066094
537782321
972947792
33233319
527743686
682756745
807750137
70448853
696745154
357100595
827554235
995262017
820402595
53928235
291570020
32724512
467029374
595919286
863701014
437639054
911679305
266867954
950152823
351320889
884889780
223245970
528013671
720651832
8104250
384330936
101297691
934481951
232551575
843477073
810794708
479504471
823159610
945078593
917120846
39325864
10787899
98949376
442854381
793698897
819929997
639364994
818694425
702343445
667647023
808261828
842207056
26823404
32186539
256367578
941435604
330525875
926289703
260822244
935243352
932493945
22052340
144647838
4940521
499129988
215746564
110587237
550298253
934179136
984133509
915919347
9023408
273779621
586298399
379718688
889288004
112869494
843823289
794013615
277439469
126087210
862942140
375680944
501952612
282959570
191595284
43034604
538642192
858119549
859315331
510516775
612852078
248607176
273842886
275693546
884388782
894455419
880881786
244093875
560852373
461836431
525905967
89652423
651066600
316160346
249511500
461366172
979601253
747447527
164929783
411069657
361210409
874216884
51821019
228342079
857193773
283044969
344342293
338933204
534169352
126266605
101302541
704931470
155201154
218285817
375082481
485040010
344293076
947449718
489049461
693621929
374119384
169884577
42431253
102029608
83614975
528915979
227274794
611803309
864369679
314927786
550900568
373751959
217171879
626509947
293643110
236035521
936895846
901253986
542736955
555657283
716511837
731632252
697083608
300349110
966665945
633110606
424404340
313094071
583074972
458560659
135251121
229267428
679514955
736296420
540648630
636366205
953707954
501815001
171789047
319403291
299357980
61712544
413627384
313695479
596401031
675359302
503945358
410687772
592359132
671082620
110092122
323513294
438156894
674509569
541900248
501352282
413773605
733603314
404613828
503680304
819840639
763042332
802738937
451940548
739425429
237325383
976887109
210811022
880121100
519476139
866598773
115677893
505886064
540055738
266690213
945663103
810224971
81447013
292502344
613447607
465054689
386133939
120072707
414919918
812172792
244369278
124143475
612630439
586655597
976183998
790626155
308182566
199807541
54876545
928726289
492243999
903039425
399591456
409050297
689301669
594090574
900707575
579350332
371687103
494037666
187019548
680559994
702292929
583044480
997421796
777558604
676442820
491516392
681953131
91158588
697769208
115055290
343314806
209677909
165585718
204303220
429873738
893119487
913236375
908087386
555973392
826438813
964468715
12430656
2709852
654521067
227011256
971436444
872527496
143344082
118320154
875848631
202538700
272641940
209901449
143726232
214755130
29112868
525906341
304835713
643793535
955097409
399589074
835852247
973154401
258428958
931168701
270933202
599590031
425086634
915366341
42340020
617661846
145996578
848080707
229473262
220306704
492944809
589342041
387723185
739088541
425428180
993879961
687974445
672076945
266402654
104435402
444952170
474243756
573409308
803087125
570354711
986111878
894470766
186560467
997283270
883917542
58765095
35886725
771953740
927862476
594656314
416414887
41960566
645757970
725528596
826966252
430278059
175246326
777610091
545199047
982934093
90759453
240673587
118313764
562059821
226461815
13920459
954855173
354075256
50771847
898873026
826852760
174166296
917942706
330981651
801228399
265350352
966611035
746824566
269570114
946846996
429406818
793647961
959158933
531902852
260528951
733718406
853830321
492376840
759204272
748366567
759879723
141772703
970074007
929227875
14928584
29708385
559623955
166442665
733947711
966647816
642303641
129649961
783890575
668862688
763515482
253561534
545571869
497037143
685541295
741791998
918019434
666525775
564423166
449755822
730669698
522468866
859446167
173253164
45502048
197242802
528201631
246096491
90091757
590820400
61566063
921024642
124977413
748649512
654894357
646593642
206894718
71150760
419842571
572927186
355520895
201522307
148641273
127738148
182958246
56795533
674784325
641696686
684329969
422252247
948299517
812043184
80874406
291395436
819925799
76608598
759313176
130519099
36030176
499659971
101323812
798464381
686633907
90117202
116109748
235066036
944364996
489483390
604654193
445340749
698412090
755044895
197961366
629153182
501134461
854802064
175662368
741787315
915389069
864286400
722635318
289724393
294146992
802477291
807169575
321166485
827902268
883581644
332887983
283583406
6233211
377178359
681229848
798168131
264889755
344681944
903903687
515342137
600080950
951491924
991864822
703112585
788875542
659704623
229559407
306628873
296705477
764788728
316702113
308901808
315059499
903588405
234212780
875841796
721573181
708176139
304951364
676567634
671487126
894015887
575418563
234929074
195740619
254986621
433985064
981547309
477553360
705118165
630388126
277754446
470984361
505642144
667402222
201871091
831280657
478763933
989502275
532158144
737974724
995335361
272412113
663478939
228359998
497478806
282679867
335307367
439841752
740797933
638530296
705096544
515413693
300641078
717632735
964365099
767059548
379707368
99174208
297486641
817337258
904482965
830279163
401654026
66781042
468068312
288817221
440485158
936257439
838362865
476201503
619841089
419302069
661448990
902774559
217705496
907057844
990534825
988258209
145180621
294958357
625928528
644594645
437636484
25718313
840769665
850538238
373161060
903364744
380015110
231455360
520084918
415761857
584003862
671141536
752929187
225735994
335636437
214085124
507671977
690014881
498880702
251868797
284329079
767765364
205604567
892242568
254039118
211744159
912978438
924595508
967471581
310245311
492958811
418355014
720871570
348953869
805841100
426130247
905623793
827785703
231616768
285879482
210457105
377529059
538409670
823912928
492933223
23205452
146586193
979482336
77545047
626978086
898480113
390227863
908786979
8718946
77982840
620306663
664671129
341189989
412737413
406810939
229977364
367754293
191689795
814125122
620931320
37010600
284987918
526088038
120451437
94636980
805602040
189337232
94435632
62737222
752930978
373488259
852500724
319624693
257312516
787878829
179597032
439249261
312498381
814785436
260145939
260058862
824765469
55852081
298336629
554300769
491778910
7947014
469779043
638098960
563368547
89104427
610707808
527477977
395412302
545157352
150410770
282525318
318800703
179370610
135707190
542502699
811637498
635815064
210687687
468076427
27531541
496032201
448624761
535521424
841007988
101360329
412375318
673046518
511616480
590450774
92113115
203795614
936457598
423820998
974783941
351494449
698885550
105785391
443351124
787494130
203811483
338017793
377996564
824593396
104813160
162987295
378100395
291590132
446090532
419256233
187605143
707797197
790291760
391804076
490791985
868481595
242186539
810838230
793856875
607038197
615182386
423396160
215826208
708101985
953256531
921128719
128099144
104169354
351941781
849969866
643398943
216302500
699413366
477647704
360585608
49995260
521061349
339923578
752684251
671100407
15574673
658352105
13848601
423245900
10808089
827492529
1178140
556399144
793598130
783274761
387453555
349049122
165392022
184928688
714854876
201983416
496312261
260977105
658169705
812010041
695198579
258160036
229771616
692576470
862588993
470842162
176339669
674453267
790453402
440810396
873140623
651483130
858888129
522362833
187190402
817170392
883574838
587676700
842852345
469957881
776617886
343701406
446525465
839546639
414963595
862251119
155050152
933053201
567218884
959008573
540456398
49656335
411087898
97045836
769193003
464553510
293099738
834558967
707544879
453352591
447580713
204073058
206860537
982654978
955582763
431249354
664332906
536567060
397477456
109937269
106137008
307755843
981902320
370599871
711571653
351743483
140605692
244221008
625345880
876858172
845513969
422215842
626402284
293767653
178594226
271381132
300025960
920599424
458563433
441574032
985051420
605202428
752260899
177675030
957003286
10450081
137119268
713891452
703743311
949138370
145497901
301722825
628166614
64440931
333539370
400418468
456473950
489606175
35368702
27546340
652928473
484051070
220727699
562657563
848728817
162209348
414403766
73030584
400540001
642159814
565968839
603825333
434048003
145052795
116431695
497610431
297661520
364248288
887359843
379996401
214437042
870523985
478514283
152061601
921833174
157923393
893664805
511686199
356589998
545425814
277712828
904699116
920707457
675141537
524191907
770806397
683249045
546340246
183494485
252055617
117210483
981987308
337904271
407497313
215427755
345306968
552885292
386330706
288011113
942619274
399092901
799010731
426766377
549039376
606656078
853346465
725910445
572938325
626478516
599425065
744583624
219264683
460116411
403795434
84687444
212911680
784937540
900079197
89489019
370178980
666538995
16227415
689973952
941978558
669150754
351966687
431930346
383782920
248921531
891035245
549253484
914317670
568206969
808431670
621898031
243106491
936877316
822730341
121294015
629687425
63618928
906988043
904768941
678687526
830618403
714460012
595230283
323880484
830007833
335176297
248059409
455525600
880538677
23208142
286374994
226106419
385352299
753995047
517010906
786689090
160027089
142572661
642728335
144233027
163925726
629494087
106127376
87924400
604567807
308523910
224916529
699736304
186516901
292884795
212638225
289157405
380838919
144541081
238579912
253571501
5858847
378388038
104930751
948822095
758354023
300286366
875910030
501500725
432067633
376165821
796373009
545156394
568205524
54904269
240065534
440899649
616305631
430751688
637760252
253942681
460264889
23488826
585636256
726961748
320489895
68286183
672233182
399855103
743798123
248746838
582893235
91917836
706935889
814425382
555311325
805816370
314526801
309269657
516335536
626271248
596055836
673931795
795453681
925178090
864127311
501536838
862885640
621196358
93797759
130809798
871263311
700949286
952898367
411590684
845150168
437759309
128452993
918801172
973972236
304447852
956023524
315696761
277732458
22187308
620576008
671348066
258760139
15606723
546823436
148289724
338607080
659481615
325993040
160373059
562730392
938455268
95016152
397557449
680783704
595529064
34609495
205993864
328171332
94054757
685319641
624607167
238209693
737017094
912653495
887573571
6010028
390527157
179648391
188777257
5613979
71569345
760386863
276638798
590836555
764388334
841944045
973694380
317624656
420705787
559401250
149512474
453718619
876430128
742442642
682246704
372623566
736595803
89901615
512702433
584674590
966483400
963075474
317828574
785290290
4932657
664568039
389841900
515923449
16001862
941002844
220454610
622342840
369538166
693594448
839416730
789655544
336804510
960705093
363495525
476396412
503459036
98470701
572356846
351551299
747754642
943450755
820082061
555742801
16642535
963867370
928840955
364547209
508887295
652585030
247219024
640616246
429364354
182036547
646638582
915631273
717509322
472494959
645821637
5607660
792693809
542928495
3196513
35850273
319381713
118571273
463948894
251068910
591213252
65114980
944579834
598281524
668624041
535422175
220037332
627078783
608210480
726380396
927081151
546199279
720316771
821055869
181812836
887817563
678833771
663641311
780804376
759744652
538937328
543373922
171665641
193376566
624737722
251737127
11774616
636934241
315088892
14702574
740246657
620634861
183854809
457310852
109101456
230696287
545392331
700395859
568536578
839328674
338452392
110769219
794107695
405478180
95444708
297284528
412584068
550945732
954592031
595864912
555664010
795817408
857378215
440024753
352134732
507438285
553428531
501153057
773533603
41780019
79601574
100791385
891086105
395535164
629824210
353936607
635052658
131577332
26984649
883005650
991920259
336082464
985478584
894809864
426664588
98437035
384862581
597293486
353087568
286634463
673807976
504201817
760286905
520529756
820848720
787754752
537191262
982061630
255633774
505566529
242822442
27257760
21759088
300309375
408631891
434084587
5276516
801022962
230117536
89430853
342728514
243890274
223620981
411926761
993869691
656111749
386314084
320605287
97192698
869395110
737815766
437272893
213664417
688535158
580523848
285218078
840140510
644760205
201835148
878945521
680686597
973119251
278181814
831559492
985260014
796746536
490928278
351975612
531038383
615383911
651231461
403323229
882818419
200613149
337660578
255717286
268737565
636225083
687071254
474064930
12319626
826853684
8796139
418436276
593623655
135843962
479152199
635879852
690630321
413885746
408386275
216399670
609074965
798950741
165835268
941573537
446518102
333665689
438591090
564817440
590304485
239363085
177808660
555790075
89387082
458909190
193995373
574481503
666509120
335377279
693946671
397172335
605875073
915759227
170504685
253268537
930994844
455365477
910211211
389691712
142196061
166996635
694928906
975903726
332068174
911869191
782850869
431038968
148868665
468904199
293079152
574929146
253123644
48855548
177433279
349000648
173772834
198591730
817691298
558879149
262117778
131007483
87615438
161023829
79372524
121292560
821805550
642536937
404051006
805728361
73415006
880910134
866585916
846908591
317138869
703140340
145752245
898573530
422794830
332729109
127789800
633907034
650708146
893466136
317254351
453729744
871544686
680795904
781124905
540343802
519097653
696957361
623284680
986733503
937648118
117461803
864384919
353652106
306730812
999791065
655151678
643815452
553086894
102814347
681755626
26368717
625608623
613980327
944043904
356000274
606463591
153670730
422701654
326826726
961692003
380485888
794652878
906948395
253087894
1944316
152030243
442644413
527399361
604098296
104472668
99690989
666102628
770930649
635536743
834187203
951449196
872350478
391774364
717243150
526818510
528137229
598415206
217428707
183774507
123151691
625779881
318155421
78065717
601770156
138103404
156095471
807858522
830292814
62028658
580415436
36478342
253966839
478042798
525088071
114627158
490200623
58825218
189533394
775339633
822096170
78856017
4080226
98149820
891974804
526516995
476307109
691711206
162033167
150187221
636106907
527484453
277631457
577177678
710608078
302070284
572765075
930135892
152761345
500343806
401539724
63255487
818509514
328221653
140615000
395507393
258158105
660230241
258510907
89461229
433327661
515659127
125115715
804792521
881337395
748665010
851456875
744169886
688011611
525223304
65484940
703396267
635576247
574704872
23884918
623596856
934941140
276708123
364615243
968738896
649764632
747370721
369113840
317690190
230965293
778780466
928916327
473864192
173883819
480294199
237313524
366828169
938695254
205311212
27558810
292183345
272831298
154237175
308066372
120472717
909507765
961035177
215287044
565935994
408912638
21254020
252701355
490670118
662377607
387363706
741073486
834407093
21621704
3307916
197991706
192347358
178021009
337470395
269659642
109931204
279708683
664172536
21837117
548798091
570845327
485942168
417954955
354465978
230036831
988730465
433258894
810817128
921997988
779877798
954801073
456415807
812066480
71367547
941262066
458834720
431905669
260817526
482206209
646421287
24201894
799249854
652043572
622639874
177219945
14377662
210893556
414798626
746149138
104748577
582885385
989318004
824441043
999554917
82807689
304534457
637331463
147622728
113713339
361327163
688106728
464513467
974264855
518071123
283280357
354465978
441174010
533877049
24749561
146934867
341548564
605610039
436920373
582015286
533609881
459981506
403766996
453651341
975233180
237247823
999225469
64859494
25628206
53558442
582197991
984896320
41001986
128544548
411275306
120092948
71814101
171812101
127355901
233170033
788880497
692784442
71129231
8436431
170817898
83494644
696410917
789510387
209283464
892733628
798721928
341427524
404592210
544880492
878747665
443163196
500999463
947208514
931074189
862994903
939183189
612118647
824149104
491627611
897882911
392396418
753754498
344618924
675572314
210333356
514273259
944467618
404131762
399826254
597520947
520380419
442773432
214865060
227832294
249524843
82424091
205571109
775092654
412709102
410233425
275055760
187605140
417587393
273026571
251962912
79054821
370570257
978813837
907878771
390438811
285335638
549885503
809484310
678535616
694071861
369358326
56304721
944215575
165048821
843766823
67928822
74972093
586975827
541119472
896900505
370931055
682739229
274904616
485684863
842908514
918417334
90843509
756266635
726691236
385004336
996214777
728709933
654841261
147931816
480881161
35835040
791959499
928769310
136810729
889171858
131249978
320144546
88987255
945642709
200982339
105606632
621844334
228867184
952362238
362770348
639625803
610904002
317836486
79444931
755212655
19849901
106482896
919825234
263998152
410278357
187782591
441154963
533286934
292160923
964036985
676503853
354873309
876128453
368016809
549294129
118813410
224847300
118695382
27948587
195445272
815212327
536182838
844736941
584975984
694871341
327672102
868351125
547233955
323079714
802138151
200502012
5686506
418995674
849642184
76397823
146921823
837831578
848082865
643196917
881389508
321454638
853470805
621875770
966146973
529822476
690749698
381306544
508319176
628727594
596668473
937282713
995564902
864125621
989126321
774978488
720183089
577194213
819223153
338404941
379632628
96497689
681000515
459440348
643640180
744631287
509962938
90983382
390745428
447333250
139981859
777921592
10944749
909855878
553932833
105152832
918646826
17317111
861740040
256505769
742950500
602033952
595818386
225991415
536495140
642514081
61205891
124004717
605223306
243042943
189018080
269573496
979895609
841725431
703330633
781928587
238162535
833662955
310843899
836821679
195333243
785533237
893273133
737075477
524596015
446191957
879197224
768570556
556826396
356875339
714322973
80770717
687502024
678232765
923678809
63696969
882905902
503178637
166106262
113558138
970804225
393410168
418690973
310692899
198516185
770917153
429479915
517802319
37003445
862740106
340010263
586932819
939935711
851274455
20258987
192591891
756470118
190989710
15958926
358537777
546751697
580053427
546215002
486065070
953321274
748226329
421921221
622749232
500393773
300439861
51026014
587336149
567460596
463020227
609491418
117711298
154729365
584370243
990332693
704276407
628879105
814422796
129869744
642219989
863246432
566712170
439918628
564651877
887054934
286942169
948369312
607486313
74903294
989701018
888754810
367357275
265671622
468950225
14593763
715002846
32298017
787231987
891075968
620656766
223922667
128731827
902458418
421155642
90913616
416229348
660344581
282297186
11742234
999724254
932405082
507860559
459256736
637965176
824002726
224324882
596913073
619044526
748676684
561419608
898658671
994543789
58495931
261510654
79680374
100953786
697552234
82297169
543597825
822031805
882527347
586338051
340368690
889411744
565703098
523321045
406672570
292059589
951383183
486919814
204238320
832426113
304373606
924616920
908252557
959153600
182276572
905221724
929536879
217264627
961916350
653758868
494306094
663936423
23487652
27894627
209695912
72385090
13566229
208692600
965099419
127577394
794751167
298175528
135385609
779981557
793012715
744904274
797701885
391780769
430221635
329482030
308991600
149307925
973414410
802459668
500765110
872627822
255314578
47847772
831222507
161701142
603901384
951383183
486820723
198054757
640642051
355425215
148552360
640300325
213949721
23558191
825151704
225640004
242014571
785588409
351617017
689046995
579137509
816874973
278874638
871644909
111897952
603977519
444248790
14167667
359069085
939218464
171448330
97147204
506256290
565780973
672408882
834920557
888053187
716295676
813751357
966996870
755491915
569301902
874675043
143914917
480216423
689236441
938549382
394807354
237407440
350096512
594422765
215345011
331276345
35510953
87862762
660504356
793882460
835593046
920560481
802637658
753508922
711218034
719743743
498983372
351809666
473022179
891098192
397331756
650814912
357747410
322478453
449465038
805271739
604167130
696789301
254769161
817714954
968022475
106388343
338390025
399681207
201334186
860104878
417261141
161805837
921107990
356651448
256460979
387216220
811779640
635622342
52716877
205923099
719217583
428843835
592179534
277436800
411902449
4242143
264698927
797683068
370305454
521044790
726295150
849374542
381869443
17932222
344152507
887414231
858265373
488419353
42120187
924470572
245001428
515013483
452328430
256918015
840507584
251176519
723330385
57638443
351245082
957102494
11712495
571110861
434078798
331830552
216782403
127887664
828380403
696551644
811274752
476383634
704161033
784866168
74699742
880255484
590136119
430611945
715414091
837190803
810397370
566832032
799457904
214408382
518401528
252571587
966835912
316876555
5860233
858224507
62564258
598400863
155471548
665106064
514982468
230574852
810731814
477554780
292732483
321488801
488994026
756260598
577177522
372443141
343712811
429630164
321602782
489451648
691894035
679251149
283285805
400698246
420118648
270931614
582756788
724383498
244138027
902490640
900613414
730649512
486351965
574436162
744279239
272521781
634923741
698886150
452131235
824245137
6286972
131654720
254032856
663257806
94811244
255739978
494972972
108808033
159616586
458603114
867067776
224063172
892870523
346795834
95633114
394166714
117631300
284122159
648961183
909276613
643679027
10921644
396620892
233672524
308631087
858243951
91580578
409358275
389170730
156843798
178025898
455185640
415432478
209857878
728532860
7370109
847329825
694491959
400992280
732299147
211865281
912693028
389229684
403431386
278379984
399400319
495062615
941748992
788228260
177248925
281398158
169713817
387626465
607685733
287905609
543912170
676888751
646573651
833853009
655260853
101225546
470717469
940381009
625661207
267337020
707873551
939936662
329253197
113858
940284749
165283232
938482894
392929263
843718324
473708097
238984780
328513299
545418982
104752234
149955995
506118671
373578134
639577433
698741638
666686499
158510859
522581794
511724379
10362261
902218292
527295318
75410975
909977220
337442063
51969280
964268104
650129585
823630206
743199978
862324842
520820159
236092837
808339762
861880053
13317588
861169097
44642631
704304162
420344517
707760306
145486190
734467107
688450871
476187082
508549106
335394013
717276406
782290308
311347273
881298238
668633304
339030547
761227435
399098630
623839973
96274318
951383183
486820723
200945438
726734424
24387858
994835320
972993828
754825468
271441260
656708536
135236189
84359507
110666738
521225892
812318866
436224544
311100598
536156162
226690678
102823976
446110364
701159469
922965588
403242562
945571299
125876765
899760661
906745014
351017911
822614353
289183985
294997534
13582153
212613133
761414112
195108760
385833429
544375454
872773033
628201754
252957525
406664169
213641583
395009487
590163121
851436424
388587921
885735943
975321275
259367724
21829617
788024857
784492301
664223474
238027514
372795413
923649855
436581075
325685638
587391083
839216532
797856925
176797444
615762182
658605824
318715250
973759235
151715244
77286880
570499435
540864899
951965779
319016039
431128408
163067732
829901058
15454009
973743417
705811203
335343845
989375374
968325694
266453029
827064329
430204695
408384595
101679635
198000663
77864561
79882259
437121497
184573127
516616049
663768981
359435992
844124061
345977780
55610065
64702566
218480248
416853760
769454859
789969110
1246752
845619832
208156869
559475976
837731365
460906510
488873833
371636952
91842296
357696405
25347208
130737469
986083722
269757512
697843186
926843329
389464319
392675587
113141631
294062979
508317914
419625380
356668275
63284759
377172202
15064100
306846400
905889219
250496075
466537006
7392086
571078181
575270922
449556749
362041384
842610595
957145543
450212208
719028708
779808608
66894671
122958524
156676513
769217
590768359
278181715
285545816
186127231
365516339
206390432
749787983
283707413
583180676
412153636
906905740
466715669
528042671
714305983
813099233
77932383
414395113
958311202
122201314
618362496
317769567
895462602
745763671
573277501
195264279
261227604
333267738
518219295
186874336
452769879
380828482
33524123
477870683
846905396
90864279
605031826
786102931
939558129
46172982
335205434
128758920
275833995
491900435
910683540
648862744
986584667
911219995
36065004
47847066
579206171
460726896
294908005
920737283
312088160
434709660
566174093
182117304
312103080
742430298
98134064
837549861
234245072
488307982
61302514
394719444
220674114
533599187
765046817
482566909
193334010
177567672
418529950
711932678
969669091
641396343
775763868
890362480
51738602
571950825
991678775
550865947
838311043
211920630
191518050
893308596
531373457
620559919
70803409
405514131
52481642
197768380
538733981
199621927
266326475
131474904
314556501
119026516
626606229
53229685
95064911
376594974
777472025
228242178
985512730
145702413
139583193
932105839
350473776
93495217
121738193
267149029
69759514
511555956
570594504
322713067
468945223
104224028
163813831
740660501
929914039
666343638
464823105
150461930
637848952
993829722
414575335
640074729
69027042
101252128
200613057
347720160
159023682
195890771
421523978
484175572
314564990
983573180
81793714
410884888
490568313
552600681
831455541
440659483
376000286
1469186
667932236
849657476
524428931
287107015
127028349
67490717
213579061
260564471
704835291
738625577
513665027
261618891
790571391
226011585
159023045
453809715
686845807
389483788
164554122
721083926
921535991
158780819
250291028
722762919
855310772
939709154
750872822
485092284
369475569
928259856
235449174
906874316
814515701
767578957
714924428
900047067
446164206
620212286
62797401
725308964
710342264
364168081
48549029
269323422
220865784
33684494
724239847
638362366
735729882
744384312
226000944
763737395
484050299
907802929
733056327
429079972
203171162
917051134
763755298
199208795
524382380
674852089
120383223
68505664
122664906
405650225
198044923
465812758
45228836
602412968
991393115
569517360
438405539
970270413
1790803
546744472
680921741
499801993
653762989
786683661
327976349
383036514
219094185
148709352
736488187
825815534
812775471
987292645
213059176
603214230
808200745
842359120
729388411
310673998
407486410
298545793
481607005
611776905
60414150
804493919
137737797
456584141
735211027
992202198
536962970
779067586
906497613
335866882
483673335
880845817
417427631
349657196
121475293
557397193
557477689
173749268
734593487
684550750
433585401
587169414
196194055
106056957
632746073
580885991
51082261
658859173
212867054
943859053
696963300
623803306
210582109
316181566
146595360
51071010
235673113
242718212
750354005
29083815
705343072
776402622
856727401
552220179
770434256
319871408
436007439
99246710
928461172
277771564
375182563
293669333
421278589
397450366
809465923
965278321
165662095
678425840
981151976
698872749
870806380
339959896
30310716
717525363
454765333
525076231
65502704
923167850
490387541
53904547
266688681
43125858
571703514
849400326
37079411
902300102
462997482
788100556
316693596
87476727
696815849
879193792
2283739
254786891
607153255
251240717
503925574
967847236
622116161
675726924
607582759
670810561
3144137
435189237
555064586
205476391
478433746
619678817
211978436
882571341
59492749
622974688
741176711
657371649
267264558
293091434
583260109
10172626
978793103
344694332
847527875
840286359
471732882
218416679
228883959
595676834
51339411
949466733
657840603
52523778
296391315
917538966
216992131
518254980
366768724
247385478
239427488
645227770
63802037
365294258
520059096
213576016
428933547
34444170
60494044
140309823
678180730
834871470
499757078
586627563
412258834
447999848
880380549
514886637
281146682
532063918
40910221
189612307
496832375
495667467
893591315
402488072
985216821
433628701
532385243
998522059
745436819
457450971
578854077
286429949
309360011
206318229
58872249
170014600
885033934
244429076
388934025
744870645
872595892
402989155
743001058
263103186
896873493
324260105
127222961
192371962
481563613
973509917
893449810
758678890
163924944
701582088
389638300
915004492
153371871
694065972
134786676
769453269
724793036
256723366
70361987
407727272
106579072
179331119
968652172
473273434
27049236
835520363
394203945
266838552
616864037
609209932
496895382
118131387
289382858
597783272
148451992
392134586
737160461
53191042
757587972
748024820
108640621
286260134
668314350
606091825
867889257
869039870
904599568
108470702
990249835
505786345
103038594
405675418
305138403
1853864
437588771
418112020
658570444
31934955
180056402
922871606
268039844
995459279
856231426
296621787
121366711
203841713
753576201
972261297
703702073
813258012
40270641
168260702
515761760
212397847
203078390
170727173
425734866
240201866
510640742
171394400
883487132
179432233
482266976
540603476
981055368
284457706
923892552
863750507
209504282
286554562
374438994
924317151
432420807
397427050
664679786
949942189
993411145
365859381
567632912
600580417
109125705
28473305
466984097
594515863
655841709
777393164
553284640
465389437
302426672
720191611
778506067
795458051
510862072
695552171
748750960
68862352
970950030
278024049
276573833
445641749
122425774
362121426
400502968
207079617
877655390
11953668
326227454
336121285
731228981
65955426
37109511
812134257
894413592
666597682
269461489
46107520
286921869
5052297
382470364
413787119
564790755
287202138
526475690
725970996
22964509
523336388
960818285
903375342
30575755
797075499
774628094
580486350
996592361
499729685
443151515
363754225
177838705
686227282
761841327
536951770
284064518
362721719
541904601
149605606
770972879
415548974
199621955
60021870
835783706
288992905
578574521
997551483
543997552
715524375
314465088
309047929
260871551
595467597
888941886
524319396
876292511
504921614
915394970
249078742
249622488
953445175
603081202
135205342
979598446
9729403
973348106
518754569
181101109
402373529
818558763
78722778
744153034
190210199
637461925
918385128
741256992
205817500
117826022
19751710
50446792
14785942
719400549
93111782
768681893
271625989
814198792
357742977
181773677
603955171
921243228
364527004
282656428
967458115
217570810
865739138
902942441
252364503
58889036
451019338
983303676
311686180
391779418
929256863
82170726
798964939
639765891
193689187
294020682
434739051
6741769
666961812
805717581
465250862
735184764
600365310
372879139
576157532
993982867
15416765
729035874
378938639
557902490
166818542
830656454
401350807
709987489
514118611
317475225
332050751
15503252
875924793
356199649
253437086
12492454
295762870
243959370
614786635
310163689
406345684
444706111
473218420
509520594
562606408
552480500
693817637
672251046
845391908
691494739
698521491
317077332
338268813
461287767
878980171
646806993
392438507
824502249
180732356
383525508
869077820
910853572
856255544
590080444
286858982
981968429
63125494
139631475
305179611
300349346
231163218
227812792
580094225
585427389
332816690
146703568
552206427
67045062
736249278
101629887
769381955
530412222
838009699
562899762
988008675
485846067
486616721
956859747
124969862
253764104
471620868
40376701
59865145
253582149
270429171
814151131
26824102
329083186
692829009
811924180
425054467
796483291
548576097
851036568
730342643
400887723
171020433
646502717
167505607
5707200
967135570
215552819
553974987
154077704
180552887
468817277
394373775
916594775
176375393
422729829
277573519
524649857
559948921
206980592
68469639
735439779
934937280
96932596
793049973
243004200
271603725
563941388
402054283
954930318
121721288
855608056
860216162
542088719
149615865
201051166
563702317
488744921
429223466
528996436
225194392
133592672
599339769
63109825
844004558
622328381
954758547
260406933
930197665
341517331
984893199
56062773
894591398
940367143
163889668
868715921
768986064
396103890
140062802
789821580
478411429
718928534
735284997
855476712
700344320
709170027
839722045
491201995
102552298
298745615
372419751
656497846
416165366
702863486
159326995
879243658
164082294
567775652
670512725
657635631
183776744
301412781
82631791
707585997
68265051
732433276
577173098
767243543
389483489
273686409
394935796
810048332
269276461
222660220
73377
894219360
835355911
692593433
263272726
989271928
866611053
285367490
593186188
603581591
568611839
484526192
449890493
758220521
689144006
150031587
128678263
207712259
790396049
15108192
35276411
451319759
709930938
112137951
577586973
472224193
197804521
437573481
425907019
825882609
380949982
408100086
764833791
924995251
697510554
624561013
778120641
115588515
103102659
541048139
366303316
669970814
953868602
358065916
97398449
33519918
191888482
885415429
939130747
506796941
373722052
165900097
589873256
397394803
623582355
109747936
118334546
883812886
509407120
627837649
241556338
246628508
716882524
95099608
322184816
211098416
324514692
379401222
421949212
792439236
788592187
340722680
297536584
833498432
916594589
286170309
372351181
856296799
455858074
945918931
317429143
41058612
435898385
481196091
28663901
383129754
577816659
914342278
170433222
20820393
865786501
405274782
559429963
420484662
906765734
950782257
682173621
241864617
276492213
773455340
311228938
281101045
349419849
40038742
113081341
36002869
55250352
10944128
47143038
963171254
226916977
822665566
370779045
127928444
459591189
501543829
334519338
299513023
144061255
63208494
876167038
125918781
475350099
457101571
954355832
792953861
946309049
779445983
897660624
431912470
521833960
966975495
878822540
563811042
77883556
931823986
749426563
930251605
535035636
334989127
517873469
26651081
417349282
825989568
97422564
652139426
358524986
681310873
332173136
93145708
504314633
421889729
22550161
26155052
701483640
682861536
425636254
158510199
9652000
919106702
847475274
32009899
665773761
209262852
695072109
956927818
432144550
156740459
994564164
398504457
565208001
301113635
677617408
792395783
879870901
664861120
277930874
482954687
659922944
421000016
478131060
313199284
324714209
884832860
564411812
867441278
765612821
368602067
611191640
2290343
276951012
577866846
522779487
812674337
977593708
378265036
727955303
298530266
52507313
851674658
921676272
633700732
406562834
883106668
171055396
581197135
31278806
614550715
477925601
584598879
588269617
856264154
541442038
881165087
144536776
782564172
556143740
948400974
391170553
998025346
640005923
58675301
50603988
188629799
936809097
132497259
225423811
531963196
835727703
13984715
578654381
505207939
516360569
373050083
950449095
834480221
118173688
511855311
683771056
827392080
525192730
279246847
223674152
603736962
669992759
756569151
417455968
678525229
812981638
299250062
593578744
606869914
187138637
399195701
372157581
51447704
956688651
195907849
435064537
802097825
622286970
957345232
782045745
591462196
17554899
206049674
103003036
909445799
144440305
879321651
785990444
364194806
841715228
339953786
431939628
919483159
953556153
833327510
400075044
628554090
322904343
214503024
409871290
386036181
605542259
376143465
323358565
368731067
116117821
242594259
87437630
555147342
211059447
973166762
958448531
927511577
89237780
465732409
744699269
269397648
115715825
794734932
697783828
798591653
613918439
157969378
73017741
515602461
984528302
125421088
507948146
337042085
877416912
91968175
708603368
782021605
67264366
488805248
939629798
466337701
171202189
299652983
182615199
188269583
460702374
279064444
552120716
969842535
584697163
979734408
69909299
771616571
603563393
408493791
651692996
832771971
833743851
526101712
284044582
503410567
213434689
485017444
737162595
837077526
552495005
98818580
260139561
738980358
292742613
947706029
695806620
89767130
982736490
497059623
979183083
24407883
750703384
264186855
720157129
847995786
925421027
802688939
877410866
557069902
884426947
471729809
54041529
20263195
718241725
605095233
740021376
131145254
648415856
793316472
227080362
830702079
674721207
910397986
218063334
630203219
763102221
136208115
162226394
97347501
985832487
661560604
819947630
536385123
466584661
808993497
529341646
398886589
930006756
288279333
661885387
103293300
299024281
972034006
244261477
333490658
542438199
980809653
140129582
835153565
639258195
639979240
215075992
217385332
610803274
71192384
616258717
895683077
305950315
595667354
458073236
284091144
594964675
968086864
381251641
310047258
12872405
535257492
414717029
727969539
349486044
345479548
326024085
276428818
907282192
165431511
911062113
809961657
506751200
495964952
405047066
161957969
578193950
391657734
998872853
583802948
837761430
407140042
572355214
723151064
550875334
171408663
925199979
552940837
692534732
350331014
699220205
87647737
284100322
356303560
699166223
357081210
951049187
419283124
999504827
399632796
870946099
553252601
721301794
925439466
499891965
543727589
727296434
608757858
78272302
102781278
957828632
315830514
6792362
648492053
190468230
660159980
59335802
828002702
908406677
703003419
664847368
474107575
549360989
279078710
203825335
813045795
442634520
641541184
998984244
961007231
180592771
374102336
967731108
950902645
75782111
879803365
389834
503221382
787195837
602982755
478557916
629830238
334962189
745754079
161874758
75803681
647373904
841203582
188515095
841264643
560595904
593263050
57711871
188645065
441713572
340694291
67528646
312092692
43068817
433307584
616144785
476196626
871691869
870915277
645473098
633073300
606635251
66757790
63550483
153452448
205162654
860119586
632966620
733286726
304015179
416949269
324652691
517798018
498708292
742937725
221145036
529684123
75790133
653290310
550011619
93861947
736376134
1878843
891778400
516871897
821104261
73820029
388646597
123160228
388051406
816161014
48026914
227784353
917580027
328392507
553918287
356215804
500399108
439501205
346881920
745841322
746097716
574068481
598726984
155534757
34625426
662909280
155231496
553209014
143527720
549893811
163175014
915908596
504129263
406592958
179809465
437992454
452699394
709925215
1740478
771901241
103507304
201111815
208080034
565400313
200162032
438225995
709434501
450270123
141980468
570566850
416687388
954013714
366110997
346575220
720282771
933044611
844254097
779185316
144730313
996618703
36211167
997636178
572560599
356005130
969791696
39993347
971775431
74931220
434075535
448826710
222805844
770796641
283344077
350588556
266310837
460104356
574055102
326296204
27968858
864109057
337062854
656988431
706835770
226704910
551804411
952017836
627108649
785995164
152097359
8740987
837889619
676219245
164012663
692258858
979789955
599633735
33683912
992173969
284251951
378732464
971864970
915953660
388616127
619326191
484722805
704423840
708877153
498831764
250451785
957758867
299798347
287784575
23973504
625517163
794923604
893841162
497319913
613795100
762803291
995917505
354533565
553705232
688623985
579153813
842681015
834490357
7475153
796182525
989709229
881096296
934070491
561118241
14565964
388300034
405138425
661178261
288095872
712920624
94481441
605615502
583232997
839464728
88421932
332351369
525868405
53679444
409551543
408040867
427855721
119526659
728870168
90505800
372602405
313614729
933436723
127030054
557726733
164618571
520300232
618853031
441953647
51041205
280306280
631909342
903101549
797139996
880609908
168248782
861415857
696370113
705593390
454328257
690682830
811472362
913306995
660555362
249110063
432623347
175845069
373331211
358788171
54489518
676962403
97041859
157842119
11114290
834458410
141009050
37714530
296377048
682237239
143296514
434688752
500526463
627527951
847017003
906001642
430919647
941153564
848748924
212159456
432537331
71684732
422182152
484356431
872036872
869360089
61370186
898416627
968920566
887343389
528375261
750188472
347488148
452931546
777001152
559701667
344694067
477085642
843603896
652336911
827489027
997010954
430219114
701003178
650969401
528005900
768892582
411533760
244207387
346102509
954672516
335586388
857600309
868091209
405259384
210502049
223695711
542134514
37877279
410871379
855021459
646296825
73493695
501386174
874694329
775666399
88764414
127498310
734390943
428583361
372380995
104210282
417557498
858552216
805380090
43877556
40224484
591944466
795316707
836550617
973016392
822861898
620020724
430137700
93513823
192307473
528565335
868414949
540657934
644230138
490992828
565643270
285698717
380071639
771525132
705418168
599091584
491685069
446089592
607366591
14109934
921899758
733096930
718389808
227780820
333903185
918035051
957355439
362141761
562926065
258895285
987628050
466173123
672918541
945757722
816026342
900949296
958416974
608758058
196506714
937853225
169933750
143243472
972433002
252416566
171187339
711059011
891393346
331984821
861527690
108432713
20133917
412390622
99386621
880925363
21021469
878372894
967047601
699362330
926694795
271628583
643573182
716719389
22045504
738648763
242839229
872984719
949410013
2187998
66208102
37485020
987341386
591816377
26891982
705492690
93354839
969123740
934780312
330458664
74566118
200462871
445675907
578390109
994751342
39824480
502414430
972704417
256545840
269940783
735867135
247080607
264432431
165172202
854862816
505273398
4392909
713303045
1380560
652869844
313165643
862660191
732350304
269892943
116963329
371089475
838975557
480462347
242512410
129172665
343258090
567091973
794539132
162564201
360481189
754448401
879129749
287868169
154036097
970560192
655263153
650357178
752238118
273248026
161320050
345883864
942656798
789396883
679333779
446873496
984347045
856046535
241945330
444814043
724836100
337487695
388114252
614933093
608203334
23992091
234887761
254254092
858432674
714175700
461382531
525948196
255640488
43029699
618900042
737202356
242244980
700810059
978550647
987029757
305325887
944822608
447494508
931231241
426537024
821571413
558623140
266361993
99169423
803321127
444696471
744541421
778234405
771203753
256337352
264033978
548677060
270223898
592188522
716023509
933839171
789874318
49636263
974996669
805983124
506323956
65580762
151012422
726148383
103327323
643865556
639191902
985549403
494728595
544793446
617800618
308418739
285810103
408306270
985179486
962839360
507374070
647000937
998888700
170017902
316242287
745638999
794847438
450101452
758208084
361453974
685224790
389088164
688234774
203419296
147171894
350468179
213523063
470918387
263511427
792291378
952815655
323852798
693813595
998760124
198389501
573412707
651177607
486380848
708557064
759744002
925356803
416425946
845962806
223326523
983900179
609579172
487371456
675530599
431874071
602101544
124102508
539972830
73271542
518587799
774778555
260946847
877603139
109451088
323424760
104919139
202562184
624296404
140855297
322178043
774192566
688902430
84153243
480492419
952885331
318134143
667986535
876347509
132019398
406218676
792487777
77131060
614038765
369306411
109035925
459843592
594578389
998945549
900192489
564971653
564542045
776576542
862012104
173780243
573914356
554598672
602571963
342735113
607812664
822817233
401434585
321626926
473837385
653322516
192614816
33397342
561946119
493885176
97007733
575762132
920309617
734159718
876959706
94248818
637173140
445856750
12682400
873179621
741742803
100897812
412987094
453446212
136593954
109710852
703291620
201480423
37237879
603618979
958527126
342175491
218536180
105849000
208558263
371804502
93177874
691817594
724539011
158046746
466482807
153104392
907747609
415420623
632978080
967300742
147417367
192206529
75164971
118346954
16738286
622410633
109010328
396403380
186971938
412381404
424394494
458399612
82243524
226240075
979772027
972816537
415405807
496324662
13710526
645760225
833000712
632106762
358360425
803734362
485703742
415968795
498273239
303949862
984968345
652027243
904734347
828994452
925157738
3121655
663690327
208174232
244710071
790550353
296263460
407254360
135213225
128368527
816004353
11768029
713107990
371359802
79076050
130649655
684319861
198733593
467748371
991335770
718179790
411138905
533445646
121016478
318527628
365044464
455066002
330529850
643240928
545402460
216057437
913021733
648656584
449048483
792337780
737323568
304462375
108607270
223650695
362030174
80418493
893871548
737459563
856985833
860191988
537692956
173506066
440984638
581180652
649176799
790947164
221245230
541206300
338025438
851795193
497408157
932483461
636395312
347099326
137125649
598955955
188774666
927256420
531516522
633824689
640950598
987473747
596019262
348444424
353953267
50683471
568364236
548888053
794230135
772308418
116299611
626227081
178254679
964685560
793374873
698891137
501841967
653377062
450225377
183192070
470264795
611238438
180102515
679330574
304822219
843600252
937865829
945692484
232666033
743738802
233661239
11883585
916936406
425261506
179047445
668479350
482204590
664563862
125887870
352404727
732623770
378697601
944204488
228373637
376318128
232783907
839497582
881907430
853801469
592052096
973504123
429743716
941963948
58458291
417665947
552688245
624571345
90577391
142013122
33237756
891077310
360897056
79969437
434754630
825602682
456164332
108904775
475887491
540651946
272512891
78750272
852358785
431128083
240071990
936559719
244291056
817352752
29189271
616618580
107561417
452523015
90289020
995273820
833171904
54717723
553732571
223003253
691801425
808898348
290121414
753008956
233137233
575139612
511567926
913816927
507063797
456479222
277754126
903910624
120766546
459215894
195513461
354686589
761780255
4595785
924904181
119991130
527611497
582666644
986243996
235192889
162720832
717398691
830636261
857832063
468181650
646831461
648953901
969828707
614939021
278368848
565736069
712996029
776710769
619664913
958124821
104428148
462915896
558084242
791744298
248605845
871184158
607973882
465935371
777609502
602671027
90340682
438269703
813256056
623391348
849405728
625321378
536307041
171183307
601828957
372260259
137181072
834347660
39245457
77402991
170835999
127276201
264837526
776885866
587466061
278122231
122669671
232300520
73057625
668919676
286618277
918729667
85652895
146490057
278581702
74061768
919054093
795381743
103804090
974102956
420167289
812313336
575518060
518110998
920134599
91201415
338945596
167171242
104984940
877883324
797299039
150415902
739909120
729630672
641403287
691578871
176446462
251446372
404614090
831595101
446005389
171129238
826300086
52030942
532830437
732991284
103460257
555702610
876740914
746004497
442430286
581428235
497465917
782380737
876103346
960478062
24006760
349253556
700709837
675185069
375780098
835816197
214631029
200920597
433006940
359973775
925471466
271263861
553803297
659132827
166769010
213136517
794159662
410259851
322988551
131155985
459155279
105555427
58785750
445417471
896497782
552291464
992887277
186966375
997176660
21135782
371391310
373837385
622901982
246831117
944624798
467343555
253354620
289319297
423521296
271269835
346224474
939761395
426803881
130527822
613284892
691805391
336430148
888577959
864398605
993219810
376602495
594658787
389868301
321242270
695900631
444205798
627962163
706982452
166756760
167839679
311689605
492375992
217422371
593933059
283777665
335175006
683958094
201180233
164223313
435903091
363948316
90474802
542208744
680003092
428520118
696331663
490963220
70568219
209851414
528928206
187080936
628874485
71757489
428950964
110821424
45417085
199428599
612273574
852218926
845812251
988564662
707245862
294790832
361591142
617106141
807536521
350956173
552929127
878286390
344996962
43915198
796616515
87488437
899068882
728732071
920309009
3684060
518334049
559491720
59592879
666886915
150426250
678776959
40465362
87038967
791695427
308607750
965683477
778155813
187513128
827930617
10828365
780723937
171805175
892976032
995108249
705938248
728413272
317521906
299609052
809245397
469456771
719442446
213972942
486437089
461511511
503750434
375670902
522274327
620832959
112877148
206334309
332632434
509349275
604865301
95693499
109831091
83276184
433995256
237121107
642757197
270342052
986446853
717803017
818815961
618481087
171393297
530351647
689992500
261608697
145236365
713789406
706530600
774189973
786556192
940352350
18057752
384923722
595639759
251499728
619950112
426472964
840508709
843909419
432479391
894316608
445583970
106368938
494200832
671962747
859024852
390029704
396045789
697934388
843889206
135357545
83683866
212944789
79946909
38870669
516577663
90310836
607806405
335966280
286807588
913289048
563076745
351790778
960108330
111352010
260873077
958906710
906927354
322671637
52316754
493560927
90280507
623501553
200400009
345613527
138192847
538752923
306273747
351969274
529892354
365836792
82909027
190067946
641804021
107403502
111471672
166315512
437135900
191431132
964560144
613406853
151727913
764566385
641809123
473397990
404797287
666724429
865320671
991807426
972279994
645780062
791524792
745285271
689217092
702417345
204483382
870804876
881454423
98650293
412884915
536917027
762546808
842123765
839253196
121159533
360972400
47737554
316081292
383607066
196779148
384275285
3183726
669180369
105349792
601598992
72366841
310385487
849059922
891272623
762731208
284291526
970702851
307041945
307345498
80113346
340996906
286284809
653518150
665679021
43495710
719947394
284030080
143541857
257968038
387288085
839898542
908689501
608349469
650321325
674272086
297665274
227778
899116885
863041259
739316117
905987344
780895619
865199793
132498956
674495792
492615041
194163475
973910963
607033213
596618398
300998319
90292728
32192921
699656675
422469800
908173659
890885166
438941067
418598544
54698500
668093741
611801408
336597328
132545860
815858217
980949095
60224087
627981460
82615401
779774408
922724273
874381203
305712038
569515341
658365306
976246353
128634373
559792243
978228260
223844235
599024667
420314801
643286069
872195721
413775228
267544331
501798104
891074124
483700955
177051537
314483926
620843011
45901261
294952973
319442761
297956310
330892682
604578449
408436236
551124042
336897657
421286301
298261858
357046530
855121188
266238727
12645877
646627897
82428367
900248299
302621050
948174533
403752821
385658079
335099162
179858272
712208719
930323454
347614549
647792833
425553821
170802754
267627828
916257505
500676739
940462230
417120501
916891573
620516230
25515268
684145540
994836869
219129895
411885808
362282102
639466891
815268310
770253819
496713126
176696313
420535012
908426965
540928203
151832083
578536059
545879669
690754347
325135451
140840552
588011897
847207017
50078013
133695910
921436619
852353856
214457080
982394516
802711412
346625777
312321456
250487482
614406982
595452009
517565926
611565801
622732490
682911574
401969377
124587065
70122512
470028830
141109427
869083876
546533443
562673844
961015461
806227535
913034910
967107197
857420749
368282443
467881000
361793690
837709273
299558282
497785692
546644879
401219761
955945257
989836061
669943154
113204794
819607066
608714298
988151474
222791730
843413422
795554655
194744758
628253224
118137541
10745421
354560595
489258740
737498553
85542117
91597615
468187511
486826892
11616019
889868380
873463317
203860945
78729703
360652318
881141594
1393627
703739729
458317002
382291721
473321174
554018195
938478170
697756539
853539701
628204469
133855769
531524660
140175772
803415869
936688253
51873292
925470230
561318618
607839252
248994851
63803862
352949544
320418165
652327527
784375524
272875831
423528688
237146894
395055184
640404319
9688513
922644488
16255348
511492987
728024366
901964771
623763204
574738194
120366208
699982293
836220527
940551073
642623062
246457470
271025643
795599678
657785067
958358873
671812610
617525647
488160615
379876216
620297613
523669188
79451964
154559429
909484596
829625798
66952021
533479606
102832585
851337109
736418828
507656777
294038082
113666185
353035771
796347458
870741004
720128233
105904714
29168445
466368765
143175907
310194603
10657502
267637797
743835122
420278854
836816067
777514801
526267394
501216607
839359653
735410292
460630310
689759483
606016205
973429882
222810673
778966927
842110955
171191565
178773394
813884827
751311594
498582740
637337505
952641655
739914441
312247264
491066741
964105428
708770902
762020643
915457939
634228102
879410798
644449429
897903143
688543168
862964469
837015298
422403759
302436717
192901506
860694254
105294799
573682146
572216403
674977249
263294285
126881401
569518368
591416237
569116013
813950230
665016855
403775950
161561730
861582430
257340248
176630423
94288411
381614851
493064758
4174538
882488539
228985852
447668109
950388138
648777669
32078568
781102706
554920987
693791028
356405478
428361560
84184759
727736462
322226568
994494450
337592534
700297789
308686309
766075612
472425145
995145055
641128929
344355583
95556914
193265262
276526140
41112388
963432592
381739134
104436667
383434854
109549473
375280676
203941524
908562947
183537621
477805715
270116778
874145625
96890686
836496089
330853771
212485764
982289241
765202211
166312947
252185659
569981649
561475237
104175868
966952579
734874608
843492708
464705694
549097943
392271699
901368242
881613940
455775459
949881210
963751585
889993476
272591058
57288492
869606424
294810443
649907240
526934175
4522877
229376144
380360462
882422206
813272810
395437302
652360703
11420946
702004284
27144744
927323778
147242304
351078806
103814147
822776739
124824027
599280112
68819829
624172945
288819605
828579339
748527926
486005736
573437465
999648918
276995931
271534487
792549226
756067253
471427847
425522074
735273942
474847922
339142120
55225845
771500619
381296090
731336234
521119661
322446344
453637955
916409739
38607056
443597233
157647581
758816715
660061975
51483054
818950752
916409739
368300916
664220546
886459020
459915596
59035427
96895098
340480014
173718707
665153317
529337121
197589962
719138368
501690100
950815299
350369730
936457467
748836168
448996867
119185526
605518951
281467409
131758163
81889007
481982071
802161038
690015059
51814353
137504356
524960089
199854224
857945478
41359012
343881499
662828169
524124100
99509663
6781999
67725003
331285784
474422251
699573285
446937925
422091201
39688139
939975309
189311048
242393094
336278442
599099843
776663395
477974064
812786419
956544929
219811559
193956431
227903141
695819181
462438568
329538197
953174189
497685817
793855317
396192498
848889625
523501471
429402641
248333526
644647214
503828579
238477298
625241622
170629962
455727175
747436995
164489355
400865945
298582489
932850890
301092263
101323039
64531617
586948076
932880241
37401752
733691674
831092420
687802906
322123928
874754918
989140526
264182780
590633203
237092029
702318083
765917037
365815222
149185883
746859708
72521922
867019130
239032985
889958991
547468602
345277169
798384477
98921713
63830015
550968421
75899867
387742636
811717902
311780512
943392136
509858770
677477413
242742230
313248400
781344963
218811494
546694386
288239232
771372154
838727658
948644566
863520488
557274581
882030811
133055061
469682669
161484595
643574295
49019047
627682757
41187467
997870082
991658500
574533138
109389434
169756183
134289095
158790780
877014957
98220445
756303563
138111998
809467386
225604029
780390469
68337560
641786486
987697297
577416551
839687793
32412878
194641165
27815330
883340678
501569757
153695677
603452309
929997154
590768346
189202586
742966035
820086738
317768592
711864832
72263955
573920024
666874842
287627263
764912653
352411924
687553460
759098747
596894486
497777343
222666900
394693287
229434504
104948362
35014440
851501119
162241889
709739124
188839767
418485506
662377118
108651677
766062838
715052210
698252828
979951289
553245011
182201498
945562614
406524298
521072998
242055894
343383538
538644215
85886145
412695414
500113811
437797623
958583861
232031374
153197751
247036770
529981193
233710588
202868551
325349382
680551930
60435079
211205025
224881096
822436549
40518229
443314869
841622669
4553067
628256590
386711002
979798075
531805654
264519806
446895462
591242781
449894661
734873657
12905362
903791078
164239372
609564050
29684251
265081111
708356093
310847617
679946873
815836459
162764874
349043506
695533611
922471852
498084989
774747952
923623230
163866205
254705875
212590489
723404469
168026069
938644482
442959114
756286747
11811409
603177235
969240417
539610793
43181594
54540569
794150986
532172329
965373956
980946851
623264150
888204131
442084497
944168979
950338686
112213963
266772677
51007984
784074784
432816271
498708550
546783263
810488367
915239324
38886682
997038387
843622711
863279645
767308085
973201160
224567745
749739308
102712158
434798855
264073465
514490517
540466041
415898676
796664057
1596677
655228270
987639325
727508748
968333190
177475693
288314192
107399838
430063458
438838285
831617854
655213197
347607519
984419351
45383838
123009105
1625021
858820517
343774261
715904572
116734291
795888366
263800586
791252274
944194867
924208971
217400472
20050360
182789144
107828954
824140602
420211435
217241915
385629122
929662541
768583161
195342319
995076577
635513126
332241948
196391030
958621580
926764567
821911971
403922577
660709607
270137138
941284932
679747075
959490657
532455517
428279487
618083681
86443914
816145078
79197829
887219356
120519269
611394461
998356707
293926409
164753593
601659460
881568030
529269742
393417774
684746496
592801025
276130618
431884010
509762011
372749630
443263769
885308589
232705899
85152320
780646708
42799927
697038137
412266669
118253916
155249145
370858730
407388203
393658250
143339342
231186510
258521763
875011606
971133124
911977403
143151185
393033607
94699084
104551385
115956757
16731327
660448981
40933874
613819424
225753743
930831207
57442361
678650578
910016349
378248323
63586993
53991798
78657802
379341876
425135994
46446514
934533600
589286477
587461081
784843797
738732978
820592960
796753784
528639240
963267327
643522445
82394625
758461686
175223484
989110787
185969459
551620353
323603610
794297552
553664783
730748593
273001271
436935328
255434112
181521729
628260554
739636408
815873834
620179959
350131402
372435078
209375653
272767310
588885724
935477548
919786238
547553491
109292903
54345286
436701301
882702573
461203934
510372956
525601792
32264329
788333482
563336538
34717927
425263729
19485814
831067880
178124257
709681732
936991599
533249423
741735640
325883893
459518488
599745664
30241130
626884118
778374696
352192497
739213548
797374301
516352788
943691435
60516462
626983239
187997216
936238681
356698657
828947362
877411080
530747816
996964967
367413177
516418007
563334937
730457506
916877088
309944641
956228698
143264028
11638983
583784404
279160403
654697826
862650806
966553355
284865074
239050273
343798412
345660348
612365863
689384619
329837813
165285981
414683515
181161043
345061054
88090771
761021070
916978731
346855509
208418131
795075419
630748453
212222182
982334206
587120046
795241072
314227916
86032515
68003972
147314958
975513182
201475873
182620894
542662981
438182314
186003800
952751603
326709303
964205389
76925362
907293840
1042225
145797762
527542450
338952636
905394241
856792184
517743481
360732833
920201309
734274375
230854765
777138748
585956269
955932116
483447700
814876977
815750712
885775982
528583197
271383193
889939261
494418340
249172037
754464093
234029488
1423475
764900846
156390919
193080803
918758084
493421992
511229549
75950112
845754911
673025224
250566040
528160594
292942698
342122354
272814284
43175625
40895111
55981249
857562102
243890193
83715485
505076485
991582766
925423990
129900736
645034596
577451409
837751936
58238532
436145447
394446943
273446565
236642867
810666424
419183263
218959815
575894062
512027782
212972500
672314097
504746153
522212772
837860796
831164039
388184191
913043138
72869542
752141293
558553405
912518040
809676988
879911172
474104248
108087630
569248448
821444020
715518562
786106966
929931729
72503613
848152756
403300917
442440889
505790306
17388610
608005089
35180798
1355288
133660056
484724719
628818749
683154286
134315772
360650711
892115043
522154731
714645652
869919060
904249042
30213988
949235532
130274989
537646044
171156053
70009003
668063595
372351139
774595734
858920048
847493641
323500254
593071284
75835718
154324988
638283827
402422554
332582264
812248279
327828360
94282954
446978814
728084679
707256788
464600547
903189035
892592855
333289382
334081841
218283000
237939906
769830746
359081002
750355797
719284928
124784168
743693024
304667943
234919933
863606252
624653814
615477538
746946318
370483583
693014496
142465166
849999487
375293884
300667754
528624208
728608611
72422304
91236542
16872174
397974037
954058376
516872973
811201879
18999714
760322906
953353616
51387540
62373719
26812993
943047136
77444121
600679757
25524081
627463206
492841796
732017853
736169360
391510234
71638453
219288321
910034878
445525115
886283830
256706073
72539199
765104001
405994128
499466308
576424086
397046649
754658160
336993225
911387877
749225743
793014672
49489096
932024457
649856484
519890527
943026761
180421302
379627486
102611923
510124154
844395379
713979202
753249641
411351285
164904043
721769572
936665921
703617446
893564073
169985529
511388223
94704515
210204732
649545773
334666012
556472249
691324859
302911688
574518950
793937082
574933034
682087722
882215986
400535698
35508916
749167221
509354803
447870719
92015685
423204701
815220695
878837952
163947278
264753403
802092911
72842048
990772164
93735233
207905113
789927204
736914039
411257252
957012393
64179370
973063747
807360294
903832345
637640815
376649658
517990003
845829645
552443034
916899464
880766677
689847095
952275354
151397923
357249091
679655430
692703650
808019977
393581367
273894851
818595966
53274951
439663159
59135999
288408979
277323615
494460262
898728487
760027499
912884338
100325679
466153954
166335340
919336003
737254555
706502619
607250589
969912206
733835608
279960609
9894602
876995224
538660297
665186358
795617259
287043308
410645521
221147025
677278969
693668755
119888983
591402417
399898740
16516205
451070543
574445671
135906407
545770356
276933712
586967282
984231000
481535893
132057663
202347052
383721597
674070044
887712635
817067620
797783951
370144005
819431265
913598872
290892392
673830145
966898704
913977945
671937809
701906823
119753952
641077750
462072763
684897793
131561012
187396539
794330150
102859154
808528449
472563466
603801244
593117168
482766527
177332144
965624958
806214823
667092105
484701725
662432924
869534460
742245820
452951439
773343511
535219118
463644473
893078988
30410735
985325109
607316865
917479218
341380765
374363213
256407389
572043823
941282111
407234662
741980978
349722561
792001441
406137670
118267444
567839445
134568969
983035872
178829457
298707507
787347046
626057352
743045401
2213845
898265692
277948818
813213985
886879365
470868548
661348200
889788734
601734045
621051392
654802759
90216733
74099603
753528106
639652389
60934823
989873329
949491806
755082128
722575189
79517388
587136381
269698160
497540345
768715420
170178917
955566648
970990411
549289758
559794329
691509860
99543313
315701720
33828973
128541304
207756475
685070888
688668488
347099493
592680592
339509782
390139542
82746851
788128450
726535368
629502070
647481193
311383971
527661477
64396325
214989447
663052585
969727549
641460606
680269269
111060986
798576102
374715383
404830294
445876115
319981001
635726971
52519040
110583628
301511844
122872791
16980058
915240253
247835522
710696457
104179192
343243525
462567293
558266640
540316670
647055821
123795078
289758465
984509658
920121444
331838389
24478090
886849656
364174017
714245344
367940675
199647844
157143084
760320765
14888395
523296022
554409829
534721964
361876872
444121671
386516863
638432215
834993632
950284788
586309123
156356648
247948985
898522018
674570683
478613452
337589019
96204608
320651105
551109962
216073406
693925475
496726640
357265829
547862109
103762138
996933449
574923785
241742722
110091065
303669892
44711680
732738336
824538612
689904804
385428331
32359068
190058788
276214763
134784452
314972737
380131061
655918470
450420837
227125096
817972919
968165361
634703306
272789174
591994195
906400972
516970134
198265416
337461658
56089590
697575866
811502389
775318618
131099852
509150787
629557603
388127027
165135127
265228371
79562291
870330419
360047127
101203237
942840335
722356113
8663393
50513847
100618197
991003863
503735193
209030887
541599104
558413720
247583583
20074114
248628263
111727628
217758170
241745326
116041919
480598972
557086420
691070884
600982609
626401587
536457666
540841431
611751970
613428902
108041587
25510776
16958213
503018959
465439631
215309963
255597544
109823861
275942162
411800281
384653290
683603027
1681430
405519123
537972227
414529107
629091358
48341860
997640978
951528344
160403633
180542053
313443097
69820409
798286668
365631804
378176965
384737866
209110999
101185916
896101920
958354185
932048581
414439809
510544837
77642594
469936004
356155685
737776957
634025968
30654254
726318061
460750588
113783719
190316851
141698982
311937187
4322463
848639006
165397710
888287011
128162515
569641112
308743639
349641934
850421284
847825322
14083523
460732656
881793084
133522510
278199356
208814767
92114160
820546291
227255325
524062
634873225
25935524
493237570
857380187
338130746
508483111
989507509
27576412
739612992
239816920
917598365
365518994
714538259
979958334
610530286
131004382
303058962
940290819
20850052
991330885
382508735
12150215
867792882
689818566
637120679
55751832
25998824
468871390
746549226
184182793
204186759
948632697
630589097
94948229
501658371
799675824
824401419
261306053
996636488
499944366
713516505
320256785
374817558
556214045
6294957
983283363
203959049
819139465
850956633
644361592
950100835
831272654
440408096
992751735
653450635
242100011
165949053
850204134
564251493
674278218
690764429
453985495
695850804
237289698
308671408
440648437
854204029
162175200
860513526
891177479
960721165
42968519
943020656
953021548
587338554
900196924
502361555
444949632
835032364
63817772
175224992
487312404
129594739
362306212
136106695
76890189
366467644
133024154
998638730
163731409
865297118
71265322
757747977
533802972
388684707
227387305
837256385
837901761
596891242
678386679
953217399
410778740
306267118
814105968
857177748
49259399
713803186
650192825
472804725
593804583
596803349
4954517
116015848
163524978
434403075
220755860
697517701
559155935
678703171
454807867
20482140
435145298
736691172
712780385
756887482
225238174
996245493
311085809
88716361
792920530
163707868
946685612
648095122
435910961
573339637
153838579
336025011
399197613
663252323
783897264
349672257
174438091
898810301
652893678
76554550
358030570
790608259
843069153
483028961
46659113
956916670
782067685
865383623
944900719
51278698
871479291
595118356
750812851
938220733
429818276
737845530
985226228
409665804
827157730
690075654
89075228
188722127
254419516
469226695
815733942
175937109
188320235
500945171
369706633
247566244
115586355
6063661
770983077
42684593
5812761
966856320
246128168
571131622
491745753
730224062
974370339
992158185
530134567
371041279
235976995
915378850
974442797
175774799
891324788
917385700
872619841
892237021
445914998
779169799
251432656
142621533
921541793
245045369
724514500
131706198
987012657
488668988
825432393
508275024
547382737
544637601
388964684
283747509
645271792
679592940
282640319
487869322
964358822
910702842
106431305
644239425
407168035
177481657
740930188
42205415
971278731
221546650
659156995
254740497
612511774
853966863
45036446
963052285
770208832
664612851
218830798
432391870
974716512
194961440
962470132
354606668
298505866
695262401
91374117
510329557
440061755
564899105
159086212
803414098
692515670
317569830
460823000
16227231
712483796
431959837
434141178
330118305
325243451
792855448
366751543
999497883
859731123
996647692
941461843
973549698
517709480
74960138
942509612
261408670
152959292
50350538
856375013
191294843
66765971
52395981
286004167
204125283
638624356
862664166
521284014
466687417
105761379
453344608
812128619
954669556
329652650
623266035
430044269
385866753
148908018
635764811
580450710
196705481
664788879
953428567
782534941
825505373
402734117
821051584
343820145
281235604
716795137
148536857
2401920
585215102
364386119
236869264
527871601
875389941
312254723
139108263
148667622
601081975
985475388
835009004
663143192
162369025
821365003
292216791
850208397
111473191
791962959
314789737
412229592
477145842
103998084
621803067
378511152
497147611
201361813
559143125
218623744
449096547
320615315
597883110
782966370
257583280
603826774
332804123
401004968
286283541
798001037
934795540
540406833
741340477
973940007
801070005
523099310
126846138
832905880
482993511
781343638
454583945
60210406
20045236
638963269
594528404
222166240
841580276
960829717
221685781
658919931
758042289
833522618
625879781
511919663
873720036
351691263
25375435
131621589
267031049
682010304
971075732
278089729
239637964
207926460
564452790
149334274
661105580
839241621
570759933
613428610
891382470
370696496
278258513
23883593
480844315
816924198
359268981
927461185
89110644
223076711
748973935
351476736
309410570
20689134
561234066
816826144
545096833
593719704
241639274
565928740
34926995
701593282
975226098
78060884
623271489
76935206
823475367
667585131
566973805
159285353
231473492
834697547
817741216
138216804
18729088
282423559
204539337
49406584
76304974
580602286
723036489
812966121
113814736
460497523
842438739
257152838
834965568
672165200
732190504
489538486
363045596
60330658
207682265
783118982
930078385
402443853
262432652
129632311
808581641
496958682
912470377
392009499
670477401
178563916
407223255
180487821
85238801
653855755
888366597
527752510
802087275
96195557
769828675
652935332
632481974
478682585
92842421
567181949
137770048
500676772
183890705
128018905
29044300
562312407
523430260
786854433
272146575
294119971
876126907
946601119
216487426
356755394
97012296
959605440
799665432
134497506
35465197
725206447
516000613
370430473
355179488
351850839
789434025
93514965
714637623
941905975
855450712
510861223
721441998
979701471
242586717
361740181
215882110
521727983
220362337
621159777
528650558
857783402
448866296
145964384
136543949
540705768
224258785
888874053
403676707
267734583
467574021
275465020
327649613
14620521
529136260
696951584
9532717
903985967
412114746
120428297
402309478
38609353
915965700
535220171
254736613
355881680
820471499
879560932
285873146
733809358
243692643
313987695
496558963
942736376
96663513
994948713
61423441
567038118
116520862
179150096
48344597
160311197
613316745
799479491
570023438
594243860
12836527
519173468
699465219
471561287
833641011
190945247
20455458
345185275
132289082
538965962
848757822
30295588
403298897
226949817
376909250
817286015
10669257
918788837
705540876
429247167
873584528
758848176
79656494
174787564
605064586
323924627
132946117
539868644
387057577
618579874
51061647
835865838
482101179
279361504
472097021
244777060
424886252
983373701
558785120
948933742
749893425
813618436
97096625
285595488
40387584
475007419
295707719
485384779
853019656
777309337
97783328
601636884
424720367
854240914
241281631
859540413
975715288
621854505
65722376
470310034
21234107
65005416
582190111
234820626
147139740
905151286
556442317
629506243
177604476
296419111
519302429
890687554
302484374
600177488
981397493
676796176
388270352
950151761
764621682
526226527
564789022
600221664
223029437
77998478
223874259
545135320
914068522
340415082
409039539
482733192
751296580
452417254
571368464
471667217
851252928
260582274
765271031
501984999
973311904
808897393
642851723
943122208
371935437
304778502
368105798
192600912
810457865
906107046
363807250
307548146
735000925
229973396
423618697
891695324
986374179
44893527
644210930
972258753
969393183
389184590
702924176
441685473
320709038
149997023
927894225
651647577
820979935
986109874
357651235
525866563
921658022
542199606
74425347
85774785
290393343
905118606
456545102
913502966
162320138
155482741
656182226
226982828
4249021
354132975
691059477
294696596
880518461
82639650
695225336
249845029
90065002
292289460
394669422
673235973
373669551
150678574
365209647
383205224
538270719
677815099
775032420
620349936
222273479
553482829
502934755
772670248
588367822
858240638
528869060
331805028
728219647
511567447
196259942
306635147
284390112
505865061
248739215
452222715
756294452
789996980
820142292
991426500
391553226
294849848
707267675
826355937
807516756
182045494
694477032
98812000
27371714
75327110
856513969
913585896
766336471
150123944
441981743
187398877
154348246
717217144
318834863
375016880
800376746
433986484
751592912
954764115
892423366
9992849
533346889
371077636
289974157
69652971
844022687
822135702
808879932
73657667
112753119
154366972
102976020
417204020
598862449
997209781
258371929
816410740
483858260
181431892
427497623
918697291
824484540
662107689
297942544
730767615
175384404
570126140
359923680
803116901
290367647
854595399
349940169
969367082
42864633
914927155
430152268
905288850
224140360
278048239
268613179
640334694
176160648
769594056
334729502
713305332
977057766
667702458
280281648
143924035
87760334
458071986
321302096
68689684
575908500
371196418
778128468
867347328
23979862
941953027
96043356
322078415
772680768
569371886
820217102
346601003
618492444
30862571
511423730
643764923
729947587
68091887
557818357
859291360
386869264
448393130
736502074
265393998
357302258
663904895
453752179
100764518
247802952
11394819
562708512
445399636
385258923
157306965
567888938
256004812
197710854
952230
374493160
410187062
291467193
453431894
826528287
279697866
272573302
288438777
68100367
689110806
214136925
983113796
711863182
634778946
901234336
963503883
435542353
583684197
31074257
308170729
288609577
754974302
240520053
238323469
619742318
384105505
779105480
720369954
776507868
363237964
950962629
465849353
391498036
745018907
448335199
709673340
514434427
49634023
753802978
483150108
118466341
239378981
51795490
780639504
793939452
706970579
112965470
277971574
198728010
821243619
951369040
111184980
500172911
58016406
709265598
687370501
391843299
354819461
572623632
537900037
852295889
36807906
42777916
951097955
822025112
124458587
203085469
592031387
244356386
422043891
201463700
4616612
491123049
553083422
2867292
693917794
737549339
130344310
359164714
752805509
277284434
484110785
306354599
407755587
468805781
624732452
104858622
317383228
716929685
499184283
510073165
319631276
617064098
201748019
818237532
649807970
257107344
283388836
37123419
522855362
786602358
992444232
110640252
769584159
144057322
254014667
143971213
334848881
524333902
91148223
266035486
86007106
363815918
609502768
2587019
399462515
5638434
369958824
350475638
361805932
229802944
669077943
577943471
877672771
79709131
796248658
713915369
866386427
725585320
352485431
150420514
885509943
874680928
55268724
114533224
586128607
396519176
353736187
29871032
433811070
106109285
476131560
330555973
307057167
692438222
866480677
652024251
861954338
528754772
884931581
565978296
140880863
275737788
932633688
546554996
818501869
893501888
128878588
50474163
779946662
751662836
791469241
537814639
399334049
175850581
188589568
465058685
22734005
961073620
761354875
771857866
135517381
988702118
410827773
782093149
613319697
391443664
271296736
320950497
274956352
503831792
135902300
686375807
882676720
545455662
823269711
181014672
916822417
209734008
237425936
148441674
28998412
233164241
773869251
126807405
867788280
551759090
697113916
399184922
92093131
729704516
631518640
412811280
23239059
902257550
913311811
223322844
330597439
868235313
534039470
333809358
49009821
367775452
957543715
346766360
975775611
162959522
711275531
998585864
925591761
13142339
611746550
197820942
136242307
797736622
76618191
31709281
747852435
375733325
267639156
668778392
372249867
891844747
241296602
825063752
144168031
60472730
211285667
287356312
604648025
843967093
99738401
878457599
197612389
549415658
257730976
861401933
663042363
243353645
441864108
638740288
367871044
445360137
465322958
781204883
837256385
837901761
477594748
980195644
715063813
27779247
433383010
848607101
973254131
131643278
174400047
196011620
687356742
475365908
593825635
576138946
725466451
361201345
842264030
420874947
108858263
581160607
678889535
890395899
651311058
978782264
150076025
272256516
687979135
131400441
71793214
117619927
448669520
412839734
438152125
312834267
650494258
545551094
991240730
600315358
671476886
764486972
160836031
604661932
89389060
954937836
438817849
111294917
496574597
373498591
576835801
993828919
596835485
589228641
723322487
42791833
481803477
427715413
877919428
279035350
273896949
506574525
257101775
193130456
971880256
265460212
455005360
15934667
407389344
973938553
327920711
732564184
57362343
125129492
545480915
891637068
20447677
651071162
40685430
806054925
910742634
108117124
852611827
654052623
226742932
972253118
50615021
959582407
604537390
913786103
894290983
505242897
340162138
222272234
114221797
639228357
75183057
312216617
643090365
167848644
61441427
701627281
901327598
966405379
412768668
362862317
618355844
760196937
817003473
891534388
95532749
653077849
226586629
740401695
50166926
327846846
511313008
354217858
547769151
356753694
460773450
795282593
166063056
936205645
191471081
243494616
356816912
699943980
852463885
707107599
757132657
666550355
112194227
732951207
567803148
228812181
316246655
123749714
51488854
693149943
127908268
428851253
169685746
46935968
636861720
314882311
981675058
457864005
54793591
317346491
338424581
600633207
16471048
575915523
423796326
302275377
586161319
427950162
53135055
115992262
360606933
581203153
209233939
685441210
116330327
263672740
97932034
728310148
356277403
640835815
210779082
978139295
535332717
40259138
284198454
413270562
798280975
503941650
623643424
441616028
394743189
945863083
318753944
987891346
122056965
705161353
91709251
101459815
37304462
967809009
399956014
392695337
637173514
531078241
815942538
528662804
7118763
250631494
267002142
39367659
28569121
600479544
776596731
946333378
597809997
140689391
569400560
492110445
43663112
1461828
173227752
118519424
570707408
71627925
214507895
407851846
849349788
356569652
861736445
961927544
598342795
893495440
239410202
988635221
519398766
993306111
600566322
129858529
248590113
375919366
13851360
920626589
30560330
467135931
297135466
981803249
101990521
639202284
687112334
506419905
190269602
211142211
983099550
244570409
68264893
325107905
7909923
495075304
655287589
315635390
359038858
863784476
257358235
853384994
754711331
658421025
512189883
257581448
700487644
478163176
48888586
166943695
169196795
36763558
918259250
744309067
362164771
818273404
809718892
867781393
969894075
718118171
927766101
137750221
190128223
702051787
429322058
301469048
13031920
275824444
683657220
31883049
199910772
671797238
613951919
904344272
142548868
864054364
722053730
320530947
371200434
301572497
146215224
744241850
519551677
560312766
416389244
749169242
439504624
960010652
281177279
875186531
405146848
650108802
533071167
870075035
375804435
315475323
273947051
986848886
625235499
608831495
55615596
762153469
541060867
193401471
87088251
397817459
168662571
676369738
887333138
730302574
42735697
212950318
584791730
191089766
649903397
482365971
531427647
75570417
508965176
494785017
292079431
108259086
985504957
683864246
366073922
55907305
241335243
535195600
936954061
937520303
637464898
975680640
996800285
324146807
33610809
565120826
893662826
284535803
606361647
255406488
910079845
159733600
442874504
315146896
797918527
523713579
442804079
949902082
637256013
346102015
825768738
462522479
587293753
744907875
419282453
845973684
454043110
388027157
377070220
264296591
763671997
178597500
156317204
659044312
160488499
879667234
764339400
214379914
449029094
146587415
370288341
236289847
113239032
339680558
580092908
546412616
53710256
185860924
967770307
275360173
654267418
466011255
897385311
283842011
910309824
429211398
763737655
940879358
391167723
789110606
807409003
557952232
294899039
732004373
259174120
379266491
72502743
817800847
980348930
502024121
634547953
449575914
292561983
262271185
621543222
1134195
906901622
106335453
773297929
843977496
318708577
39394474
744549511
859620575
520083654
255692494
864744481
726949933
848587627
586063437
734994577
10500868
498980753
889005709
134651534
952786917
532098029
226958642
606195587
238158060
606272235
122465449
671808961
766397209
947877485
195917426
673890699
188142974
393549289
958029299
996550513
246779698
149248080
979207304
693414937
840732166
849324495
248930355
527944611
677791213
770772617
955592586
193464189
848479969
222848736
716497451
731186329
581200545
888958062
799734093
404706594
183431404
256633905
546928021
373343403
633823661
365611352
996863114
247725195
791757442
43124702
544193651
440458069
385230054
878890175
967628662
587650586
411650279
288128961
155463344
213056960
827855567
599790841
558355454
998319196
71138301
827587781
246386539
517249277
986041054
29570250
158797881
730927582
781290383
717823179
597482239
868829011
87535356
621619020
78360081
741015961
759634062
304184693
923434165
949270222
697570280
545853888
904220255
632287901
321983028
189490734
458404422
480630844
496279638
904434017
224381627
686819
42543523
772946140
553941143
691940826
895203736
659854046
472594836
639675706
396868748
361010071
147234089
748932237
639914021
286328694
800670400
225660887
562509425
402161807
651205378
961942153
341053810
748235039
973875389
308142161
228421164
426019909
873435379
647063627
282059438
229164771
118276042
164076207
575876092
197027865
426554947
803228670
87120404
891628438
207404041
455491619
12893567
972809090
469312721
47862641
565846489
413075930
942099277
407879790
181670379
570250782
367991613
622888261
727820265
909214761
460035063
197145234
610669087
834409233
984346185
61906999
593770680
653672652
50523956
843680102
278612075
708774359
783066074
848157159
884037143
898856679
96271639
579513338
840009047
115636007
807691895
220276016
771778302
123944122
44237749
179447360
577142958
592924891
295826625
632633059
131386749
656009962
127614254
452606591
690157879
617869797
41992887
249875563
20600195
713961835
24761014
575768528
359846563
943488774
168022593
545188267
108853059
217268214
513998336
494464241
898488062
641362550
820695490
46493492
1814414
80907030
618506495
88564911
236648773
855984663
113305399
699463549
190021709
762514445
686525224
130752547
398243434
217287914
943849195
840313001
857780262
226758195
520740148
884595408
555649953
898721556
420978715
258263613
267048215
573998524
263707703
779872097
67979119
915429831
626389420
289813185
59094903
323074924
506563272
935286392
130112919
793252292
927114901
628701348
10477267
497796558
842017253
500390637
569786022
254532464
844377980
752560303
536172329
931159899
741042729
877459415
767451959
169446883
700182353
745588318
567334360
806955920
216294350
982829737
269914493
741619754
262084034
996441109
189447839
747984498
371129211
667593067
300428800
307235391
55640611
27966660
655102709
831471222
573583382
475391443
831295932
767327190
139659368
137517652
63500291
101608189
14077622
996919189
705811066
718471165
112118368
191132791
148192155
509433335
359466967
269048995
902657321
362071918
671514928
831141514
102028328
441646259
492559774
415258757
540904130
858694780
273854760
146323335
344200318
67972183
607975529
606486471
672933437
651066352
774222512
788704286
926918383
79335341
682963591
849117453
99214352
840619465
282179082
782875129
621378844
660507001
608915986
171689515
183231912
196011102
951199430
593191785
28037381
466351107
324443123
777785543
949048558
28971309
893245369
39516318
456816564
234557569
276294095
170162803
150326620
566110219
314379814
775129776
980985553
126119442
312785592
906707617
330911962
644984394
882639990
851874601
776788683
916194160
3118018
102806240
298200974
570049908
780201328
584120092
78596157
927722968
76238651
971555711
229434504
108499810
142083288
256938395
730683287
485870300
118092636
793690182
10013414
977038715
612217101
230013916
304682617
36971896
329739150
559634196
560487404
952872965
753227410
620683515
374287737
64276236
708026717
171915210
22676387
322856103
931412503
745643232
463000857
429263163
95397388
605228009
282897371
762297334
614455928
198093545
96606792
68626109
336905405
315809027
488424516
298540692
503018314
549287774
694334994
869250362
581134572
582187222
728092838
459863722
253042254
36562425
921574644
739713021
550993088
248707145
730930337
470455604
136811409
699734664
762606442
612074452
689770924
570687542
728512753
598735798
235567951
907060955
738187103
106775887
266896018
161805877
413744814
628281660
786813212
727380114
622324174
783185440
86937005
201318201
852105425
810609996
46313183
780577839
260402141
860605574
23638280
598098295
107969442
99214503
808762639
297957818
124721674
433294148
575008556
538188332
202682002
774278071
665631051
860892306
257335314
476470930
842498979
574736273
727579539
503041417
353898577
621184516
890151574
684815532
740359899
61047116
563685122
689386747
719413417
113056317
316378403
503365700
945544126
403513795
234666127
194614302
7408402
657140192
941390231
261143175
60179199
445414287
822010580
190951418
991294587
323177236
419812479
260604238
890218113
472058280
863612009
93530559
407847331
254514973
813390624
441931178
782001975
162024725
402564595
402459320
100919860
405953144
105383197
17579786
138231456
302822038
227811323
270074317
956847773
60141571
939744611
153023314
304238621
5299877
101054354
359395530
496863883
22574739
954575357
211630307
368709916
496783455
133397151
389787784
706509491
239463135
768226079
856707830
75975917
707877704
867635406
816988551
622153356
158595376
965034256
764625869
412036281
861714759
195904252
764343966
589657640
37095245
822438276
812779757
160529612
514129469
920078731
495592227
854601021
576654059
539298226
585008249
131587677
857907103
490838839
423272571
181797732
312975693
195043169
159697932
344536062
660867801
596543562
962246713
197423425
56884325
982399569
642087750
424485430
328637138
861585683
339999750
104445176
133300456
943924175
659412008
747927140
848652442
821767007
935949466
797977496
741880746
528677303
630788700
162656650
214965117
628182798
410035247
933146854
682175183
659968704
334326664
572166541
731198642
896509075
426191131
131796188
168460989
624271586
901261335
665705091
316874516
425045469
216575557
838156417
587782565
707897887
184258053
934057163
474389867
577824053
780732441
17408322
205760971
490601006
304760373
124265777
637084030
742097226
231546296
972761977
722636794
560194648
306986992
10948545
566115275
857684698
397465979
941236734
125104665
899253493
62146094
704480065
832940837
835333505
863136496
677195695
885010815
510546209
450369548
72663759
462071955
848698541
418307676
403225907
371837879
660073094
601858064
445739331
655159347
741741916
907413865
769649913
522174684
299113202
846734339
598534666
735747840
919500675
902376701
106776511
905359058
941516948
684567159
12913124
475123631
364703071
552675088
244235073
563765980
594753873
83093687
515854564
371186551
298535180
748902036
436552604
525627461
839675966
578790450
890585656
92333320
207198622
773595699
213177561
387203815
995703584
450353850
990052488
566923996
72185746
13987542
87842126
328039565
780891692
318849969
378386621
463703251
571657620
931228121
753491217
361645518
635687459
531008877
755718741
955370642
488345532
687819595
617443272
116373625
987386729
129723995
329397078
705547974
103698104
87330872
937972032
836377732
686524498
157234918
253865517
513102752
497444132
374644980
540178856
88185343
168562744
13584714
511782699
922798906
571123079
931920217
227415306
513099915
896443077
577979165
693538007
90843378
758180505
311669325
344177541
661889277
142006982
166287770
377896344
966188325
518759852
328453516
579916463
113701252
376167640
374606487
724008864
555196803
314911105
649651495
215966632
454211114
424456637
216947139
263601130
299115742
147885059
677050302
57486232
653920647
762675868
184583287
616201827
500015864
388400666
173519716
138356391
952787759
759396355
453916883
60121760
629734190
254428232
853864591
942814402
571065167
932305467
489359624
695022444
324284955
186044137
92634197
215479450
778124605
631619889
24115471
761581318
179589270
748556813
106718825
453523415
53168618
801845016
972047666
531239794
674070127
883080746
212317874
828740326
453890154
306408621
791689950
433553242
13259115
353463448
642581292
902095115
579741457
634895885
27683914
202621025
616613578
137155112
871702890
250597470
690692955
198291597
955116949
916671424
534922481
662907312
505842278
861239454
147701912
786787310
917820623
450647395
17292993
832747160
818356553
888922787
779581891
615539046
123995748
137002026
232529228
790747313
361637497
343961443
217012732
947829814
661382253
630026731
738752405
885440875
852211299
771000207
812889494
74961776
395615548
674338852
679554562
517155566
232483457
777101269
5196993
652239732
613969765
908450484
154450113
905961901
311350129
800538795
31850530
200741740
783610010
143472815
81157335
82799826
427295367
205468661
876176723
688287061
996723940
449287232
310343854
711903464
83175390
738760071
932948244
266358856
635794795
276560933
918369284
694343721
129588440
795830773
139651061
621252011
146841521
277977195
425370460
409342810
329528518
434090837
752417350
588070157
222666693
292607258
469610994
346194313
945053141
950963622
924309440
13038676
22943917
404377119
198602037
124118851
785922700
171792065
718499195
664296480
585576304
818631677
725977465
689178425
430780266
692177154
817075087
394640632
118911538
986134336
949862585
238509808
601727315
234534997
114070394
454583363
476609287
397874390
145199582
796695320
709929059
405669202
568130997
839465881
324915159
498164411
228406457
576222103
103716493
422793488
36731216
435756183
888140040
972928244
364390560
901037531
855226159
31881956
293463020
497774165
428165535
265517064
9718061
739743890
662952437
320760411
625660368
603499311
367384093
615018146
111386746
749566995
124605989
856728174
169826939
753430624
779902393
98369432
569323635
427621506
348469927
121738350
269261315
546136736
63337849
471161229
477846640
796117827
295271122
816315784
513712657
266425774
838696503
604525231
551551019
617843536
601448541
925593945
725050448
472297315
913454308
231295945
612931199
845845635
564917779
40911613
359906144
558193627
950128513
637590423
763123729
223867951
176364247
842071982
98267107
573246304
268060826
118067191
968131369
800311630
425291029
678306420
604140321
85765009
38413737
848788475
744634242
85758211
375987771
434916789
683197217
955807520
9842765
634904245
594073017
639434421
266342192
605121826
472919050
333508041
290385471
357941657
964826622
717702344
378883222
617118077
494620956
121389188
333331632
153664874
234400614
793926557
797456609
168580210
482976388
432165169
185259631
711771115
628528572
778051464
183119927
339628766
148706051
915272388
313288391
203169610
219731411
825838445
144673222
577900016
891830866
397289004
538934939
925981328
362151122
773218473
166666166
157703758
919193176
286683171
426301194
3576107
304962042
852647205
352045623
725104057
789195422
861761217
389251367
411772702
323214018
540816963
497267470
184738814
71771935
163739269
642932946
492936873
153843363
773036127
838073721
768518018
32288055
208853611
681652781
185830324
800289791
796894766
575479207
42762436
452562319
930568532
445832564
194923730
229768518
266045550
407224589
378253476
955594325
625668579
267464080
261920400
753838698
933452302
626360244
361426871
427582799
985459465
624599064
211665605
10091159
920464073
853553113
800167193
246548302
657265149
826757335
961772722
789969948
163934589
787542874
144520276
623021873
101814133
903913959
271298492
466852211
864661200
27469434
7243029
88431596
346313321
142227504
632128157
725603151
719947356
190109586
401084915
237189852
847577024
634862683
18632417
134561339
324065694
934913232
225120040
850556110
961359662
325274592
257520375
995410238
645968053
636324318
244186452
774892804
635841049
55938068
766469875
497956310
956359945
65897390
265794777
32999353
593094099
348336563
202463727
87525215
111154582
438270795
844867749
298160842
349611094
338561248
238610794
575270731
231155125
944494111
271702788
902022819
37194938
961236697
596481386
718007040
483661675
694589862
643493088
735303736
981558580
189062237
796338905
349416799
293443261
751193311
854025199
699322690
750909435
495060698
539244647
574160077
869182661
723251799
552796624
634120905
994975289
696416279
769033431
359235205
333159360
944192979
453591903
413347461
110206227
304422401
479831554
7983127
291088122
302901113
52845496
997679323
706647717
572602841
707976005
758524986
90995778
957143606
736286102
868573511
918163799
911635142
601002800
60627384
667588364
828433181
129565188
724634083
954108759
476666062
31975746
983744980
611860952
616590206
59691097
741621088
248690033
212604591
466051957
933912026
762519777
943240311
448200420
592801519
670380307
271815564
537590963
664451672
398422301
326611367
801646171
84327130
354778793
377841091
672084423
782642830
885667609
882822942
365890627
451275017
218902590
410535932
830884078
829307521
487122304
398422301
222829525
976227181
496244861
950512603
953972269
567082957
593980637
546598720
781705398
401635251
322527618
712995483
310887849
701947770
380172165
975459444
632936053
512430690
495698113
364228736
498512344
238151202
376293357
90568464
54404091
896022487
667249903
23148272
769838075
676703632
894007705
382840536
276085667
22425786
910347290
544415855
825916865
946436304
593754310
298328112
552349524
115320452
879944902
971171085
978044710
13418948
418977173
796369158
435712804
640196418
69064369
790487590
201941532
979727801
870676982
65926264
937468802
892897563
805885491
657197241
539015407
2500327
418884812
669783556
551429339
805800211
475421734
256200231
720894510
480922106
316562299
441914406
852797668
373597320
776461134
342414306
299872509
623353126
668815860
402407017
236263503
435372817
879589433
265751951
287015211
147899359
577592570
852780605
647768219
845679358
416815133
394282236
77951810
826123978
743053715
504426147
220126869
999475107
242222794
401383957
432591899
977377859
409533922
755286502
130097605
113245597
93529755
133415354
744392407
643180008
841161817
664840995
530800666
587920113
669033482
848745341
885424083
771953671
426085819
609309669
568406674
408862724
436772376
112294611
255708655
709816476
115518424
785091294
871045041
800371794
470431012
345746212
779874086
353835020
860826592
788963142
260049534
444405964
329387836
205065312
651919439
342696171
534450172
134877429
389123841
538823193
308449092
783035531
236756363
859212518
32884498
242501076
992498134
343250463
448841586
114749888
339392477
862453903
850359018
928051749
570803750
881566665
552038793
385900303
764440517
463248885
927732490
232059485
713709289
73965141
100996840
145181475
736340658
34483942
777741813
984763603
872633782
686263413
841199340
814785481
822802468
298658073
566352897
901920087
500880325
147084862
904361855
837549625
701244831
841241518
645525588
670201891
432317284
113497876
390175869
617691324
956508369
852420006
428310194
951856392
857542021
559803819
724570383
28604267
481301483
143718658
539345785
510884745
667301799
27800120
142673326
997867219
498336721
503025877
208851521
548150085
738881079
239317847
753066791
458014870
883820299
599201175
519049754
470240899
452758331
969290198
396179096
328839656
417401481
63207989
304421150
655980302
526604924
944547595
600228392
998627855
180868572
395065382
121870212
539913918
30899001
208985324
819658090
851557795
318262420
385993660
767127396
550061346
618823991
527245661
632706362
150252122
418606105
975168961
338797258
140061771
861787282
635369957
698740571
472353043
983047522
415426172
68784687
923535783
719616312
802595897
139895627
554195521
597283929
864315465
387495199
507919271
898395372
988084680
877518020
797512669
729387278
482846931
733660121
186948197
270097769
205776231
117818670
542627137
3173704
626624753
114856258
2115967
680239338
575194850
702875121
490307647
927176015
41954998
800646244
753550870
659854104
86339254
748180375
823519207
143307733
314388354
867164011
520071729
689145519
669495456
92179758
519106319
849765713
479391513
859799045
861798246
914302177
954227228
384810254
740513306
626633730
214113562
975280391
946465374
430322323
959762545
878145744
441377511
78040439
220404676
713311915
823675085
717643353
580887948
959040402
873142286
10655331
112549410
691756214
162948154
274368816
322430191
970720042
583453989
525786926
171246402
653507570
931602922
966240971
154230487
373496134
778257409
36753134
436448655
6494968
838691493
615594409
197756350
470550530
217910565
549464706
432459858
644099233
592072526
563740554
327145046
950051988
562912284
225331400
982407758
391398794
446388333
626177893
403568381
506561873
900181491
973036520
91046558
108144423
753539654
167802952
721656586
575688009
865585341
641695593
886502489
273146317
249737644
553682065
769170754
567567366
479772845
317902754
916720262
685716526
569903411
325914468
694514155
867376763
479089012
418681655
470360767
379264449
512552274
924242766
649905431
935204431
385222426
278072291
585420218
518685330
315598128
880025883
44397995
39245682
727787087
571969335
643835856
589004481
482114672
628746145
485179678
471515087
293758894
673448265
263527079
755774827
849533032
37211445
28942717
764789746
425085408
176027531
220356516
159297841
164549043
586067187
628823346
780466848
853826088
89245342
385876573
476782049
783643932
954731866
691957341
250080015
368118886
269168183
572248393
518289004
434405876
701026772
543455914
419256451
996000487
97467190
893221166
867589972
118369135
110349986
253926324
94691677
655160178
197995071
531497479
868484873
731104706
990166661
616169707
237508353
340310885
772727206
159562673
561411796
450760284
325230767
700898875
318233561
323207274
488341276
814596720
699827120
263220676
819195064
694812209
157923291
170086371
570916195
573789823
396150663
943693004
637380443
515272363
188591219
591071113
781171314
334563148
136298989
897851778
231946120
849683837
197781518
801948543
691775420
439580775
603454949
817104845
797288577
573425259
740005794
246488337
573603432
813312549
439005028
256355688
498317574
938981218
944745891
690681599
790828037
924736864
22664687
47474280
674601116
479553437
736838959
978912458
338530768
823960693
539740250
841099287
883966765
577818418
674156566
16955359
37820681
813060435
607509929
703313656
593879111
903646049
818023079
123457207
564563732
716088890
714243788
223162748
485063278
35451780
23125223
653746225
296331618
376469041
299951140
532875827
297739883
906730242
28615421
15157738
995062749
73671578
70479674
522701213
993219952
408767100
433567527
643840522
816648411
934845704
534892459
745228875
184889702
246358498
649351849
474776142
954270349
202282351
590206677
545561970
403667609
526859395
273704876
321748047
80506370
353273670
804381419
128726741
731451909
451134524
773309814
399910581
854128328
483418360
175979387
425824112
447329129
719298883
826258504
338433838
498773726
230962896
89153309
555447522
41027770
472237153
817673165
540308299
841203102
300271984
756551679
788623873
276723435
101635225
910047666
257071876
949303800
776399516
599644719
446468757
39058721
309539783
288608884
468179010
41471912
765680478
62270948
169992147
563860479
184486809
64053384
474451846
284654880
109414635
704152292
616860714
823753181
768200441
675251895
733222633
605165886
267379184
963408515
514619450
851666355
458160974
528830490
740954221
813494503
567337369
209741497
776350557
228929616
365263801
260029504
779726068
27954533
212464493
243720765
343482935
273188028
697087672
548635373
879548456
402394311
372725661
892498590
482226802
806513386
229579806
978069477
938996434
815724369
437482109
909936428
652974294
910962709
948163400
531209902
83573702
462526063
215162003
639765210
495632453
154728778
592988163
608464935
848661937
971536838
492781548
644512434
768135267
538083150
459167048
538075669
36894513
1212928
443432691
4931563
977620907
599475202
150753067
637708610
815519650
406317094
456511992
892410270
402108469
494049026
538588778
261851355
164042130
83785631
706021425
773952072
994510755
873335253
860059845
138751269
410762977
357089383
38266527
972830091
233440243
806401036
717902407
598793789
434450110
460259786
616534926
855021165
185477735
682579222
429018216
475690383
366508947
130637256
700125616
573596829
990480027
38994212
509562043
892169686
629643325
177851778
179962556
577939811
504903272
624654647
245950205
839604402
920213643
47492820
264059380
143593273
18313894
287502361
433407223
565244148
498407408
457828524
763055028
980405743
12187174
169315730
806907620
871713416
928467839
29688838
784843797
900529362
924822871
922465283
453906555
583511693
720902252
387421920
924937230
969307830
925662186
373895629
555028040
426236706
398887572
4512282
95181226
756600703
315659900
263823421
673304477
744179926
244430103
592052096
704946588
108015784
971926490
990474384
541028488
637266781
985499743
680138367
275504951
422146170
895507766
155108478
254730484
83683715
957967213
812349674
493195286
673052073
209483071
446208443
288722596
822235328
303790662
173927697
818081873
17970468
71482991
11524726
585618558
939123963
457711589
949797861
103248269
388411012
694343301
300651232
665171224
162141001
423572503
495645213
27910872
484093469
706854484
707341996
802697455
704264007
177146378
648438967
526842397
751539422
128204129
870411688
716619587
963706039
139432837
667401237
382030552
646938082
33466617
868328699
827554355
869332712
735992686
749071955
780273925
321051249
618621917
522148595
429142944
722690750
652604121
67956037
978379042
115602745
947263180
151819093
341983800
476593432
344438112
493101173
871461284
681989076
160701722
488920080
73101866
737948634
184514718
891767381
516623492
697887493
624795697
583912580
209162518
384391567
768220575
628238380
522471784
270298774
325918708
278461722
661803295
480165976
513730146
253942343
5963933
900319390
888764
271349693
824836330
19263919
868880176
231966672
977645626
957561140
475590652
859552841
692910212
828101835
867117591
29892564
591248239
519817627
232453145
555068573
247393388
567679980
261090027
33565630
790252495
304746914
235293519
31489582
94296194
682426982
106417521
922384246
469208511
86098996
523269622
552573871
455058646
677075067
884125679
187336419
547861737
774127416
223941880
200324504
780270547
398461146
140435269
471612221
379334434
209382116
110640292
305203276
962086497
682257364
743043488
525594613
837838278
37976484
373379877
129433901
873282199
683499711
999837773
980007683
171932987
28062580
487650697
514934480
34865887
651099655
635617395
714823833
31391623
524894443
494703512
594046149
356321280
390942694
842814423
694169511
864123423
15287386
92653761
364617454
174882715
554463434
38419033
861830220
636721768
176448055
445944163
657096663
718999524
907730184
327408446
735694319
475932678
545200822
899605288
130345274
887532166
77753106
552378561
125118909
711072055
825359806
797722165
368498667
380686500
420994997
281758391
984483698
137850805
227030899
268088508
921519991
559598249
81609829
794311163
332639495
148621492
395505411
730414656
414414356
141381637
191007995
661997478
639930238
644801801
662183962
296087570
385149375
747801033
804221657
945891731
608953811
338399914
278650869
186338158
999458558
203288174
110103847
32064370
779549528
974223742
661707637
301076254
101860157
221137642
203148662
661130974
64998750
359923591
490855130
233347929
7734260
357770706
882643994
223088708
166471869
455757212
619721099
523909177
492393872
479451137
197210202
866848970
985763788
441664567
25714879
231446241
136870108
43251113
37708700
114199263
945795123
868810810
979427440
55437182
302106181
237033434
11588599
483795967
660235794
926001647
577902842
412513184
13900787
46062238
276498413
432578536
147435188
585823733
422085887
120886513
616118415
60919608
686294445
623408919
225007977
580280697
181141737
673308234
826322042
273717875
864952688
147201444
70397463
54062691
809135981
657491762
790799147
19849617
175854635
138244447
137283654
876273013
266923524
146464042
764848695
910731654
892834425
422606090
434902505
374454944
707557995
832760930
819984699
986558209
299619967
76464307
337673837
988394532
497713420
169697974
42477558
837678864
736491292
702971544
881107804
624791512
449379980
371347677
528593148
974430571
812387531
992090184
376888874
506469232
741382142
783259360
844559968
882535796
586968066
53492498
222801508
998057608
983287696
861728221
399579259
48297376
98783938
934043622
300217750
728371356
454401821
639743010
599756484
815426767
657401470
519551877
892672204
147827664
92321284
663090953
368460402
419270964
109361868
955041676
478033372
126590826
702325057
390821337
621516608
746268457
54192784
766428892
850442515
711642792
327158953
733093366
756866737
52369889
769443779
471612464
382764243
216291955
328491664
54983433
75510980
342837513
817864412
569042691
510044311
330296503
806113550
299985575
239353795
39762326
202069842
977572485
845872541
749847416
908280636
17433529
561719702
865610167
261189355
982053010
753995047
517010906
896907216
546753822
131211409
290529393
226488275
370046628
741644112
851506194
919542800
721080382
226506472
679121911
198756281
231635173
959379333
375778071
414055734
707562570
109434901
182409288
596457621
571791607
516930382
307178959
40580733
755428029
341499222
896830824
438068938
74299214
923165260
679857831
695387636
744054349
723750321
134070690
37062438
908280636
823514026
935854518
463785784
804314452
720431682
511916143
178351613
621991056
637387886
873483059
21058578
606536559
366789427
413973919
143652549
481604190
325349521
577069490
386106182
747974105
977409418
486338818
907080063
728435203
369725160
440746009
657069124
466496090
218613990
382066843
696375416
271950768
426414859
717995257
19638530
831766915
49080320
370066645
920304374
403397133
499250292
551681418
880823290
658132030
324989861
71982298
782073440
802152159
53760525
234622647
187670949
96293340
980998112
522259232
868332212
105463828
142063566
269150068
556608746
505986986
605571167
292471489
875639351
260249864
139656519
11725392
830673283
485662014
302418189
232446392
336768590
57602996
748983929
837356880
552875017
543957343
981571660
303654627
910835388
550193269
861746955
827394304
44474543
489918690
936718257
81764222
232719207
113577799
379200747
783495181
285498075
642120378
199299234
794781034
742474444
157637401
744358725
594979123
695469129
340436522
838455147
103428314
600054946
191008572
271311757
950893213
335698142
6754678
768084982
458654296
407388045
265493197
903225475
936747897
384050283
410496341
220869787
338099557
95699436
960730937
401403561
932403493
395750809
104586476
20766669
776965611
447851571
537715222
33948733
49946616
285735307
286250351
671846956
604108365
495628029
948825134
524879810
791268158
842003804
761140689
553756146
954679825
354414104
477970082
435917103
319258265
534366963
170309365
276724433
315847876
286032972
715015913
967024337
98794871
822000333
807077128
51204798
507219801
721116205
973346941
478215989
313602392
322922704
528633562
520853580
643974557
308080090
999464824
977456844
922962968
422734005
705328740
737042788
509289775
936963626
834008403
633207442
646538026
289754247
92207700
852381561
42573293
357204804
564583254
338878004
376959601
487261507
21944724
864858674
301755210
877372388
102797867
412858016
923658440
505263425
269722187
730403547
689206616
788971545
421261400
69822013
368951177
644811268
483578577
822196095
660976680
249628036
732411364
932403493
395750809
104585282
23928510
874883002
483182660
636391452
519544949
709262883
478285527
943954976
765693038
927722825
818291945
165026146
512448604
664739404
718129241
475148281
488842161
504345691
258155861
874683665
173061555
334086789
564018687
731454226
532560404
842842493
315353887
342892697
498548523
448946957
124834889
941091012
836830446
989507904
523673102
544221604
71858008
164353372
457053778
774213233
866278193
269996823
543676926
30264490
684221579
805317725
76167280
781630070
671594986
595459518
526331499
173852543
122777696
154169103
461267336
126356420
810849367
669109969
584757313
925449055
605856754
616160029
848961125
237772756
364898221
329655059
519194213
691817541
390816565
878203599
475538929
787980543
258656950
243541320
702707393
132440263
469121363
62633391
125508709
427379512
499997396
951838612
199698232
184695685
402260649
581287572
220575625
974283996
631250096
440587675
152909474
820737699
742761917
574422623
144770381
407749581
660036138
572427477
180627023
141068694
370610687
413247132
710546716
542403209
606069327
280284887
546314287
333612459
347642389
648655523
408208507
145699503
712381316
487854573
15435796
335992538
153257014
835867267
787278683
477439467
291860800
984442889
79747242
501263658
219413864
24334068
549345837
518516232
935042665
384195495
147727828
288572315
436984950
517171648
893455878
434615551
96108832
340773908
194741967
92049757
644807011
841417307
699566339
484532396
153309910
802103254
78251906
208040728
208618223
415235707
492211935
471037259
732295367
668400702
844909677
712292793
868295252
168380172
575618560
621780410
467070863
694344565
869550328
461644176
877888352
704876309
342301733
157179127
588109456
814361146
946605268
145914132
763692670
887219442
813691463
672899747
811512883
9316273
599159743
408407794
788377121
308232269
416221786
969442351
544773746
885288491
238704503
888734648
948440044
915832425
911963064
263240492
897955785
281573776
379656502
914600049
224343140
477990622
440643633
774812137
710739952
792300031
626134281
186811880
623315485
945987232
440457824
646577980
526982032
557990621
694670617
637440657
558635718
370845709
69418918
816882267
93105022
324489534
313423846
471784442
477136847
533865925
843411564
156814585
316486810
423160229
346319034
610745277
285622243
899382016
938653752
981075599
122109412
542738082
239256601
861899682
825497838
372910724
562283143
377805821
278996120
165347366
342746571
358157928
217451663
44003302
735239947
862475055
163973502
781321447
449316818
149215052
382917741
83132220
97928056
358661789
833978748
751701912
560263634
156308750
592952156
144300580
174430271
13848601
320397390
38625862
689752603
826088193
131668889
801126470
411260698
672312060
925704449
479341698
732662237
118925894
748344483
879419203
884875455
129273356
254367266
683471423
104455339
304776936
419159437
204346475
192340001
485598887
279881294
480149786
999740072
103149354
550263321
7138399
610831816
725701985
976531042
383669592
101085695
448024594
586791231
175675421
58311469
667789308
593486132
269904854
867589711
188913522
184990720
592881885
167477960
92979708
619860968
560665939
167712942
708260997
348341274
695921091
914694573
501554243
99500688
370713523
737788823
580433227
20742817
98065716
988013141
15070340
298044112
356148809
315102056
259411299
145638755
137139735
438409387
115535788
655810060
57783780
469563734
904853072
937352925
584079189
742656132
468076694
318402422
440648491
606849076
787679620
429586696
360788921
374933821
310683188
895485276
70664694
930999568
974778955
727994460
909249895
713688112
146842962
807060563
81016802
607023959
949434393
419489735
872823484
848299589
525639077
18944918
459133844
859926264
494511362
144051731
672991749
649311456
374981291
164601011
232378219
155413061
251137729
230214221
439421308
733267780
82840806
926018993
297754259
676878591
543845669
638505783
382149766
754946165
533398464
323491939
444345589
72001601
26680413
573225667
993368007
20423923
126850703
641236258
735901239
336259146
912939343
172860948
569613411
262949451
693064328
454859824
620514342
534084964
428375307
81222854
869351119
558373434
800822993
737095769
175320303
875242699
55645701
484999082
