622748244
462365079
578955620
993410853
559253400
926952757
296048121
421171734
451058525
15581330
812529419
115679090
915459060
118612266
6384252
112837816
827379956
15981106
824934968
128072146
303260017
602894359
19132257
844045750
494822060
112897460
829228982
16042610
826843514
129978770
362424943
661999703
851513230
622627952
630874103
548451229
331510953
130378546
374830492
674392759
350021387
538833209
33351945
361284272
529220097
548510873
333359979
130440050
376739038
676299383
409186313
597938553
869192518
247114074
990059313
52466906
959572004
676699159
421591862
610331609
799623848
552937577
474162273
395678589
595559235
52526550
961421030
676760663
423500408
612238233
858788774
612042921
417250437
606183964
124800715
676953037
429464405
612638009
871194323
624435977
737300013
990172985
139282315
461902407
648382243
562614869
770583483
130071026
365287762
664859639
54196757
243306489
875587101
596712509
827610327
708905571
309158898
665259415
66602306
255699545
794947711
559343692
669058328
289096732
711671534
296604004
524224488
248249960
92944783
360227882
729097278
666968723
377705194
89920102
102433003
795342518
393565553
415779653
282931120
983411480
412182314
747842516
677970946
362078653
592853081
220979955
722120291
132728070
715800449
916350163
824497475
66732143
225866485
256248490
606707603
152804861
970161211
666545957
562935889
239152257
285572902
989348619
529393712
200323366
775389186
385244048
956554006
220189514
48962052
730377665
472550235
393486001
532179755
842441010
885672025
343437764
94481068
598574849
429464889
840289545
913632924
666055890
307792628
30222066
10445325
749186150
312096531
116546253
957896175
320278831
606990151
161674943
674151134
97454198
90613381
540172861
90227877
312902525
95208562
513602300
818574698
300554137
762844175
348744946
541988727
24221080
547426327
35145755
504775347
214957909
850732947
886131743
636627878
785946850
855488693
377631879
153282326
497774253
161551145
345379670
839962228
397380476
879311001
155531965
409012911
467539399
243137393
107529840
301327511
813817737
851492814
38494561
999304640
184026106
137738253
967914165
6733539
118230949
285050226
363447622
892753912
373399963
713535340
917735399
563864053
709476956
745649103
625938833
667238328
672751509
180768553
483448546
330817470
933079515
530398545
794605142
807331864
236783407
221614232
441346482
746423788
477263360
475401752
397513975
537476621
324779708
727906853
614026922
654629506
393659572
416497869
828164061
101632049
22334812
109544588
966239842
651463611
404146115
119691782
151090222
536329334
290750016
152774136
380505568
373131970
129123593
285855770
265562764
687693556
190351047
33981717
207267353
297026183
581360619
568091387
609312490
622131310
512692553
353028761
510907165
389402543
667659482
912685056
417951589
25477886
217634501
851005113
282613433
462393382
445139101
98209625
170095948
971068689
801157696
919544087
982903625
322430191
970720042
583571365
525885359
915040889
711246823
138604558
9101265
245009984
255121920
506580020
433686690
103296096
75834599
942888948
212002922
354594802
200473772
167967604
969936365
417536134
606624522
150229136
617892593
721697535
785016426
217261183
843800206
873306244
729814702
851134150
522892305
177571563
248033092
448433372
618213398
419856204
230686871
649235036
62551399
582308698
143310004
668934272
542110677
652112903
275321947
140025242
978959974
651805940
500150139
429578892
661914356
158949779
676508556
843506412
866969553
662623507
433978431
996806677
461523061
786919189
461715387
556899267
709549467
562955759
265738788
550689562
735409728
905533532
469655917
841521834
869840812
526706738
776045545
709143027
840913236
907881200
614039293
961342956
314044597
378797142
629119134
939315487
142453324
126951205
665172182
702939398
528511120
497377351
78051332
843631939
290481654
33853990
304236186
51116607
126783182
261762758
75393800
439856118
162179656
532335272
13228375
198312442
374216851
469917726
117404114
281837761
71184107
126578365
318193782
987709156
412370107
163171639
834550207
198158159
712841620
204410150
144792083
983265090
473701150
802855600
98263137
917898969
450015289
135602971
941420426
861759634
281570525
95059869
257397790
689861763
994186204
606339223
952429155
873952610
806123577
813677049
843876409
259010063
139202335
151588984
245782846
407408014
521920606
987709179
462440904
739727217
803285269
766029579
937399664
453082456
804494018
420276704
476156918
331236194
210003664
976191737
513825695
621274100
604365932
465907459
180632753
903090593
991837578
238101034
999988437
489888293
603496415
406803967
284279135
157615463
74292854
870000503
412169134
843094149
132357168
153528413
259297605
141608163
696737773
946916744
973378509
779925136
455191873
705465830
675839843
142197982
919102275
640381528
511832886
941115810
832010876
993842708
13592336
93171862
266362079
47348541
378893362
707289520
274154420
616647180
989926752
417251253
228951295
41549839
705576416
397217288
453201451
191223839
902954791
558517291
176592636
947854803
529822274
212723221
235995778
744324355
941781932
105777406
367969793
558736502
935940467
55928256
378525820
138433769
899454099
926210097
945756514
274060568
285799108
570188674
464099686
496436889
586401583
89211141
587690781
563382732
937254327
58841702
481414125
646328226
886663025
804377177
621007775
818162918
539517032
387938429
862418624
513665996
33942003
626435845
296585276
51719693
433658508
386015472
189455611
264761988
995761416
196897866
368247184
287515603
667536502
565373122
196180716
167933470
550899884
184247694
278700574
429931503
512645120
680239345
450021414
737332125
601724519
987678614
657737304
706683396
140487648
806502645
659017089
56512651
414896648
741321212
321154036
574519788
711262153
950364039
558764016
112925768
656498644
447293482
525552905
492508687
710019576
997954272
603031486
630357897
463211591
666619055
961652489
526801402
882719521
475899613
463863750
138104177
626098205
710048182
833638881
535453207
325691608
43674495
14515106
164482943
235918862
92181869
601881805
699915452
569120727
46869316
900486012
655681309
67360029
960000664
94130700
924647900
553255297
831498254
812661674
419129874
995929628
832473537
771036667
512850638
2126644
825171207
11623887
152035593
162056189
156527822
367259919
44410976
483572964
307663748
871295273
513287025
635458441
3672571
988713441
801261076
183962306
281053470
567739558
314043918
723483223
995013441
281980101
487101314
319955231
217187974
77695886
834226859
343525801
214673078
878237848
820151336
673356669
745798463
419639664
920404664
981044726
971732357
250667506
760310687
299289692
201043312
889663827
294092709
689100260
84930323
625225755
876687359
843774584
943579048
788772244
323786815
961690005
386205896
592273511
217961535
449509030
815877142
946205450
23740430
496059189
140874909
588673348
721958548
395213687
908567038
903079585
362450338
103529344
428607962
962211313
764658328
442197049
381961919
258479000
574881941
146510522
73519724
467514405
266231686
556877064
318427032
231353957
43714356
914794855
662863618
772251273
578601323
163568787
46264716
675829469
420389349
921670545
491654441
575737780
592208521
148732142
621266918
495353172
16007981
43597342
538384493
691111505
189122882
689113859
151280979
954865303
537693978
178994370
997216757
518653060
1627041
395400630
900108561
439581327
498855944
925362845
478000141
875525644
314053139
523787079
864223673
346202321
535923752
105515683
142827532
81876295
502429352
866480045
373295300
247903599
740221901
818719981
854553223
100866483
396218136
140338326
87988759
289072737
579433486
693670011
291909661
906679007
304236504
375178975
157727586
552466555
352798261
377905753
374525435
952635113
294471686
190260578
85456814
437300903
750805988
990541860
933311345
866616933
435685477
949469638
101820120
351467105
121568881
66166101
712919303
405064999
258582389
571363834
335629020
240809787
243692876
159409346
168676472
799341497
113813952
570702773
914859767
710296190
981485967
459679334
480362449
920725778
914236349
56434739
42112271
93713263
360177005
766158521
394575056
277630710
28653072
492759157
239909051
918714516
194572319
510118746
780270453
533358726
588170262
458169767
180859577
442974266
513927171
216865212
595097248
294619720
990694446
881227957
576570842
800965117
963017775
725403762
928888055
396902505
368268823
76870697
727960410
768225962
16970798
189002584
518083308
847150003
593212046
123166698
41250101
65559661
602411496
890061157
170698879
678332306
449112013
696036051
559530962
498464482
973134708
623333239
308387237
693198008
433736190
203580787
655983815
271102183
9215238
642778183
762433834
426258851
285824774
479412872
304323688
221751873
400641375
986805149
798993441
848144309
235700015
861519562
84281690
210532771
253152229
514272656
398049084
158776918
489006859
53189782
571758799
790096773
452104781
212111631
756633711
857052331
701817303
22126927
486072187
401937897
706856651
395551562
859898734
383497092
659951770
25423703
518770358
305253206
234757420
113803955
750898665
64779651
144370773
286800034
20545287
508759575
116521580
719252462
641695127
362033754
948327550
176836351
360749808
674490685
378085205
596864929
855694602
341187656
174710829
588007027
42722847
59648013
803449939
799163589
393911395
628925418
914312387
571842000
798925388
668228497
347062120
399687584
51174400
304563166
113257326
13900787
987315543
322337993
626370223
350242778
636260964
342210213
400010182
937267751
577146558
811564436
381578069
846508473
567952315
287302157
778108363
778785273
585969031
857267536
724456023
153099655
403410805
220360598
738083264
715396772
878745128
207688187
783308642
194707966
955917791
494377569
554780817
976887745
525542627
91491845
364254184
2296003
859415435
431640730
273609037
426388833
788335460
224966213
585644381
943214853
159624556
13088769
25644795
21799083
413272262
534295124
43088812
272511347
729527930
472848830
319942391
793309762
725794954
748734379
271107334
476238089
768885730
623702834
926047841
955791493
487018884
933802569
726468361
125552338
233489642
732870514
594170751
552497338
20915973
142864601
348673435
604667895
405174198
748914103
721794840
508832390
278118108
665163230
965035764
477676640
416963984
941571722
755645589
8029145
572310819
492153724
201363440
809188868
874977691
309683243
911708542
513301899
804303398
548865160
141429426
464265258
962483485
708829160
770282924
20824963
643119520
506796885
497376617
753503888
941703985
415905773
25193938
473713577
330539209
808748588
632666320
182932190
274048149
471084070
475447430
962076722
961679161
149615267
57159197
561672282
939851992
372492797
383586919
815356840
58566267
160423262
379738010
563573295
599671589
156741152
263679399
534493972
143219783
837687339
110205142
721370510
484990407
121863460
125946722
778327363
570713711
40640245
721977165
634565681
89063909
839491032
239370115
134291285
719906868
213554751
300410516
808358446
817216533
405513007
634774086
435329608
352812023
710654110
900109026
593079621
417074399
274281151
730677049
248788853
292612076
907284595
971694304
905024169
960804088
374883537
144946707
812612432
437552053
822737915
312949017
409225616
407505358
966874023
591839764
915186745
854255899
183316147
814915200
955756359
489891959
142357545
931117137
108054203
957089810
452000725
186532561
452731540
383587581
571479687
848969330
216091412
225647533
565144171
461228432
974095529
697533103
444046498
808943275
863908670
673928803
703015587
711693267
629413547
719843308
652975123
358937004
570266993
397477259
529718494
170620052
4623279
710244095
299067273
934096191
208653893
447742355
170389786
900765845
770885386
705623853
823601019
806393656
870049715
780687502
863264626
219263106
892448573
323223446
842839081
496871089
786257678
589229042
176275848
246564116
515229285
542474028
150808504
752532415
637225424
397799422
110367914
980643567
281566904
326490647
847839771
276975050
60055890
136221990
334200645
595562448
534329420
703094004
667655675
45906491
926798672
631996065
541930480
366860504
664230223
585885111
821788849
434420017
680162449
894575680
707896171
313134876
965400413
142557205
423732121
189110077
50734038
361011152
185288150
233962712
186223094
988063558
741177925
639538027
231741207
1099516
749639703
590152492
639702904
135252635
759753733
57245432
476081533
565955121
380923759
369149328
985227004
109065952
755478737
356599050
277542928
42163924
118770
744306200
739815508
157363391
871561377
808816166
999388937
759007696
870497903
445340749
985520454
545076115
689040507
852361921
720409235
904812625
182401745
112638475
153133153
36338818
789414607
820070054
361369066
77720719
652671429
721186870
638755411
476071600
631726637
346466253
19115427
647179695
259448297
877934768
782896595
71094276
541643742
311691750
234664081
461014287
797591932
597087978
172742782
545075713
836807565
413427679
712670506
665988783
261730589
264077700
58150368
735856620
397091326
654696735
738818146
473823281
486497478
849030786
313896674
522478126
220372392
830040394
449059846
440617208
505184856
892185282
882261355
702618840
775224295
936837792
265040398
636609671
301821757
25229672
388419874
829155881
323578850
441263227
460897541
966674042
839791647
169716036
893602612
745179237
753020929
294794321
760861224
150383558
884865759
531637570
263362162
652604419
362951547
886998420
164218328
879019077
62145405
713168320
195869561
998047955
284462140
754025076
163027133
803658442
785264484
29881114
531248233
346071601
39814771
308458551
548574359
752645584
232192638
800922834
141295477
782983829
288079938
805639090
760602079
222078958
386415782
545915936
575610524
441726502
420057636
118571828
248835549
94409906
263397857
756604999
188828297
420599817
267708514
700282233
172979628
957880596
653247556
178680737
387570374
599003667
881914909
404155374
356277452
38543224
245342760
747840558
40539704
654593305
577769809
670105900
303140093
17247824
321360431
958716566
714261724
248726973
208072124
421036966
449908269
953299844
160462531
831932717
523088837
348853167
631391394
651364404
648590288
967970297
577613916
79725744
867191337
941722105
908848071
619328193
259281682
514330668
677363637
661282546
833972224
810720042
887898590
392889892
421625996
857066667
666569160
195194752
986629936
42601254
530134381
329892237
793698021
791542018
441527293
759146476
312223057
210383613
878002214
234214694
657667302
721799841
610985435
718044889
841677987
325756589
688676851
39029658
940815085
237428684
235586290
15998144
479180677
690616335
50650524
800195244
903552123
143308109
895657036
309359857
680051346
337282856
995477327
590243220
893385354
218004322
933768003
617742618
143963702
667343213
915193058
133925050
375807703
220092694
314121104
232302966
724695923
128598651
194135799
587590167
738420000
379926661
208344300
545006480
269635117
133735611
805539900
864407349
988973813
448278247
119601070
621126595
387039378
773616253
952704482
94466283
929201898
32187831
88477457
794407992
70677114
374960744
810430095
335776819
971224434
402383195
375336766
629381958
67136419
578765965
294267231
523270764
354492904
848725176
725978824
953304737
124054549
412613615
580767591
58289886
924994855
209839871
228525525
953620144
517833319
644091655
189816870
635362052
739818579
419482261
451381948
655751159
269762669
150782518
740344055
340497673
688527137
422502554
972396545
97889537
922813187
174130826
746249051
908813948
730961642
758556052
272146678
688319043
553038450
934405587
575062041
29469427
703675354
773101300
181381378
712494052
130917014
910020404
397283004
107104400
512600675
579123110
683300099
54044194
760712827
927059789
703304008
372992465
430416294
474083509
488082322
988035054
821816626
684339114
347608263
79372615
442616640
606326596
887767018
842368716
826922102
983494904
118744495
904055063
211084137
486946769
662382272
83461270
250320985
427171217
353608527
459387574
668145008
310295295
348838918
602145992
28335759
121844155
268398369
982183103
256216991
814468220
80741897
690040258
162514012
640699639
528039884
827203233
203588413
878162813
446023016
472941681
324192183
447831685
276819569
608418121
91776165
63310936
307504735
18179028
991226027
294929190
12850086
395850661
665020947
268235475
187147117
712413397
4685949
591190655
507607094
514408979
818513138
510561697
851431152
412729815
457535277
331725397
356289571
916718515
718155745
860895350
892077117
208212334
326324204
217874747
942520165
9624335
218595154
648191624
231842322
777261806
613149048
304536697
756882407
693412200
720570021
949732906
66289089
192852287
594234979
293025506
278252863
497684755
307873599
487419594
954760390
725052785
49741599
804328899
279064633
571984066
301966384
54204747
578939845
944726779
483293248
697670104
559747433
924297119
832914666
440149165
650442411
373206971
503405435
28238754
538428962
82057940
537843692
576768522
716650993
327481627
158530414
575319450
549417117
826222362
822482029
24081966
666505374
181428513
948008565
179943435
445344434
703213333
898265150
472172826
126153089
409823484
957276053
68735818
836395016
266229235
101576891
818397623
27416566
847498364
289910618
59026149
449605105
929372428
170044532
620448051
227832289
854370401
759944861
727170292
623504234
200372823
393691463
141190395
725095699
426035790
194478497
364097575
375815163
6651697
997477742
537432089
657892857
423380638
332437797
916830939
598140668
394261472
158374433
41833728
1875314
252421972
812822133
768119946
156694212
633588623
793233774
143859402
163567173
408403004
431940212
833459628
849697082
965178550
710461665
687222675
490937188
583689183
245427588
673088639
899569978
224389920
950026743
26597761
338232941
742730981
958263609
700213979
833131348
537122322
217824594
506138008
655586766
937582765
843748025
108519297
587070665
932656410
137140459
39604084
64043368
982925443
137293439
127834875
482974656
758778354
819754020
170082798
360507265
913115681
532731376
769749939
429170318
56768243
631667605
784638838
114017543
332612879
82446490
166985986
903098703
214399348
980490120
196807839
498510508
447861512
879535626
488579665
93886649
16575690
415304219
759190943
157790097
121282083
551425632
496907536
629872341
562856025
709601796
342524321
645826189
48850024
152092703
806520040
73921339
54618464
220059095
613148514
896323433
677970508
128289854
190127233
785929788
138873878
796226534
680408328
686178056
221610781
741769081
796157567
208895755
59043142
115309120
362721959
547690451
323272582
446407808
626874927
118071777
629643610
142392608
762195287
837549702
569770852
57039046
63498952
512920740
633254204
964249365
345995529
953844852
440931869
146297601
272739731
600837533
618348914
365686871
63149380
251280274
284118181
605636044
217147534
498350849
560080479
718657721
275854861
860552013
450104681
145019930
696278693
712647351
773722385
857245765
407282465
966837264
923544713
418119404
819184030
967913268
938089280
303854600
679583744
658354839
195678677
908269295
501216664
211375805
340789752
912695381
518448051
315312654
672541107
720620211
468785399
319013520
238428643
621146914
173153014
193822449
253981704
659999967
503612009
766356532
740218794
925161973
243579873
895845175
732804237
564004971
132270317
101484184
713036479
224385346
487496808
792443714
584156501
681956848
211145223
417353699
181387769
262018451
996921190
14608533
161817922
560695191
904962068
328188498
281906732
796697668
295899284
904377871
259086569
425488384
716842288
177719655
173399639
187523141
158196833
50726797
910419936
256800812
711767903
662698408
472568417
846477766
296045255
693059696
824289583
707307988
718001752
314436077
697099654
651601567
757888653
392219758
798917988
42986126
18110017
575272095
783525239
990848536
335160783
779034443
769862448
471367442
852423578
769996413
41405944
854149005
526052077
928340594
1645334
183651358
819690414
25624022
95090861
398780997
42178977
874470568
855580632
663148087
853099017
227850368
729288923
821508278
514519084
821943550
893074223
803423426
347733754
190549947
504848875
376851197
301243445
978622527
735813607
722881909
842050085
448421576
369985563
34441676
393134185
85541200
218804496
383031457
793863938
834679432
663313112
322870178
616254497
841279637
951872724
852922938
171599540
442703146
479429654
521228022
749333964
111838426
482572213
616810259
784028738
584451746
12777887
16002603
34803482
858296291
119499814
219998498
782837092
525382793
574812830
931423892
496178633
932428068
637702609
556920559
890518802
790067718
552447190
182407444
526466837
693969009
192266757
832011162
808463399
667412790
573117913
18327756
135182541
10583622
946837470
785160991
211825429
353266132
206215498
67547322
235243837
84340674
472143871
864013846
593776751
26973687
87407560
478019027
690331615
700976594
520397095
470030841
190850513
677289406
487839229
666593354
231316261
957368181
816903824
489216905
463445209
704800910
71903443
927023332
229858211
217250792
595581636
12551154
507094756
18188294
435678362
801600606
11751902
333487591
602637749
419157003
40981441
18271323
753606358
183200021
480227891
983416017
602787291
117435520
207537490
257023780
27840096
651179217
647063402
677710470
313479786
341200851
803379948
380405326
359484020
841290312
49326886
204090305
252890425
62578600
683925157
768602146
986284922
807928430
719144250
15086214
144918946
416000816
72207657
887820664
181794512
388388230
166632891
472707210
100159620
976686496
848342883
36019695
235781794
427342403
470695154
739425957
897836833
635884383
652365987
989874526
400724175
758236270
709887200
69518025
214840991
449680875
756707580
66423752
116919334
931586961
876858590
663105852
476152640
217933565
104950065
74845935
625235114
442790183
367353697
319040708
330363316
678082843
803031255
799239927
1457793
612114215
433341285
767259696
69464269
416052078
769455558
720772069
935454780
658452131
638726846
649347216
337787702
528111424
992133446
4740162
205735951
226285415
70727517
558853624
463067683
915714046
976758141
748307504
423896401
829116096
489264375
877711543
700194149
324856647
889154813
503911530
411380159
624637819
274440050
98807249
168476899
314523158
20157614
280630009
171192532
264731127
928178655
961036420
951802695
808937330
403923552
194771415
845923267
218709103
938195720
315777582
548350537
938773670
457705459
592903078
999901445
961216559
220645406
646887623
954364018
930153294
666626761
188134905
582903435
681857811
894118077
62640568
558074349
725500204
450287771
617923020
503484771
201744026
747364674
992036353
544911131
540264978
917418110
784944271
614054915
716374572
645223758
144145740
199463938
170262923
443526633
683911364
80664202
876391726
294641446
152939963
377721978
606821474
847975769
953202346
373840361
460792832
228421716
841484602
179671632
804747978
517165478
515271663
216764414
457425132
404970976
812689837
65126474
202797884
997150956
783531447
821121176
777277270
970983094
973729690
942599299
950669908
34923147
411083800
745594439
888794506
472607558
141970558
798954961
812721311
558904916
267005885
847653679
934678401
941917403
737150774
723526794
915863095
512014356
893733033
368734718
775645116
383406172
355548074
414586309
638842707
612200648
715606872
607332029
468520809
748066044
809841668
328178664
196509847
482909848
229306055
753878551
864514320
631707491
202726546
510500942
401969
408570495
537426955
581220055
665730355
158476541
650270054
355229653
455338894
780046403
378635413
581744376
104278995
40830996
716425477
604534324
316207989
72054610
891124373
342925093
249534230
425107271
148427216
575860396
775189558
379300654
694588664
438200097
821575735
104256864
805778768
573949645
523448271
954635667
828891591
237270549
481996575
325240989
891742214
584961819
612757067
580021063
305938362
11989277
443748557
617035980
472986503
216504643
379311848
145602924
120841211
237213878
119924814
895204144
559516802
286232975
69985925
80217586
134879703
529695206
325829792
762493652
860376876
896474582
993081936
593616851
630157011
936854717
934539162
826662701
434620829
45472060
124143164
25100078
29218582
586016643
374439118
254893831
552248863
824576898
959756754
277376133
825191372
671838137
302547117
236443744
905431565
610109371
50057988
462759950
327627643
132593000
896950563
145681946
313923726
408424098
969428486
619310991
546953000
178622994
397469437
516237429
696062285
202718914
509098806
496577344
558182312
262817034
778172127
770547160
457496723
703554445
996838174
693660843
848351673
854174318
199566435
753595837
80472480
830940927
402621218
338840449
126354406
405892457
980528411
446614680
227809528
603726931
573017932
504465125
702077047
998612117
832363288
673094425
83255169
574159991
309222372
801038115
286460472
723707629
112774734
340117430
859272588
56352963
586354412
774903002
748632958
16072496
716600358
773001868
6560278
885777988
345150520
502990841
729461247
392856257
27015033
322914381
505974824
888972011
721213186
229449954
184842205
728430387
91639461
401339197
330925103
50009487
407888380
144071169
57371974
141251437
371180107
851552039
75852204
918433742
455388586
683968508
989587712
180614358
540417012
544679426
455550016
439951639
255137820
312234538
237313500
829908162
257199044
634104184
491857918
432807728
626628483
276572621
22342231
539214355
940371563
939769146
627498779
653123033
383261468
72331435
274343427
683347702
55619836
532579620
716619367
289593431
945109497
606347294
22655871
869746018
833962777
151967807
934374615
921588867
270571109
405284948
700578804
914703078
464648043
398031518
735981668
377005943
681221227
954191280
713138987
17962336
111539977
62766089
56956296
285639174
955612251
695776592
903187568
661831381
314855213
298223233
349196351
620211899
114792892
251819659
373438752
232108582
115330407
572875336
832795633
251704568
209557951
875674834
827480957
797919892
2001214
848605170
434095906
957753113
263455314
598645978
928584076
752475282
14641597
328634918
180165998
493457779
680322911
382942751
407719023
968907379
258722266
517221652
27921615
57934358
601009140
742490733
217984665
378349295
186795534
108601926
32944620
366263644
290548350
218317417
596507465
356526925
397203347
703215886
942523961
712395642
391670219
274974079
585937862
508942868
301784908
994172644
756213759
229287096
867251058
746029889
828103374
779606726
54308169
462235792
785872241
405540825
916745900
840440782
841917855
538135738
234793409
623464791
792590542
94237898
757592111
466411752
25786291
369751921
967649035
868954748
42209755
98112604
152698430
86268009
523326090
285775500
856586103
640502193
642251698
85811627
597024731
612036793
165393284
241531217
885230672
226540006
796031091
168100155
154556849
663004031
929304456
920496987
410790188
469544906
893892478
785393766
77725439
660601498
98440848
396641160
208027649
304719173
440353293
817600198
451635106
627426843
370202852
513666480
762990674
400265320
19467575
393402509
536655481
472847267
489011347
580088003
495141118
549784251
11106055
338226974
572908293
620809441
604583318
992337399
240657982
174728237
548689990
500933419
186257226
488588100
475745434
884382834
521306703
727429939
407524928
961754978
651562000
694459136
191243965
32319138
717356120
888715552
122402318
584558415
736278764
378179643
927797398
578152453
680066693
679965736
805581116
468643532
945450419
91071163
281213765
715938069
531800803
933296270
898885664
914177666
236398837
991275012
74394246
558874006
930027905
185574800
272584425
745496362
378727502
615416312
453985777
942200691
249449985
496000353
617097550
625546277
541486692
636537977
252670988
894542050
602638231
787796575
139813328
441627565
477120022
677485888
788965080
400948560
961967378
757747045
10748426
170428669
288898356
955505474
197204177
527872350
365723784
782476697
854602688
503455555
174150253
559302564
956657454
117892821
864169834
678491183
804584465
243992753
399622556
879748316
192145152
970767517
513188357
42037795
59288321
487549149
903607360
63798755
718707062
378625214
960217022
276553895
961153127
914023894
738885531
582876992
641313306
876635943
882431569
849657842
411019284
308516709
493207047
512394245
283843910
481939000
389517314
547524238
540173272
190316221
383269484
528450639
990108338
423476983
619017464
709306355
896006868
917026377
779862723
190010435
853515814
764094319
38245579
175000950
364992958
710688954
910426978
927857468
635434254
812614086
131350309
652921246
450071712
300736774
401510275
477017240
402225197
159827068
456643984
149999277
330316499
766827851
429098484
402206841
256551814
199888071
949683115
62477010
266942288
146952424
357146998
860213605
515092105
859008104
120485410
935819832
238141548
148847596
278305624
567645297
35488044
328567392
942923796
376858300
76257742
26247297
28917785
97166269
895479111
565364035
224423999
178753147
212535328
375162868
935059540
847503664
670469378
511872788
742946276
994526732
778301119
918679134
246666781
693818049
904274375
136678755
377854874
574427304
8014972
30572504
136008979
990004721
218042779
563036365
211456619
389175190
482061195
39321995
211367596
260171713
256445417
409599886
306422986
374500172
107326560
821792301
164224030
439854674
836262537
57351721
780005348
768423860
748686754
207611288
303358949
61448289
619411607
575281749
57542743
825522049
210978380
412071062
122412074
724895666
38375626
159746329
85235097
158146279
491645723
585886649
965695115
556343390
62394957
800424160
768868919
707218614
795518585
376436144
993363233
139240377
201337862
808396136
861900596
569721324
6323366
107931215
126237578
163702231
411807496
975639601
660680009
938881316
785904735
980133510
230283676
751366666
588620391
987221132
351557168
56266030
512743512
207837622
843824107
948454993
351248810
27810516
227491281
924081694
946309266
122260299
45779557
430120258
439581445
146786777
720797094
571331799
326656681
350065396
849525298
911023231
347546833
534875281
101220801
821423559
909075226
129307867
316217627
30461036
342054773
941587090
484323502
166804079
311604661
282024112
540723343
884772491
13975899
630546334
289807388
551045793
1141549
626985682
328070225
607159731
426365979
680306850
319712327
481143419
412406695
150642364
863197115
773098704
950685825
963819756
136300872
243294364
742785939
300725086
562418990
525894771
892489630
278161295
846069180
897775092
401309862
509097940
621364853
50449781
675257804
67173056
762871555
452485163
855962540
533161544
399582908
262130081
6353811
33087205
370677376
868318897
345384519
381786937
20070033
279592166
445235452
421137258
281529907
318703113
848982481
545737202
709638996
614432775
904898476
990920915
686831460
600538005
996373204
510718004
177011272
530446444
649777587
366180705
945318367
849921468
142331453
688919570
739760535
804317955
187988070
747500965
743115340
226339630
507664690
139014037
442534071
704259397
852701267
928430718
982117752
833972375
923711012
152899190
773142330
624733559
81354297
602658836
461012954
42391194
185973600
658680203
518243798
85329012
377701877
369634740
647076210
724160935
66545303
846368608
254740063
119917812
853212008
21809018
809278430
78942934
788460620
313960720
593291785
129529943
292091290
119624308
587564359
316499965
736619276
806388534
346468901
633873832
243904705
309775752
152671769
303081961
966075689
681972329
688933301
19010671
812399908
727341096
265366861
636319953
962742765
636356838
555696893
453314495
560848334
590866506
309353512
659548065
427379628
80884395
294083463
182143021
503916219
231383984
831043887
549021046
321113315
574401984
192194431
568742772
419165288
133551648
748239725
814176456
611273885
706016389
915605572
427085354
806666359
726551797
182014561
310113850
677320528
47004890
974657905
640813295
724014820
905686661
51208882
445051410
460883753
140321812
871018354
571831623
551630102
332343599
390734223
261233526
162922192
617621633
125323166
331407555
373979000
399505594
732866550
19910376
749336570
370932793
285577258
147338031
932323139
565042287
961849062
605459964
360529348
975101087
846992766
426571386
949308017
85869460
376578993
137356889
456490460
532739955
337724357
814324316
507074916
286344366
535677510
35137409
961112677
909234272
972829779
780464995
857425576
925061619
117595603
212497383
692738731
261561246
216057933
569637255
3624082
134711722
246704973
286881829
786835275
263748987
140482166
300162275
965530275
123111491
435312547
200702866
70366378
368101452
22714127
564179622
155491779
206903779
202156378
885731282
806579288
235768293
184843287
921005944
612826015
417980351
854282216
666739444
130342490
15201408
270840573
744967822
578561553
526673407
146951825
860627971
551322545
412354223
569548395
910121743
71349783
834234634
552030694
683046107
960996727
701809383
971344516
308536712
612568085
821534694
840897280
361486260
503362538
998025286
114533285
514965496
80857387
882858725
412033621
58036535
587371909
802267192
334231346
230161923
740067196
728756192
905899433
698506149
383363853
503138461
485728343
917406349
229808928
254142825
606820744
525039237
363147836
126238916
85756214
587534592
420578582
942321171
834011551
743490281
652652997
958878993
517000720
21433681
82068702
308645218
775008069
858932762
818305796
158978424
526241804
285619274
137036253
127134116
2799563
944269092
945609352
89222656
720350016
741274514
112703469
827921126
585525433
770033613
633956475
387058502
806887340
754251744
281902398
337358542
233165214
937231488
647985498
527383577
966707797
264195389
775630326
835870974
742749736
446132311
463032527
854580415
666205748
411730059
828925451
216399932
931770276
451315515
573808469
817050879
811830107
978154796
251873070
557782939
851783863
75121051
475101518
855779843
989915610
910470821
524539017
144184699
657402618
473642707
27904215
504656386
68925209
921579299
439035321
958606291
462910457
695092796
844103975
978463642
379834853
219317754
499412579
285114200
626791073
247081072
627389741
474012035
360930442
537072064
724035819
978893027
596893096
718833902
18806490
530976905
595305003
242594626
717308382
781417377
815104251
999238314
317809333
197072559
93973762
444649702
129102995
899236443
397158744
906635622
63922461
880059556
583468688
875768370
123573448
397810578
152729812
706660385
643966585
297077609
554386231
499085953
38586867
644531336
835867661
197159069
161538844
574738320
879512020
204783568
99247236
421533044
813543377
26277886
944261070
276365108
835691871
129516874
528398242
196725340
757488011
171864134
226251383
690014425
130768587
627979463
37841038
137336238
838523221
205352495
377970185
644196366
307976000
938127796
831548120
993233983
19547463
372554312
826104686
967403604
598040912
765979075
16642417
362060063
600240727
905603244
948633758
791881992
339799431
623277248
348810580
805606670
733377047
313663701
364537070
40989882
169149607
360180003
460151981
269443946
396264208
248454229
588861589
568003426
909169944
754174291
870539373
216979969
852873900
411569146
754573808
263529581
232085405
420754941
240296773
362041356
887906025
311653944
301389344
561487513
196235749
247122321
323699734
11581417
249090757
961627167
937051535
275105865
396429682
877514852
95724767
25189544
335919400
503235749
256416760
293881793
333174427
735366162
170648750
78344076
574910378
389144024
744048836
29683708
821432433
488366908
706296060
124443485
829780811
944884250
66168815
671139436
133239878
353411927
273021996
49614449
903663558
896894707
565010780
195377387
786817461
101991525
899220833
984170760
381141669
892973843
56361418
637183907
949575985
118131913
59852244
93286553
988706072
994756711
640659927
619702557
461296228
227097650
806610055
87271582
328856228
421253601
266221372
379455199
112132761
717462180
881913186
546997435
555402832
963603399
530932701
146329023
856819308
734736891
568395547
711198411
545746511
439335983
238254913
779549530
753574957
254787208
276161393
358421934
174994477
731056578
235254783
637766964
793224539
120483872
739021564
403129430
116807144
851996964
510949541
156262957
235427938
865281667
2149910
657056812
935794718
416874680
711364956
315447214
718936365
632006589
398821706
221061536
590397915
450767958
834613719
100579058
896633342
658866187
995406592
259665470
5238579
950535241
401957720
582056068
531451532
290011990
123575828
650230042
380603286
114409329
583911466
758576829
230495631
882866157
599963282
114365877
420232143
825764167
943558127
932426553
869963151
15534534
837098915
517081783
816213986
449331677
836626415
39638282
740347969
295749191
468978094
304791294
128550290
975404856
131785111
33314704
293732820
765164539
211336534
509769304
674590029
606267576
582548319
514875077
312215288
245595922
952882206
161317144
555396057
439168861
268365742
664203659
862797003
423956893
75531082
472222
237720529
232145434
987718895
655087656
94396004
117623406
518178784
196641524
708750054
319444720
443010852
944166871
738070063
642949811
225887473
967692678
354438819
207270082
398308313
547963658
289671893
70209136
857426275
378068568
846734211
14068275
244489637
712938212
668118100
126478274
176486760
259229202
370323877
80132223
233173588
884432847
97658615
684738015
941389332
106115417
150230411
54905362
838773954
225064175
928275829
884415995
189359839
668102425
402331767
303133949
814794097
48867226
303134942
700492650
505485742
511330511
189228141
211049311
871661239
240254653
852041929
204561239
142028186
300445167
111654373
80027269
121901730
127371849
689861698
2023352
285799481
31072203
383954432
585477260
207325089
776339404
854299830
621269202
997640064
158439199
464179748
135694275
413879811
872258357
762745768
13978404
219897710
605068289
399530535
50228109
428923407
429838802
221691023
635556880
483530757
847036021
226404227
808851334
946226744
636996045
533444641
430039610
994135648
84876205
446929130
993389968
577197110
116191026
302089853
893755722
849119962
80053175
142284003
125429808
760369034
321114468
692031949
604978101
99186697
967292946
409743130
36250391
43632935
346563938
503759530
581192641
803535870
563359580
959779358
301545452
319040862
850162532
17703926
406301302
996665430
889113302
786128384
433686958
542128920
792720900
364508461
68246944
595789318
1910178
230599377
823234265
404266469
876124971
567553829
955608744
215140908
853350862
447818799
985030988
77355440
429432250
90989011
128348301
205216493
524623803
915554880
949120050
357903994
625999593
322923178
748009076
414616866
804439184
813581959
826072246
107299658
844319191
631699713
214618080
589918682
3047950
320755737
403397133
499353376
645369855
894676094
87475904
734466842
555139140
871427120
511301393
82077028
171683830
108865921
178266122
49661465
743826853
833783820
647210200
274436
315028584
100099492
39058579
509228278
277323166
902835447
774465783
811879615
7373612
86164967
432474676
26620058
840194934
816005919
64666404
66411603
818742044
689050653
540380782
798886539
110351486
431242508
973451161
718710313
49190666
44676002
284393459
479105003
384203597
148947301
699741401
645177623
223586911
241655336
678079859
534930480
674491050
659446512
157356349
993522166
694944550
415022765
26028597
593956340
90980709
338314844
362931721
595845611
827391697
588653635
408580836
407201278
411489494
101142880
957036213
715220046
217250792
592357178
19465809
725091179
779579567
131351538
858558425
758643817
836941605
441114205
318301601
655488833
38765471
229599224
890188961
722342569
629484685
601565893
308590462
892532440
443175559
539676633
601825051
500665254
742589818
625217859
266652829
694691190
103213069
529248387
973721967
294153378
565836177
993844812
868755425
717985695
45334385
753583362
590481246
764324113
569163400
989030107
357961825
606578428
148800436
878492635
262354233
470968445
966722520
19271427
219836228
647225568
600612615
812109695
493263178
446699130
497752227
47415788
545583360
209662032
341973360
398362617
285604306
592140120
583154005
8614600
45641986
655938021
57091138
556503156
945935089
661971136
141336451
686760676
147156985
299356399
989691297
261476521
942876412
17401382
280478005
902842151
516756517
378916151
534540433
439295036
37341915
780800614
995032608
717863576
389961263
28623363
114060373
751019779
629657259
481727005
160247985
97625816
789201099
508057710
369583465
328829034
487443046
341000366
410568694
799529562
982176541
41214022
130214012
336411513
218856976
7542116
667854317
142857561
466657695
471948320
197413437
186923146
525612618
266379456
618608811
78110731
922809792
449723032
813155779
800572521
679346962
286466030
224731658
461822194
554643808
535317124
727930064
910812219
678042045
213777368
489300206
458704770
564716931
653051140
705561426
151643498
184852913
641012699
14244988
52081791
218109220
418428636
197958857
685074032
460667281
324298797
678717452
923577234
431545886
40833653
610823667
508342517
103600996
956268724
679518810
46054852
241886242
117218782
729403928
111985289
188551746
243515307
420809378
141223071
40936754
899904264
132394720
892375596
302445863
481675256
722515710
658371614
970035823
901970227
645801095
667639744
868266062
476857216
488318448
993501939
822607818
273609277
182045574
527325981
20592679
295478244
969425034
528558933
409793899
490177967
506051286
570814883
77217238
183829160
259313443
736202390
160262789
754713629
257688924
776595914
451522044
787099098
960691652
121310971
547207244
700716634
689113710
470909104
348340842
662766003
640836237
703057035
583007229
478971254
572927813
472205142
229525211
12172952
789595170
265703679
198012563
10242397
782144442
139627645
947313405
874803593
463873499
324412689
716651134
564699211
737466079
649687446
751167003
366103633
491460999
92773447
628185274
717443663
358855357
76304100
985333271
538865241
856116828
331299497
215959371
232094737
330519378
166085810
404935907
339691857
323054327
120774072
362852642
396754473
665001740
925136208
340992377
915738496
19161027
771723388
528469778
327474918
933954037
289502796
863893494
125665280
161841951
143598961
300973813
990248163
638097562
570694072
751967605
671748532
726478305
736085664
723883235
97354433
986388952
296050793
35167833
93841960
873450408
815091759
576624627
150609159
25752431
200192535
868879844
357633077
152009848
795732689
4036921
348616853
200922830
993086131
478262627
414278807
629303683
846246300
655666492
200572289
829540166
503998546
368019973
344887973
823641987
53748700
11213666
386247
579006422
615424445
423026627
874452370
81379533
380248118
987214486
94785315
583735667
552692645
753266773
987471191
367131527
986428129
684710821
889606149
461246098
654610312
590438258
407805103
386604515
916221365
896047758
780149518
745147749
610377778
325844266
272496486
76731522
605208614
253852016
606896009
251808619
282630611
610019879
357586188
396298519
482017378
966667743
641566260
666861277
845077797
761572597
395428187
947333830
126803131
825258672
475956137
612122771
594650564
570001600
240221841
317394777
393303142
978964893
95625371
949246904
951191230
603425410
273110015
811390826
959949335
112536753
695379098
897716848
366576335
132926687
104624164
41324782
56161798
677377768
746424586
474992040
532830437
732891087
418869787
572188860
777400473
666431628
422320561
277564673
333037120
571025766
895635089
900872907
271928656
902281144
758854690
476245247
998346652
607877764
737203078
661372707
746752708
740599167
249703086
913355731
279383973
334290990
84236436
70229174
264145866
847530481
32690253
906500610
174042958
589448544
59582589
718902808
44368955
988095649
601544802
598329376
785059609
560319965
988663962
434362224
686791332
292711622
864273991
119529013
442882952
688336799
171334563
526633456
703394048
459784538
844431262
324145137
667244167
542151677
52898259
936934516
694216432
278468217
599196128
482605737
880759262
111614024
405661801
638881750
416554133
770660831
648244568
838278030
284248630
461054010
100751519
959513866
489271929
409452466
479691962
93819897
983541368
539638800
515370224
795390353
974924372
517098392
77053680
488071584
226051399
843810420
396221985
984557358
195724084
400742364
619893253
679571937
657895420
781267950
150802372
786174413
976340273
472900898
12665242
183550461
571817059
923092621
595164664
187494978
620521242
507472276
606587033
706777144
781932661
194992525
386021507
862835699
839552749
812802349
531757184
848313265
597287568
387759559
400244660
1351371
386761840
298387045
335820736
218636345
732153710
678127934
358782354
11663057
476102869
968684618
529359716
474377916
300731568
965483958
727978162
451867996
53586770
318249381
622965973
120021911
380029775
790903006
632375845
478562241
968623087
250407646
210941862
780219356
322470192
601625866
761702726
134463747
513270752
831357605
772475071
156336984
61687699
169664971
47870039
774748165
541575138
122943121
66249477
165057798
3974973
225979437
877104432
493652584
414544573
463744199
55035135
579240547
286750929
830348501
513110907
254859878
143043349
222576600
103690196
364013745
908368573
530077658
945262149
596659582
304254058
663667369
868120590
642187629
343323926
123737248
183799566
839895856
844941764
498959975
87367265
479925755
676234264
472664914
117660776
989488276
462389911
64643545
968598007
156591705
203366928
923229030
206370107
474383555
276250329
137142617
579936621
888803731
219320083
585489937
422999869
926698068
76154102
625593694
298423698
869879745
719740529
334183968
717024605
888851796
121328056
354996351
515082565
391009098
709359168
861872313
241736869
349781577
191653237
573431853
999462859
563811298
199947481
290111191
426160503
997642721
200921342
628217687
262987459
140001349
126609373
491789938
460635835
66392287
975113734
431442568
396853896
207436123
901511093
13768893
3412553
768806168
467060161
404824972
691506329
127568388
736213050
912500167
145087467
73400480
533987901
570707644
891831799
387524179
40449297
44108299
178793869
225460588
687401322
818064479
808589685
241318081
333167440
933240554
680568124
301344955
89184993
636592489
845574503
206851582
388827537
551079057
240271520
256588758
691641609
131302956
882031264
831661691
386446059
901301285
775166873
57366241
363060100
236001050
63530152
153311406
540793065
633237329
779473815
274995428
599853595
86690853
299217703
794044209
402048150
71724877
11716580
960596028
303817117
275913088
241227841
256745591
418061740
817396680
80242527
266107293
436346666
130883574
612799655
916656949
553110478
464183215
573406054
112269022
580713783
202881186
786938752
612375062
579296013
558694899
107797699
972583937
657191568
522316497
168741786
639888318
409762891
383776583
194002326
278378401
903164558
109425075
371542263
915573062
987297297
905993278
919055195
103689499
89728693
532526232
380158280
535021049
629154735
951827467
48388396
181950018
135233090
325325055
568250501
308578561
188930814
72003537
712064901
3242732
924974033
629044594
995997661
21832924
482551890
660581614
897569248
612897390
136421135
717850923
264804015
263513302
454174102
972029355
4651303
281981054
346346465
484454283
222186930
379047146
119375226
575966906
199843036
115761036
741491162
153967399
557039694
638789085
297244041
360582564
775262013
31650570
390550339
322208090
337031455
953092586
450559303
853166470
67955086
290217695
731452842
878754913
537683709
72898558
750991632
592825288
260190651
913219325
618456149
970112954
143078183
721764821
31768461
203615163
535162218
225626227
264033139
228641259
145211963
612775112
992059853
511215026
192534665
232881246
213261235
825069436
639721275
420184247
994647856
666012113
227363763
920014893
97713078
408613235
427270897
266932435
497881314
483778658
571152309
310748309
630375852
742057195
731451343
535264975
381465026
416648619
276277281
95843742
483396393
330256869
188920232
339762147
622824687
569103840
531760213
88638115
536014364
603804702
90482598
764992582
930017591
509808267
243773030
764823168
632580942
399712285
472597751
346243324
132419933
778403187
303441706
735147215
349962785
222824273
296817742
112106942
389277487
988783161
300279295
523806174
24658486
86468840
362559408
312751660
262323484
922241722
195027400
219615725
488594097
933084242
317292369
43986679
4747722
374194320
307786216
725066459
189511378
760063883
798802411
232817872
118591454
484796703
903575071
475845755
986247418
233020249
363612630
441580738
134047512
562264050
766259118
527458391
223051363
603803530
799426238
441678427
162429858
821892934
173626252
720173790
670356238
45856369
232816201
889100136
780576398
405792037
917373850
500025867
430781580
605994498
661094025
701938111
510875340
587246599
52872027
561652446
791035588
364418784
533096083
520251469
186586716
129168575
272398399
520773994
290753093
351234641
233253244
575581775
270263771
785599789
973388174
359729515
669461599
157442837
786711473
955071099
651663483
806599230
253166027
865753853
724297299
199179088
843294375
104386922
565612654
170668302
994432951
161628218
974838429
150729731
554373818
26349130
608102271
637837475
520563828
238870399
548319387
800093387
3345331
866646111
114900752
173794131
195788523
730327613
511990675
661833660
427610952
47598076
519156239
644028028
884739941
284520608
648003282
706846324
755077214
73464285
64053591
40152388
410648285
233813091
354295783
867068646
210611935
179816337
439859346
297409790
133354833
256196804
730240712
445538793
59158652
980098460
169619744
970163395
208163955
849710054
300681684
192873863
221903169
125568066
74435977
748612504
645631017
801128728
16263043
397003321
236667715
51013808
389605008
818575172
580393144
695508936
669207756
535143510
737036816
453185094
279049802
346599697
232718974
416661315
774076875
949668216
353927090
246748926
691572050
226872870
248318275
715174595
266452578
477135865
642883061
274343532
785827820
996154520
756086987
221256268
645605028
395482201
826970237
473827598
22765789
592494624
253824275
655120052
11282433
445726936
999267261
920507265
688294207
288742554
20436089
253406865
828836862
171427735
623022674
691349061
323742735
534527058
685918136
925519331
314449458
886923824
211627790
880466500
341317193
439137287
799999761
460071263
6981716
127200868
77405553
257051713
166872026
92997189
740507133
975613257
466986620
237431267
88901538
88072773
675077489
494424084
16213385
620071869
207201762
805478141
759502547
605037992
811966856
288095276
979697510
552036418
458091164
836429532
452137073
659077760
805224862
750203377
601173469
557848688
936465454
570606646
791266237
424753028
519898798
243471252
644453622
501823673
221325142
883214095
240255057
284234128
683459780
944889762
266166615
240553003
317919428
987106250
195097920
779024150
21490338
113146959
471931021
196498230
93126154
758652496
888508806
888642082
72642182
146273881
293897858
219507898
676579708
654350512
742832665
964180834
687820123
208000200
559592121
84314914
796926043
295872896
356047997
93367500
371548248
80381601
829812057
69148432
351208173
454375732
720491945
128340260
760789303
318367348
436403350
932647841
555468892
219895203
31669112
454110686
809630148
717279715
316329951
763544426
337546106
665898977
514715569
258422384
943658707
42989393
975747977
196417508
780099475
969750754
819935911
279116263
785919190
663272015
348099521
842856921
573619728
745828109
212223833
365505933
455579579
129860128
665777567
328019054
934679513
906133101
486135827
685827802
847775400
585934436
343516961
215947756
776740218
387726865
397239816
296499515
6913483
178675218
851591482
780495834
268002034
92604160
658865183
718484746
399525453
186291305
341949423
933735642
464223587
721595471
936726452
265140445
549992667
605045334
311227023
347423491
638669866
786223043
908525386
200643556
786965834
162436724
365222262
651434572
509703088
589042207
490663827
157119216
652287185
622079235
625411083
256385209
925549892
339955215
885280339
714931086
936687014
447163129
85529175
552685241
214666322
746307318
775667367
835811040
874280914
974563778
687234429
242477274
423922622
798658336
229231574
588580813
734684825
756650364
75016553
545958772
185333048
253870708
658131736
255789833
666875160
978252173
23696575
606335565
999238539
317838964
201432249
232657315
779299170
497284772
620571745
157591722
135550112
769080227
146046831
151346371
918359335
642568306
917974463
27262285
806995457
217516387
112000217
148700995
549655898
254480577
111987676
699680196
74166733
52120466
427129813
862920306
941651810
228531705
10667421
861750644
911163395
813098719
105185293
576104265
74380163
639898441
176081457
425304117
952672191
197065133
874986045
459430602
629741541
222641810
555120425
412902068
193714498
224409912
972288837
929193144
732669876
861082346
635326068
607768227
52384808
560297719
802885382
508284989
351510577
111975680
682509898
339079487
303136267
893396553
818237043
466686325
253936723
612679867
438020400
492113898
395545243
50141758
22226900
280292855
845500257
707824840
729247782
488540172
932978077
871469632
923593286
263144917
887675166
78947618
64223934
705456438
739639318
595860076
215309598
407256889
191885738
912835832
345110152
307257018
49671109
8615259
889373614
487519040
502864218
685372437
835626676
411835516
686882429
300698803
683469380
60740159
699710248
548593717
154571054
206881162
952319795
139940689
129856407
879662833
661949029
392158013
942746610
615125475
5158463
566628768
834873408
747885454
949296583
503435631
393072180
79859651
191588909
812693234
181216695
493111138
682347648
923116364
452918537
738423601
719815761
105444357
430303762
857917550
456280832
882189251
465874935
10567844
784892469
339942045
326442638
232057376
980346192
277297250
211917513
359656630
992815247
347750255
845040464
434349731
683313723
437414630
790119623
265051393
334701575
816560979
403165622
724938159
233347107
20439102
435420008
486587748
872359761
90246879
255527237
108863601
759645923
294790878
364527201
365984351
832455321
263022680
528683209
394410415
398973207
213492072
188252376
330300366
168815138
688465987
103072826
907097599
686561947
677178736
669346189
547811947
729772913
384060592
238801675
747720994
950514520
960122520
992890108
776138027
523324759
334975482
142241105
11368555
697404677
424285668
691966281
113865814
922050686
290018909
195165054
617358535
705142606
517322720
365858819
761431651
648720377
189100006
214710394
543071415
503054522
180739409
868154679
704129405
820862383
485946175
578612788
552963470
352271474
679986097
664480381
590349662
212133445
455981958
99704461
957935847
347532310
171358097
691726557
934775769
501173918
981442161
243580333
654732172
407905049
163089264
834356105
53249258
696249573
563422272
599189223
80515792
658011196
184086720
428398550
874522860
681856374
757342163
444109513
372328618
193708373
197518903
642967781
139522712
84449695
155995649
782253396
364373576
752911980
948891205
270348879
167493064
966943381
585032535
795362603
103309437
60075718
808305172
466842785
343978246
908767686
43650051
501330648
424321201
11440312
111996009
332597762
882657248
72348317
114649846
319275692
646889389
534060684
568459236
479830455
563047062
21381228
80955028
114632733
898594168
700183997
272626005
555179759
280002445
537558336
159029429
531372502
364600549
120891620
473501348
686062517
616847627
248885885
25541403
185473605
427058814
905272912
408325757
985520454
548268216
790900657
485964721
58848931
632289965
593374154
512603992
481134684
482203261
308011540
342801485
624112729
986962666
374428316
386108081
29698520
215204221
603795596
711716326
681950923
899720407
205135509
272041200
290871420
540336083
748005915
946181160
587425381
555161548
399951767
267043384
370903025
188885870
637606583
118431268
894444727
909624801
141702117
415479349
992616828
79074525
230015620
475453293
473271517
35613325
670935362
813869482
1340970
445451911
494754110
832109420
315157496
778223139
903861596
166176845
555625662
96137109
313126654
153845636
469022469
651415783
764457752
43170529
237031545
914900300
774079372
254407750
231602537
167446049
757749942
454623314
26849110
624096568
940709884
839252198
721912907
79447472
304322845
1041831
102627055
217358933
781629633
38981024
661973428
730013660
418562528
542464524
161268845
150431109
124066361
465848640
257852844
616308756
127624733
8218549
762814097
11183875
290015589
557498776
627442336
199455289
854614828
866514559
196158102
601890429
786868255
502650908
246346585
535607746
962165891
331707911
727984643
40736438
115229706
534216827
186777713
912812744
147769669
790448735
138983386
527076315
838999524
471419995
261655448
298312684
775592848
791073911
941568014
749007545
788872550
49823298
881711794
681975338
223326153
146086425
19088905
534977914
154879752
815277010
936498208
973359815
797061728
960122881
52913723
303352992
108775615
64617759
724601135
17297650
651146463
643966076
262818537
212889318
536427038
407995560
395558136
343487348
617323878
923607460
975208114
19684260
869047821
860353594
375035888
737413346
6457548
513302812
671748745
378050654
388116419
799112068
719707149
422227188
664528713
874754132
250593509
541768
241741140
665940969
263964608
294107063
568451428
826922102
986848886
112178767
700633969
901385797
989024221
570523940
622997137
427412173
231842839
977301851
343416449
639849106
187838757
136452019
749872477
119793325
710895557
832884636
777758218
58567340
919857821
33625456
63789331
88677109
616665654
907939195
713037394
164176005
848701199
796435567
480935412
668353355
710929214
110716243
546496713
294020752
975764603
376441640
630016252
589237872
149222910
923441433
605743938
568236149
500531108
507181998
946014416
924091581
522135779
319308196
390962107
320874917
829293707
628069120
99318197
523805748
325049406
932476662
694915957
594218308
643836493
32597485
308147651
119592689
546204949
747124030
12174654
982347650
786996436
635261968
87041638
692233303
531032541
240703729
814332193
322332949
487013004
617168363
302626125
1204312
288450150
861923856
631222353
140135775
480601717
764055348
622474333
912228421
394000112
569950277
203929612
196900027
474553055
894754931
44263871
160319258
609183554
188187958
593171711
336299210
48716533
382070550
919708890
297542755
179539965
780886560
318784007
24846930
293575647
879544660
248867653
49010599
579431548
275146758
387032039
570236113
903493494
628204251
426690828
847210310
374726936
279886750
24712326
603575523
205532717
1603563
503169957
508925503
951445772
977015242
639920231
413295979
945385863
246338484
650497712
993989945
940291241
749120354
514944358
523791471
900034926
558503481
277402272
166087120
20535599
555435921
5080815
426271361
440082328
948461725
897004889
330563044
26136782
365508934
857313904
326910760
349474764
264106245
95800772
498704903
481597303
717655550
71588269
464884819
638139886
354574260
128215951
404762032
834594446
535338893
216902145
810683285
757776764
545460116
476185733
44107487
957521020
520552792
10679348
997613371
170987329
319688206
525302357
931522526
3792318
487183021
674312228
505123940
385492554
133194182
868944038
710228678
263867326
909269195
787556527
819625603
23917573
964534624
889908330
172259645
451592700
807544090
652723011
189289064
536139360
164418495
98654378
515494627
49281013
94745111
148164652
487359175
833353162
537915854
922338342
425481740
756856455
426925217
204472725
271119641
784507102
904314314
381922980
479396359
431639083
167484770
414978008
263644934
430733925
783186235
57461955
126295486
5686506
419093544
852920822
272363203
221958896
67490219
28951913
726282672
146440660
506782009
329086969
427744512
235002220
985473128
762061271
521369059
655626224
987320619
562107397
162280484
652506817
568924476
966293621
284141449
431898969
390865073
603745813
974358755
772136787
816438908
778463121
943152247
310788284
422576410
296732020
163140862
956542806
563583746
196062349
864594742
606567852
43783410
143853455
902788295
776467353
519077612
838011882
850205769
701353504
494063641
485245444
533745188
243560894
389055355
489055338
44329311
366064264
571071898
818860187
468015666
210051854
358212840
941516578
290247827
724218792
239021687
465442712
341583496
535893881
320785546
503797463
170586723
25676794
653574906
34699375
815888075
124839116
905131349
404051039
990537562
133082653
915321503
279915800
534872590
755403122
977994154
313759509
827009927
239868667
791260093
468863873
761490738
732707586
174564146
760003847
872828577
249293926
951180750
79646689
687833780
802913257
867318944
675026296
762130157
936703862
436445420
843539043
769504610
677256410
67840233
856803988
552791715
727818892
133922933
9207859
125273267
367579150
892473665
161352331
923822249
916221026
331305063
875483755
239187880
229331469
752003959
303932388
316468600
467580040
13110283
469093317
455843440
307351473
388491418
731164258
444681342
137638150
516650305
705485914
494221483
192707224
200638078
699720454
482565022
381545069
617824424
811558908
917681641
427100780
97607075
547044145
621544589
125476380
447895057
273995546
917556514
107256158
550216603
682233032
85592358
448186490
780962059
484281427
316109701
585968062
819293797
600569758
405895207
644461452
644860786
974911342
191843433
832480632
942132361
452978012
899900935
333611617
998903270
450018676
284785846
486649876
384579113
586317068
12962805
50956301
199026121
788648069
325256738
674124732
575802074
92251220
648028562
673800021
762901497
187330674
470261787
681581594
139602663
389424002
665251253
412561125
767265123
656960542
262668065
235876495
937784718
905478812
25551483
293284101
980720290
899130342
949950807
553581669
57432387
129313768
731134839
861943604
93127136
583574506
174167481
874033192
318515303
478137774
229302959
723915614
208650647
409719643
532569331
891605144
200385862
210178633
508303464
427491062
38790395
60084916
622905656
93143890
499933539
67997472
333069470
662874136
416042196
772197951
641892255
917764914
14785024
949472139
477237648
905058565
401795696
655419998
888252549
298146822
910022854
217808824
644726830
817277747
945626472
821851894
436865412
109746668
723738082
375224986
200644118
984815124
755406403
599331265
522602591
867068190
663856998
466544801
531595420
824437348
43105761
2206151
50254730
217250792
864583641
636371161
244798368
886983234
657465574
229045440
731159360
880178485
225812395
392288280
627069647
522508980
542647575
687615397
94801430
539736422
458365371
553663074
280795751
101301737
39534773
888489267
862818367
962517253
639517374
770374579
198063128
164542242
667831571
493277498
523313069
540001017
935673253
461747932
486374492
743868679
653168567
384887200
486067894
687290675
114363093
935638140
109411466
373820746
768817440
797697678
194141299
717058709
193177026
423390721
913345114
290202549
984250352
300010427
886613493
87332159
671560794
702620249
549452950
603395094
398213940
487123490
784426540
306325245
234538964
255525938
973887841
110493816
255886187
380945002
17332643
830728515
960600675
337088636
837135781
570053673
881737815
220375523
400722942
213910067
401386880
644939804
101558717
634085090
876323375
212364154
188322184
959478747
137628824
712888618
789960498
581326498
326132193
718167265
324259226
263515076
881454089
133265097
304177278
187203940
5783343
782379842
598643657
241081709
40455203
671748117
440836385
799120366
131447908
446063705
395713220
153727643
879434926
38711897
769088286
332974118
282786562
979224032
753800750
875421280
38838934
151904603
997850370
721600658
117472955
314569300
427890317
246020697
106255944
944687468
236635473
478687121
630794340
331372374
839564006
850667798
167072079
773044035
905472987
6421097
279258210
529782720
211496993
689791446
748459476
597474128
309951431
942608276
428779642
574243575
184297825
334971997
255984815
163056120
277808782
731299988
285899933
320864815
578472830
720904191
850942815
448803961
572387022
372360073
880979116
753678045
697197931
210936235
265559510
923805861
416570599
120021881
592518058
439971404
43939267
170194591
112354258
526671617
671688940
444903234
359022242
817860072
542064644
612192401
461430276
90999204
319927556
580665447
345597516
381089146
601902693
748044776
658285172
193514318
709179704
604463591
965078514
441498619
931851659
965544599
965835463
584321671
762787192
533206652
845690218
876488000
786751735
706867611
170698967
260731327
126173019
698042410
961813490
394489530
522554304
51110545
929296061
66617359
80206272
390465461
121642347
337835201
659818666
319441697
490734351
783118489
467341382
54504997
449225391
203206312
633509462
309496581
260717360
46595333
629040644
727044886
723066604
368942588
165751793
92072342
251233735
566005269
891131869
268040182
876279296
327201554
705281119
694719716
397440232
387572346
148027564
155888165
494935504
558258896
56250361
224250978
551392711
746621428
2747259
750176646
560486954
149770851
307647455
507343103
718651030
848659597
187757912
439584452
266213759
776278858
747118871
252225530
549474789
973681775
795851965
266947338
53581519
252292497
624486286
742759910
201704232
553895029
50044733
156420059
770182942
811217618
117072977
52920715
812275476
457464322
502442544
708818257
305980227
307353451
150343964
887359843
379996401
593985914
636538917
790916755
635645136
912922578
14658237
117316803
701769634
797647272
631406572
49084735
393368338
555205865
285969310
165840914
112196961
141016878
870402684
968496437
179882644
516588208
677145605
749466220
881346333
286093325
860551908
244031373
240818162
139319238
107140363
88997625
763588571
154711924
395235992
825424140
721358737
783600403
23608054
983059203
464484179
743878598
432051917
769411805
643027422
882894717
936769710
388040707
816164987
31709472
75805638
694843935
201613345
41322805
629520892
854444692
58021901
143647734
879919181
146147787
450872560
838193429
770563486
9701927
460661985
892798014
300576169
980882756
847082063
671227669
930750155
721894748
380728634
638804846
54333698
917160524
355990527
823466211
399193838
165138792
867004862
862016323
445457043
37506733
189808924
674288842
340473255
310429484
858393391
177117014
737502525
612692313
212996821
474642959
447963540
675009310
58487556
415867793
554812346
161886406
585500655
634306869
237216874
977073242
801684380
11371939
327838474
352929789
864227186
136024258
640383407
804517508
37137420
166243605
223366262
53157104
431712395
590673162
43634579
431043228
573603796
560342042
184605283
659522138
954994767
120428906
457280353
693180028
154904408
285055920
187131353
30719891
657311904
770319580
789528146
389585082
839618441
270684928
824228171
317011547
493378256
610771077
124386015
494065154
886435480
984265630
422984840
207311394
771522335
277658198
830888207
947821003
371838460
94028558
300057809
151409445
755334762
223554384
444952585
67987823
406385053
469678275
346693635
780657833
418500763
840621456
629527681
302025176
509176908
180469430
517273595
335351662
182469186
750286049
379179155
191079241
824693911
783341419
277446882
39337260
825315609
667633428
809705903
65246475
554545358
477657751
222220897
891739486
433776156
415827204
299112549
60738922
654798236
463170378
886448874
102822575
45082603
409003805
759044950
670670365
480120269
185654062
744574221
544250312
708071033
728890983
717747273
40375137
82017152
147465393
779462156
799757423
642614738
103589862
337434421
805447394
652722398
675079669
590480497
778148044
467551507
24368118
322435190
464387634
961000714
582454614
96439658
922399026
378910328
491445573
462366599
123123730
688573897
586833940
348466274
674195723
896094932
1918142
784253450
701534208
367448365
642012115
566624975
513448241
219413319
703050320
890095530
835504718
840764415
874485301
768397678
928614949
852084870
49376190
667109506
443438660
824779318
231169571
680365698
789458412
680650038
668595983
516535682
372081878
418020464
209875877
292719723
188360384
184135403
947062551
548352023
565946286
415803336
607934805
587433568
675579908
130295241
130507398
705083100
941057910
959462194
685665955
227881857
519978403
418400055
893350449
328380340
971270240
603372878
950049306
310222058
255443509
431051761
173493185
932996592
487055097
614208531
915698838
173324500
938958861
354607455
46909822
152042863
777537143
381527471
760120806
213048588
165120552
145119495
39431342
885393191
201385460
179807559
191996856
563755927
685751392
197117331
490447122
377523890
800299800
317029835
490935742
663025441
489506859
465259167
150823194
462197826
434334238
16431051
670999358
387024242
440057458
484691651
354848513
981998411
510456126
8016628
572538130
328707298
376967611
126792602
688936292
701894038
651368279
66384617
515890082
867627348
467014784
573032745
478643373
589906370
536477652
499442413
144608368
329158795
982973568
648883140
537204108
296704194
266440682
628182857
141850281
845724342
967306043
872048190
468819796
96513665
336904021
279218109
611683855
835315972
766536811
107506654
684638777
111407130
786329873
248077928
947100778
50880966
62869885
350433790
461340983
52248689
583351189
428853906
717347489
29235884
484600117
426736949
924814143
14106963
776364861
637788223
558112629
184996229
295399066
194934054
966468976
547352513
804244651
3477650
552850298
389575076
935875142
391827798
45505372
347424727
556845295
484811996
247508367
161298735
825550830
514996042
405872808
958776296
289101312
900668105
650557564
499409426
442481484
335770574
352214323
966826523
956029448
425048868
914002921
656862305
492065079
825802488
936170968
693141015
52420579
246811754
240664511
858362786
605164301
906781839
716918030
335988774
290950218
21453610
429450719
184820488
445442996
682580976
254280785
9297002
678322391
143675979
390813409
427147706
846512641
955606199
555034514
946476459
650780324
144547082
400830329
749651659
717581660
4273228
783951870
770778263
765867686
876691362
403782266
364766712
44680427
952108880
860355452
739533542
102877738
252673054
624199540
695054908
236545176
414422267
365234684
506650559
577908934
950555381
500563989
972676552
937627967
976518283
630038640
515346139
343075392
257277471
843268537
21233700
619035307
339949284
387579263
642610962
902366962
581649372
646765960
890771647
340725012
284518007
332361190
648176316
718023960
503831575
857787138
557990506
895611665
994232144
895897608
580902756
844202574
948868543
19857845
226834109
522993711
564958115
646893960
816653048
547847249
660812237
430090569
536338033
434655973
271200555
361661416
86891728
743397426
256762869
979756988
759761151
767854842
151574026
877386010
611275312
332684822
658095121
444261445
327905888
101407194
902193157
190963320
980310367
870723631
87094745
352167794
725279011
221149635
870512256
103888179
812546907
154530681
287974836
150708787
743884354
57876476
598357351
485836129
172227368
245712645
963953051
904163034
691961665
752570226
923491280
414495542
638819362
910440564
27840616
799817257
110641535
583403684
744961242
87737572
622071727
590980625
658392807
201754195
252034286
651915429
203320413
876038220
467994852
691450513
578298363
237440821
583757607
181101192
321273560
291605392
318526831
985650587
981548786
882125469
442065354
41212960
27417617
614299170
518575298
641221111
873204240
9281173
815242023
950129011
477754253
8123016
90606834
153680598
252737694
494222286
616503401
584137110
241349208
689748958
873353861
753933579
315167602
903294767
780214211
984612839
63914415
204719331
12856446
798008106
501901013
699844581
88817534
486286374
946713586
399501990
767620033
856674524
768081738
430941244
853870122
988006792
378397890
863433855
465613072
357409093
389763707
207468173
1452045
867528389
28521113
795072104
576637377
993767360
388331614
246296861
55717366
507750006
78234015
294975733
935518879
920955837
854641404
643452571
610038856
118893277
682028964
204708987
181890935
575377310
181565450
964214649
989817634
343700555
488971640
714444383
840588867
713281168
983457759
995753684
258855450
369499536
641593351
459962360
445975826
269435639
255908175
90208430
409978327
711419558
277040124
376383038
407418681
506933703
647318152
513560055
543689136
12963475
59131349
216057208
698466743
262050524
342269562
59600844
855391945
531010057
852240392
342514550
426028416
947630466
155133385
930219489
675596660
706274265
956143865
303470617
123456254
975573827
248340798
265586905
454428048
378052651
526728234
248442908
913007864
895857350
615627094
596742633
725649282
88843982
803763344
174882777
16608152
346992812
323810799
561064691
442949868
436920445
464404704
845305497
517655086
408186537
697800692
439991716
220571656
970916559
499788414
159884635
290537480
973956753
763864764
220206947
795854009
765973663
645538201
869286054
218699006
124538298
692872533
698714975
103645239
335213904
961595865
561744769
400000907
455193828
631744201
880107201
632497177
479154064
183990
596869634
660128158
252108959
226973670
802226510
740763334
493223431
901643436
967706097
886918479
163549324
194825548
949591612
829438567
584431470
4415046
135246208
843761510
543830475
836361861
734652928
585850636
780114742
423302938
269763408
169252326
385505690
521244941
314666111
963050250
756078837
693092729
701130162
683117360
411717057
161091002
963145028
729019616
346532505
179772016
425171098
403379615
376974800
979846295
551844471
827255400
852934110
427158323
744165727
266012369
375244551
424366860
382194602
686779673
638170574
724966219
689100701
800605541
433380469
527120008
852121586
285846236
520253554
576361742
815225445
980207610
200639015
568323357
804784823
987513278
882855218
627084679
698104270
239032744
231290657
78827237
760964568
390474949
86788638
961692168
599135795
527824909
25483149
754346535
798732335
791624881
57860297
456691748
183858167
557093690
464215384
178909433
942151889
282778106
646378720
110521719
398209179
983589901
269969244
438271410
660536671
548437295
128962654
377303962
811232957
882200304
223072908
879524319
229119469
646695469
652604325
964571774
510030418
452303126
512626359
236285739
918674064
575486873
942996750
24680958
705432837
79656126
810192653
247008248
960211710
691819116
89438968
72467057
536120194
406602528
165294375
129765059
501663657
972965354
499814786
139535474
135157246
648519121
412358176
449547258
232701029
85473404
759574112
878354002
122068037
618463887
74146258
518201114
842823373
865291265
698918964
61829741
968381842
152936196
65517699
593961364
757764481
506391417
211518161
343630527
302965344
211858887
137452789
877025553
754825626
505768355
992004187
673209835
434666412
823083110
529781795
990154523
13041260
578527265
854215902
196155756
246816310
442617519
588293871
370209367
284667372
294615256
65935521
11407386
322807595
218515704
500073750
290537060
46696179
605787679
966068619
515149033
407232103
831309550
546455679
811867241
958096616
634986857
36294851
757815310
625484064
185737536
679442804
681472087
462265563
187715494
488414924
514389650
817914064
240433688
212689841
353170833
59503656
54202350
322589220
875653670
643085224
198222414
933134437
363919227
496760344
200864680
937221261
919438512
648613674
218342932
861886157
144255265
128856567
613298397
861656079
776535328
216491621
583081583
240502383
479546211
56108895
72140935
125779149
691984252
57824157
431546645
252763357
333599896
844622084
226903430
831981815
583627424
327010847
712654580
206515792
538228665
977568631
419481215
996303352
3505635
782208867
203366873
399927676
371245192
296740704
486534
725615257
772082170
481038153
39147317
279215331
766977300
644954550
995330673
572821003
329236473
811357465
266837529
789996601
748367765
86846754
480482173
885881794
803743750
714143235
91796248
179911431
922123070
809145306
428373600
684215822
829435060
332281385
55569060
597398868
531781646
105136101
750455007
106204703
417008669
321556135
828871381
432502624
615052033
86240954
615222378
210243223
304213173
81841400
251697521
590759337
259152721
812323262
437305859
452670484
26727757
974466344
344559429
129806308
521166898
31561625
387696414
912403426
154123844
635438146
913727027
551585917
813496205
348454249
849230340
52960944
261463361
599340381
690755944
133505732
914755745
777579007
183098747
670003406
154843565
911358376
244608106
320357911
660328389
406565084
478301699
268785067
447100265
738406879
1820354
491591661
74318045
152330209
207796391
174798248
605669730
430264206
1098123
378910561
681937446
774144905
142307534
408995227
567616324
722242147
939157683
761796681
376007722
313179069
318387652
66886627
871457933
789834760
359226616
374456892
386869227
986885207
589439254
550156484
253461969
968621893
250253909
202812783
339881655
668446471
513298657
707023477
4413353
445991903
697490573
952638945
23846242
576147253
65126649
820440547
205104106
963157494
978923170
559318720
827675605
224960702
200097933
340727553
558363741
362737531
259031730
329877031
358332770
44700976
399828711
266431495
370690645
665268529
734531964
980097792
152008807
392383995
652666660
456150194
489027915
557204980
930294014
991159284
984664598
512737030
110106193
731115601
109634262
449802179
50068706
971938238
966302408
733963361
364012181
738791951
916665735
383226995
13241825
280069566
372913761
610343725
760518631
354766378
677454070
571644640
605083509
976054935
3796727
765606928
952495315
176600989
564636944
236415785
952330394
478825348
463490881
229262551
273478758
693089182
319338402
697366052
648966627
497774211
325901963
28810400
739255439
674153654
826703264
836062789
437708333
207955704
318474234
475524456
400611597
412995244
874746150
316166450
891172198
220695363
281330709
657534005
999078244
85866947
747875759
414151407
989763799
473497656
608073935
509197437
795058576
518556960
407781809
561223511
395517350
960448386
365065072
503877988
731425390
874847451
898859953
997863391
525778227
170866206
467183190
973815323
884295226
227943061
861450856
343974089
537940556
258735684
621448977
480182210
683624284
843263574
831435518
626907184
480895718
709305407
636376168
145192577
808922815
267729425
434656792
910073687
971526028
608442566
381485085
734708489
242564248
516864247
814454534
119831830
212608598
748147812
548067553
877699231
617961974
547973538
332048279
954708230
81403138
517550272
236311159
116487413
690761077
37030223
102614505
700908358
683988087
552651733
386759869
650141346
942626966
139406229
666462402
265760330
365065081
487424455
143220160
311566492
769768478
221897782
451064534
105167527
691722342
206332918
581936068
102514559
690728270
160178703
456777216
481423825
625611556
86193622
334913383
187097095
813901382
28915114
391376234
765738815
287840533
741354451
205061731
650409063
137713713
932036195
821151520
392452037
305900624
340495481
224535629
487391987
445221801
562732538
338943370
903347512
694510405
12963755
262531264
434077094
247853799
677410421
895368708
670384326
568587240
773914555
558389753
130328709
106854439
94721613
512018232
89867939
986567146
716680216
463868614
491234287
523767660
111744021
597163816
386905348
780739003
49097738
662959713
46499820
511518597
732860317
755243426
523753560
684390804
277753136
194540561
886382382
968989822
105345674
262982897
914026702
524189088
741091163
447348727
119482684
552434015
610899573
835422597
602897747
266308624
857027520
561911897
568468134
874284413
719218763
644687984
99670496
445948618
592891793
120974932
744260293
683327040
311853498
454123981
71885646
456164603
638528467
99509728
21559708
454915092
91250378
700597818
829739730
341840265
820135306
652505226
836241725
414629835
472363086
988124727
55938909
949254413
296718303
637090445
976469334
517610768
805179249
818039133
811475870
383305716
808906120
947925622
518909681
913244750
182434465
98688329
664271454
703715595
24679259
457758550
67863151
769197675
817160529
314045493
868619863
387759871
25562889
688891600
320521450
793741087
129383789
65618081
94601786
134607239
964376506
913623857
433663344
477088712
576317132
379595558
163472302
178948696
324167666
182391633
605455477
640860961
773371102
968446834
36112993
324078072
183164159
524694309
137265339
203175560
881475058
52088664
134514069
727731389
223114926
427074171
940865527
883752620
577503748
700592142
749947768
435824083
942525045
757016657
339257857
703679435
939136838
871251192
440672051
458925703
102853342
848588505
512071387
636156182
832049204
990063089
684435463
440474909
320815070
512300806
879850923
880312211
249278865
205929371
728679449
195259249
172281135
930027563
179875417
209218678
682656906
430821106
410183126
60651688
815806345
644554931
205504830
942892688
8355754
494328422
170902841
784321548
428350647
597685427
307057705
629993061
632017125
958118502
844660016
972596520
373467346
294522810
445460483
600606240
612732547
648188436
681785345
250108519
840597344
386202654
480366766
279961576
328011512
732975885
926721060
722062497
325596675
406184691
186726834
660379273
126087274
399935058
294428731
424508425
938448479
444416220
992510080
828253378
528536201
321496971
189475243
634590500
463733525
775268091
241712905
954462834
434399125
816954722
397568270
981659456
969516191
646163993
749668849
926394223
486722063
234289513
256914117
686399960
56101808
724890566
91402403
831059293
58346185
745490251
5818422
880009140
531399256
40295813
619728730
721254789
106500722
196470526
84525529
521257518
323770207
449877401
548980058
12324524
528077618
629430567
922390151
48117753
363392031
613340090
674997080
682733459
828854075
492448605
185138678
976948507
137710439
925966402
319079331
463585467
515500931
852267020
405124588
795605131
255035874
734673599
97322830
77821923
141912656
744161054
726671308
12375336
498485431
309960658
228686972
735908857
28277428
3205012
185202749
487307741
499260861
708827535
628081335
665290
587640836
610632786
408507979
910872877
479446365
467771087
492233220
459890155
338996987
380647826
672925962
165276971
743492720
705251476
486236436
689296224
439328762
462102204
433321777
633635683
775916624
462381156
964677929
95061650
172147742
685095079
297769168
579268582
543510815
866486467
65452705
165135348
39183283
179023940
769840681
48670710
501879104
481590030
129951265
671877619
67400522
72654945
414324956
282802080
988395994
935877189
884045832
541860337
769335728
198433615
361032572
41260412
245887432
644739290
101771734
260021837
927333982
555731849
832620470
52557653
210349265
741673033
192622741
102004418
782144510
118221002
423338852
60372983
478073015
329924058
302806012
165685769
633684358
403553523
504211920
148602470
107748452
79152013
241956927
253313370
343850620
877876526
570768161
371844210
245240178
122210949
76824887
442017497
628220366
566588583
295553001
78984538
385395544
1862014
402701906
950699378
38602916
307894674
655048401
163983449
603252088
267733579
621332278
579513338
836753099
362981119
475500810
282250007
588993981
496302384
263661859
31093775
168245630
333412609
837439724
254280722
670842170
653589792
996705446
365063197
431878321
773124340
351272846
34317351
328069760
353865873
390320425
476534177
356752778
14394274
654623384
50559382
561399844
161396110
523367802
459477584
969695067
171754704
366066068
953098013
539981021
34919430
62752290
508012510
863150682
865259054
956222988
765006300
940933526
264197706
450998000
190609035
902822919
779196370
600130402
95652599
420367392
399860979
506897911
650593858
625523408
266327011
934471205
339165871
385880213
303916169
458845190
357300085
971249192
462659646
178666191
733947538
550447457
711779763
269400600
336478410
428379329
1380963
413368980
308710097
203622167
445386487
251047994
654229655
244101954
643604041
518644121
40624710
131104303
849913103
315326304
772441707
298302963
241450472
276530959
142706431
993652891
698123662
656707079
355504087
272410307
896333244
519017195
848778149
566883383
918370191
108613923
24080534
269740739
29191445
16258815
708162804
731747371
612584778
605768575
893679343
536202017
967131137
469661601
670713792
137491807
254631577
513485004
69036778
363209207
292882415
646276831
382572747
105264302
886267714
403378625
317017313
542652259
556077486
648154852
412641003
756821498
567555836
309711937
379655898
739038447
445993378
417076668
648485793
329227023
804921933
473494844
902440174
176306197
919395139
846229490
415224315
766176462
623212019
286467633
228513960
262635195
783185902
453659331
943760680
303406877
750481861
443639982
567505902
563887211
772926810
555393411
565677274
718152076
286120427
744550644
37419486
608126907
328473613
226184245
723551552
820295636
113120160
14770237
392692891
924441508
526225219
310520110
881837263
201184915
662147017
524144715
497381364
290563717
516204393
323943099
289018095
421737220
564989926
811985882
542121080
677494655
401865044
948952815
75271874
900350481
533834732
621038281
124028241
916672516
790598404
90384323
311577732
427294674
694328242
332587000
823818227
132848960
916293490
858899373
969863185
687565185
566090105
440830786
98849845
301171108
994039478
382257265
641403312
531558920
155136967
379730832
116525023
319318667
71532077
752832300
501986167
433419653
704350039
622990664
604014722
95108358
412408184
351575992
700386885
90554406
987143920
384628088
294029411
127514301
946882573
117971333
860105403
154496829
216199003
925244923
727369499
306278970
597953842
147717159
347616595
898208288
955663991
904326647
905867718
218203335
758362342
300906557
7072850
963637072
13562089
535274595
166714393
442507330
583632567
820348825
898000626
629714130
518792154
967741291
809454312
405474532
744804597
276198466
221061022
68039308
769715053
575778963
53520162
795572468
282540793
70513504
122776717
992704696
338927735
130266197
433560164
748411287
318758087
821618490
653881218
660965120
525568711
10285299
380597593
735284005
74062586
16441245
573710068
744161705
828356103
89495021
742222205
531893758
211424246
490909988
499984740
304843530
671265670
264763524
698805146
502818567
725249184
142684007
53700775
284616972
74347251
552373328
241681341
313756237
663313112
788604833
54028667
412279060
973091668
510810259
922087600
528014167
40070793
451612523
786555850
874467175
845872591
426630004
265503866
792758322
362169734
565150494
864530890
247316331
945468088
914443771
67794404
896433177
580639307
632582666
743262912
524891377
732201260
570090899
336359332
457350889
836786502
849209882
751566311
983959305
607147679
254314860
232119128
282662362
942959040
984019392
340929267
251308170
410348129
290935795
395463661
604353816
506221410
359251579
387583744
934141304
306519759
262530766
620452899
892948923
236568637
825480789
250057628
829936289
563926004
114941942
60136747
652375389
119839285
503749351
404467467
698699664
911345170
144750029
489335024
106254494
520205304
887107370
70863197
430829132
320028050
433283608
764402470
250116285
291844063
716791580
657938251
289235120
337116601
44796589
233402069
67322095
824486586
860650489
449587901
360563274
782391657
708645142
437480755
746186479
698699664
911345170
144863967
379875031
817593751
583855853
860383541
290727846
705364725
576237589
150212338
530019542
768238888
602072557
746960907
376738440
325077028
268445961
216726276
664515782
258898126
460566461
844582279
280826958
632056617
817127612
322861701
518916720
531363290
110245858
94178846
267916226
849979069
919465070
947469419
264712080
515499573
212197727
89925845
677461301
959092799
325902709
974823672
508981173
272862937
638729748
873896090
372715435
211232868
592694391
791057539
492107495
813733452
570605578
426013628
281990845
964692210
980001950
195799493
684649188
35787306
374007403
251551013
515969592
989105656
342253759
323631098
528189659
85915632
639808759
879198760
50384654
673390211
62024041
981302000
292550082
726111990
903151955
124675062
72404434
936678307
151553538
359127205
847457695
578725130
853038830
747309584
385389660
317637983
618341062
2666239
500184652
752616326
403012133
604583912
612115752
498999878
326595413
903043662
900047923
228957289
312923514
876990875
180659425
364254663
403212528
657417454
985572468
148591925
821494311
168833116
70011215
540903164
505677677
762558493
843781563
86210018
895596804
163653225
366888868
864690986
677162236
589829472
108444648
200950290
41182450
148397618
970996343
761140379
33034740
239224863
786640911
844052459
827064329
430204810
999260458
432270673
335995176
352608966
301534844
571156597
382548813
429581723
543961232
159548876
833895973
722516877
503701117
537780878
949145512
62725955
909073782
32373543
951555636
903448165
350869382
713167816
102141367
241626135
853968257
941774937
678704920
374255071
129905272
539990359
240164839
66876398
607403395
860271449
320747618
744796673
132589020
916084516
118227660
903448165
253671369
703198980
793110486
658325006
626779714
653146886
382986431
463741587
165726138
324160801
245094337
125450035
115539483
713932006
698814456
839950695
671500087
261447786
80291302
59306831
12835202
310026039
485591486
765372266
320364309
174118571
593993161
781191176
5066091
585499698
498912606
755551151
371240457
800634610
259389582
523829419
257516995
586627220
915518310
217281039
624629108
657335594
173922056
107046764
541537065
582219056
646590939
799535401
560106033
212894102
168723197
28394942
644631832
758158967
422798587
825031605
59856626
876760518
173518358
170738842
784742130
724878999
547861389
474839465
598046534
974510038
807727612
858700293
491450417
104068872
97873307
145279891
797315525
211210809
399838415
908344247
230471697
957164835
24626521
760381583
764176288
501186697
297049726
699677602
211298059
155173256
152000565
399939664
206316899
893249333
925521236
527375128
127218366
444743894
692332487
751277502
660160891
340267675
610866477
593903620
504103172
418767807
565445232
191819055
157960562
2867339
896965005
642131707
684671952
327482083
522503228
72754101
330696617
742731214
255384112
724984560
871784409
974754134
25548391
552163025
642142921
351375618
964917284
700575477
714808659
953187486
308057045
509138408
278812334
494268827
227008454
528398570
778234666
258468172
235488997
87941920
597940910
647481505
680178391
977474269
523233655
292043498
831937722
883319172
874030648
443859408
282926062
967581928
905696709
948339454
22741889
465429055
288859352
867264563
81964805
582903890
82280795
322151958
783306932
284213218
921917380
204102341
125258757
615188350
624855495
283413890
799998886
657448221
517189452
219799966
601462234
517067386
403091060
285198862
745857649
329774359
445980962
353421099
575386720
88900385
130278681
605561500
190976474
444628247
350397821
857978720
395409213
728444359
388725352
713397062
72260744
137984222
460730591
662439982
333615162
397650661
679808236
772060229
381295974
987735787
496155982
114252013
386833912
927455767
346271717
949571184
878071809
298387332
125238316
532707220
884479193
26920607
179501167
570993903
267733236
522706331
713989707
921820548
516935753
395672886
137601262
433230737
189509400
711793332
844182481
41509675
952043091
332256313
674413648
618253977
605590013
544734177
113006108
820016473
622028756
122646424
795978386
601046484
298945321
767876999
519649587
429307543
775474103
714347600
610182087
539085617
368597035
318550520
869008711
775593861
149580314
128122646
21878720
476321987
103702170
168365960
667755801
98189040
932777175
987892299
384017669
973929749
417967349
748308907
758092090
845723580
748506033
434843201
337715332
992479242
429767524
366529038
825951619
392636213
663877899
423100012
657424368
631271530
912902605
818106953
88163485
28103775
669189530
638120122
573418696
91231616
451620947
994297679
840744074
797231721
825390484
785365807
232873658
876973343
150179942
191844966
553700881
970555196
112515066
807719086
456819419
158637942
989573238
382609679
63414091
959779106
105665656
272769721
216948449
52851866
258199321
1481388
543537139
442685529
328181543
167665171
715746706
542650235
305299121
458214981
218829043
474339292
114195693
411804758
717865064
290172999
55707426
230793271
259445328
521039578
528324954
601045915
708487984
919155637
571874329
812286714
174830788
25844901
157832671
26017847
396864773
860603141
373826563
318371451
565576111
620886364
428649884
807911790
775764251
110329958
476123787
382972617
90388165
294214800
343730927
840539673
124856045
105616613
655836306
340068122
160283476
496687856
395814659
284312441
437035801
594476467
995692379
788574590
364593219
222260871
648088206
223833397
936889548
87177642
76425124
860429159
713750896
24298438
521743553
314823065
378259729
445653089
418298073
965545119
771138381
465805528
926664836
761464084
492991629
704238492
425918628
548346122
558907982
9464407
737859514
391674555
99039778
133899624
172843553
781811965
340817469
342103034
932546158
435165271
288098823
429034726
523542229
223748232
82208172
681552506
552130877
907366324
122298444
227588246
505898380
80612644
281495994
99918507
279206637
387971564
255720242
63780776
569221025
517696735
120398767
958097164
804154322
800525086
902111484
526069133
531118902
401065985
27912548
210154716
255552784
489168800
509218136
849230340
320199317
913104652
803669364
28043546
70127104
285147896
385544666
26995371
863109649
867606445
693775668
115561979
413170956
225943495
524013992
226508842
158428683
481267513
81739071
405652860
910506040
145558059
770871220
324381094
325840574
595369241
979767135
309536065
782874313
716463914
158356867
192675923
966892845
79521404
591648527
477316341
194669751
31747560
976657990
51067582
272325005
705634488
872217648
979117953
960761806
777558604
786770803
522990603
752501385
341254467
450626681
838606413
420230150
956287066
146275913
870844701
42777984
476799733
857818363
162722932
769081808
808975044
132815048
228473853
292290952
826204263
557908200
992695681
848921748
98718741
466991022
86770468
983417706
149824044
874898232
209547271
984858991
97661251
106846608
567007113
362986478
192381925
561640029
140932637
569686763
722974616
413055375
371749317
477809122
150293095
773939589
344643717
638615662
549966895
624093706
547676864
458500516
440552996
433256481
322895458
357968594
459097817
549380290
728240851
447207925
993312118
511784581
396754656
189070732
436011093
750193169
877087725
159146203
69647889
741902786
689394493
97765533
338681194
620419106
842068726
400973811
897074884
806782870
362890678
755950233
491911126
666776351
427301541
903665597
728242470
528484605
254874451
313952683
726475764
538449232
45294431
901552915
868011530
706332735
785815419
225943495
524013992
119886928
862697067
310624486
699074024
543036109
17839786
866125508
29847857
687650970
318762520
572181487
556770481
832011431
822172912
342936707
467951578
803677955
711991928
575305573
491415998
345213636
905838797
214101776
302872786
260891209
954907377
522107502
983308198
977434309
88709867
699050501
99016210
325240989
864631891
748097145
757930318
200701066
829082186
753393869
278272673
620392060
436475872
102878786
971001320
93525892
122376582
56729453
633714568
430940287
145712924
563494012
465759786
956684540
698699664
911345170
148060352
454607695
408189805
873410296
836465469
764734475
153406061
38605090
274907665
848270255
144848845
625261273
254940797
689832195
176814303
352984870
722479018
241817810
264836924
359746869
72431018
982845125
737915779
83426631
114700718
934985809
999132040
591838312
969251600
93449527
816899693
688052159
268684990
720462829
444857005
902149416
202452009
499384709
828943262
14438392
555989973
202278472
761874697
661711732
405514745
379033890
586367264
63577973
575851017
368815205
947840629
169724862
916558567
389869118
161388140
652389507
160932633
214903778
163988773
917916718
312901204
529994988
547947680
745622927
276442910
445034310
841330369
689217531
985538367
412512452
952170806
520712138
143267350
313029133
6990533
572155636
407585570
889824187
393054262
15541945
46890737
290437444
215185153
327811905
129975586
752859685
957394998
162982477
992393073
127191624
835593821
711482103
651280730
44017657
529889926
298440560
478152321
778725319
803393969
496378422
732714060
652794614
423376606
343753496
147494836
194640456
355200658
795475340
229800046
898042438
409576103
864883220
751977058
788181815
904613579
11957004
72433270
370413106
139849372
507151425
378736772
713183558
283098169
641729629
248838540
451381623
281885514
525111636
657124825
871598368
257898485
388117229
819773695
199663168
233761605
36384450
383136277
591208170
672322447
601992612
620705843
243977884
849740104
213684552
609193514
821757142
682494436
374689587
278288554
873726650
893603372
488997470
220569832
709406642
124804714
628296374
830588787
517354045
484157625
795453839
316501423
639156847
77512759
466619226
89197864
570104937
330931492
744436119
514918951
203976956
342535140
213389492
963363274
175605031
231895183
511126564
597360328
223839603
640598823
453261686
211838808
814078366
685908312
200027329
259923821
390799856
734586913
432452254
750889096
518957800
320198481
149221928
638478879
667748724
931925106
608693765
657646062
426343623
103407814
480310387
732511679
370878560
991093141
544564672
958514666
788542033
25885876
275127124
755756428
421062422
20731670
38619262
988892206
313086359
420302799
967200810
178780419
116066059
542146600
151413622
232886455
838318414
546133856
659850660
22289293
369509722
206208170
887104192
492710990
497109662
358480377
646814232
128841511
180720489
567387585
246336518
100811918
651983374
778406462
128625072
39037076
62488796
316950961
419701466
947013826
376208723
658773086
208532655
779758803
792413520
682960817
864616892
426348247
443599525
439515557
914961156
524087645
492626841
59571445
465559611
84217773
226823038
257239896
732195727
484740653
825872828
263025006
868382821
173695998
163165271
820043490
205448668
555941901
549335936
596447589
850806420
134018013
907681718
705148658
207585014
129813319
594777603
764311928
2490903
578756515
861434314
930427406
267585072
117792576
623801049
682794707
247279824
443604247
694111360
538783952
745185336
671500804
826229194
221577844
241606346
264483705
202182452
193926095
16097728
854415724
936465686
865215932
174285338
920597610
755789329
633937651
770169033
127863973
626793936
660532761
137359251
445060824
932020695
598041700
743761019
339866226
588959080
70899269
871165437
669153543
324818074
573372182
379471188
710608078
647595416
301988919
808736987
732616562
350216778
245575364
532704019
374447034
447385405
647536638
910342829
595743286
334135599
189067051
631934307
813046140
182261991
588629941
957203103
284164778
750171821
856201616
281632793
314870075
674499020
770127616
630672757
782664274
255082729
124185382
797723114
807466317
971448128
217249738
542476723
688630306
870146933
900756431
731179629
149815841
504913623
50191884
416986709
762909853
527406651
151898297
652922640
160572412
638420090
489218376
906299725
764255454
741875904
912120524
343132598
263422635
818530312
347989459
486032938
484552523
178206109
840613371
120656106
507843319
614994791
8157082
388016792
692106721
952570829
387289730
357761261
869188379
752572016
766575855
108814842
204231499
901234547
701304521
843396008
346308122
593034726
455600217
457720255
534301809
978829288
4244941
95933808
640501425
578019665
160005710
622404079
783103183
620929626
499239197
139419448
118033467
971828390
724226406
977803369
103599136
573862462
456425675
262815767
590838652
656315959
15414714
782317347
356187552
873074107
680926261
142526249
113787692
408504312
389494719
841981446
227372147
725095834
825856108
65738087
531539979
892278676
401730455
473730652
470144720
96258285
300067236
361906547
155106110
399494819
708250507
197378360
698754536
376853252
227026839
713735694
565414536
424036376
871667094
253390437
698462371
871412087
15864789
156406902
511525218
202262047
727430975
338610055
529201896
69799438
508651563
281997946
339736817
258377609
205147612
198130825
706201185
764076320
95766456
743001184
384126015
303137154
334110052
807500235
92948228
472244017
210049292
719551520
852939057
229360743
921906493
743385933
252887289
171068158
693612789
717144380
310232345
280213671
34641138
218221390
331879237
196372410
467242893
531236383
473880289
506676630
874564460
706309988
699045261
246231336
781603944
625183609
841321229
425823594
688067908
768083114
469596637
455871502
354992359
924895424
135489131
545032022
80174240
938940727
554998554
344910752
355255772
239109721
644493793
833042140
871645244
365871660
482934680
538007936
9757924
972180651
429780453
531117841
852059156
568065416
207828142
49251157
398638856
706166976
933468873
504557041
217471049
86564815
948215500
796741365
907005621
722679967
191218630
494811202
207152018
629636255
29722251
793131101
42256668
124259453
422319503
84057468
200503859
179883636
916242133
997222100
257504451
169394201
928470233
313301687
496179995
325741316
973324106
849741484
576583849
291730344
956213577
990086187
567968664
164987249
679388551
696537372
208188896
27760979
475780661
978130922
196816329
95433488
205326980
937357420
50465177
682534151
857144463
413711722
270206600
39409004
879000318
711541122
285885836
105174441
48646839
855261175
130878874
915939448
205540270
109238473
708245335
868962382
906876704
413052783
294658400
689077663
677408981
353993285
910646245
194403128
211172008
377174958
113273214
199286232
959654222
340546038
650251164
350524529
738101695
873632321
869279604
736438589
327523516
362674532
847843717
140731232
74305617
82161521
75761678
294198136
307069672
852326939
358991497
336759830
29497106
231397757
664776441
544828079
207927541
634190114
318916566
579657491
449871864
281390031
511971023
889344121
246361815
415238880
886573388
280650904
456294844
720347468
872713075
988467218
173700126
259793862
87660364
326047247
678610066
381781196
533245343
488611579
273457183
538925698
268835033
467091039
177679797
956286509
388119598
310463534
403056885
541845502
765112808
595451962
63944187
29351954
887484949
809678361
666951412
438225319
549248833
611026606
560569967
577988002
526144555
877503037
558975656
588728210
820946219
286089739
606172229
106131174
634024730
999728818
752439386
895375424
721015900
958322752
499498766
299662856
465181332
43008627
97846467
626956513
826756626
859314225
765332232
893264306
251802771
26353708
737812321
206295156
81837429
728071290
886456366
649074971
571985743
317666024
695208320
337623936
864104386
347745609
192938178
102647691
468677657
800513065
307523441
259762781
389680527
249792299
159822988
48767496
102958302
159163093
368665010
118781665
977765444
292793821
177377098
142578900
120967413
166921276
138923218
512415979
957676629
385197129
732892869
614190810
319244337
463496989
859642574
927696091
564501308
843356319
19141377
797580199
850567502
875264620
359734180
62516502
432488361
925587791
640362489
771201416
693921576
14782298
361442783
715712565
975339310
187849096
27655963
978622024
729455983
891057111
459101476
10834516
691439586
32427509
735148676
310442862
361218679
677812091
771519699
678489232
970017784
857232784
362469695
26303148
447506497
765550278
252794645
815946213
104738314
238792700
998859961
836510465
582960582
991648894
327929962
737952002
400058309
781505956
636087852
31411080
328494193
631201554
58384171
428753979
517868149
36222858
526075748
864662893
541939849
557481512
157280970
665588407
301630484
691989463
796542121
237210945
14989820
438981555
528409536
910828891
830637007
607229848
55947319
194752907
787454712
248004569
247921759
537670467
310719706
199332772
457556739
817066352
376205491
563906041
218570694
499092260
258527280
886087521
77063936
177121264
916423147
788815541
325134553
917131304
50865258
659248235
56489809
167917614
448433787
773188616
730401580
450526269
422469943
668694654
748144287
974744672
88940240
890246919
857167230
874123817
949597612
56364074
619849839
8865387
66379121
407988362
832026459
194176026
827633730
50389316
481642746
565766853
213426299
405858544
466949010
486909089
880749005
104713849
17576494
298702670
43675923
259733170
808963298
572054293
411050710
939523354
452626373
257806370
182077488
15477292
711506778
49195024
739702972
626500226
425332806
993394023
532601389
921119716
762634859
227088176
702744340
8050087
696633058
817931162
374267167
261309363
763501296
489233954
859923975
221215252
42164097
60001157
610147060
984428563
775874872
923966899
800143283
801368083
983224069
114249228
114934714
699630751
280681164
576198176
756840188
954842076
523167036
862629737
915643061
947083970
318510576
869405068
389695122
862398196
955190126
427342082
243701601
336865474
381687005
524800529
975798248
853802302
533081079
18567475
888282801
616090466
717468161
235555279
684460618
26355872
518423549
873322458
284452279
3179255
689834170
689748094
48420225
503123888
1078611
879488482
325895712
192773312
278821715
209162060
78609478
190167159
769400846
382090691
850483701
182088098
493315941
457366703
47003012
243760599
439915098
256113108
135094657
976173673
51597374
482852971
309456101
231913332
975980474
473628561
743721913
104872151
708139400
672213412
73359954
894064970
914740206
610166449
244567215
18772485
594895840
859302427
568250519
182688395
866713855
834857858
639838365
774462925
578828207
151597788
981029682
3085239
902379419
655587908
352385596
760263697
704584087
211507691
659824894
759567434
355473944
850441972
784371868
934372841
938497778
274704865
391147892
927873217
535576568
777150062
342867822
868923507
624544905
95017829
245499913
913268713
296166908
949658953
797288251
697263190
200164682
593546372
607861285
479303238
2129479
377112313
205872121
253888695
316383376
996303668
494494128
201170831
545324412
54501149
573725592
386191388
316901741
612330824
770488199
305060140
848471109
89171747
82649337
896243083
197250783
229718314
344734705
919616914
171035374
22227813
227401560
507004272
637114799
546026249
390076563
878940944
148323730
106910091
131449658
873899159
657795734
83955261
918520954
865262829
378278119
802235662
227952705
496849787
45765841
379318602
791678504
160883442
7014759
833081369
607127869
901966847
618293208
885216290
600103280
818511692
442285137
803718891
360230674
204973228
719990568
913187425
765834657
910301164
519223306
172097867
252859340
408999846
41994601
159408840
777890710
356645247
638071831
805425134
849933449
967842874
958048756
698397112
991539637
575769366
197365550
302302245
148612627
702205063
971164670
321352118
437030837
294586457
80631041
570586678
425577257
790738716
17462794
886215953
367042429
945348926
608249229
350507094
737571905
232551830
494102716
229225654
84860959
231516456
500801291
934331413
531289194
437871034
428432022
940301454
801603562
637850057
24571305
274012952
985637481
445985538
697386485
235258751
919873924
641533453
460897784
75967419
12086753
491989143
12823663
337334604
680441741
150984775
754728648
554060108
704545501
556238392
681520566
439939909
129197674
822866846
168526140
164244025
436527089
972582047
49711132
480113143
804350142
712970896
759516993
259640715
961053415
254641394
890549183
772329183
15409882
856690301
955295018
578502542
25164692
652963534
206231469
488217418
954673136
207483479
725620519
430994612
328456202
495327653
511070202
580566098
756794119
959612822
619739125
283806344
417891160
617644071
200067308
168255797
553576067
915714493
724869893
92636771
503303758
604513160
557754233
953385555
890324459
224059970
223920502
620611340
27091220
122871162
53716645
137052913
607539426
897948908
234150335
407093077
406452465
753748947
302485881
753025312
215624239
817561977
890101723
256175720
323360116
209292644
836583367
675356507
378709106
449942931
692181292
584229482
706069025
524722583
551133999
847705511
623832966
599689216
160843402
471448855
196150961
770754163
513266952
279679033
525581692
164770602
285770512
792155925
764288628
376783904
3519672
29549648
296158222
345435569
911828380
656899200
337413888
335127587
497169332
276566788
375087162
318941663
117544367
354388513
918914368
346056389
457866478
916176454
21378682
595508446
144307878
440983385
204415468
959179922
401044022
536569107
581618472
256380607
975614477
473907243
355901769
904696317
178778123
351112035
743034357
77566792
898697667
760865195
470347456
905511592
107355814
609457867
935439307
392977420
756481135
383191064
703086730
286928499
216711808
509207828
157818360
624738352
131706023
50706135
219798801
326746696
4444635
354002681
544343603
550907256
257356968
180527193
333829242
545575917
211172189
380321368
525033675
967506442
771388465
35184312
16915405
738487243
108363921
564449181
723885370
297929470
726061291
353948329
146484884
674486532
780823874
463069190
688444274
978411055
175380999
849568833
143226113
404384786
301812192
144317558
209135007
498314793
112867332
514561904
518452606
192289305
299390623
691066095
214608344
997727949
396606359
306401386
10859917
793680760
389412421
760851868
300379373
832493115
779856436
480560435
961259375
833261242
801326048
761827602
187190425
693110397
90147300
305055266
348618731
252125504
739377372
947371377
713381601
911172665
737488580
336917543
960342826
408179231
636037505
380073940
643624810
362254791
284492461
248806395
694136410
959717728
408303789
326907486
330895757
279167767
705740206
222909741
170331137
735581220
241501612
215104482
732095247
552435072
573376361
526749052
212163884
135433014
821773738
188741606
646707776
444062082
637959959
3469350
6052939
217827146
97603822
290424287
573423545
121102385
646926756
846183176
712442812
783866050
553268871
790700104
139715756
488358634
999910885
353106591
140435271
55077773
683966839
33721454
462893035
651272498
534316445
173594429
54783520
921375331
989714839
904532559
263584646
186140517
627839180
120849257
621561479
54973432
857798533
463589213
157944325
137689615
140119769
133818425
432309512
746563576
648607318
208049538
164998692
366072976
134826301
246546040
491077431
886404732
303633815
635624107
35782193
152863866
448765899
629466599
80387021
636722111
360478540
121365882
153546880
20636469
964907146
477102214
555959154
972123844
41186417
935262493
216112957
556822294
924401841
589226465
78747753
816831151
803546034
529832057
399695518
177128704
377409826
586046526
41915183
238195210
259348584
514624222
716291424
357809598
752518400
898423990
554174386
733584228
86079544
740978356
762114716
647784950
96613977
732535146
262003603
337259731
60084916
622905656
842180663
720073295
290408389
789337874
199012574
353684923
835973859
577897276
772298601
513494389
537812281
805373115
184587081
263250957
234980254
462978625
143700776
608246524
410299916
277469760
509836307
570518487
256550800
143595440
111461346
705152441
522636602
772109069
610031538
265680066
425334031
676491403
590078138
515496073
534903957
629170991
721220590
144405660
135390099
812617529
567790398
584852060
238893047
159003999
800865673
128782146
797217554
592710015
628139362
42601796
528690676
516186866
19821620
549773393
104716515
591081113
956321910
331257086
136392160
14835772
26937967
624822303
345322751
465844902
786159045
761015703
279002291
864181006
577864577
850560144
325233686
268894744
706732826
527573854
21024858
650759782
740575176
239133802
758016553
15530392
144353023
261511089
493879295
10726364
583731663
715476144
952314133
308305452
278872924
292680320
459637620
265897853
809855485
814161852
241764303
66672274
633762922
832827428
142899439
877892521
39190039
254228370
924459346
877480884
953562744
497202970
157388573
665727255
738978189
300386436
931874012
472403468
263362858
641549995
452062755
800619517
611919175
827076943
23374113
764289556
275892056
119669328
499873329
382942979
304327857
25425169
975213488
421906755
951206855
714216229
828518950
462787861
647303073
885026246
440574913
777455761
556321137
27432764
598318967
720619836
762648872
606472070
230273714
769236010
623103544
502843377
585623162
2031839
327336914
532926999
87659448
701670978
134727637
411392852
182717877
539488689
316832023
200138326
774767118
204707967
755144475
968284591
939735767
322014493
552934093
894122515
959735083
295360037
382871689
33318646
281633
214338197
995563186
618397291
515278209
747292279
856296884
209320196
641347550
670023661
343841799
450440238
620701743
240068748
82798292
161558996
811760043
512432430
567430429
276747243
696956312
188661576
757812930
715572859
1792453
568501065
410100452
375042639
323553714
378344542
703609103
959842436
374301342
997035226
738840966
321600734
597095957
594512076
800424147
946247284
953460302
912603260
253485440
903478141
928347597
270004825
988999546
944228376
142935286
835141579
170521896
943593242
966000428
341275871
697105303
228564092
419600785
197896160
30401331
991229947
10892361
209518869
696341522
206381495
463023657
338617642
115892003
333929952
946116311
291394532
223072676
141641826
259263765
567688246
999743088
984420836
143440874
28032038
7451974
99653316
994524668
972392614
586426798
16034428
941007668
828281753
295580115
661669304
410211784
325518714
27495717
85669907
273985423
842564647
891460526
850424337
742852466
636445686
312825726
492363604
232207896
334903871
865151565
607834522
862203926
385378634
464882070
877774229
227547231
80900574
239760753
777452237
497095047
812943197
511234714
507629602
656141652
895833476
427922953
719917993
450556949
325003840
862278968
75516952
158052155
44590590
590232032
214134189
864534608
145441944
241789057
62382991
25691657
689647786
250927772
333761006
932575213
212081043
719429931
834175838
577520526
742885853
210633174
31781126
991163327
749824735
246563325
511527631
336844765
233509782
549209265
386492673
176714560
555173043
558663262
806031050
366719496
240045685
257644033
232994320
142695113
824866591
642771245
463854953
630619358
894064326
635865107
294845851
852750188
568354970
765185317
688095603
675832350
217940303
83412610
505767863
670691498
780904713
906000835
321291974
652864296
30375934
483285189
491833355
817094647
674914265
140785187
172528381
254422337
758939848
872098634
476000094
613485650
854271694
575486899
221617547
494806187
833250044
328062485
661092733
946289331
514926352
696392316
915845196
476746593
538813899
374820094
611808411
189136139
479859464
336423151
452519134
704792354
635130375
26862131
647915523
430360505
692509748
38262952
972829443
461376409
160251095
691238389
784675070
922727190
331172433
3846022
327055135
208560624
960070965
550339505
918007141
189701857
381721281
753227410
830817057
888427728
999160313
692264876
683280074
786083382
31496082
184413542
987512703
978601910
521150124
27495211
599685292
771976253
121826658
347105428
971836700
421439088
758516691
740423053
139765004
201357020
575747544
508347859
446670162
802438651
83521871
77817050
34686222
176814862
240084363
317716724
638977650
253248638
862203926
385378634
69811574
159956809
290034800
14473859
322657777
225941993
397958180
716344893
864012694
498907595
302463695
158482961
535932908
108366713
998029833
283889631
979280026
32162774
703438834
227781263
749135206
80784736
994245235
789784471
698577753
93891902
297943906
856055764
409563374
41333231
465515473
998003078
522846358
23007709
984440318
389390944
3988409
795860054
378492771
796791648
849678014
677416200
691214485
378746704
134891657
292188115
832992292
175083222
586327542
363180930
250641248
630999833
958201962
127709362
372397993
776646526
811184890
24036946
343056066
285353143
600874612
804447594
479506479
462594252
477587843
36933724
724994323
965959806
278867128
43316556
150890372
135797089
342902271
334230498
277788054
274340490
533031628
315311592
257801087
393008906
806866392
361283676
573593700
768773671
212890268
958417188
588042036
261022188
996838351
886962605
114685462
619893281
130904189
686231555
488425897
575770088
496780957
101987617
479606724
435892649
429611624
937854804
347741671
510886984
705336439
802293732
660868308
288640952
759300745
214749642
435828390
16370836
652178278
131702807
325593989
965154898
355183572
523150929
974913751
10462252
132904334
368236065
199278305
628614459
823342123
616207082
669453097
401039756
91586335
237038973
731342711
891019812
93526860
466354609
668002243
426369299
116428284
417447284
678255668
505976734
534849690
645538683
569545917
247187079
104863119
429459160
657938953
551254499
25647904
726345169
974667014
473170275
338246412
52666865
720128500
983447615
686770783
126110807
417355852
491537988
95260035
635523717
917783320
763973962
491369709
969958172
291274931
459168711
801259022
50508488
16802292
220232723
605800291
476035429
677081150
387278305
931423977
100761231
853653646
209396617
168545228
795159190
235355686
653619826
610639128
367224157
606924473
843411478
452473696
82923720
897817000
640510719
257809745
863943543
454551496
131745462
670522479
706067695
99315152
939466810
358719825
76554183
181363617
849939827
831276392
485030769
259034080
616619055
734028906
697267055
751790018
475070420
942331200
506397
73540929
233646843
868458800
344616080
891136079
193735245
509972850
491294695
947786612
3470418
392076572
251073890
751450830
866360377
944419471
172239704
754891826
371272553
724707451
590881561
928284655
390841557
522802962
64485970
77478814
92677614
587798141
158614735
265481313
181621699
418412133
507841155
364971881
430200299
764548771
364022632
589272870
464358851
458842436
892878129
367867183
264920888
873341450
947021816
457620973
122253487
709828960
657262685
211471440
171688400
372409493
334705025
465846096
786197671
503559162
294292816
943117746
844924101
979328434
200039545
766780883
899003645
982549047
325579008
454759172
679188998
245319017
698043476
93555588
904499170
384343021
49789007
334720886
927603733
14819632
950656245
557661162
903463116
833069820
770577427
235917439
991503346
303625561
580077196
323347823
67398315
651345504
978371173
783702511
470853554
215205391
433207380
763652792
577531361
509768234
614949496
708344960
816176179
809227748
872627562
278637045
260718387
845303795
706514928
468884617
811336747
212730578
495885349
554178445
799433212
934043920
977150256
45859395
621527008
546456157
545167606
304229023
88231413
351141187
328467825
694063721
138918327
239867903
307646249
252496862
736751785
977654813
93866119
932628182
104787688
391639856
977159781
425151951
793372441
913755448
198260141
184973921
559994708
165831516
728912335
979536124
492231873
806422669
427934795
357805013
11919732
405886793
248449275
48621771
153884081
717376089
814132139
861261179
43965060
389849239
729770865
288939450
590974196
812554969
440320159
256975681
173928548
991877087
830548429
478752837
822766697
256703578
672423382
694479744
104936297
185887846
421531741
7552765
282667586
835531991
723584087
261104817
925098544
95692946
784829884
182635579
955235902
502770915
926810967
468040477
514445509
755887789
664331842
589797393
401825873
191419435
87404773
499672109
539442086
693172260
627496351
811091528
78020084
16521019
745972754
836624561
601314921
669237982
103574643
79470005
601696878
958705625
317767697
306666621
125503554
246621818
22593576
488540543
907808592
329093396
529829517
845737934
202659594
343659705
608280246
459780522
362288543
358422244
74912383
900702998
605207198
352702685
775580577
690098016
265148762
27782003
480087043
980842883
519030598
315562710
116650936
824213998
826944270
321929868
982018904
230725263
610450063
848477062
484635409
396808600
897918611
149807958
345619577
332951984
922276782
440100841
443546609
129753933
360354331
719540451
109189605
690233958
777103528
878348464
998136683
287217552
802277856
846532049
325404454
482768355
234261589
188024875
374234321
976343996
442330422
971460076
268020858
875569158
354179917
890250922
843461093
752226936
190874149
362043258
159714663
157970713
517000927
57391320
399036174
61151808
669354438
371736248
433507670
36648575
755023497
463793603
394784288
446236704
223950877
604102806
884763728
217285533
606521650
892178279
554641733
763199236
656721776
744685952
430133480
28054319
436606512
168407215
125079663
444502282
112145794
348367051
197804521
565324141
803539393
423413724
904507898
541790384
3215592
137489543
131704421
870976711
508720445
118245289
960047474
9160899
850910470
742592258
644277020
310476316
353834778
828168885
197952528
829046715
261074363
20463955
75315813
997801132
428080509
369133139
822479036
63771946
185029372
64273468
615821269
57543566
277099570
45223097
273768996
123047118
53325943
798871583
431360056
717142052
355746330
595058599
298912408
68000852
44134280
19313236
165738499
914373557
855426363
634431476
286213948
651221516
500669368
393911732
692250123
358216898
632258228
944973718
940375286
620530928
200722791
80831431
1119459
599687455
498196343
203443168
863136665
431861346
50712547
699584899
136812899
179549938
242768201
312381922
123234534
322341749
858380539
14594424
327612159
845033383
403041031
931215017
856809808
193713251
602911299
777353820
224466393
241781533
699695715
990278405
485337982
536613866
32902741
263407913
996111080
35624301
979737174
515552320
946496143
116440057
92949177
166493709
335877506
273330401
921742882
408931878
437054274
823158265
531241098
695184695
677328164
660084196
619539003
666634268
538094964
18958620
154750937
584981676
922571490
530153551
887814446
867221081
955594265
190443921
133538776
670499478
673513371
399757030
129858214
546462021
448762822
823741756
119003842
276558823
227382329
979411554
800459687
754529684
397737304
444544118
443892771
108693193
347432090
866211589
924995196
297242194
258121145
248559328
889216149
792142484
747315354
511738126
921837099
530991610
158768700
443024253
525424057
354094159
186111483
641197490
583460412
56599840
576112099
254702258
657829755
759559925
354539114
613103814
229299710
524574511
558387587
138193342
608461315
640984359
781171912
418299059
593886620
466945926
124996427
494683954
684212177
849646568
644054521
767053515
441681308
15209422
834447240
91350800
206497716
334933521
679607868
898693008
997055568
253453498
178861532
759855379
342183778
125236228
544933443
689301393
7004742
3828530
194867683
100720595
610312756
497488650
40889748
316172146
673171369
545006133
393344149
751637429
811058007
930937638
185746253
94427854
545873349
137321422
255455304
338408122
888414536
323351379
995484935
315605936
522536749
765661189
371198705
705196467
353271812
43071802
118463471
390655681
730232192
987779644
240963438
310707423
531595420
824440989
43224851
2878218
174424425
338106478
100045735
696094547
801906307
172572636
961787663
310062195
831594934
444038789
56533418
931226835
689035650
930119140
522032021
902644997
768562204
973197314
675768002
820659919
238319064
386375776
902319079
863949644
643275792
37664668
824925902
260083930
681458204
822585204
209104631
242042931
391097046
468970677
499292066
230772865
784709877
766805920
559224073
414601152
924797499
532533288
166148050
83452171
648713687
87932090
714871697
223260617
760249514
644644771
248832239
292565828
630168198
531936487
479615295
52905269
855211020
617343750
655542388
242301627
32186209
589031434
596505865
780329872
405484223
952831449
352089552
789828085
482555458
816702270
48253748
152431879
556249021
765146249
591275252
978505126
632197233
347832048
142682404
990073510
61545366
591820352
218172318
798723064
983496415
362119175
723308647
913700808
946645126
560862984
684758317
266717482
468892296
487192712
49630246
702815938
723516743
15056756
22115251
227183575
131560996
486037162
16555658
186227831
775909470
457337688
14230972
81591163
449290463
550854297
467333305
59459036
546337315
724707566
964926098
17189538
99908434
431374767
720608826
635418748
319926237
750946756
405480908
185874894
732724127
720863740
706823247
573242771
259033305
816711240
364676295
468966280
326094405
96985122
351507695
516964534
210094509
639894434
653922132
651395827
748370560
856901718
333139959
108272586
704696856
882831223
155907357
784590797
780281464
691438780
994730424
407207436
922895268
372889125
499442782
242085457
866489436
56770019
136375494
605380221
130410494
895032115
94419885
123747312
222398339
828066442
237075120
919589270
231476411
258838657
829431512
500515950
777869306
760150262
323902923
58926035
387223242
773545285
431676324
515159669
511912967
532212713
285259149
999096449
577028203
157970713
611734711
418488654
893673635
361203978
871078287
839643798
189169378
377694432
580268607
684396190
554170911
645428314
850229943
926032341
179685361
683791395
867084541
735792655
869597754
302492490
557994384
185954966
729077038
650474560
956497067
466584224
356744641
482745262
48539246
35025132
788535952
838307855
672207544
61520856
588810696
774878952
497159729
638919411
562803798
740033385
752181769
655612446
789038132
874721347
904597495
682170681
882846057
583486892
182125100
655131633
355422770
889961458
830998253
505346175
266890975
156928
623721214
22041064
609364429
62262554
32611950
951175140
219088484
358665409
83002899
423235737
32728227
802714724
451189945
17398560
500124701
600439122
180633113
947836057
77158764
916087692
139244256
253441746
672765854
823690010
631611270
663073783
235633817
690325055
942749440
223612207
392495506
159162294
858536393
934237202
452599737
683046059
322234471
504629885
575991116
460178927
495817383
628849011
330647555
629579003
281353634
326896259
796801879
48862863
191327062
646704748
244610789
165950614
317412160
211813125
445285192
370763116
701691506
329800570
76320404
839226884
678944471
392258845
49637008
478951929
258480063
328473757
527555560
829576276
668491524
342075427
575789547
293431288
928141034
462292904
119219165
941945951
597573053
587778305
645448555
430553274
69620905
249894015
886382781
335356283
911431599
35027679
577100159
283509007
408573663
302642328
854305321
262053675
756338791
566857625
230435362
710529885
621004454
587775951
202382122
892702174
31739279
377682527
385922407
530627181
794308196
613408427
536396967
464634218
390439288
326688121
114130922
948221704
739741738
649639227
836922527
236209606
943614760
819079532
599389182
376918398
520687316
245054671
976389949
194055018
967308536
984944137
297562852
540327024
924996131
463748934
184294315
549340443
189876579
97114363
822436257
367265482
518428853
416270401
523425289
486182625
638583490
582769547
403682559
236079371
926949426
543608923
568482128
793352858
846585942
164035034
871650162
257179025
655380474
278453873
389829005
307674752
362628745
733178669
670046908
993310556
600704453
597251425
558295789
138429762
510617654
850314332
758530382
177457250
499654213
949789406
625708080
298418303
138993435
49888191
325123072
775971677
978218582
547748249
43630389
563693138
889020198
692835600
121318127
797045735
696987391
870143847
671303015
536929718
772268078
434700753
464952749
26397389
247084831
4498997
85989257
992657129
535404590
552187642
990159968
158626788
224607200
664530170
167451927
850474966
934063352
523295234
527256429
342220369
953700352
503892827
568650191
399943090
272360298
934305561
582328576
383669846
181636947
321597784
539972801
24414037
879025702
684319571
562294806
689833781
618157753
954383896
4476434
3687663
550001760
780965261
803638901
740895573
22989547
658860931
383525462
512496582
454862694
724093599
763839959
822108840
270842207
146019491
450024277
402366260
990872097
289261215
106254064
469542575
191311788
863244541
61247328
683735547
368295409
37365111
777063784
925774334
889398592
204624424
598406676
422441718
903869981
94650936
696550610
753420918
164081426
303494719
59089594
904638500
607404003
689229930
67693975
805393614
522544081
198559027
888007271
316461873
588942523
615862779
427967163
615389143
814861442
827738203
114507276
731544992
498577338
74642344
658893079
83685328
161167609
551947387
773373329
416636725
906578916
674139033
318405777
658818339
969612825
799089056
966527849
250327514
882132461
741587904
49158387
226997054
388431871
899520984
889426221
917081605
852406023
534140987
321404314
615497178
743323648
388006911
208250010
243886497
270897692
964844032
570834364
204768875
570922252
855013576
293560309
798497923
646222745
377773706
154201300
735846629
932805886
837379211
522913942
548473230
736752694
454773615
136752672
365942415
637347905
569031850
206906210
521487249
512272016
267727145
948598245
629632515
263769289
924747964
383094908
104232338
576071205
484486519
890440540
919612889
478289541
449786844
267018563
245451953
322572198
737128449
972545936
423382754
569809950
390717514
679272221
962692270
448493316
526103878
99320308
411281726
365173313
57874254
7565039
203843657
182925099
171343097
956044777
912808970
867314510
854569034
118141945
722568439
62018036
70991689
770999508
117875647
999014205
77312776
976928820
507769073
825910048
170238577
340271940
132711716
594552965
453386633
712406386
478051486
50672462
879412845
228719293
827688243
890025739
15551219
151813938
488620687
810251971
179693284
940840848
654803235
528815778
185351692
941437232
407634709
797983064
961245997
599591521
375476498
210660048
199717919
810422049
860026198
323723018
568829993
323061074
251715449
313923063
394526176
456560974
192991170
447774793
324238403
686002127
920096930
253899891
107718497
455040222
407814055
142377681
79721105
435717806
760796847
299747310
212037937
18978294
329272915
563543706
686396973
109373082
457154757
398508142
113288245
856916476
302361351
861086376
92366183
208220643
200973704
575148142
134131335
439239984
375120744
973612148
968897570
696315258
252009676
751733709
641747970
239167323
649028460
3476132
711994285
690673552
177280563
956577134
62516232
690088587
88980506
440008890
410665142
264769291
631509439
578889235
820330525
235640685
580176585
579779307
102855044
562063744
964096936
573009756
565608973
401443529
248178178
997957695
428989703
62803705
170004911
252815402
851049405
73236681
634207299
181261939
631885918
115177620
231430759
891880941
322003592
595507616
332577445
385529743
162848521
677984170
76300558
576796558
218519031
962092364
613116648
287438724
759169416
191672707
815235418
763901314
714883665
38296852
973770166
917424322
239498796
713949692
5249877
34487506
462957770
574666675
954635958
403069326
114943499
954353336
17690128
131310011
31026363
581612183
521225164
100263300
241359671
635770711
145393158
922686464
996973307
846486362
901954967
655353965
407025398
178414832
490920688
108886269
950361110
940839863
979158086
964896630
75079503
46526950
790263893
346933493
430952447
704394915
144994421
810872291
363571993
183849008
266341308
61428697
529687481
515604108
382791702
939131594
329603319
785116020
553741068
13094363
559709201
139124765
134371318
388579929
17889168
165256421
693230760
946648598
137884293
799949262
246904584
326651597
789110298
763155141
224842881
432228288
508951787
368671033
232123042
933542600
173372582
929224932
372994607
666215198
466247511
475900482
610503577
762461422
910668669
530100636
224905450
664870467
113182456
383721918
786225892
588260843
311897384
681311687
415219580
569171519
894137485
275320407
524230889
964530041
468397465
228548531
876458721
817757366
122355034
889586143
146232132
144192151
697160520
184102638
485767665
622325483
750269100
464974029
981216749
643711149
474693685
694022502
35433607
33664430
164954400
171424845
612424793
857015885
220900434
549090095
691084727
215249962
513876577
840539266
207844312
579760077
899626668
290208884
581005452
237879651
615870347
683136851
330521004
522899113
969329026
835860319
645681850
367357442
290415062
963656263
661483407
729563090
183483775
549687062
921169862
47512153
91721421
732578614
583686841
521562196
25911130
964765620
862167365
735248748
590565431
568465036
820065107
208685328
550668534
942565921
686380963
645097690
884061354
622782
227340290
480117689
38058769
665270693
614003571
192324111
891199920
861537045
685456134
465479965
833912764
851609522
189780746
276893185
544670885
756539031
194564044
121381355
188492839
531209336
369823731
374229373
638746381
175786466
949034712
278205873
21961509
212901712
337343192
326321280
339041237
460108632
700961637
930747067
689375774
149237757
651366983
400300044
123255686
207474011
194729342
200198120
550290822
774578230
456256616
748999936
487168236
682257402
939780801
914291979
688013456
65412956
129085673
812935896
265851283
126848527
552198878
191640436
48620537
378977958
17884933
341000087
687551210
406158478
479763745
711579440
825545410
677052961
260451489
344201233
634465791
795048969
6898206
780880792
555786022
824391137
900994205
339186519
137053706
696958225
99419410
517509290
484941630
491262970
656512198
552542062
324245422
311723114
373829405
80143804
102923832
414125572
876062838
381034916
141837078
185699727
277424116
214174145
345154473
109796704
195479587
303553066
895593860
842781259
914463346
698091856
502550081
534661115
472967602
322961988
706572327
767607386
458740215
559538514
270327690
241196626
982415923
326631637
492418357
325421239
179797653
303004559
616117171
396267257
461321808
146880337
531553602
859347247
84823466
570268691
454616414
706938058
1669948
670619300
298522873
167690459
497461276
36916928
221806083
402884741
846706727
72758245
46671610
354754236
534780703
7741201
54694003
546697259
74218092
670207189
458380609
39912124
28970919
498091996
135590258
777039857
974763522
788039822
85092046
406378298
302846471
80575668
355423102
640201799
313274901
926769606
907001197
993565904
315304382
463810367
269398142
279688666
281849249
525466498
442402699
918952033
507456319
323162568
889880913
757479531
144886843
630576622
3191120
885603577
898286898
704376629
577681379
462849604
693206773
27221131
589518583
934095269
123335257
390421123
389311993
799221121
93439449
634013457
436330478
404838861
336670207
666680044
443520029
145208653
442519719
654969406
527137626
855424414
92635812
808468750
849210107
158746573
658645377
403678994
852048489
316813179
238736429
606779595
141732225
781099634
781122391
440944970
960525519
395032561
27768138
706864230
294762330
127387721
484561883
157179521
439580704
388147955
569742547
632302714
744523286
527433289
695405845
13573905
20541502
621504730
926100121
366518055
150314913
176875704
482774212
995788387
770889537
559825040
577651518
316157870
278449352
717188426
846974989
993614648
580754454
220862275
971285799
82114053
212009249
917255486
924013166
576983411
744068130
678535640
824520511
621180829
114202500
280839690
495101146
49303715
194555393
663065279
465892616
317950742
320897100
170786066
190633852
479945475
597328242
476632263
534951163
28430594
742591269
880216008
66905023
852644662
23249705
233595741
962298277
719499990
895665284
552302409
785563765
355894161
30367513
177841376
857951794
912830672
789000913
196518125
136945045
461392093
801422679
557695734
178798373
154908485
584473463
46789652
290219054
699804630
920810142
333253659
388920553
27150144
843327518
564239520
356717597
131361429
929687284
51213332
507484123
469232247
382416822
51784926
819237275
533009938
35610979
975781860
143214678
119698000
805602176
958507054
921752461
65924990
706585801
431573614
136486874
91840484
976909271
775433823
658339140
631594807
401890293
13163768
375887421
340326413
328707919
831440655
646513078
105575712
839883451
531055786
135045087
531267000
773075383
584175029
78858912
820299759
301138899
732881874
507474145
427591982
97655588
684644582
26956303
829588272
712962114
861991515
777665799
202800147
550363908
320248073
422150883
730539525
29862880
497992283
483790170
249167408
599486852
202962903
403150856
18076170
322433459
844024454
251986025
703369581
359132709
425626721
308984228
700167559
408204772
2594532
898444465
874759308
927967409
993134827
195159399
580372235
291508626
467738144
635609941
323687663
334139251
752019774
423913704
607088629
432709705
712964744
750420438
444032244
542933117
620834621
43848837
130877608
767716932
980589962
913056770
199938047
232690729
227580740
249117088
105861056
207783982
94196241
487005508
442036342
935860514
716537971
413337794
691449496
657910274
567357443
60473969
444755043
864013383
536242288
994069911
39743476
34240632
256117664
94032554
786747458
284247455
574328882
931875310
679829325
68767897
280902602
101737041
295077643
67274650
292497706
772667029
731267234
374153658
821739222
51374768
815573020
154599848
914388219
12117893
267599347
510450600
838252965
183204428
981492969
298134767
991808611
857274404
93536101
645953753
369528468
829918529
179915309
846756287
726082130
842659332
42409825
966621708
140427050
655594462
395225214
563126359
685261737
201059929
9426026
175331329
427770901
486567002
531538318
16020555
883378672
905572702
65238871
140413623
797259696
313086977
642547978
298797053
32044820
70751270
536948248
543858818
230552337
323295201
618653338
518274355
30768501
87096252
144928478
260286321
496859573
25443697
39964127
94529256
731574558
560379162
19662836
757686661
748851748
206789589
311422882
525950766
576048444
557542766
507198076
390787216
494102027
243253974
529253532
929978922
582491188
962821580
370789536
839439405
616337364
359230220
147952726
510117294
831152444
147195444
698171912
535379307
783686800
992319527
416111915
81593345
381689802
16287565
376759747
675493051
997751820
25799158
519382103
782774631
181423324
205167959
662816671
345398288
448663991
993562971
794394546
827007897
415833938
96679935
845548550
782465778
367762931
597507852
516797450
815465785
768351016
933734969
155279222
823369445
475983979
870051504
172373568
480325874
587224946
295717348
682017418
222753299
106013097
561783157
352129486
281032802
988761431
218526123
713681183
912252725
489812591
595744564
259744334
979060715
573857982
319271014
212538459
474692342
751515976
168733343
802288143
923651441
766574078
537035082
874417303
176538228
247260807
679364416
752130853
336467653
650908215
980923359
753489596
626582092
978079550
499943207
755749182
422163704
715289570
518845226
785353346
59155272
939477679
849894599
76860751
812945566
655137440
274560839
174408487
833350969
551348016
51281842
159828665
409881598
954800502
916706929
939213338
668849387
83340736
240883952
137969603
388265398
556327928
18202612
372451479
81141534
856600900
137543693
292943095
978928505
740430683
132545253
700184883
913654717
113546238
517488577
578048400
30819229
458421915
582523226
506356655
10707999
51946779
755452636
256900059
956394579
457672560
821261369
198961451
165266636
158637848
461330394
237511161
139482929
81299047
292757060
73356465
149311642
875442826
325766146
898065696
520079529
585197303
479005305
197588904
37147016
718476509
620592603
130413056
269515329
646773684
276372384
15027279
402604065
974948329
220895924
244979726
688119934
822959884
746616705
68511616
350682137
972039982
215075753
682221573
217983423
166373221
174639043
97201745
813430395
910982520
463186760
206184311
822123080
151959102
48732635
828068301
167611425
643327369
815005992
610051264
465512197
835017516
395206508
294997534
618115157
953139533
325914468
694510760
977265345
888728690
616319819
700713795
716069985
599487590
576595437
919887462
219524976
569778578
889843128
599304597
650348579
655260372
400612181
416111915
274424603
396088270
79621766
343020139
626104193
719185483
518683484
750637255
286837352
500424183
558578517
891615999
343204517
259134527
2497541
697218866
139366064
267840763
374860666
111928191
456680883
137894394
607775927
51452531
943543818
545982451
842669528
252401738
146262503
846722556
690556240
804038548
972223254
594113632
601513412
988164156
75245951
917293093
785088782
66820792
282075078
619601730
245998794
414101817
897695108
301119463
175181679
120945341
372275608
163851046
955641209
308329799
181366871
812616641
522496753
595257955
725288132
181960642
763130436
625030004
63857672
769503674
299748009
950239028
676199999
307180440
865411663
189765941
109455082
385557126
798415964
390989755
688566544
310919239
75990852
542755404
800433207
753830071
907762971
899896849
746213314
854129675
604517631
154831057
119294584
763420107
202575840
92176219
824799247
800554196
127070607
819764539
622409660
229536916
471286889
61242849
710529634
497916014
226552263
987324175
576495996
634950932
541054939
893843508
683809424
498783114
959337038
530603881
391888064
639666271
61361719
5223954
280045770
592075752
921270446
782473435
642315371
611557751
578084637
411759958
18826484
932624155
747675977
311168382
846337570
871109559
792532336
535832043
544405188
473446599
443269874
967897309
721955289
294106988
269948928
241290348
820021773
547172921
307340831
687022953
590833616
85899255
325902117
447940436
508774600
558580033
401049481
54834391
575892379
379558658
963181845
727178877
769369728
348813637
474651505
187710513
627196365
168577142
713586243
283742740
966660059
754715193
449089950
126027022
263121868
964851722
776950288
476944715
195312244
658511526
363109881
669791898
134629254
518481737
503861708
28589993
884658455
804110301
706122431
755785403
874292564
155876753
643795124
576488230
927498291
624188291
483035722
462902990
958285558
547275436
773708879
722465205
265901114
308218583
459068178
22428221
903291786
163149358
184242352
470758412
545128884
690475041
216358685
325970999
867878944
181542743
140127651
263942327
871873340
997493938
251492174
604331208
463340161
312870713
579863106
362680697
466077253
920271328
822880407
933054067
250442920
426753007
782705556
479019912
229429732
703487387
350812781
989925442
495765919
987488138
736084152
873846836
548545680
228492441
216364754
605813089
539450831
286623502
671119912
616148443
111684256
240288450
656623864
700320037
482378459
661944915
816436792
299770580
637850258
507363027
469286376
147855173
193993075
805571158
199516239
314849977
101206139
364270577
510875992
216954030
423603468
782211274
984215507
895543461
141545696
152310202
714842779
618092924
249874123
313134147
303449654
67081627
738977619
308886603
194229573
657799223
245242525
390657479
903816629
826389133
359095175
250069441
343432317
911516286
588363717
731546438
535422010
229903171
932826430
89711934
656457867
696948688
292299928
724208996
702262387
491574553
657044092
366469032
207110801
765397136
36566120
260158369
975662663
974455384
999894659
314400899
604021026
412468117
616066982
505931371
650461828
684310143
436986878
386495350
330265531
74548144
636298308
922010732
288037031
406379149
387614155
778161994
186818823
313760033
922813278
838314021
777344634
200094561
279704566
188874681
731947147
688006384
895225907
150577516
666283124
320919943
636334435
505049897
479115070
724420042
593468729
308812279
763750375
788566291
38225959
883126683
31584363
213996785
354958886
101944483
537053846
775260627
201847553
222628335
38223877
506637595
765500338
538681972
720421464
761660777
811803058
777729654
714652531
721150513
813562834
790813966
608767092
255033735
714123209
825731664
376270737
965248310
493052331
160010057
728818680
160394525
641514344
604975990
75498787
483356074
775369552
354933148
662381270
930802150
726701322
523261819
635918461
93170550
431157135
564640301
213612711
554014539
982527896
921196929
264544984
382623777
826682742
968765617
750545373
977766048
762513067
120660080
927591666
453369946
705482939
920277719
747411854
930150598
482478542
580184995
793812179
860515158
928325978
457934249
766333464
631597911
507066331
442558008
146515441
886941119
256022036
198250197
133630043
467602290
705166845
308672520
670924218
617487869
945326149
64352332
221632648
911874184
120406444
523934327
236023004
108392989
827087834
511558747
65765627
153260360
349979221
343508864
253708395
976283899
354693194
497309907
39271838
730107852
676940356
979093239
441902468
557471415
802894241
498003215
485650496
166372801
361784925
561219039
129771730
440566268
823269092
184253052
672496319
999369716
844740867
40126273
3259389
95095032
818943296
579494817
918710340
298042113
584267781
789929922
465591552
64188584
211570599
346922580
748539167
810967391
28038856
776513306
680194239
55714391
817041972
401966059
982241474
793463558
14994673
984596971
700165759
147625853
429550386
104312794
230993330
545516278
106540484
89319129
223158456
392035077
864518800
506498635
698416982
758167414
777670553
303685767
912761417
816782732
821723944
584755496
357177640
443065868
729100802
847191677
41625509
293677574
979039826
461558365
440173298
253624028
856387166
903535707
120813978
686762112
379520984
551823719
627714193
53858313
331064281
338348411
267386591
286245172
797905543
849296067
250972597
107592006
425341376
948483090
927506285
686880770
839404821
694877528
885989336
167253223
602381241
196659585
456620482
411048232
596105767
277254385
369673331
541412986
570463196
840418808
576066568
370465982
528059365
60479184
868895444
25654382
581853006
267500814
466183269
388439628
413171312
574605223
220123292
802299915
391059240
983380636
395567118
970693690
440949080
896043477
395960210
132349082
717014615
801783383
73852659
693559406
287019284
626466621
633516208
344782163
476490984
725651121
148408868
520645762
310119524
186814071
30875314
20580041
238201054
760930289
155761038
930330564
156584708
878151971
560135013
769139411
234438456
485931764
286955185
726359893
535266250
790131548
807444436
44945659
529970064
909011747
120693279
361286371
71615696
143570313
452234809
692258858
979789955
711629507
505563956
620551820
372147603
103497880
501453423
531701025
374535940
101848461
677167456
215261248
858179678
56357247
686918710
81153135
123723484
643792690
778075052
187089330
578458328
759846511
777718952
609263327
643641776
332593533
547850075
374269184
814634676
18507816
140664423
544313020
350323684
620780805
638236150
857117551
349232798
527657319
232466746
673355914
867975696
702428681
267443809
76369559
784987891
854389901
637916616
837053326
942111769
77316522
395191992
920398628
526399577
157728745
413229880
301262340
2157689
796467963
739999700
918860242
292856058
700925008
194956101
40930053
921276394
405620078
344749421
254264717
693553076
920798574
419666876
202025729
123472027
954727138
212607901
472497728
437337580
678608956
458965050
14484261
768631063
342330955
380644868
949256719
25322845
940514799
535657329
511528826
375423290
105813401
490396530
77119509
785935536
361119257
400528062
935406123
64254048
298759939
209533985
303630384
616513497
245111978
388788346
828668061
279981161
343947907
267418491
10612480
729680736
398688558
465048928
796321023
34992641
267418491
379860831
173445059
268704304
325410645
467428390
134083943
153676637
161831730
951743918
995197594
188314706
777673248
896109933
224591733
472107597
340109925
222354603
272690883
471112783
812419720
252421638
616856349
255645680
718606967
939726659
626304666
114913570
634120980
958993455
348591588
57455054
830068638
555130673
999371260
749486315
825347062
468162405
605507592
329100832
598895000
347674764
52282037
618647425
61000175
666098981
163829805
741731496
785717636
56632523
974294346
537238288
663641279
698452586
668564664
440967229
170233611
622111235
621979119
365890817
962410116
905199789
933039811
155945281
238793534
200575261
989386144
328398205
874984579
473428227
950708736
250559933
342343638
275674203
768990295
228007344
635255793
688261146
312135349
200576579
741194850
859292712
431718471
159278192
806162639
221398332
566358878
849658527
826111208
603389766
908674642
162856498
568638636
547665369
471898120
377425369
459431580
854547867
484925954
643852636
882947560
862507074
34796161
215335626
434649592
342679223
616998538
751616746
874250706
593019296
903470199
574498207
256655885
116098990
949737877
28144401
538535966
642128410
717221181
610029751
607481071
958731710
343713813
443267368
950900435
212000412
291601770
607440824
765377519
838004357
357506287
200801650
48024357
711730803
879927359
783809193
234843312
781743509
899962011
465028966
383306148
872951556
683829004
846607911
985559723
726930632
580872345
76615888
838072970
567354230
935998395
569873552
271120585
405779930
35966708
158469720
710533781
180990436
998970060
459204538
758399462
733359171
829186415
422438567
92729872
850849229
135571099
267498432
816338431
15938452
788351211
590878035
662088098
725063966
712909588
463052753
837531534
530399610
444496175
345945390
262546723
394899513
904796108
396723413
918352620
692303446
922071995
110851443
384484992
958492743
473804411
743795261
558544672
665680754
628581974
684498941
208784660
962243428
388245760
823758344
658163448
24214697
622508605
905163198
19312456
813834073
923152788
962699729
709285356
238176638
903241083
848944297
925282420
1358335
215001058
331303830
68394179
891663468
58844226
980437798
914800151
491900355
471980662
571380885
818163621
855111243
502387576
678436346
323081235
842329989
717279429
189229130
627697603
264453711
404012677
635710816
874871259
798854235
255733751
39064146
731093834
271964464
269785864
474685741
235251563
637773289
8809439
878137575
709566746
178693291
321727301
493539896
837090940
361796890
564706642
923309081
238027621
315218281
950842907
264362852
746612715
538491296
481369883
423788511
347051057
96055786
532889653
394876237
617243082
980693971
850130849
958989793
368175255
402567000
162129393
473005173
340806215
698277685
156531932
810074439
627225077
792163484
439126648
480494763
900683841
266068241
435332754
678527489
942801422
68805074
628479757
785789027
726944154
875980483
326076208
455363287
122277569
313257825
742605962
356166426
440715590
523768501
162153446
541421788
497296478
716061169
262891862
826690806
850390506
298467545
292049658
967751975
790742751
462213116
827735637
222038546
977926761
53457673
736668015
487820858
377274388
910917793
951794162
752711091
210373483
705184700
77727651
942644190
304338108
303019990
390906178
909661411
422479008
826206541
606344840
140462272
461918542
452667224
223802938
561332106
373629349
729201428
393383579
597961431
752774123
133973145
443851373
422415223
55526814
232412202
341396961
342551050
468474836
13852730
729985783
820733554
813392221
279841346
898151319
565169233
635165383
244771916
211064803
356176790
661275569
686798625
375242864
147313425
174676184
771453552
225117096
726963603
647195524
917177410
589762712
157881510
639691822
355505573
871762486
816313545
622057155
470699358
92345339
525617030
814162633
457251346
44629360
171761096
62383706
863887252
20885067
758644974
862862758
201764267
571025799
954503550
183408013
818747886
625127109
508779117
217211535
375698133
522029955
699428619
289485738
592802564
951113083
460586611
626258862
245881376
341278412
786617010
830041683
534616676
609309363
187653902
21971176
849874788
217959442
491196447
327301346
741878284
915942464
135018961
444057702
53469647
532373428
928460720
179488192
787204208
932949462
284527792
39151684
784055992
20993088
808069736
654042695
526439874
110818076
784370061
358081403
405534357
275073001
649534911
613892755
529943905
922681704
73593334
941741063
892259375
531881768
529910479
997484989
871736417
239090732
656203353
134085553
297700046
923342001
245538655
662005087
773273995
616239889
805660606
282730977
370961850
372372786
769850398
384100745
634768226
970837278
951284557
827511352
686292457
941209834
697269713
308325602
264460051
56499340
623314455
85688561
46639741
105488276
158265869
793086999
584190691
467906477
169438326
460609846
360224184
722719968
264147619
175695451
383428782
301332167
914487445
828999463
885616812
798990054
280983489
361617176
893494530
399138467
375227643
221604110
601570333
562685797
900778934
85826657
313213349
369067391
331320402
628928180
706426833
411644812
258417814
674352613
780227843
798322239
605472177
20754974
774382182
929331190
157275359
989081342
312640930
821922390
924650712
441273453
87664782
55727543
651067350
929215970
626818751
727926450
925484039
819625305
186973430
825269021
553935422
719545374
146713825
830929303
896878195
701696983
672477528
811178507
570340660
614643648
392833088
747923230
533418870
867535347
23110152
164719103
54268105
562837256
185438359
866697410
932615297
618362772
1898595
381921778
580520685
894054404
429905068
118556472
956206481
734046396
624905370
160299170
598031478
93640056
129555897
14800410
241313188
333129531
878068221
282007249
181832858
968379863
638620179
667930007
356582833
316774907
441291172
420971887
219827820
422373954
100328499
970494339
999556283
846744254
804681151
38304543
532309827
833169444
349534671
693171689
715987460
662497913
159540096
735502227
250555389
704480154
504210305
259276564
29958588
46818242
215021380
492613973
123453794
418344616
159143247
790535912
429855628
944373862
620458800
369263751
189387728
267012968
165531276
209549662
629252770
378548423
658867905
636117135
814100222
855851441
641640719
333349631
73219909
145114175
635171326
739073063
106706387
16007828
665458319
740958696
225199511
548107028
214393146
279075272
722751486
707186921
100725910
859890138
514736237
535258285
778616016
86137476
991853139
410582982
200644282
8222475
477965832
998784707
982727249
336286189
783267164
72851462
603357663
827276993
714932517
320173811
167775295
992365377
986302504
24400065
447774003
81106009
641916607
774689030
352609210
782911710
968291355
683268611
150753971
529015745
423249819
928821272
581709164
438776101
875840132
382854439
943934211
119539599
688861267
648325488
982275894
545822470
409219820
250779127
562392332
642980899
236865323
47728007
142476054
628174196
487403086
335611257
750231478
588852133
723218090
884844652
909684893
659478774
176211011
689159322
154789645
988856981
143656934
386181343
222737449
742101282
544514330
131060586
934122950
577605942
777618994
197118804
982424619
279613864
330941004
24663606
480958679
476641204
456846106
802857358
253120503
860406151
338914176
851208705
499647643
215968253
944212629
802589954
930771161
987001657
138547252
89347095
162457655
766636634
381048876
501565574
746593755
932657152
974182752
907778355
122773146
690228283
741945955
681104952
684535077
921228416
873389328
791611040
583443594
148389645
723439161
17779728
887802748
95711603
190128773
298938207
232440900
413701929
826187105
729818
589546654
38745788
798919495
496653251
343119597
127954100
264357556
266994971
113606799
644429701
834903359
399849434
252925677
506435137
242917842
910151860
870457269
142388677
435325981
701452407
709374094
100598646
622054472
619762182
148896162
909413710
536694097
660916896
147777183
389281218
805104606
938250273
770968884
599466931
931986156
85917511
658416375
872413505
39753196
358953152
2613422
295914576
663374019
730666189
522853545
502996469
16551884
477372293
697808343
656894200
151970965
343997763
155162861
666326333
579135630
298173314
247615924
418456929
750754077
322678173
211046789
156459176
459451670
580988938
390077369
585101828
167515403
143093045
466645054
530779460
709282626
478897767
243593060
723181736
733494566
358390303
981954981
207063812
422395960
528420824
446213767
451372003
860506357
13685730
632181545
550549953
938901397
611072223
729899525
494994663
462071119
672413832
836857759
730726545
806569845
236597138
846814269
191556090
164860850
770839654
958378917
712117065
645889430
12128655
710196515
360960770
985668590
126060916
540561387
362336716
723574088
242442334
909363027
262147279
95501884
97302394
674223336
559105782
216178552
358571466
237024093
966585138
747135157
779053715
938897829
5097937
492263817
199579108
764380919
483947969
249280114
686781231
871377577
892611885
422500177
442374545
943827653
22154266
979804458
995849522
365445734
159542678
782040273
485985750
815395699
995378497
198177662
112443775
244138913
532566855
382258373
941769558
855411781
373161393
882579730
48917745
963530665
317825080
788945954
431523773
248978586
424957096
603994403
513742182
396300848
754183378
59787071
725140511
177494710
970093098
196056199
682675987
893077918
542898199
996745317
547162044
940509779
832497014
915429775
44466456
823504887
581570921
843887860
248284612
94825719
41331018
27395374
253986433
928184188
539905101
571693845
158311803
691045403
535164040
907651553
603589239
847427891
915864109
663710952
234393503
127237091
847683619
682222328
861249921
570594784
536909325
176141546
454446892
9197747
983245250
355692481
970108547
188091414
168295873
453354504
752017856
501066441
290408553
193687326
674096935
516910985
881723384
200540390
732402506
919625425
853367395
452875882
690167388
609894585
426607807
82430658
496300420
608685114
255433461
776030559
931122053
858725686
412177118
927456879
612292222
342465731
211096715
888867286
386765560
317978160
590933332
586957591
856222451
745257361
762425184
296925601
294699880
798124765
108891982
356276226
62991800
810225387
244820538
419187441
450490238
885178802
437416501
561335565
842768070
321708060
833988340
598780748
483902677
674900415
117762581
499107556
60949059
808434866
73170688
699066707
665126739
828103995
665260713
975595563
493890082
421905864
334527006
975270968
109497409
595191801
994137167
620470226
46711212
543883266
303876032
635688636
504433785
385149423
459508809
947154173
317481203
808719885
378269346
71215347
293022111
871919434
172507000
918058829
682892554
144697352
93970981
258062868
779691794
958585031
494818262
216581180
923512196
619549224
490152073
982948537
486277586
740870314
912287283
803793157
931867113
646987893
967281714
811811902
636756592
704212819
783043675
797761358
489846873
866291793
284585026
617219743
720348150
950587516
168016741
887763793
395946638
731240564
427699260
611213951
38644268
74914179
116881727
617276053
299214394
54235675
673691108
446516908
333159996
644787280
860143803
895917215
136655114
856210300
414260818
65166888
823279261
183735395
636856402
966027818
725550998
595463220
591586008
121274583
703998267
131899215
459085731
576523264
145565063
559108469
899382888
834268767
188461095
189741147
47250255
401609668
778740268
917129895
875968161
219030032
578186921
128367382
216680804
940175171
174418745
518188610
636955816
535877123
103895397
712009971
592167633
121855032
775003960
871203620
118519537
570612642
859580382
566859406
256262943
464028192
182633485
633089240
848742019
247364394
517960614
733749318
335725238
319065490
225143528
532338448
69083848
170873020
869301549
84801168
6770033
1440626
273508930
827201213
237065074
411105952
729009311
738943452
827118066
79143811
637818186
342519983
192358698
301008671
511877775
681710155
462585254
804530319
568572545
167936146
52072255
546906647
184429216
707452834
60444640
539843366
626893973
878658270
282619515
947966719
577760384
468505750
225509247
796614791
40038729
699709968
878464437
466136366
970104024
179026838
84011689
589193887
835018277
230541252
486628366
988278107
219647698
875740038
929699799
910589550
110304631
939437605
166986771
308705081
30598132
779267303
380658997
340318133
183507384
183319103
642145836
778369124
760293112
219147252
785459100
288279459
522563415
507419021
810130467
900723109
367483021
886068212
339856019
269669048
704606153
905685275
8818593
363202439
679998623
182267174
756906151
965162401
568478412
548468752
800189789
941992997
416927318
643401693
692364755
460805458
490800311
279257635
652503934
832552044
657694353
911934962
711465410
995334745
849319120
849002841
565963098
541825688
6091960
780109724
297957222
754815823
884675367
906219084
884279309
419333280
724758821
664286702
445300134
505626171
399956004
392578743
245386088
385674339
311765333
185457874
972566278
504280779
743911569
928065792
767054430
570351329
486715969
584006265
452541882
963658964
482007513
936172046
58166681
463418859
477192236
255920933
156524588
34111262
4317340
704312738
287791389
817122140
534601774
773315309
897096305
274972138
770917986
192096958
893333747
808195750
976403636
759645403
130574160
492743634
634113343
262447294
129906357
200412918
345899776
528837623
156571375
218714291
180868978
948175794
813303260
730433923
639548591
563493912
166339711
245410589
270639062
863472202
829317958
375078088
677447684
870243668
934944597
758314578
338599379
461503339
450534366
812731119
108962880
314607974
153568680
819903148
35742542
892257330
822196112
832948669
20943537
551592049
969766161
458552078
710747784
265745700
695001480
112084446
48171767
825449890
982756220
655267931
523661797
586032578
882926127
415293933
175143576
993718510
866727823
588728731
676183851
687129467
649437990
181692336
251307073
48577800
125706541
749018525
358969876
533456082
660697182
972748794
23754669
461925197
516660987
922486168
967741652
986580946
792025785
445552230
498511406
199989956
761827341
393545984
407942331
356625113
768971314
616805629
488097374
919257801
490934458
164823329
888112705
773416705
762481800
508787428
641116079
746339592
510291241
813077690
870375025
821026549
214861505
300468991
901101287
807958602
405521079
508005113
473585609
88786978
149216504
412279190
568906202
859067854
567483407
727603408
779189364
302730509
141171814
724721876
355364333
361273147
700667116
379682643
551215247
537688825
243240042
557617498
74388843
747811422
325427989
754825061
40338638
191451247
32524161
655442347
533857249
545465748
546865917
670487746
573256187
768536250
660840682
927423060
995361868
82341795
581695762
371106365
293845558
404953683
597062573
948478628
79845419
600078845
692340262
685623502
461671226
110390806
990029309
649665469
926196895
118193676
455681648
461391276
346724427
119012663
904636548
759301715
301403839
168468516
309209715
273415579
254468809
928768682
578506777
770621327
829574916
30951966
879528635
122974929
431067597
904726432
413648354
831354526
938323240
874683690
706465651
52903528
747059681
947099897
50955470
358209135
615946382
880905207
213170145
43341851
299205868
147123141
80364994
331098921
634625361
293287813
854862808
272110544
769358128
634543684
611900695
274488208
416983003
714609234
810717179
920477744
948170868
380144628
778540028
822557286
281189123
69376372
813157194
658398351
282087003
40480064
248824286
883253204
303975370
417179104
450696631
108197651
698995909
61928613
490266051
543209805
731838435
92420319
209898865
693515156
393854153
907606937
901106870
425560371
821904384
531936779
797989695
305449272
128663337
678084720
808765655
294710830
581073947
930320364
423038860
715978142
715087572
955854058
846620209
158956029
303642659
79388914
955278185
550238324
163907404
581903476
439299918
684962069
889567628
448449450
540110332
468847389
122606546
346628393
166694413
797220425
936914606
31267793
99031198
352379821
916271215
291505020
51643096
967822394
13047164
859654846
484249982
458716151
787122691
118816570
650871068
512936269
895078177
916005115
178065727
872551132
532226342
843991357
318499666
887599689
509643050
173889761
277680153
511747101
735898298
903403502
816765981
445397837
415821938
884515994
597456768
154555510
821425512
691015599
631072537
541019891
711189662
495462243
883710130
621298973
547922011
175222274
367494475
642629572
999972917
404356981
625490968
523412510
78782521
440634687
175822065
390227860
306559564
8222594
481431734
214624631
596697045
466131334
540627849
436468598
649174318
472791847
50463249
87440873
87457647
776493224
832062848
237177421
992107294
909285326
514350957
660342974
277296611
805784026
310871319
733651239
612400034
214259927
851664789
128754936
934420325
961871510
741925060
216558658
762409787
887519673
722605468
146333348
86364589
462280146
392397160
731234298
99544865
877523291
563339515
983290180
789082678
656757366
491120119
858385982
156771703
824186640
358566016
845094689
113885511
832591353
473242678
884624366
518294617
573557175
777563248
990524252
220256999
180599968
25726260
422793023
865486541
358958941
171346132
415996615
653896216
200821170
15766694
600086505
725644072
989532345
195267962
227886257
876127685
557769738
275586459
113461902
975503587
958156876
197190978
731046002
724173427
143932476
336818054
144734651
289994591
771940746
874107135
879918587
848811015
658121664
583881763
409636330
486865388
155395527
165685876
318495633
629515683
134777486
73238227
500618544
648758829
774432815
1359591
147848394
557358264
216747095
212272686
100334733
634915654
774031080
169855734
251357960
946323448
573284683
291590507
460001206
389945743
43466801
104812540
134366143
582988452
566863719
644960600
579988240
991152432
308641733
634558210
450004975
397423978
478475188
704565626
872885169
404402214
880419567
785265548
131371592
136526812
57274262
800277183
416071609
660587174
875597638
935218961
296905304
826454184
236046544
658465890
336742425
21928094
926651863
249206967
634129755
683964074
584099158
477270946
725191995
707075813
953943394
258167692
664538680
664076609
629873215
874580842
412623133
358239638
431470187
369616429
705181547
99014185
944827648
427779630
226606853
251099086
336775561
658460832
727992932
328527178
206249821
425257892
374228351
28383011
788577130
96927398
76931117
312117762
488399662
611951888
768484246
693396085
108454299
464048132
397218179
697632718
385089346
731335751
112258790
497721941
14010930
332802370
233808098
36296079
855628404
650978588
532890786
853728301
192909178
731714532
160453872
846167566
730358828
929083548
704851251
489523072
494657295
464429768
338369344
82590146
810925698
562358331
3479970
899455965
78681159
9469699
631561187
923377534
106671609
361205716
989162984
297081001
955533526
429891402
846646797
461195145
212431056
152285098
685196258
713655424
120406114
244985572
392528191
12546955
161446191
923778347
99522484
704991524
512162874
405389264
421658661
616342507
667240538
22471370
595323282
425384099
558419114
893908453
278183905
413795101
50580069
387016152
558130901
91830240
912043995
610817519
516058499
444783186
983940728
290301564
511647855
213440983
236576599
157153059
494850038
95556066
801557406
193148358
280721306
152999511
682146227
901935329
731289428
456539824
585729680
945759193
938329817
449447741
804618156
946552370
963023864
725477817
85626349
651914796
946745459
222546068
121903564
898799738
706066472
995404972
697326398
948085941
898700312
509067593
724076294
676102063
265226571
416792378
377517970
881741395
42519250
518717234
401448453
195174428
838641288
162030180
802071162
355517703
827713171
264038337
179230598
891873640
892912682
600257273
601917973
237057020
466776539
828900806
23587376
529298750
651088868
55602192
159690990
123738468
356728059
680668946
191874737
757476433
270020161
102376102
770723843
833659571
78060809
764859960
42109721
6621809
738372222
98638091
836468215
802367438
869150322
61778904
704707613
782787586
614632386
554490038
615213089
461989019
109898673
209596907
99870355
89923630
997019204
215662119
890088036
461390698
677113750
913745575
54437046
921068655
405431443
99466458
781488928
344121899
676162288
954970025
599591549
784199672
25262
711199693
41132596
274695569
354398992
776348466
942100577
341576784
383330779
819331781
480580548
84741799
145028836
629107182
768116168
91954485
481582673
517400350
661504155
532733272
251418119
926783950
720117758
25325261
315262594
747104914
156175755
215226746
855836616
422211753
356938902
780663496
250021772
105958070
492528596
791729065
406333308
381642291
828201898
299222928
412095525
349308662
122101400
483172307
260242690
137273692
113077747
917779597
323015866
227023951
217501734
600036313
160390773
913066984
935826793
493772104
105471074
520719590
935817399
588760835
49558228
266754518
466259491
991502418
718012788
252438468
900514946
697568738
301325148
198559095
466297675
71194994
551697279
363298730
488411301
157180986
815379420
494333930
229691329
609592312
739787133
394327456
631831030
375006301
655665766
322673802
705016047
180399580
249707887
438789789
394269220
970218851
792381250
158539703
718166579
585153902
720832503
950214207
1619870
502016203
232016426
712380413
156760007
490913562
406723322
128188361
728178998
514612437
282499262
26084377
807088871
440634453
564487981
153557877
283201703
567392572
290337903
666615158
382430375
211400776
425165564
92648706
430497782
527257092
200484554
881280682
284064725
505498082
458579916
87830268
935455338
491911672
656307597
8552346
424166333
300024404
55453108
823219203
212608251
951166226
790707009
750782392
970510607
430790852
425836852
10831388
673661868
847893047
622227962
618366819
806094780
580203506
429708038
563446624
796733879
122511580
939531824
871228746
868947575
412604126
489030229
157191949
508553948
736434225
272118346
439509198
191707644
290941524
468165668
153072607
518661383
512569796
500811418
748241004
722514658
659507356
83418825
248894677
173922232
908984770
745446640
86112355
163761423
941151518
308906458
799189978
223372701
268385994
673034242
725190547
99751709
926247937
363853034
94107516
135672776
327347108
229184262
86149962
68522897
120128217
142303968
283164308
279042212
103878265
807273124
423226017
256459802
194272745
968365505
685887688
581335527
344449106
669346337
40238930
873464437
287805803
976876261
470184530
781136513
160407868
680852515
409115362
200047285
700902060
113754733
866510849
152452504
38718873
847078148
868523641
821788203
510122207
380707295
381551504
521018943
377720775
25324499
8035340
266974090
704346521
414492362
142902960
228077964
834523151
585792290
382536915
444700267
174891463
939668396
30614094
820892592
537033635
806359754
660174708
823693603
153343675
458261287
797376809
173662276
508989118
516346578
777492996
447151785
17571965
332984753
985552492
253567797
72429116
914849511
938835396
722641783
955566668
80465689
702471350
335468876
994257444
88588862
683124550
763997586
327903883
351670633
680722277
450275850
385747085
188063244
666717694
405638548
692914956
948086032
554030838
935795545
676128215
333523503
770047329
111479299
244097437
486991499
640186132
903574909
531674963
219313717
6648489
718568066
270053234
19488465
164772697
379280658
13350335
412340156
455186770
732685964
855278924
728905778
310295306
227384012
249317355
392024434
497626685
568536472
616068205
543159069
893138020
665764741
771805977
288866158
166293687
492939236
916701681
501109816
879379060
824981318
24750192
555395803
832905330
457401175
580043648
46543650
314594881
10877733
291915761
885716904
966806667
538028383
986907141
571542255
244758420
729620555
355738657
872165891
238994460
466016830
288612464
291855300
808252947
773839295
611111378
897526628
326446144
464792733
41472041
983775979
777977151
360105060
46023886
191575478
557678136
80440416
701676275
618157578
522699814
348693903
549540666
598584035
731381998
432359638
539309980
275530784
715590756
275059153
713872454
355973833
906930473
163471698
542169174
152206600
438568336
262586203
501889651
611707889
751083912
631632146
21629209
569113199
27763547
351806343
760607919
478510670
402895221
697453972
191143645
185906111
426055914
895984104
562071133
471353084
270970826
939888370
880939020
447863318
989933517
799146272
609751171
422280016
239377377
181287731
917003548
28573697
405546706
21526245
261140131
739202648
813237413
204302426
827894944
219426890
25209407
420301977
788603153
407539497
406188787
389824794
612078820
968491697
53635911
380141246
778317804
815782116
67946007
897945331
410565251
721465215
984273294
857341019
249368989
422182164
27673707
440801186
231870366
684990374
242135058
741376243
645685885
460596975
256337797
57790626
314857475
79657001
168357094
881977732
422829463
705074454
270306970
273869994
486924825
489729216
443350559
807083054
386460704
207509213
307845497
817341528
602865733
179970501
57061626
858913006
164263723
163780698
300275550
632503542
89087919
376146119
425416716
124673221
638661173
436240080
573966572
602325996
895081464
361952192
969884137
340649201
719998444
839716934
376205153
951933965
896505433
540055091
773711702
333271730
169671711
674362984
836258834
104697005
191497924
517975678
813237413
207857573
147892012
139336498
545766611
923349837
543715761
278526864
396896177
365516402
406972275
279051536
448573620
245012467
387081381
490655660
730090539
392157647
660644219
403486506
502119006
637489157
543838813
215166319
916937615
439233995
262105668
608770873
87044952
896414694
377436708
328299591
97158608
10296401
749568782
812277745
857409029
437537114
154816352
135943131
226695073
688514772
38594780
177732856
167134241
855300242
733048565
947481068
555366120
824929222
743739110
47053644
318892074
159788674
157666338
993139836
186627022
960550120
440059464
788211491
93906574
122387312
900208258
920624123
404900391
654188695
801528822
744642520
959178656
806338535
798543206
970081658
563664085
230821229
153943760
444997041
403486506
502020855
637651845
545792964
381495118
76322199
363463439
411355200
774633659
159549493
941615085
192064462
905685992
840028753
941312710
686333155
650424611
346772554
961528378
571644978
398996478
60104412
553367002
546356777
694294618
221161689
633990596
225744955
797070369
845835867
219291470
191960736
944722048
254178935
673944960
412059117
20614041
632977768
241155339
374522031
177105454
113706054
332964586
739408408
401596960
319078643
142550750
979689075
877193988
190147797
571375722
706589524
645077585
57852710
896066429
157851013
487686941
934894159
189638973
273633087
695763576
242298067
552150531
343197640
829402716
53887581
553580035
53030287
125872649
28547006
323676137
564518561
248842666
432010835
386384207
129640726
507657908
382412481
746648094
928053853
542767263
316920991
169513011
708466865
674415582
685468802
386274319
161547602
610740937
216731041
712710656
330856078
367746061
394181765
971679463
900649032
710132186
584211733
935012902
4066895
120016282
118378808
665145334
430755182
833443666
503004807
938017636
603106492
47520932
588728365
766420075
378813594
257831820
612580858
700036594
511445395
366177570
466577044
87238440
88655093
801529728
587717793
920819293
465268743
57964085
588218010
160993071
4953524
229011652
214162069
741733534
199437640
837011797
779505582
842972834
484709690
174777187
53151756
567673705
798545550
6135097
710134038
125362527
822993460
310872486
898171618
335438982
290664110
509556864
537082957
298818429
680320801
438341027
196790760
478441250
398597645
93213718
429757414
769808742
283526382
783353669
59388269
974233728
620740366
483558792
778461686
807630101
976436823
649660222
133409245
927256224
263295681
888675215
115965366
938311660
578895628
343527087
782439135
620744814
930720395
902184997
338290180
358736803
183855490
352413242
407952185
832945466
616070437
793870268
825126030
490200790
132492860
54016277
428882046
447396052
267134708
414275054
648351489
321971410
538760429
310009706
502241867
955258122
353940761
882817430
243988223
302456191
948268378
662186316
750844723
949105802
263040609
817266020
698012778
430144309
578160250
418489644
664550597
824158194
299946011
241659798
246895261
573624519
232670303
803944938
375106507
460061813
227187321
661854402
11770911
174371255
628484611
574042942
434468127
512014021
216653348
207489628
50923421
447284499
476506826
959000738
466412677
950034980
855337405
811841223
37636960
238546089
573946598
48152524
554369888
482075330
435581831
915270142
981950140
335593987
174860663
113328629
243276813
668195797
209659010
749487608
70333015
107869178
455245408
359386028
302010205
860914241
203998100
225398875
213532682
804262148
878434391
142217631
806607403
658139
138411077
682701680
768795678
879178441
782431573
327459517
8735455
464284725
17255365
104960765
640818337
673552470
719786792
754860221
16634046
854233098
345582875
241062355
191051894
349669992
698200375
296606585
78703517
740108187
620995821
624984523
418132337
887307113
479144427
88552968
668608984
324678887
795130912
437197743
547072445
257386175
850812610
378586642
306124539
381903162
160223692
704325055
4483550
260190565
751335448
525137751
774903629
636015034
712489738
58726286
161744202
359050650
28613208
188581402
637689213
280775184
49011056
7739478
114935979
623842451
280068959
125618860
727762212
754836671
19731763
601239992
213486630
21798379
264023664
680255325
214413075
921283839
64564557
96779219
623363130
815504512
298668565
270103436
894029469
108563973
622370683
603072632
618827837
116128243
598463338
409853874
867904590
227739061
684907311
660577329
543272896
189967057
876770749
954943314
948217375
787869232
729055807
260080380
687245449
875654
729526710
745898673
345834743
430516496
618401263
958689019
669715368
933648515
662122357
900473898
512490665
371719302
927443332
295939492
82246207
539187559
312098409
19916318
386331984
668628190
152305368
303009568
714884487
792794895
890894406
44856905
379652245
463953163
727413664
6140469
713550031
68026726
626299668
279303899
866444736
985748226
147038703
262708707
114632561
473480741
215257135
288090935
503056878
48102156
250412239
223289208
643134176
282028279
149493164
201207061
281289102
321192396
448100828
322643017
224909188
173173781
610770986
432776531
313804228
219160557
413771963
52962777
302206341
610783583
722430426
886593341
988403978
86530184
205349466
857080128
608667715
91769295
181376089
666270766
252305223
632470124
211503934
553857979
724281062
800638017
522544727
355901618
385560321
443620176
189611112
87315687
802983934
683995327
826030043
219183669
418130889
600347821
811771734
410650804
15097862
594531754
929722761
269618474
643738879
386227510
958965347
425925265
665200651
909988676
202034300
882854731
433492159
786555894
10695475
898481772
76021861
655374691
562150750
304922606
75960626
699648391
190904052
961527095
173743584
156913817
355464257
539268672
483286082
571222497
209698101
94981990
692136608
977416981
429870687
662064901
475371535
614359931
564923193
441291962
339498021
94192118
74094789
94914211
194096581
230008799
475246736
207156423
894989606
690458405
852317220
951114148
179290068
359759112
24274277
129428524
742753014
373767682
35779656
79523104
193042992
801047889
756000240
422031548
290773120
565461015
164862003
357610869
833631785
259544395
680392846
659100332
129135118
881004851
255058495
718536796
794512663
751357215
908040533
986118387
784817970
691549517
374789980
207333248
950742371
232255206
701536443
306487521
3010547
311894411
891702410
582581408
413668157
833339306
588364113
762184612
346718754
974812487
87366908
372080531
570585105
933307513
852497079
934513478
185065624
743508118
962067733
612239313
863226989
561567765
720384835
892272797
787421173
652093454
785257015
770694207
548841746
88682172
269997322
534003865
825419873
459855612
415016698
676747833
435838803
405208696
193406281
222133012
929136851
560950532
783271156
836331041
90447174
832557520
376205025
105836879
343464364
214422508
176455302
459669656
333341187
124891536
418140769
787201811
678742991
946378499
379322469
49680034
355617496
496807254
248738718
52141009
282924844
742213836
670637890
846769868
456380213
383694795
227222681
137969141
407590050
951879871
16275567
373138283
672411298
514197038
961499777
492428240
707158332
557493540
802176391
364476987
978887873
912446089
620056277
566610145
546090590
630515170
939184331
93906063
137626281
303210513
704536779
776296628
455472390
394156680
709989929
781995211
366087154
703091274
472523550
349057444
970205784
72074953
600354557
609370919
559942042
119080510
522361713
610740937
938231527
82311488
678151025
137501830
571366229
508931658
769373498
176524998
917220171
347305705
472435508
231650998
675495806
210927414
780672758
144948315
17107422
753305955
765221084
384878627
801064972
233910459
136375195
897177817
859597642
702626766
653271068
924934154
459619296
646324681
602987563
903878353
177689703
404854402
804027697
796694509
974981243
165471512
86227107
243005420
229031562
796040266
885264965
262160370
69342565
611087930
445732140
605947168
995804916
335076194
665372745
696407602
112102582
73333150
668558429
599985909
784641819
458400375
782087030
956128792
208938912
904429568
909057927
934792535
766328297
323099459
765645537
401478012
516797307
808970007
645099099
530901725
381469655
174468946
27396398
783325096
676728660
310030238
419014402
611369267
73483649
149828025
476593033
582575158
804218979
988224332
423201541
100575031
736668150
747581763
46875957
280386540
454922961
840292461
793666199
811575704
744373520
636095216
648812253
503766895
604142734
354587911
231932619
859354842
865951052
873889684
869268856
906717232
334563845
553212052
406610656
342320628
964688667
322298426
866367229
354909363
439227813
70484448
327227169
535454822
810382375
320551367
541422448
846717159
119461176
344405585
512039667
96305227
157473860
88137191
872861885
914114617
542027152
437877460
337211196
973312360
112305781
533735613
337498826
463208552
957346005
588477982
659011509
352244120
264436929
710559219
41609522
282280349
261902393
878219779
880816571
998011946
532710969
897501445
72735056
976503807
878058556
167902386
527245515
456031558
449669599
484547871
365849603
648176189
836127225
679189295
978098495
409843512
381842655
732152445
455970589
341541198
423994422
280300088
169348328
592509976
626718687
926993057
451743934
782762948
761182404
55900218
728431900
699504096
541270728
2860410
314236228
518441868
461428449
879745236
367795562
636518122
751398400
34660786
920536146
503714465
960128713
125083895
651497013
800641416
403031719
838852293
329852571
12557558
409085189
682274541
872904319
736727950
761992776
15589159
819954727
779438853
732718392
634252456
685985375
663308860
130245539
33083296
370562600
757074220
64021664
361648262
448988807
263633324
556791135
278098246
693125458
530502221
790549368
316587616
954296387
458128558
546970643
776805954
56602805
99556276
655700159
413662938
481578416
447612191
747719326
986975731
13873176
363857776
875136344
971256657
37937560
784352087
827117692
58179798
672137914
327522798
636040979
482245155
821337981
841008071
416224866
778633737
647309625
60537472
308454373
343968224
178090488
204426593
331167044
863609428
221603670
314772972
694344898
271282400
683888984
857612806
212799055
219042358
741949170
325569270
603527767
716107121
267882203
685533950
232973248
913025999
380468002
495553010
473344428
998044495
460220872
202105726
383285850
188334985
723274254
117722595
163961316
673963085
272657908
352917574
697775122
297025912
430778688
961186756
930389651
934395323
204436964
103571981
591247047
575545971
68241173
81253541
695852232
62555389
658255644
705702270
1053731
272120801
6079356
130696869
772114355
812915809
707633592
893540020
986370426
571425433
116112358
783092869
825330982
547555157
782283608
885533421
946046704
135636144
687926996
722155285
178380019
620420055
511217879
325464507
931756211
499235868
292703554
141220972
34903524
469154787
18002815
647983126
959218302
255856490
208771793
404390913
27364785
368185130
612803395
231649194
52866519
158855957
269509524
990287310
318802335
374115266
227092726
732670755
375701061
579501942
351218715
961114452
399478012
487157288
176868000
261613629
406984772
613486816
274321094
496339416
497845790
742397315
132420089
454025874
204297592
444432859
981886998
452771743
824063603
171554002
809408446
611423701
898584784
423047082
178803509
479667569
187518149
290818214
9307096
391171760
621846514
116544364
317906684
513727052
732887898
210657588
597049742
287241422
871998512
302163813
364666784
380023445
300720683
813577448
332108224
496115268
306795087
171257703
77370416
33373024
346035865
848468804
74075589
293841236
4385703
893191708
386971049
662352679
559548737
620238526
747156235
31528379
363932691
920938211
193561917
223395118
560834116
527495938
464147943
698574177
501680016
739119144
550398522
413688239
485349191
334554081
732010974
181345284
240542122
262066746
786976909
852525328
780610027
81052078
215349363
997954650
596748468
268246290
173212587
658412809
823826004
146880022
504353446
820644000
228103290
379154890
818585450
633314567
898869895
758578771
35707053
340228197
384314270
404989915
595148710
222169486
470170459
142317820
760151466
143583364
995280001
597203379
64092661
229357773
142094925
324908261
436907187
766527730
699211320
754654370
999312155
433869554
593994029
623307139
499058321
372045301
882310761
874471303
331696173
529136602
62588121
937514551
169466723
754069246
610933096
72025169
745083061
27435412
798473734
803852297
594851679
438778449
381906534
358867814
653134507
369267072
444391442
452828708
700597677
183826438
666206745
435006551
976335921
492580901
558136049
499052277
262315419
125720460
893365776
891102190
255525506
844247606
481250895
123080604
951946322
658712814
852814982
734478268
881388703
21171504
325979301
258880909
541186764
595636249
252863071
595986771
180969502
14192642
248049007
312940737
924249947
339013590
397450769
129050882
1207646
382305869
372770050
126440070
410778693
402221494
540666666
246140685
733012736
753966285
63843453
977626542
975866256
59927543
608943424
482179845
685070878
642946108
154301653
810661179
2343788
640503923
186780337
787367046
980616184
276732105
7034793
475588057
546843276
297007140
780448838
117696347
414719104
108295535
817910051
712342610
308359572
453466977
820416847
14088247
918775910
982714865
428594233
786135237
544066083
203766022
586128093
314970534
34725375
880003110
274038839
893073708
451853071
897216453
374225760
399074175
800466413
783858833
394563121
795617649
872186950
686343708
767025529
130308261
226729984
139931552
467931717
912734459
861796169
362061424
831772330
704809811
250058484
530402297
489459835
292879229
428445512
274294385
703427676
378381783
953302208
532569322
449962835
664404323
850343170
965571681
552609956
357718792
298774863
194482446
506259359
482179681
684960334
227819807
285389699
482684162
682271271
948381726
129371941
673441032
224895006
595067933
441048640
244727635
719655936
263497140
483149566
962696302
419261863
995497473
250795144
298555065
652969715
44278926
867142378
571487901
498628809
828051689
384244778
973327892
137504843
986521037
390322384
936207494
351008306
783942640
122146300
574674540
808853130
650130095
358501252
406075909
668525451
215425015
665243736
113691618
928048612
413368980
308509235
961549212
941234879
960227842
503427769
725885171
374181671
119718882
59673475
671759847
391477121
627043334
775648712
805361221
968319159
465913880
554538051
183064852
793019013
566941742
530802744
330056576
722890161
900731145
562156904
623720836
320181910
495974025
176256477
127980926
758670357
863749543
263501150
266751026
263224065
776018914
794087777
373066812
926955770
296144784
959188868
193039072
168187745
433591126
104236018
96501234
369123686
753718315
696381039
958370562
334167519
380946325
991882840
780753856
933500194
398223183
82851114
135418233
532407907
727122421
182889577
466745593
725734361
802195787
817421645
486263302
828088122
565131568
742054577
332147636
887742570
122629441
738378101
275983600
889605182
449595323
358693249
120704547
85878785
325150171
871437080
815611216
931856447
675689120
48249725
742817081
105098674
129894985
517880722
953745432
541567645
503749357
221163459
347317499
429284075
810459411
689029902
851063332
1707833
899792456
89100709
822323404
474102982
56768216
412626893
583215544
16533420
738093623
301508942
611541163
813605736
555887977
865785060
631114571
195271446
369643207
681915249
792817224
907531232
98828969
287832424
260792357
308048211
772466945
889544219
783584570
707460208
980735
513352109
311677658
981832708
138286650
906792303
906563162
988696201
966502475
871930238
374799494
971928487
830938784
43981678
813212685
997732534
339438616
41252102
767691324
406450275
820426296
951248174
825849583
833597109
321449929
747388022
967004209
77839492
711988447
591406801
520276679
923910184
150716671
653579887
394075845
724311971
438346967
21764300
175399460
309124737
790309022
200967522
744612514
105122474
939601935
856043051
598976319
361350931
73620502
954802103
468671037
288047261
428221696
841900651
889025776
290957006
620123139
911633608
100424349
160139378
172244206
482577810
853910139
684385718
437121481
358842733
726691891
85679550
529909399
911306913
811030568
847984314
492929709
282686434
477404601
671382279
241301337
586143748
642849210
464592139
342633765
966626097
301936708
361609564
679500328
821745067
331579843
276109342
551774706
450231535
524096489
44966531
111450400
49683424
201526254
241256362
274035889
860609158
610755160
424639368
793909690
2316946
663090629
958773790
513143193
366672690
858100860
912152202
837117377
178289837
988391197
389955927
979996764
982937589
488196995
704220875
175716235
472647565
975319915
730439493
636120939
499045
833986857
886613697
356865875
655524843
104631425
384080722
162060764
342444594
69878914
957941292
233270075
259883903
435938908
33983053
936723542
36641568
235694278
433017470
332949958
523914215
740504928
211350551
778398477
394569079
727269299
792423532
769477050
806154688
194604237
9152901
355634819
816472514
694824876
583073168
6976079
821192157
305427480
338658132
994035494
487764705
687742132
811142126
808430920
409750194
824352893
5442304
673103356
485042219
6811248
775227373
34156756
79706309
259128432
841169910
324235241
399723888
117712217
872366373
388319679
764181747
206428005
457195934
456891887
955439958
963507192
271994125
936592849
182807211
696011946
171148419
653641944
766821559
765527133
526102441
853269024
362208657
148339340
709726853
182627627
329378703
777755355
604757149
418311654
628281295
51839861
395175347
375071276
71583779
419754584
145490924
706982553
625579741
292416699
261570168
900339351
782361339
245586557
104435886
632718570
219209026
563864685
551605756
210985612
740235316
438536708
114402984
418230771
211140865
504203772
411948808
330929286
481783677
948832310
637174005
324061112
558847057
615870117
396984187
972715638
74055574
642877966
599978807
732438781
632642083
274815273
867784669
327281455
232777747
447919072
192367460
214600735
645004881
996244811
820463755
225627571
785733888
580726063
133755357
257620326
387065287
801326650
335532741
943467995
241450121
591584295
57160953
963112092
549173070
690888829
765733484
852800144
190030236
113913349
979458167
566473345
796314434
921867701
452682852
474654233
937370958
102533732
966685525
538502416
691162120
44767264
672076175
706102985
695036996
793042577
810635688
387832257
589722155
109971627
31503918
488920893
822932678
2142363
941197635
474657493
937469338
236979418
523242869
540209837
409416228
36768688
121223527
419558386
828249363
434975604
587824461
249756373
540530082
669177589
616340003
864921603
749324609
739229321
170716854
80468987
114333501
538281176
322314252
13496464
748081587
757558097
24832080
332050030
609880392
544955875
476659686
807025791
582978469
689704083
386866775
337735654
209609960
810599828
946519992
209688052
497684710
188485563
334281978
763695769
807761180
434361029
972269178
705177128
856431655
337517320
176629731
701366200
809499524
14467521
741306481
816718004
96940407
886362459
822105118
322069506
859541116
979884756
36252032
925344215
222650390
770803705
891873640
730045285
551386139
90266899
378429353
852672690
802864458
343994723
257552583
918928608
193818293
827065803
872585848
713165476
453109991
393042077
921787810
704052300
379235287
101256094
645935217
358204908
449221046
798852704
398091058
685691444
392710839
836946873
347301529
534655545
194113235
924138607
634206184
901887476
498911844
463494142
574256559
795895891
501096578
594455711
469702694
501736823
139693626
384234657
358358692
897258876
613093986
72536151
643851282
889253516
284492718
510248135
853167024
114681989
515796759
507905241
970800978
363083804
933896539
321347973
830428751
554384656
381365404
69225664
234786003
15862146
609734940
70190685
287119114
740101286
755681950
559239615
245256457
980984488
304982291
214711660
997595437
270443739
528791851
435340036
100474698
983257609
592309638
223070915
592002810
919120674
707513517
44126562
301064285
852986635
787565884
953839890
136070046
304165856
92052747
198500859
442320482
56803571
202493273
847770475
607751038
408499588
254652487
81154683
705547974
103697519
993328745
445700955
576081769
24965622
393822513
319811252
106401588
296772239
805854317
190979450
551578258
765392543
72144663
381707192
399845134
325655090
665568141
576925463
489622495
949152990
659876579
947310164
994971676
84076255
412192412
828552958
252060486
877601726
743361545
25345737
729733943
844821088
216455359
707697459
84526969
460603287
612909981
123964306
409599474
364141069
475134866
337679914
430774618
692426239
683916610
25864053
274881877
353897929
929249071
726691190
232546033
832768515
687562042
447636415
243611720
959596491
170407522
276575432
290020388
213607486
558212179
141713367
333807318
531903812
53245952
147633585
698417014
739966321
505874774
865727651
815388987
650486495
292416828
62055886
242398529
588805941
344530502
478535566
62081870
263808114
579642211
267971951
358264838
625975589
320050449
407103717
928168077
766932851
340489288
825190740
72048929
896533806
471081
528730608
114296689
21589665
557517046
416127637
662915084
512396007
865603464
762788556
836766607
875932686
381485839
545316137
112724009
710874830
464079990
457584931
687331488
182212582
781789007
301981016
820805314
421415550
370358634
267796403
961823238
553910089
375774395
213255762
463161978
585598858
744730044
424357500
946581365
488192903
180134755
75313342
783012726
434079722
450414144
112184419
610816490
529143762
19345546
474972660
17889686
240585267
569350527
603798689
474993855
426162218
877171912
783611105
22934243
334074663
650758161
985752867
529042382
417841188
240807551
336873792
225246051
502216964
633691903
803946673
94951632
937536473
219728004
63351770
464238909
759044785
318527642
454252650
426812457
957356380
315924195
193822058
352302710
269269803
506397364
216449440
984407513
649731824
385861823
616032917
37132826
12239300
902739120
742273727
673502358
789230243
5507761
262386555
717015885
33590394
39682369
651396426
430382901
453074109
690377436
273558363
663919564
666482874
655011394
208607054
578026310
793748781
530417459
825695659
516436230
906647321
333546464
863065126
13492056
226331016
801488149
697985741
699199449
242198373
306241739
832895591
113406403
6734666
997030638
328464616
759067203
28505375
885007434
307278025
370286998
402122111
816420271
457925030
264648776
2187698
22102178
831203290
681925929
914754285
565406105
97628790
689403343
666763700
544709624
94021713
157357129
501511832
544133594
220658153
48322993
634699291
876335303
84223564
502985066
775189412
778369230
127034789
138739251
798436859
408513157
775115160
131327250
441703257
58667738
624253450
423750494
605251383
354056516
289469914
455994144
322742425
286749220
826094436
214467512
845256413
196891066
213784623
124749150
703070899
690317292
207909740
91941854
835257338
26192904
621952671
616904785
44069455
764015705
795800103
285769997
606251368
665650282
14857024
296415252
91797776
717472374
426883175
125434066
69989204
119200575
933026463
886044485
972291267
423335386
13340152
793562367
433269456
237367623
605294498
633563590
538349277
33904060
260521863
190487152
408930735
455536433
872603862
922572486
45258063
254751045
153630189
437189697
897860923
540720067
653092566
433699294
529120763
747612848
115151359
357831985
961444864
260034530
932812271
979859069
334795066
727054163
338848695
475513857
238354995
308976844
293745341
332619445
334489544
149879199
882533782
581919483
754966893
630035138
968072179
182604025
168952440
84730927
219913693
480352017
238973264
884005833
721114549
70524229
390394211
94722325
541322318
367201525
734467276
606658136
16770675
513947791
284898282
322982878
48425498
906220711
790179027
181326470
287676470
548718004
749100905
978585441
26889211
80461635
820446760
515273112
66274218
187600041
844647061
693445769
867377550
378913766
120531548
420962083
712735921
465372253
214679020
855821715
536968306
539508488
95421461
623290918
667003447
440757911
207598538
746937320
359525194
160151082
488735073
495749487
548549046
773592261
204335626
598710700
261738562
562194446
904569001
536115722
139349337
624840119
283971314
905957582
602366135
776603556
869430889
143573058
839270602
45072087
189456844
185128030
376445935
374852316
240216446
57817424
195363737
72768504
285471708
372943693
906123386
562917684
17946224
607290147
934656475
497760781
657115408
14532873
682199037
412473033
506953914
945430243
517926250
757202973
709370841
54712791
836793033
526564615
287865016
200313938
970486169
745569611
541429463
834468029
832928027
626989463
666732244
789798646
231238702
462839787
594226097
119037195
878666033
550118910
263917927
375983562
565868274
176426574
226455382
779778195
746279393
81672867
261981360
344514307
912572087
679608673
858029460
275607520
655040361
152413163
773764665
661468757
375252573
224106693
683868360
571235992
565798633
143060739
876946615
102055113
872205921
608497473
506363198
341458174
986518878
807935066
148139871
329820735
205870269
961161184
312703330
695088469
152775695
943970424
423713374
684407832
371516220
989623857
550180683
682190864
934598132
662896516
730964830
781897065
368764622
50548133
374767454
280795451
161559325
386862825
989082349
142591223
208567072
813464630
793299158
42954607
139780428
165431346
246486223
713550669
725115507
596663192
332775917
209490970
217827810
97531004
242153298
76690911
810506945
774917807
940759783
900943235
47348497
212094901
890981432
106334009
940397255
446246478
883236967
78374078
192014911
839944744
182460785
36099234
885310295
371440329
329501903
286359370
140626292
458806488
875766911
702952413
336374951
646735422
746756233
909869801
187287936
606507297
197339676
228737457
83357958
810443066
783791602
275756097
304285624
472671931
829193027
695476853
7366821
308928112
721773696
35137631
167316790
648092094
306003091
252329781
650685601
930661043
160480142
470517849
405376040
119878957
507950982
313507100
63588781
556030971
268291668
297291354
789140810
596568705
938669185
50276018
693597743
68558027
365570161
937608764
295524923
233073042
614830978
833751671
718039878
947745884
950597341
67331421
232273318
293030988
923253416
545061281
11662688
584612435
415041693
907024207
684765817
798112009
787567533
378857368
758798547
311001654
986013552
247301150
451534018
961911686
635699010
494903204
306263072
764387217
484139769
707736418
431533497
40565878
221752679
871831119
41025959
117979089
68142046
35694553
333335119
542977577
170031077
709096693
691262633
792443498
899862011
343872075
893236739
988479328
271577870
562068141
227436719
820835843
247533042
43873319
278058343
990367524
599039076
785359304
241961267
450093833
310936078
784017630
871578880
241661514
279752285
174299626
397336800
872124326
223033862
606751530
881097778
92616807
4328180
322948327
279655815
223508599
244485478
182299935
743852925
959232401
720944410
359789289
323056831
38809861
991241932
227138544
127952263
457772496
710824054
918048126
165593002
618064021
200037770
657464760
862558014
676925152
235795682
387716145
81332011
267426148
229751404
14331145
45725734
717274518
504789189
752684197
468566766
874479415
242055364
166362591
929561534
425409357
678826172
648650575
771075500
941996190
352544742
448652449
690163272
618036994
375677148
231739682
754504448
925992508
505291113
975122957
433280220
177318647
247074636
253799158
786606523
256654995
79120824
434166513
917161922
396504119
640109267
169910322
55359446
334999254
97419602
464952749
311402621
316492108
159564398
161711694
86277572
688262481
326002351
179165153
145394388
649449706
809624663
572558926
852841910
207616137
54956630
344453144
736931871
409957651
884209580
850213634
268769737
123196704
343980004
358120163
283091456
974871107
723050094
800563448
346984080
838030001
434663756
968860957
656782846
437496205
746056445
370463369
530942033
256392546
449863335
454740731
808505824
835127866
188037761
821672438
119943260
26268436
686062830
642895467
38567167
188060948
951046404
249023593
971731736
733388876
523194645
278477280
879577388
260945834
296762311
770200219
552392040
722034106
956165827
958788981
937707333
769009353
237447569
23782430
39101631
148458528
19267099
695317424
564724145
298017749
727345576
588552459
426859014
908721175
790265042
389724856
41562495
160179033
246075926
250636854
2056329
825701093
397841413
3242252
873476192
300830816
942155978
77205146
963926629
928185358
561882095
133913762
158536565
161415586
401756169
448383674
771226204
604083906
693190386
8895423
766894641
23900278
45919908
259734203
184859164
489879615
533478605
413289931
2266920
690069451
263894360
388167344
216897546
370720811
59361879
331351188
893767247
25032009
985146297
144468232
475990444
623047484
663498096
79521773
598380033
554917566
842564545
327462407
549097535
804324399
497182094
3826610
462444102
213428320
799887913
133056314
565675469
202195050
231034396
653318904
885969532
688030768
300397875
617344759
248996164
888243380
668737085
514313662
534987192
886465023
72349809
31097686
587435699
339750219
608318817
206793060
29330149
449950110
77207317
330181959
998017267
813594955
970920151
37985017
174494510
984488579
612400998
54007314
666728617
786689074
566721322
630002668
585431984
263131818
366582134
200883201
797820639
178791129
990114702
260572329
872597688
811409364
652304101
139616564
198142536
389200514
280475194
97103233
540257461
140728956
929626939
166426010
92348407
522151160
89491657
830360076
471743343
499429900
897787812
565610857
826959194
582249066
299588575
223607837
488808281
24905243
829746592
570083206
460715482
80255267
825740023
303003595
365585569
327188223
990561167
712461830
106403187
881362713
294394047
348785997
236434740
261941925
796291692
303893142
754801110
322145401
477757674
333563762
33178037
694299439
128588726
797480782
6398586
189950461
675346745
746278746
71003012
158372572
591637443
192936822
888916521
344551168
659371223
936300841
218113207
755452028
917467303
240147282
386936846
423953907
144310286
240926463
405594863
530013013
189748436
943839872
395512414
278774616
574474798
572019970
726561632
515795947
107789958
674798088
903030860
560989080
926184730
53093356
157740347
148234242
115348700
730856753
594767487
675551051
198518983
33674162
136607407
494493103
90159466
785960165
456520656
166308414
259788066
350961171
692799526
3615582
70823166
285098387
836529690
605513509
885837930
852822516
118109281
139698369
830802319
938593141
46225845
93752474
600967159
647195061
806808158
188629491
832238911
866279803
851287080
975335445
747204729
790864049
245411594
758829073
540326313
946879504
212058226
109759010
535721831
951195566
362152286
989038822
819335392
187536194
433528149
140625112
487333668
429052593
894957952
88565263
511216064
640898244
175395830
245553238
106841981
98668796
255632830
394657331
258597405
936504674
733943855
441326223
445854943
458464496
834790629
606877257
873635973
955681610
410470301
943282607
426262580
2279714
727390403
911271711
807853545
140855328
238368130
320569304
282517509
475585037
477810802
157108225
330264317
512001010
95121027
47538180
470096320
571365958
556695266
876409539
627017699
606317048
667570016
890215626
277435392
611163538
512991925
715392801
627903674
691221716
197685634
126734371
595016084
915566182
470205993
414656463
62273567
268301370
445235452
421043896
858282234
198028735
350369762
307947564
209285291
133694143
591488629
962903395
689777509
609814460
458956155
996109464
548840217
797945586
853353202
325790533
755791516
511243176
206533956
847463410
654484034
633874213
915988367
962654777
21014499
357115612
942419488
599462368
375117704
129325763
487297509
369281108
796624030
723511336
86172412
385958893
584632239
264823768
124223027
624148689
327661902
325504451
359298263
360300351
137014797
296825378
90384209
368833084
660350276
76168078
834827677
501406612
202159402
333156419
326228473
966798497
98160065
379387282
976153349
23694204
692209006
807388964
43225813
715367108
977023362
919083068
58611476
207153403
779856807
485541165
656709688
592444916
937918711
854183328
782157974
813925170
101401756
556084214
473051604
429211429
190577367
406615974
904965572
280248827
627537754
629226937
997979311
923628438
697164289
535675594
445687134
949400358
535234090
255167888
800699489
884205085
211888615
453312527
54386419
355426297
809549707
15911886
133298851
41880591
170040060
478681391
841036606
430223380
105221926
703659563
158315026
192704444
765509979
760225650
798818447
896471169
357644751
92630524
295289998
635137825
561107328
505632782
889764174
320894972
365716875
125359275
826087783
409713268
42156300
19972165
613079994
1503413
168207808
512597117
488687487
247697367
506410970
286961324
79505560
483277904
898456464
772396496
249302295
333304738
387048246
290107021
426049474
777796139
909655982
537056363
845311305
197130195
623444608
697338202
471577207
627854971
68530813
817267462
329230366
42456112
824894485
363514688
809602190
27528393
635127819
661217733
716391026
865442989
498295874
704650784
281651207
995986782
507666720
269137112
162266348
327345357
935845920
711702618
297953394
385261922
484751100
522802753
46413125
736187898
476056684
629498830
740519455
159376362
769180621
339814295
757615290
145587536
104378947
513236006
493776115
926854525
967912547
365031716
909792728
914879326
232997148
654316057
296488570
982490157
449579809
947414490
196796956
892683597
476625928
335919936
656240928
450729445
82680866
60532512
874999596
40410937
650595066
231015623
959460024
489382821
133357062
922301766
949169404
87257268
912898802
871414967
933296872
913646879
340514565
358100096
439085321
533263498
646021974
382735118
575204537
622685053
963825896
79379693
980469688
961476294
612429511
200462758
527934515
196812639
615611303
596359751
352468613
660411210
260998275
820227753
10090503
34520111
733034555
396153530
30080739
659631268
296918180
236443499
361467474
169869807
533880905
605535151
662993316
534213603
84876613
108898754
800322353
144219765
262594469
994858122
145705822
846387874
555644700
476218188
423025134
905266994
645924938
186591825
899073257
948422704
99243591
746069350
799471616
633586356
497031462
756376935
842548325
305631533
898350610
250782148
186873213
979820087
712407599
429620842
463673969
769223356
683582062
882472714
302083398
457840576
979621891
143242920
885475762
841817066
158070297
897670771
917799988
625930782
611182326
733312718
736094599
676415232
204955469
542617396
924145639
509552871
315900965
555366943
608558427
26506677
741578053
116893912
616096421
280821309
159557098
609181121
961706727
702865993
578968464
439158444
133677317
127160371
846373824
157559077
404093442
803911993
258584885
873614406
900068177
125183536
440044784
42101131
785624857
277302740
201418213
891815873
998757067
669468951
416564889
797273608
327332690
67290268
417036616
147850941
240322361
69904034
945724720
229389578
233279950
741342717
28318481
134551952
466618812
243872070
543199859
831580660
428228362
842097485
891585962
370336939
208184411
331943731
978071615
425586522
815573444
92249980
37491555
925278405
417705002
356537254
74789491
179297661
981028837
529995679
390676285
58919925
891300578
205695116
164792563
629305083
165431411
336297580
727156555
118107235
794423622
146997249
661309470
568847769
360890022
758068460
286799743
80160271
890766020
993441588
23510273
226240752
914139341
428321076
504120859
81111004
508383649
596106673
291848983
39820284
865499292
321613800
366959443
135908804
324494559
460706594
528405466
607275660
471397956
232174873
645978625
604940675
198102430
345044806
124670127
309718842
150931912
75815531
30627629
499104398
992001417
975125304
882930749
403397133
499353376
663179043
337239054
807020867
32256941
786532925
113678527
820555564
624249555
521814143
623142406
104081513
866589145
72186831
963878559
54814548
936592930
822520265
989364031
366651387
711160107
66507516
721828408
380455095
271845563
821962131
267493072
88194941
781181690
875986017
600705004
826283952
110393308
283213587
303025108
211137564
102275826
578229000
10416318
270826293
542196196
596221215
226703364
976849036
773455909
29927403
60849012
428266387
376405010
740453755
1835710
742912020
546171496
291036435
958884555
492138370
922433035
908226385
274593644
735375377
242975706
870241807
83327913
887599689
512826195
82510209
336519777
339035077
381829201
283037841
433526828
168400317
212320216
874115047
565051058
874442439
832912625
596413667
208238462
232100565
340226822
883562965
575238444
67629074
85584646
236140226
195734437
412731046
859875535
223063637
636051201
443767224
670104757
267938953
829221278
937082121
229502842
30134249
854132609
179141562
40380643
823923202
678618703
823852927
46882970
943390565
76239028
435304738
383359992
191474687
725214009
230152007
739645684
491373445
410600288
791177274
291039887
685253441
700773995
404581839
759551645
715095865
39292392
329268430
76500659
597328139
177670651
935007573
417415052
876135240
725153753
416373317
872755926
823571600
50589767
605521952
932577484
395541449
41250916
936199291
691337729
872112924
167246291
686606757
592762030
493731232
795697212
577102166
848967607
976875750
69815216
130262941
709755481
994805318
950934443
265649000
357312584
71438547
781628665
531942677
112523302
497365399
290065528
340032187
205771280
298896854
785568186
578949267
406651805
832726812
871378126
508243897
273705187
781925822
584569605
423168444
688160392
788174632
935384961
868786537
927770156
878976586
583541411
760362093
916200490
53477723
293047988
575623942
845087085
270161959
285788329
152916801
310359531
77439315
560491433
232713866
632410498
722833731
227569965
662807432
544332721
551008170
867920362
245237530
405792786
154689040
487050177
885216260
392950373
842427489
360203769
701858275
967102348
171294672
557027036
893437451
992069074
625982410
883703278
255930600
151231409
258708613
54336509
994261000
37354815
386388338
422983063
210694520
757879883
514965538
385950405
587795410
202809245
347632559
382154035
636682670
452625782
326777819
133897936
8413392
773114604
264361664
503162137
634357416
273625935
553916353
929519488
675523482
700473186
14819717
676267015
309143005
180254891
811388383
974173826
766416528
985057678
28841125
414922203
383488785
666741614
428680914
607742607
298205332
810606441
695722078
172918499
188461393
567006350
391541171
9611242
34016707
784964270
202433888
505699769
608244639
90866278
915506616
175466369
931848754
640360339
248933306
32825842
10079894
28478825
2561217
842287801
278221139
811882270
295941398
962323117
598209084
670134093
602993151
663588695
443096829
41650849
214371623
143048736
835918395
692175694
208469976
628068423
371275651
486595472
195667230
192178991
891245615
976831088
501055396
154811303
210836057
806856365
753860174
26608575
389990875
746798135
255551164
129091072
877120225
123496214
454263239
1740224
210619275
452713486
480545702
808957845
876418191
394874067
473322837
341751121
265124858
432782629
639739762
99465563
262956479
500560744
29217797
684340907
437655109
420614419
605969352
883802187
60778846
232361644
921766224
711692685
66124535
616783047
821627348
136591258
479136254
559701516
574119326
726766535
898545102
323748565
893688290
224213542
312195547
746421376
564173371
155301917
494648500
989717060
287074668
891810529
691385167
889728751
57503462
131513833
934411403
727926497
698936869
245155732
593770172
198538128
65550640
143274117
996277541
446369314
197747257
750059490
249134789
411088041
839841210
529045864
267662662
862526636
526564677
751338215
81227190
172662777
160623365
716814317
318746346
832430988
872870883
46366254
223921035
840728404
455713906
506922801
330131027
828783054
47038094
660978099
372073082
872260430
888544270
686981499
648868820
92086021
547368558
391678934
275244244
534568425
570724331
259376389
20550499
577142358
699490268
152081257
377430223
926660998
968138964
692327880
246062897
198186256
841902426
878213080
981153820
742326816
56254180
149583658
123583439
730297356
570010558
449012435
853161888
334807144
737128276
512547429
36888621
922229813
728450825
19500968
832009804
701329019
431273817
595341257
264023348
758152817
289402744
935935793
813306823
4297166
468183778
409780948
40362240
814610887
468084956
182716071
402130911
267427126
618486742
939671799
514350589
547182243
597259455
284720803
952957120
477394527
501353367
330094093
581826356
658881056
520476168
902375913
940147601
277674734
462039893
914495380
681481650
469879644
133190877
759779370
470540499
664971278
232950302
812625243
536251079
879689766
904779655
234902508
777118544
815072940
104229834
470668306
848131100
508494422
592355153
946024071
197263709
330154122
997816412
477960623
756848098
902007728
353651989
899969753
603995231
554601797
32064378
772581650
35908283
149303626
597042242
611022511
164787531
864660459
592613504
1765968
849087641
51079465
552787408
914486045
685353189
500629405
930980201
87008084
990269756
676476393
884149551
505726702
892675316
196641014
323444196
649591263
548501550
626716477
832240981
94821638
790656090
350664854
731760273
907655446
425609671
286312708
926464508
592141244
701244131
864194974
581494548
40925692
606585319
419027384
926117527
992854852
326920811
501233072
882861985
435388549
842028015
857278138
677508539
664116400
769520888
477232918
971418969
985840776
645956148
211679191
907764167
246890208
998558603
947695469
723521583
730388570
986914811
694342049
651194875
810277439
79177055
424842464
849460762
121522721
891846719
402257888
168277185
4838101
665880214
62216013
562313085
558203671
83016964
886310290
439882630
892121207
146986744
175333786
249041310
386837786
419068695
779269288
794132648
323229793
224108699
287472920
786814326
544018503
831645949
35818623
630254108
775298900
128387373
619099550
922569401
43132382
564929499
163512428
440249294
633641054
337512814
971305407
568652033
523024077
780668291
421184684
529912132
148445647
145592110
695759865
881246932
508934881
125494995
607890376
972051138
449565590
255757113
175366321
863254747
379641682
62536508
920056570
140498597
400951281
24297259
98084195
781832292
822920910
733524072
231516830
743940689
780799549
618717997
51999298
748401908
423528048
77345670
341049290
178111327
773123543
755080571
282549557
103905189
876909017
751101348
721667181
205987327
606074962
361532339
434216598
269062334
260907849
400834541
633905672
423299972
345274950
591552503
1638741
740819521
630340867
764032567
447950047
678176869
107906039
657778476
602779838
253097287
190996258
800218484
373695247
184136339
935148005
334456851
348117242
358557035
806024878
382398750
662438638
556977720
138161204
419232316
704314820
705501135
657102182
227650629
647205244
554609076
64722451
139601051
246921257
270176411
327799425
969677900
889570102
382594042
648652924
944457382
719658063
146216147
271631220
357325952
885274950
2417115
857028469
394833552
214239317
828346276
464195190
94897952
753343438
11381551
759056817
845105483
417780124
385150389
746004677
921235050
812814936
132526151
234902190
735806943
128262630
207925285
697676607
510734475
499900800
845834454
839712799
103413913
948949410
114906507
225112753
72659535
127892085
175926611
117642865
958743163
47316201
222910242
608246382
524916802
924578327
795132973
89695321
652296837
698044756
258557761
94610444
276853404
454293104
887750255
845733351
625379969
247621188
456681152
935704801
274781585
963173959
508669511
62387559
425248740
310157787
183901828
22764350
595233278
388990208
406757212
946104638
190100200
816961434
197545797
116419187
985243953
500906565
409518692
186321454
907462793
212951849
245706436
453230518
828734899
208327065
470540499
664971278
257249986
566025571
4979856
37667724
801642093
724327455
421957794
478565826
966756937
961960679
941981303
553505211
4713162
465133386
276711058
122026874
589683887
946306539
210376387
312999214
535245851
559210699
542970131
689695668
611600431
398329503
184542870
691076227
343780543
577181925
764601584
47611247
816061011
580617669
213228280
615299975
955181799
955504465
758478386
731215232
484120251
953033339
352110735
375268242
310114553
203299485
424474536
30551885
453562031
717744380
55039652
497573762
324452151
768432948
507426182
694589506
89904027
544733386
885226080
292761446
694349933
256911225
839419559
366969648
994766254
438628967
942366863
455756312
736991765
704321293
801894496
349958730
71696268
654785351
115061556
298923193
165082442
9500321
275942335
680821932
887715092
868170760
897934970
337790535
816475316
50110308
698419352
847510500
938915347
892942923
82548479
784847415
739669440
242557665
10420492
607166526
535399768
458430978
830105162
51083433
629493858
297774188
154211415
688096680
170860209
721253100
932354584
967768177
973063207
380217461
488123944
797985821
525811180
82268557
70319299
187756853
500482655
859831127
789905737
342187834
859258056
296446693
997924734
786154674
663907019
954642192
262169294
574577067
768014267
587882299
843092849
548673132
283231569
32863347
582799220
532107986
888196718
101130771
480036987
59737524
366769307
784735253
184370039
334216476
23621786
518956894
535751679
213349542
376226480
154157167
733037263
705482922
488815218
879781203
843487779
419173343
866209643
639066071
766711776
466093783
225378409
591664152
146216399
197892732
6527636
933723346
436659368
723928836
364681239
48773135
816494600
48833064
481331339
39280356
146062073
316170785
658876934
569673800
702255295
439428561
563338517
253376091
192379617
81827964
292303809
444434863
401541130
939022575
779263169
331325964
364430458
106982021
664660060
602601985
948365695
543468800
507000601
415158524
198289246
436695522
324128229
441128592
19855565
677728731
576513104
638343485
534419012
438842226
420467789
833694877
804316759
685904717
608014859
35136110
475989526
725002208
759699819
340410015
211730685
335588167
994398867
983645935
651690918
731896979
92287761
427954290
614881955
354456234
719837921
909785904
153272709
142829905
219512897
464353406
432010281
521125344
627457477
666429497
403888576
742447180
156428783
721127161
562976802
951598726
844429420
280063339
470210051
29324650
805742669
545043016
104368352
431886717
77434304
487814516
156445338
286257552
825576855
159915997
746980178
360972355
847960342
906561853
371470604
40326391
97236092
353541998
277625484
186642641
705793048
768224976
109479122
340988415
562613394
637892780
210462096
721088319
519383968
228238734
694245650
942212763
769111567
225712545
974477818
507995926
495590209
26313360
664185334
486407387
858066038
221864763
930713898
723871942
354213299
203699351
811205886
231935716
753935923
863149965
102517443
375412858
259629705
442171683
579175054
180056170
375253142
867591418
770280597
125645303
726867653
375186956
397378496
649849657
171417161
100592720
171812013
452670727
904635233
58557886
700871033
256803567
298799898
195663839
727636259
254113666
261274498
858868725
866862171
462420506
546284334
43743506
978349145
633284087
974638047
428926893
173600678
301591863
260267587
640519875
989215146
287459625
512079154
375615464
580937519
597636211
321562835
638237678
396286206
14112003
621349301
777367313
313627781
904193891
695397969
429078754
802669635
658154103
599654945
812482838
168830181
893764826
688148424
856677562
294487764
508585542
895779
372749582
755592247
719885556
764125123
279044205
995239280
899575097
32398591
121582259
252255719
580033085
166541626
349552187
171165478
191447395
725151392
703179761
23848125
601338870
28157396
28746767
411996144
49747480
931551709
664769963
628689004
350484269
853955401
785308655
131245898
763978163
809932465
665358646
500932226
730080752
794639135
978787868
773351643
609251066
165446385
989850628
213805184
387206062
929304153
506571199
65240701
761214542
164683351
426886871
852343796
141414052
303806781
275493328
330952149
38212299
409111414
450932016
660742798
980941482
483949018
866446128
757514685
574078410
587910338
840854945
680983208
827421372
706084499
400918715
375986472
317302836
330256932
174834648
646299087
66806360
106950471
187206314
148376113
35861281
200593696
672615232
277490513
39731422
316113432
499721105
141688206
952827079
315067593
430099778
570130242
664025109
372917708
38946938
684151864
303871627
334290242
29267990
748922699
628911280
63282191
406692839
78247606
372721258
341026135
644125113
495412812
318452391
435880695
298968664
631510302
301506919
64163496
386040102
753924591
516098972
870902921
647946866
743389083
663911409
5245009
950848913
453842547
857258691
341601359
304256178
50784650
619928121
183128144
333641586
129549850
62565391
718116468
19982024
426407338
738842787
256764199
143709825
904990426
673448306
850383897
558764000
306013797
342692764
498541438
35930875
900524480
564277737
284391554
108668222
305584701
936362580
305169418
406140896
534512534
914754139
117176993
341022532
696707528
436832077
272164353
857889218
252787131
966001097
830689357
168302536
717552847
304054012
965256914
431402617
981562961
989079132
176848946
789997043
326786247
268723243
678613740
707130055
141400087
244315602
410093910
150037904
885916083
811883455
410774146
522249363
17394019
762283696
620183206
792702756
35296129
971410199
266075318
485092359
970743743
451327129
590219362
253053889
426213843
557497862
762278356
419167865
782453691
812793749
182629149
903011267
57466046
639023635
907242504
493464671
645300187
787337395
326892158
195458445
728881961
446430200
180751862
427731445
581374985
87942617
385349490
11140655
331273312
871875539
689109038
57132205
559238045
445095185
521591644
167204193
21960431
904239201
387924231
492542636
325322788
477583147
699650925
766170806
515879632
215244535
285542899
914161519
606917451
670612595
660838644
544160715
240564546
460892118
950563387
146152132
139330954
768615535
518249023
288695492
16525364
166446356
507828153
853119125
13714746
729716964
702387004
504477331
620162986
124717783
357483544
700840677
952377032
725063990
173806201
75918944
890710892
915369866
944783417
129348061
893451965
447157804
781856235
222006536
454325823
199015873
956169905
524254203
421575016
295369596
63475599
828351469
518260684
844781705
745175005
887102844
644532144
24103962
95287230
556326574
103699805
54466335
766628344
267524247
300248337
645160459
734108563
195490963
651485225
529329110
110571130
93959944
678165356
809693446
496617807
4878926
609213679
826355085
184035593
159517768
463499737
27842282
579468703
745548454
806314561
586916526
508317973
698018311
350291429
404221071
125521832
475472561
154383377
267821436
529268429
975326202
174341392
737920082
732492030
495392247
229015200
175606580
460110286
778225339
616231892
722033630
980400882
24725371
638338336
401213692
206006004
637400144
466032547
91135722
738727894
944389022
931964939
694771438
859377991
675564264
432510499
389152937
682600065
839856514
907293613
912768996
103915729
840246698
134343483
125769989
685536868
799986786
418335329
340478037
610258577
704583097
205582313
943178957
583416581
224168670
760497487
312922579
420167353
592110122
141981222
522573236
864610049
459336602
734215584
984166820
854137695
378933668
643100207
291271321
374390342
555974978
71547016
509299441
331249896
126322850
437597107
347744231
392352956
754106904
714781631
519856139
365877391
181971429
761469565
908031348
565930599
848942047
647704013
519074686
663535022
472946469
119241392
946919957
909225924
974236293
967369932
196501670
3887660
681139537
302347361
66012136
14583219
291852196
826007332
25424027
568729756
482928690
894302611
724952395
248875458
946949844
975351092
807239645
20369646
691241110
921491020
914282240
752382234
549230668
832447364
203724078
122006392
900206765
836847085
853907705
259278472
805799241
645773286
241947437
992423870
636975818
738635733
191910734
444015286
159797667
558761111
566288643
76297498
580463714
328581934
394063386
595109319
125372991
677995435
265539465
439647094
68167986
887332996
734969624
89168780
331154599
482674730
717811669
40301050
622245657
486378977
572170678
679060800
807408418
731006325
338445915
473150906
882021120
367126525
256257103
620775683
738522925
119949492
292655357
750508079
579624952
58716525
691953820
443064124
454093255
869950231
475219900
627204549
304164410
947412655
65400161
992452563
294028965
121152359
327947843
299589046
524096961
33684495
293506960
39116549
799062110
559061435
868258631
160696674
108094826
709004752
202234295
311965807
318298520
427881641
119833714
907891540
206969264
82306683
710639591
237495850
96126792
899363663
578396458
688034451
681705439
458013627
22846416
316317962
469335032
146460342
521594923
510493573
209474040
619656830
507708360
962028132
481294668
849459956
678238835
557129528
59248086
599276380
744818818
434363584
711191864
948181698
693519851
196924777
449647505
317623718
333032391
181487229
469580683
289200046
986481830
350242005
732752074
848506644
115080462
134509938
336508075
236627190
126926498
206366984
189162328
682951441
141851700
893419839
266275534
562892950
672768478
851207614
483910149
876031972
741387557
434814293
506791465
511859484
453354504
752017856
504488788
396386951
986134449
236425270
948977818
387732675
146901908
696446952
208597064
57674274
125072225
294077428
133398265
129288851
799631109
600213350
478453462
82984688
370617549
317356001
953952120
509270609
95421251
982833833
826553371
228199233
181434134
616843869
427281003
908720311
826543482
561745201
285842646
358661619
58881189
805267359
190934895
413673366
442615979
166154275
298715376
866755219
789383617
464927810
700816923
779928600
471470549
158097192
689268899
925260112
386669085
97949197
947251513
479364169
258728927
759539839
77902525
422760835
626912398
669983842
12922130
158523695
25442211
144430575
869410957
300645945
842851598
338301040
510300654
386356536
18467379
412430444
858218255
687857494
34983729
378163230
514976799
755975601
416681524
820326217
638035849
191319133
850764300
330817497
91657478
84805008
291866349
247974501
682797095
107024942
663233668
80107099
393977383
245337552
792114781
637104970
797786584
529359410
157841866
764839129
666366242
906038446
710161352
380330722
410046987
569032707
256097298
335783471
169538867
36648855
924353838
910685069
223622099
779152834
56596816
544217120
723549044
990642911
812842843
984695081
572254328
208212101
46336858
275329072
298247564
516935475
643682137
182933573
880546863
993300391
557282719
634913754
473614133
539632289
932456611
684743646
234487994
425947847
552444012
278919974
269869442
223432226
327807947
245877919
102259708
711788107
59373430
738830237
548642975
581041122
794223293
28338143
762527587
202517494
37403968
221264346
52841928
629642611
625128079
493816269
48899468
575665733
455577904
971385917
443163935
337008581
644029639
949737923
423905426
632310876
59803839
323940616
647089276
29333610
563774887
329011348
222752280
899262920
723341813
934079789
716794313
81752730
154229305
641786695
210422100
757829160
711464374
666302736
70998183
198008361
725431123
933309666
583446994
487627563
736066218
272660449
823032478
119046016
198510649
403960278
623642283
404707674
327696758
248609385
404919806
741032989
969611367
840453122
504629341
515344918
185511728
966106011
172258556
634297668
479506075
751422644
902681412
980257941
300826014
714214214
255344906
116446089
605769608
1830162
883790830
356950337
767167381
702154226
763898674
253967759
868580965
231020807
770134189
825211526
238162114
233092579
674639660
762411548
406311731
510838108
438497768
447591953
223235869
797355877
962862626
373123406
304315650
551900814
567092739
873513699
647645200
288480168
377800734
735226878
676802777
451782475
578712643
597128188
133274254
783452544
625024300
338849035
635588781
933392757
25732000
452119939
494393727
193874013
913822326
895414322
948212574
637082523
92348623
6028293
142537267
509179702
563270302
112814824
60788229
526654433
946193468
477639882
325039574
598579267
478914386
191326264
846354814
385246767
454854572
335347405
575183545
396902824
848075513
162182055
212238093
2145750
902465585
667608639
485610361
369750412
534162954
831655192
842952574
82853956
371256512
815491002
313923341
69512320
852907235
888143076
827265694
908140321
772244138
165560262
258821875
686478260
88902768
360986347
188707392
856242983
758680513
282136019
856214116
847098270
603865333
591563455
372848175
896014530
267696777
818362115
595511586
918601967
351940497
430145921
560674499
310807349
850273882
437726221
796007651
624212882
456685758
198726261
482231364
706513876
710117633
7585694
539087835
134216117
743726344
596154475
703870210
846789329
310817113
496005153
63972623
795693586
665632913
509497184
790410676
195455673
822440403
62691023
936157811
469481765
644957119
134609352
377710115
407152583
605120381
870032360
157935878
920667022
951365836
57697871
568198415
872740401
446359098
437504380
393047865
186337864
891326243
399608737
919517274
290288592
753127815
215620515
282144142
473004949
847030159
995436354
695993233
7477905
383967576
566019987
894482267
968039765
707360870
698112526
260233118
127902375
128467076
769046535
352372608
590108241
213659677
673404331
588290885
751937646
623003332
557308422
64700232
494318075
945953639
209516095
258222993
310307690
964407306
958427862
362392550
24054749
696781567
263246607
482351514
667916815
114529289
514671815
292546989
855638115
531517373
534274251
225519856
482345052
574997074
914904682
424924429
758191864
292087086
747105979
897675371
9665594
753844124
35617423
339133547
117594395
642865670
551222881
580223762
945901873
720830943
302101711
616380563
868372681
418153686
820247020
735710177
172208537
638241606
722247782
884191090
196490716
450956623
199157664
793798445
504299427
356739903
845597677
445307793
217898455
563296719
839844474
826493298
407952787
595691228
676023277
576627587
826950298
419848450
872784876
332294064
645981631
131271814
109014491
56699232
430964043
357003073
66578759
668974742
414907671
880624415
250408490
54843847
8112043
478095447
2802763
33456024
912523255
363576572
785575503
697709132
298781443
118022760
978526351
247959607
965113319
528411149
465839158
295621777
824714976
640668377
721576914
915470970
251341536
747827268
527513944
744344793
479583339
63846969
973315041
248204840
473050613
177125450
382947343
982674913
642608236
265720873
324598123
681392635
913377424
410635414
723640021
504734093
425444160
722146496
176627762
66626130
399618222
622608626
558493431
70624596
814145
17291528
806131420
104818554
458870575
619499520
3044618
76452477
889763930
988110628
548071904
984171191
189172771
562384790
103263717
599037690
703264146
909892291
138660120
290845834
915892212
640029612
896155812
228470200
305662357
157657731
757792690
253099953
221072914
710743478
341099443
797058145
890632662
475165020
462826893
529705442
40768335
724240427
71347484
371958333
102239049
826831519
326417347
426991876
357896412
712933539
887600294
82527892
494325813
97663647
499052277
258760139
15606598
569804958
621979634
9387225
857926607
382292001
510055362
750877530
645417962
883344338
874810298
724150737
639155701
684343368
528623252
459120774
987941413
584275925
970036720
364938711
449845497
238894446
902788680
971508719
692301575
680109257
307996325
39022194
607561146
967590640
531514771
524924936
168029809
66505102
997288256
786822335
742669336
490100915
129883380
589877825
931224356
808210109
644158981
538033323
828457979
557981069
253652701
151303908
867905620
662415936
195449571
158540049
92209631
976600545
328888245
997340745
752360357
351446001
686170500
669164451
973130025
683415967
777060141
295172308
258099726
353714239
959084198
526817963
985722451
639088052
491687313
311916736
588254889
793944309
866749502
850561727
895112343
214688430
314788467
276586911
710790270
107279751
974308702
931857917
236026773
379817677
646200886
192771720
626820605
595734979
209710301
233355659
625425445
258706393
479932535
243301887
774797377
653562850
605410529
60862782
701252977
232169347
601283085
428026418
891120627
686474217
697495729
101926731
597340858
704216826
618972362
505909877
154192789
616770432
167298597
918101816
801157149
847372805
495065387
707357958
46905825
21003033
842694132
258652568
890053527
711015316
382380135
721353215
11058813
627841107
366044371
468939617
408962871
835116997
613658982
899053645
444036158
99345862
16575968
245584235
510530024
519306301
446704786
140548157
892855596
27433355
976931962
458974189
621986476
77735539
281654689
462012899
598165640
331374323
998452108
300526526
826614687
346535659
898257246
198439750
777969210
990802005
799576549
569272383
989319770
198684867
30972390
249840132
846226426
529687779
482556151
588402166
518142227
847771733
499211154
454884397
489792498
715505510
403484916
281595711
423165745
670622351
915790884
489964840
851932464
500644710
414352132
659967192
346067649
168725971
588611958
175064086
404818497
337614059
991319009
185406521
987961718
948053700
322433749
2877424
629933747
271028489
996064955
70837073
814805691
596284933
615839523
33731833
390190937
437338640
707567903
328255127
236491696
554322710
265700286
484455717
151337714
375483764
207014729
636249426
226758500
472243092
470174352
762145109
495040333
691230621
667867815
270938482
439832451
262632397
489821671
222460714
515141197
19795238
265312990
909987344
627232012
164419750
445523662
843456800
128488533
774364156
503790984
744129988
383610519
763760914
323471343
618891261
742546586
850707437
160183938
848908535
935002723
341568130
79747942
91036218
467225917
275789179
429776809
585284667
801145904
530163241
563743878
725367443
821365060
800319833
107848596
380951599
962163444
347913831
407503757
638882193
714160784
730244264
982440989
698171593
566326102
742742272
629940487
22903823
406369001
877946599
836232441
146281006
982831406
564818554
678563815
887091605
396540273
240724654
37243192
281136950
3960017
535485529
564750227
792381104
350491895
308236481
346675389
706340558
770307242
443892134
48605147
401202436
60126247
862404906
514917538
650373942
663841986
837667963
312686091
858914760
245208229
826367197
405633827
792448394
303290390
317867086
584463073
570079490
373106001
133308156
19654790
490713802
753251884
56477382
534222690
418386444
806296429
615483475
216089065
398833835
175983154
242138503
533471389
185521297
637915327
522974220
98787132
894516697
677252081
179967006
912276651
420968501
669911529
835724120
590791587
278914270
81746080
316674628
531364440
58323746
659236319
724235818
777355986
79474411
978105215
917456682
263725845
101703826
610452022
684733024
9846178
520472812
516994905
366954274
204044848
66537681
850807789
827930617
14273477
985041248
401875704
25180433
137711309
680370870
466606714
238043153
724304889
779591731
899258555
527464314
808575706
2704895
464623379
804235710
52773275
531002330
247732860
732525421
727540263
340429483
640102908
631422848
407979738
65008032
889217131
678105781
809418334
822551626
405701574
150920153
202581927
911185463
126426708
187994923
41754847
82651668
319468130
850727716
955586676
809826551
963743230
268700859
623365497
563017654
980458451
53565882
175781972
107952381
95662766
625594237
265273016
885092530
745683249
916599439
286320651
373463565
623279417
232430389
487249959
327817701
223857389
746965930
500924283
706340511
684695161
46289787
876218783
8833982
329064798
968734094
995113898
535194366
328573569
530649732
60041030
759165602
498397680
286897750
134363170
221116880
782840445
143440090
123448307
505877904
356437732
657545764
239716612
910115845
283196206
767084997
214796551
753115246
423564738
838468191
749748602
847250460
751080963
803275356
558572910
835525581
758881544
335733593
279479595
930219622
33571802
993030562
703923251
70786267
547001634
524086907
677020134
644941900
934145748
816093948
917756997
942518421
486513252
841393669
104368187
25129603
116849982
896574739
923869517
96743933
42675108
671300366
317102514
567976024
174175604
747925365
77996540
77353368
20261901
854650251
942657941
516949741
608472221
889738907
152277736
644013376
822002374
356041517
468788694
971432456
447000614
514340116
659054508
455582555
669375980
781151592
832659249
35412572
542734433
652684964
765174431
377443508
572601647
996514536
714963422
180945513
946957042
700651377
987443796
285527754
77392133
728288757
811506181
917888243
565836198
795043790
432097098
935551606
496988551
194784301
874056109
702365859
396328059
279655531
744773797
979932009
492811322
269643370
555704741
55526351
692087776
638447382
132737945
108930232
394448644
684633475
445169122
843744446
501039897
60248066
863130529
33141552
550708929
406204416
848957892
888743864
451021535
901644436
809085153
976057489
919118751
984951811
315633743
502542881
473824705
776516222
863572460
262553995
133116104
754219602
100415531
910964257
269367080
302713417
767001350
268178193
364804968
420161642
703203734
892644479
543813530
538462429
259257571
434330079
275477824
327951987
229080155
899460521
912261339
740388955
553818941
659621447
968026777
346970989
818078367
889366372
507115473
823962008
967135628
664840590
481796404
72320105
418365704
24258965
430237494
560452058
706572107
933394915
774149225
355483188
638724081
557781065
951678701
120784229
886436568
461387352
89668560
128567444
686877196
638062258
229011415
891145396
455640474
915268290
430408025
129330399
837941100
812971152
993444106
996957152
429555755
935084734
332867029
437020142
882595917
404070823
871160492
790615842
76124603
239493024
610917365
840535149
843153546
485988661
113423113
86378944
510561230
918535277
992626428
268844304
472439174
569078699
298493998
776611755
694758699
825623163
268971702
683103123
604701637
462740074
134141326
808548318
502598205
200024671
857707560
346268851
160719655
405967732
661991649
116445204
396485183
600606240
612847251
611911581
458164747
409162486
676528278
320321753
48119286
349275269
667269370
463939496
415733760
378988562
357191533
830266254
229386597
729824345
473649289
97942717
849414078
325778681
287022547
339060982
720015128
435388083
408261408
83345760
581303360
373021037
750586336
44030195
211104284
795448603
427291411
649915465
139761385
636295756
364636494
758134810
281011967
934346655
814582299
184610642
158351713
403234358
20126439
929047040
405391448
912110826
425505192
878588563
350647848
279372444
601606041
312698565
38524196
347858577
193015579
924532294
535761596
741813551
740238453
918193021
151916156
469827576
222075748
602399653
579546085
80674238
493283510
81495820
42854978
745342213
824627178
790060498
265544547
418514816
684482020
67520312
222750002
687550966
36245647
678724211
981510710
267846504
486949805
104893350
870438585
927754512
899800504
941297956
2959122
947329893
698442293
123554028
682595820
141897542
210191402
477245019
297537378
744394332
813719341
255326536
672910297
106991572
877255222
949427587
289742234
688490591
56214496
706999049
573913128
788454663
60836078
826981982
399741041
154912840
133413794
132975426
762809483
448650148
837894226
850759532
801856050
520543965
481843204
553648733
920912166
208832629
813925598
576562316
189238164
654519288
621813891
103298211
693475287
120091398
716875984
69236373
257649216
701455406
186613028
639276204
308809797
71672889
95710457
45070940
796761271
44464913
468041742
224579197
956009026
971484004
113151441
406266054
37465127
506387626
465897692
569312224
594174659
76457014
678230849
143280932
721845067
692886033
787419543
142204616
455401233
909223740
179877999
367899010
498725763
690764846
618072278
296783086
655472335
72242583
185609412
813713867
753129755
134783623
957827277
891642376
135692081
60727167
857624827
194858382
267427228
511590079
618643450
89271975
797626304
309445593
429030407
81727120
268688343
678248356
219606403
220847875
348435136
993470683
288727111
125005145
920879464
698502602
480477777
557816631
515287893
964265519
464342378
524669061
691751589
542132409
21741779
748387833
914042001
283540025
414310824
732548667
842107670
340520709
64447662
900496521
264302030
716297998
510248703
576954649
740470960
826434486
586777683
681244228
738362364
945837697
109218742
213642059
285811629
86208750
526853891
394743235
845619832
208156869
563024337
153889886
781133591
415918292
26669791
77979503
705434824
64443970
289434793
487521348
899725814
764292144
902845543
266535784
559089014
329050088
495381252
468414681
392696248
166068173
684468399
306236852
354135688
261909821
486201103
563469976
224903690
802763798
306330920
463179780
666636487
406163772
85225578
261108381
876904564
140989820
805863124
399799594
440845858
853476353
38140745
514488208
380161699
971773435
374774444
638021060
759980071
870977233
857776602
32242571
620422844
345896409
845864115
841693520
372641871
871020401
513837091
407907094
89454517
627455752
789275183
339272025
811817001
655115514
96720419
15851519
982633130
710384782
60339235
67384903
861589116
495943890
812879356
418748388
740003662
654721001
915191951
886446315
354772165
496436362
177780712
73734453
64357231
315720603
781280923
838565070
89421991
263316123
560662231
517147366
880930486
346237118
670203534
566521735
319519969
844567005
602750619
597432742
392668581
520597225
961570667
935188941
120336265
917589804
93285659
39585087
98995724
64546377
574753691
608863749
416407106
129948590
384128204
134779395
699836757
938362495
988256035
435811905
115102801
966344041
305674614
791605709
617826762
135145288
844928329
979439942
237935081
788919224
702059025
960592963
383423123
116061435
724514077
441312745
817297194
764552572
627317182
791794830
371421368
500243239
405461391
668374419
511070228
617122887
790838342
752437364
197411075
65713454
382079415
158721186
490282860
543748958
745306453
892639665
747461780
188511986
610272161
966758940
728772052
542159497
412945389
256542625
824563248
970843141
432704978
487789930
488485380
102158414
340689955
380404463
180919183
208107075
340305230
676750146
767394041
628970223
272652100
585629368
799450371
218045103
478454572
595032240
521189414
765145407
376450462
344717798
487243868
133545204
89294497
774166343
773894159
108724093
593422352
844576358
770198620
593702457
398824444
158420848
399941814
392138669
228213079
853194937
804751588
718700395
773934181
513203909
875988130
148122238
965021129
849776447
403417771
32970290
877235169
911880225
189632389
750342316
393810461
266537484
613505524
643725333
949522245
172576288
83965732
860447170
526168686
916274563
707643638
694953600
680072913
745264599
849221500
733783201
168927273
190512386
694023558
607288420
444685617
304199643
305543103
473772710
583054802
669576060
702788881
624616616
549765109
427181348
385949546
94159629
210931768
969310307
632945431
585486867
938232575
935996197
706195777
93294790
488560964
109739415
149402978
503344545
261095316
826250708
910748214
457888362
581948005
319018730
234547749
798880238
921376492
181415753
985798427
496506117
872576034
143393266
208226600
932420074
770482825
561661600
186085231
145276179
90259293
967448491
361555119
465527857
24456020
375638760
319452075
17191953
811611937
244483687
783222131
277240698
352556181
1041601
733860824
353989072
930698367
539225213
338862408
441493310
759073865
821877711
480192308
124050062
717293462
34178791
548350497
28231784
470073660
822663453
281156196
777480397
41254216
429106803
976932816
851836056
630007363
19066491
349062816
497734847
423722665
754247647
422024877
954512487
740100668
437686332
336661109
378090738
902974232
986140218
297159434
799353596
2531926
575509440
63767986
163534416
72984507
50752516
302874072
837227661
742290137
674015441
142159651
634886363
527528862
141530827
888527497
946557866
636926309
239043182
407992874
11826075
26891558
571028504
637871212
70935753
860825407
634722063
734002807
411029865
139788188
740850077
877119861
920565872
200558796
3889808
422685835
960744007
180826924
387756621
153664804
964464494
854113694
239785969
402799295
344261079
111339928
230232846
258782508
966535232
413579256
645474109
702395695
622736939
747430883
931620858
672030804
827007756
431895513
539936636
661403553
372162421
500613144
585672393
938071666
36464352
987988243
923243107
495294082
48090215
284818993
686868307
422125385
204001360
648840926
139643763
322899160
582000586
820707037
434397896
320939062
474200131
267126222
180798542
566548582
556948272
25662267
289841805
475590115
62647114
198665416
38130829
130143083
566795860
229678593
58126879
878843537
502585916
895855986
64470677
347500515
292277966
369266258
299230708
260676206
113515167
741946073
334084286
783563195
513527936
880040605
848292238
217041097
75431814
529509492
30318259
284849133
892701705
292497924
721801305
867076610
475794358
972717491
900743319
266659588
855071755
93156817
25751971
6282560
14652809
770170320
789604818
685784151
284848493
321532781
438043269
951992175
856626161
871214607
158609557
97267797
308930808
239877517
230848682
664116772
507490569
294739930
481806752
795468720
764196806
485189601
131534523
572060554
279862581
531357090
205055181
701693883
663267067
621989748
112531297
905998158
606678298
548029979
418790648
643793535
951652426
220246559
272699638
337407679
660507581
333315899
654519873
638179963
901837825
302432816
312175967
25612517
295892808
791421983
612245433
851349580
288214100
720316771
820952660
163125136
679690259
367886085
203931750
315920095
372689809
106891046
571240118
660172815
683465241
163168235
933241387
731101083
455421305
571640924
772859513
241256
267299509
329898146
575070897
528642021
6647623
497793340
281164351
777736626
49947760
918939678
460526900
36879176
340112606
552678410
742387988
899238640
50276321
273611888
120966294
622422802
166959689
628468533
931622288
507423750
734668422
119586604
173008181
378127179
889297850
551471888
415798865
521787749
163874008
213004512
474881722
474125633
486145442
298523281
44219136
242645244
746526821
487200583
843424993
133883267
7864439
124630299
735280810
926898654
325986094
87541214
671038806
293335746
309309470
933462664
527991992
249968941
975353125
676511658
523436010
369737721
836493086
447143596
352587909
278871885
628869480
593489383
477072808
661112600
256518704
556846854
108690908
350839108
497759584
645694861
224578200
988527223
435837312
251823000
618236451
194704535
388578333
956692526
722661371
617650413
542493075
25322861
236045199
975485999
730391760
541809750
418402694
665032480
710738589
595710313
126373548
147846280
433943178
935370055
14194174
7041361
66863498
473547541
544919117
539316758
456304124
3021049
211760845
655143083
19470633
211668873
422290683
850150863
202016821
411047193
789378067
963905392
56883808
76089336
820013844
576585446
170402616
266423908
487942345
210750131
48257267
997376348
105693680
106292812
325008695
687889048
156441847
636264593
659003490
701071343
964922552
242689664
335012124
4218967
724245096
326412158
817220518
253817374
805196627
74376689
798962380
311936978
634384485
403309256
644949073
730904668
6526187
270033057
411992238
684605104
370961687
944757094
584552523
519550003
233385819
365637541
142837549
193810882
141236652
253426177
160855265
213044373
58472100
771375215
715369529
604907981
764761542
295938548
749863796
450246292
557233876
114693649
212545962
935148960
861358827
968333320
233480339
24458044
864400647
513651634
232765313
835519571
239095373
216927555
908630775
507666136
308002447
334754624
717054459
819853811
760436737
185780131
104152690
642153016
473765292
473392589
733611263
479339169
420013295
713604607
54610135
714312605
806701366
797325997
906061958
413116081
664174621
329819740
546139224
267392623
930452740
632267559
721417813
682237152
927934607
439383985
412473052
215575730
619716461
316049630
290723979
109775761
26375838
675134176
210670925
868798178
277711958
599929266
473104104
325691402
57807030
529514037
884837625
353360100
811757302
399616712
166707342
301126567
308774399
916974971
573272996
341744468
283289749
350521822
603566606
828673088
753702231
946405672
258558073
81690676
252305822
542714640
217334145
364729547
235844085
832117997
929742721
954067467
517850500
861261171
244020884
854476252
1066623
339043662
252449514
111776551
237074220
234180452
18418652
731289690
999498917
828167792
749357106
581244897
996338513
231362378
617178597
523957223
429304007
344358100
386051528
483129024
599059423
793917832
441959315
968880741
503327469
242764900
565066957
611737941
296001122
902669431
723697790
463006499
669205456
729723105
92661382
866075038
634986718
352495576
891770899
211819681
956878663
454718073
553532051
670354346
914194207
309461551
108785993
320341841
395190198
568481069
335796103
216629530
940539041
826271323
526378925
667094326
887847273
534776660
98905570
501140289
410616180
862300482
249760512
798205368
616107754
732400452
491092662
179524338
264640292
866871539
88858378
99576900
73624668
242489986
975156476
835259755
832827045
417657910
221526295
913058319
944275875
390653866
132617166
334107855
333273894
263955844
970870434
826497556
287167500
864704410
375963807
441545016
956196077
817466061
421774466
878437757
224183585
728617501
295393905
906216093
753662294
78138530
214076202
11565002
630821625
682069638
657451873
632217412
920436614
844957720
126554253
948980765
311124615
407896845
523863127
426390641
715061416
949824253
46954530
815590378
155042829
174724608
414954061
644884715
748162227
326224106
430935048
730034613
927650701
667174407
370316082
678834486
155459439
994336786
90962723
507672358
356558983
464967999
128620370
385094049
66072467
40632188
857241912
624575768
187245747
903102166
755523573
598022546
936567330
468768259
104028249
573242075
502517079
413876574
408371258
4378064
607629696
627859253
57950686
461159809
609593669
120379441
714257
919427952
203850310
737002230
894904617
521817612
18368778
489302958
516346477
312846480
489549732
47883062
617474441
625285715
5688200
113092952
885691400
420705191
181393273
858029143
473687378
29177766
736274337
890051516
379829624
341922001
624670986
166093781
928369000
571116665
417599016
19962479
567367948
888246916
582645326
802270703
93869079
787142846
333986414
564850756
975673180
906232154
787836836
281710814
434080209
122736916
243444415
213244692
665173113
848495829
244320497
45681505
711478000
843957662
953119084
869132811
37578541
543752151
728164001
918057461
945329503
541758517
631364595
942130372
375923528
131691731
220078078
895181470
991279175
859292070
746379088
871886035
836543754
333823856
150843456
67729928
152747612
326455645
866461483
205174905
574948626
28044702
488244879
672377579
738067023
633643691
137645916
809172141
528814492
101894094
11023311
675476854
589029200
949236491
998562531
343760515
314425015
314097665
676985045
13711812
232188591
816591274
977333754
415593292
539321391
12492738
281414722
606665849
234134759
609978985
245634410
432937922
558288038
659524134
8264201
893344310
214503815
409784132
8318938
994513654
789286907
72927246
880646466
791269782
606859188
687909024
617180916
470428773
371537248
304338164
246532182
592612778
697833755
414745917
847747388
388494160
748988046
115868632
422788457
630407273
417677355
56847708
668252843
897224083
876184750
992571028
187332651
755112026
928057824
260928678
858480379
402799199
774105481
598409508
227378534
980994929
923255716
785612560
23436461
82224230
229201981
962849246
904519024
915185223
72025859
219866820
473285922
727394653
463453815
605718297
383563241
678600059
392584325
504214886
943058819
434148649
138848603
649175428
500445278
862031944
263316123
560562542
903397199
851361432
552461475
66139893
848424102
14922612
685573457
321280790
903042985
840384201
116627575
609502368
447539290
985036780
438011188
460117938
921070517
222744102
657797308
751614462
652251446
8050629
2647125
116848557
733512930
484276887
123791103
359112950
809921808
905644959
656912498
702176518
616049748
376315476
456995083
865920454
410549483
961092051
269207371
116975449
822550917
287217716
161370273
318582149
769358752
127811024
576754976
227442863
444479072
414339976
597317055
353045834
726924977
321241812
181569605
528687774
261062418
429474573
72956654
734190257
364941765
807976958
808478610
195932603
75627738
201942716
558079600
399784101
616399242
507679643
400980223
87329857
899274311
988804261
5448558
931763230
379438367
963343353
197757084
202368094
705611921
125085277
665783029
259068468
967986757
992112426
375280022
551396045
613140822
196584235
586052632
43019117
974129676
134876308
576496080
958935866
931026504
56700832
694484535
740208486
605483178
470128601
186849009
664155687
902443252
320609743
132433977
913646879
340514565
965345774
970492798
3315389
635516266
53521308
431452973
44489363
41389619
986585416
933080375
627408766
324618187
988761072
306020550
724009831
145091716
301278982
179189724
948532135
537694934
444261927
261781733
741927155
566663662
353137513
665963850
432455376
803972567
56359013
361922973
404536544
363072134
861814699
672782062
428370613
275066179
648583019
399752536
120356479
606102885
781686354
206127831
841762940
387787673
852266906
371035105
203133203
485531634
965419435
665508601
835328294
13185526
31015
275092667
546183889
719950399
201416222
862753740
968451833
987778720
585367708
718641798
56578227
277531589
951636871
136351343
338192639
693560697
227828463
409726179
815794913
602787115
115439572
520391198
185325906
516644793
326708439
654981593
58945142
541924183
408229175
278090936
409416280
348847618
981079030
614110551
418550231
610680167
594106604
138005519
848650119
943368053
420621867
896860449
110719987
619069784
367743710
332625858
97968925
933120823
713419722
755009023
98092689
325240989
891609262
556590813
916085240
743617087
595100834
388510142
461445356
141023039
150303529
403650235
333457381
123745979
75120963
622708183
298001072
702919396
539189625
30943880
727628273
213908895
989279952
591197964
217251875
796959178
50603064
476011793
676236865
8882230
186585224
917241427
115425752
453288286
386194060
246150222
502509817
696158330
279029995
736520121
495139700
792811777
122819885
595655603
80953578
169898549
961495046
327193493
200628303
998066726
127277262
536865721
694591187
938943385
674266788
965442083
589259613
936606261
58324306
575752769
449717785
867342491
232486161
788407001
355339552
338559852
986602014
922665362
392365385
501048031
73843008
146709469
414552324
762089117
496603806
564177880
676534836
430017047
139846804
882764835
76219224
299078024
786201054
459878847
865104993
606394058
989344276
288517111
832016235
86946585
358366667
855655145
311876801
396353687
856929120
912684029
160569448
976144110
22444587
515353754
5418483
198730874
508866309
606718856
51091102
375234261
613589617
537137444
859184535
198983154
363244931
923603571
821377294
399591918
177621453
555960336
972160828
142703056
29531183
559110066
280837432
577801706
234301503
920761095
216679104
769096420
631642430
192314423
753316662
686663456
115588826
818109853
812340626
609555973
111383110
797845329
839794652
427327701
865866840
544283177
80701867
250412833
634644355
274066969
770570406
695759866
767337609
444787240
503018462
50389606
433819096
748169200
836053704
707580450
742245706
723026434
285560996
926895150
538211975
46208998
145613110
80928845
853769076
529079726
215169508
845113100
121615453
242497768
854121543
552266411
906825783
346430447
40227591
644917802
771152327
42169546
752427002
376572515
460315036
614746423
758391561
351521822
307343721
122376321
138646348
757459418
50568607
357399238
2393074
180316777
165014485
556741555
978445448
445095629
737126816
102047442
899210041
533580176
989745111
497537068
765184424
380170709
53262746
882970222
781365960
437492482
593371890
2981121
314115267
260894013
821118276
723624100
189581993
858469312
358080932
850322102
971272539
154349574
992874670
700017506
272669182
585956494
809497063
328852893
717545233
440665806
730354732
538798191
769166002
356445298
711574329
856885677
696731151
29198008
286057133
704102116
703191674
610495871
270352263
691623944
59182939
69514220
621336014
606281992
300649016
509901342
643763393
204212534
557206705
869049910
984049094
850390415
258096065
127476126
730460515
724871867
604127043
240352310
126935801
283523623
495445593
27218077
188629314
834088896
103537690
847024216
756253068
853130949
973874300
145711769
743097821
296561793
420036196
563547712
132994545
974493575
719504134
173169939
863786852
44330460
366629825
884086408
72665436
462860368
923778911
837555717
762308669
510960385
821099271
350281372
62902318
832224106
604771984
823025216
569077355
398632881
549529223
777808632
468177641
847229527
262495302
896229379
694290922
497255035
915477722
346967483
179653566
929360595
342949762
222608131
84728621
434661110
642250774
76299353
856416277
171775014
535257259
90577599
596150093
533851633
734699391
757115597
370239262
609329906
607386188
420690538
986005995
890351415
371681430
390665988
698761735
862372521
718915764
684244514
322353612
844081792
236632874
640629993
647775023
670571119
928640729
940085076
662513899
425201151
603855181
449575547
503857483
357653841
517514561
509290879
795669817
309176367
858601944
424848611
686965319
281265057
399294226
945143137
853160521
429962957
413682749
598346577
756774115
463103029
144439184
592140609
708875959
561262684
974345506
983410144
996049029
752906140
332475511
173027957
964871902
640704866
730485966
453253329
382190033
931034660
664373352
933242844
388715220
359437617
453703985
719136653
216719800
760865915
725431594
621576614
603429583
151261966
458173424
475235925
772735016
322840433
6544591
671515169
574204965
181555792
740314438
294616373
508999741
701831138
676742909
492632436
791464111
761448622
593468683
787375326
561632793
198756281
323958952
821313371
816877301
973736177
57660991
576396137
865778089
39781654
438463450
532264975
991350454
661378797
1412995
432002826
302961325
588564783
271501694
570378249
663619249
2442315
172900114
308325426
426408858
652007364
435017929
720834138
327056742
331011778
664906502
642121141
663101537
231304644
833449398
501954987
993419068
244522883
151761652
523126051
246923750
151525867
74948419
946383279
109328358
558410873
550521226
557405506
300732487
459328986
221235017
618546528
519810968
330570824
231960772
539693415
744664089
221098130
54421698
388418048
660865569
510714115
469584818
549773200
424154776
497313061
328282333
737263036
529789320
390343006
411617822
640568459
202490820
102980783
798819395
115866385
606026276
933051713
219896962
554336434
726177059
493554224
373056937
203762374
531781628
692209006
807388964
46937443
658789515
622741418
936346559
593765182
687525266
746370386
26572977
15743835
274626432
173438283
646859755
820297459
143735324
253770929
641569950
869996082
318887912
503821067
818862914
150343591
227684041
954527018
232981318
437668551
440448575
511385304
572103749
950469031
957992104
345663899
709633791
25747360
455595256
370141908
233760757
104161151
751952897
89128956
31713954
94336860
339824820
630604115
749010169
487655727
978830961
311541062
195136918
806577526
540382380
234944988
582336640
969277439
984358532
110116075
70652780
630407273
414461410
981402545
990400921
217001570
789287372
70442152
803501789
403403209
153565549
776782333
686762348
161490635
284667581
162415638
551883006
417179
124256578
801489160
918069978
776506520
858269667
720851574
744261086
850682426
477011626
659102184
473649751
473248239
261966778
924388997
527796957
937984301
566308348
63479497
572897743
753888891
688265731
408037796
961859424
607746499
951348620
509180035
680171641
79379693
977158944
883089336
182437591
870713550
103327208
933262205
925184756
547419831
250884223
849306611
677521545
621912474
505817973
641128202
486658974
186211464
474044963
543864564
903304082
461917780
963994073
232725917
832799249
13633450
606818669
751481019
93887489
553046997
932596030
907624265
100242623
979362558
876624482
865139957
582380653
710743478
341110960
190618421
90900342
686757110
161322258
28348262
152930589
738403449
246383076
495468624
74363754
796518475
242678301
584665661
385089685
245733263
396431726
123932413
64973874
858732027
187614635
164461300
448684196
697465942
728704870
381420196
315993403
741576274
103241614
598352497
682137867
304956477
325498173
872947736
848063156
638439288
248886345
408178371
166905130
220563896
285948556
775274289
127828581
146401049
441564255
515962783
195222421
894162661
380009811
494929793
964981073
561739445
695788990
879454333
590225074
761257295
452551811
178468347
368840694
474105132
755308777
2785775
546703838
605245930
432070582
314152353
395777344
108927194
647512833
539951865
636971211
204294678
307377370
284814157
290658943
773188657
366710641
830208575
258306242
670404895
283223394
566489286
883986117
173142982
990743331
499610745
710908479
371296967
319454140
721677344
247099000
796359998
54157398
373379370
123661485
351539093
3415522
450749953
321920625
440959753
164501123
665811686
773261583
422435163
854735365
819333404
139604353
87085174
542367882
264397506
863927571
338402518
151441622
367675431
867434334
516305506
434916919
956897670
379383939
824087560
41961038
867824934
903558984
798563860
998298992
870275165
932766928
120002988
407908890
423869715
6332072
540213110
618347984
888329118
195621821
875985466
893032788
880779944
534074227
493059481
633843743
437395195
3828342
221329964
428244494
28460034
668923022
190809911
653567057
447506276
46600945
140681402
240775521
328252084
50704497
125765780
570063466
913568522
231388232
603513262
946466784
277228459
472022705
970524415
291001152
416654073
410560784
29354960
699684152
28039851
964017195
931590018
528647509
77405553
512699035
542839250
566326798
417255722
672410850
352854436
640053781
150893332
932169395
685390276
167067645
366135733
420328920
551874440
228462798
688415023
689297031
62756984
814008478
323988239
598199536
571285446
496512175
58433353
191075439
656451628
161247205
686579545
152619125
873680679
485418930
830601453
131717225
428208838
140377774
572312749
599178108
286569183
575769420
791691682
907810782
480023032
538134746
252700875
986502714
968354073
827052904
376029973
947020015
706135570
378308598
383919493
709692765
822589684
715428089
198320871
446331396
288073383
597292648
83101024
156557324
664623920
651240197
808240454
638370305
310326612
124321533
414460216
981465460
801682977
203695322
376790074
472244393
61264323
556078402
2933476
314013450
119754611
34350698
865635470
771571862
126762742
680606961
868236360
629841583
547262471
814834600
321510768
575113560
703437089
281035128
927330190
83529694
37778038
119205404
585598157
945324504
706434718
296768899
700531945
161434790
255711086
466628111
105782748
470387547
205520333
482444929
788177237
900221439
398000325
525158680
617636538
593702457
398824444
158170102
484676653
18918651
658278519
294534105
131718798
376922246
179244907
151391337
377318916
141947698
278778594
399371017
235339178
215385279
791356200
551018238
214664589
989170038
255433241
721754545
904643369
610976952
703323732
796978382
497899050
927278536
606476684
517816843
924063902
779196370
692688793
636476603
373082317
272432126
556714825
70013633
668924968
151872716
596326754
834146630
747528222
455998074
996978491
835424883
47768251
703791859
105770053
198743024
22053750
979174166
229345488
303778603
386072919
488295228
731453152
586316557
579846495
494094229
517581434
656283632
841017581
113574405
867503526
117444756
989069021
48198941
14462188
67184265
717708115
738457093
284838848
341565443
937042589
190540071
614697731
128522163
977973045
185820224
617909755
722490216
745424959
486361311
699500968
347540757
229154664
165546657
875289445
830659473
819512968
862644746
599563056
756136901
572300980
686545139
498140360
776576115
888369133
563198053
550785422
512481828
231805699
528558009
47797462
460495477
758758788
88444276
621560103
994872602
815837392
130731334
185770464
1152510
628827480
98678613
728754837
399477080
956015734
158329334
98298740
782558108
600620023
405881325
735085007
671157306
551970318
255112397
85361647
825981466
56464394
482962022
548301185
365332138
599530592
983322292
619464510
234687606
588007017
608027280
193826417
260895481
88360032
168023060
896713089
559786515
510551704
935271841
793949596
480099409
839994011
706280688
239684243
730547333
438753003
593387298
736840332
460900128
651758649
950064408
713382124
3528859
916126281
94652976
927976441
171398906
933161136
327315226
59280960
182578739
849892586
218411672
601611058
67584566
758126013
458757525
887017654
284228559
198380383
941195854
166539667
857369704
160472969
849714066
630503642
115987273
190383718
340847914
985670091
973304131
794364676
70249673
428856323
616336519
978284925
434383250
141626545
153310553
540766616
478488352
218904442
407756594
754208614
43492057
300910911
810526549
856904679
545372192
517839035
611052853
736010637
753187902
111765596
55682405
494905041
8231072
634973147
662342933
740647678
981470807
247740175
58767432
884028803
193031911
6443024
917688200
208593474
957633543
449580077
122497982
402846813
509420508
529523033
906443458
691026664
208393993
874147816
943108336
24497842
436902643
881870904
686511727
951482653
161496478
71015684
495535967
230270941
798860044
459394815
173753418
427512685
147383073
342550086
101021637
561100173
817767070
973448549
636450328
301612108
437642004
565375191
192774030
985020345
743668114
892544307
567336814
207349941
386844854
610935718
107775233
693027902
102704330
488943372
29090992
133532144
619436549
687461279
248151232
350120759
836543523
804590892
677897729
913292693
966132128
862248558
708191428
16502890
475946781
471342795
956606952
287055023
469150706
877896850
626048505
752372659
288610800
295791260
845000373
115638639
264824298
181281857
238586503
199715607
62925331
420184925
641727101
810455139
745956010
615772498
960800274
237234290
360341880
616397693
322224568
333930654
52895671
290874127
147242408
770892781
669415138
330816312
43445269
629537564
860644746
561862931
879171207
209919430
742338245
357465821
207207848
295298912
996021332
367797024
746681675
676604477
979123247
958451603
272626073
589352982
514486958
254966439
732608828
568356083
983436032
530111985
781480369
837179238
572467371
95398134
170483922
958535358
184017622
819309250
889829559
177194633
626243285
477535839
822643024
84943150
205363918
906939806
333924126
36251317
97013066
630755230
664735988
240678044
766895224
896875020
818846016
596916374
648578281
327461843
991089706
516332160
504799196
642714210
604009776
567480945
792668067
705925521
106667040
258203196
492302038
386882021
203593869
284633995
972402510
471116342
512147753
515627761
483077169
707559435
312100304
996585150
987200030
221942393
444535906
125593393
904257347
698451238
875063758
777599042
957833430
444833265
52462995
413013610
502729209
1536844
710664723
416585947
798159097
433624236
233485174
583020764
688106679
551893535
763016122
298015320
583455747
1773109
954312936
150716398
17188726
139830554
726274626
133217986
917897048
799777182
35065085
656939326
275961086
221207295
65463771
290669496
112634070
703714517
538989893
327524902
545502627
246661264
581955838
18562200
468277188
176552203
397372320
669734883
502704229
690943364
537352559
40290239
867835772
872350084
628008406
353871598
374783822
610264824
537047691
96978662
619315164
861786631
416813599
950291524
379001357
371342427
79467730
566506119
174434115
741685290
912220760
3249174
463413311
223295713
544176567
648062633
921313216
812866384
70599419
502310603
522699451
548657734
620337001
797479625
26454981
732145832
532467920
194428764
937421093
925699977
706755594
699633097
992267520
33090533
816962927
668540814
851356599
463777696
367502794
913880268
371902436
317115104
493590693
154786352
143357300
665068728
184052847
50618636
655690667
671390930
703884743
387349303
356229916
473484362
132638304
125792543
466602523
2589416
425252329
429524204
882283933
623105452
552407378
627541657
340690381
3889234
144580737
830427266
281312702
581589161
227897167
746585403
62995468
789076242
925643449
674588210
30243303
10319743
880428550
347779338
766131844
621938994
41626400
165715411
704214102
77530174
264330847
470687369
511179557
43093798
658451407
805743819
647665798
644673284
380836317
391972945
937838881
861144362
40443800
84507247
620040875
861932823
280430177
591872183
11046837
31181044
574894324
858963075
719433857
242820468
963278406
559758741
18774798
200863425
675094884
892653533
471964825
579609954
705298813
544034145
431980810
467534499
332897992
400272921
43087622
902748839
792554566
419137245
443213466
600746554
370312165
868189612
295458476
514228737
156352751
783297284
203795605
104335738
477214859
525715929
631407133
340688266
899449071
671171903
334203862
146980406
378850641
681128182
593874389
266751920
150180532
913686721
578438111
12218542
518457724
495965148
356340461
666195175
520592406
490776818
734957939
974178833
779984744
750094087
824616420
409459023
263490217
395124708
117407823
687276441
733402854
669117293
316095589
465429879
70036159
848534003
307550552
100170945
442333922
838849608
357037740
950317315
682812007
516193253
813587150
967399497
712140637
671080726
151397838
875278164
784278296
359541052
716131160
51267011
597371596
719492366
361925287
159790647
274129643
681995413
354841815
552363088
824777161
130131783
771575284
239424065
238821418
968917889
824120900
334315215
393138979
461766055
725210082
537282822
833815630
517954516
844729164
976697977
991204456
678973992
142513088
978515229
834885682
78349627
995761051
480553994
688725812
655159764
425305794
826006129
126183403
305335975
105873904
287429226
764982847
443815917
566370797
994237664
36515427
354954315
888263523
408021968
249925861
971074284
975155541
32151887
341691601
628767266
106768406
53147622
41269823
817373695
674658041
532125002
865216465
497952279
31888893
709103065
863610138
109729453
547776968
944438079
490615158
48931661
223297551
311215004
974327746
909829282
73363589
776420216
583584119
419258542
488151080
496307159
600763088
144316744
378221378
401433131
285187878
632519230
878189675
81476654
454757713
969341984
24622788
624297048
972053151
800174662
150283472
973659530
284629718
610202714
840391256
619161467
46238716
414787472
572004425
487874883
981714485
577322880
123817132
674642570
248132959
215528153
278156312
64136943
800947183
616043985
293189914
982225417
19258377
143182208
57393170
791140373
438710603
298168604
313126417
326713768
354834073
431017051
709596721
572137810
303308354
625640540
692654085
967009624
768993044
461084863
75415422
248535266
744763599
182457067
598740339
52895177
311655931
884306265
190703733
891142694
192445238
943634166
250124206
856596483
665695034
377008675
485354869
394859703
849230340
320188745
35919202
610920817
49856381
746208630
17984425
620202291
720529236
15260085
846980884
894491748
843799939
588028383
82972845
704305430
503762784
216752776
389035094
899947224
566433712
748023844
121203757
984023795
634410878
619722279
51832704
201534995
473603177
137068656
975956828
797342972
944342717
102894276
780171153
530174530
126318671
385300559
218549903
924824354
136441564
848547787
469219771
482570959
661247367
916199777
926120611
941561366
813920259
988763056
523495852
220851059
592515639
595154101
28403514
586079585
12628444
63228059
616463273
779901638
320171775
713575889
397951312
479711955
52412994
287825355
293639930
205462427
531997408
754932903
747788911
188052303
229243167
109555561
880404334
291024408
577007503
846701903
870056677
66241730
725239916
322209605
877420546
237554463
134081438
822668398
815794194
624997746
613815822
484552169
157706482
590923601
179669783
406090652
433469030
55963481
645720381
937316822
914409991
864554954
721074534
757982192
988753057
344046430
2654801
84205359
70769316
181471316
967002420
148563464
493638195
869706378
404915049
124159734
161642840
200689041
788279239
790559860
295495295
44019688
987001698
930351878
734106783
629051979
342167968
568919730
50833007
867551757
765939157
420699370
176455533
172508592
77265172
183471259
325731128
705375297
400661055
987516138
321730651
866303440
394735634
571011562
674506962
402381206
40739984
586554365
974516546
258359439
705198453
465374465
576016814
852254938
430929886
269590593
780355418
762811199
348595633
472719474
656008721
651406077
403195313
204838128
694850916
808622492
634219074
5660117
728529067
104166580
944626804
903225544
198012812
434004977
329236004
339415226
629690223
189843677
430881911
869642178
450154928
734934153
594231285
95840370
842904450
309451796
17243894
719284064
564224315
195815027
493027599
459359113
127032523
81430862
838227525
208028791
123426163
392567052
924840348
462186201
847537224
64426699
861874346
178816293
537247580
446350388
747731191
619288690
308421893
80955397
386822145
850197353
699952033
675915261
482519680
139842550
820674289
369887378
297880383
261883647
781304286
607096859
321423112
312345351
766310416
795850996
126573679
476308847
283718646
20907603
745432763
456577145
773122460
311758403
496270615
658330938
252660285
892587301
458438959
205650089
215509127
25745358
920835169
293266721
602346866
509173158
993956920
836699053
324824130
880695023
640345703
60212461
176243215
281903782
299533678
287652346
592653342
717122442
123560102
607567409
278924228
768748149
350957776
224556686
896704805
435809073
318262792
386017735
189525847
320339626
818570830
263725238
868295498
148571947
815320547
39802123
108799241
963127030
225666133
603931798
253965933
865440714
79053521
783396545
596655104
791344077
876641070
421844649
429938329
819334681
919140012
275485025
175901914
674490875
429210822
900233718
758855580
683499299
537482425
181831826
324837249
843518239
153216818
454120566
422606422
702980298
359311755
483533242
478065093
342982376
666935852
170533285
695919318
811434598
720576236
212952888
92769044
812598762
29354398
132958806
436523218
320457362
425314355
817828576
575767278
814445961
184582728
242629545
26023291
585311213
277746633
373185736
279491347
202223318
599969358
93534583
451225708
211086683
604140827
403581621
209059077
19702952
229646988
212512763
841044386
803418225
581779924
141031066
204348040
585998715
945581321
11049288
993539642
49792055
331693383
878124060
712982176
95422615
627715134
775938059
926764884
601564150
550341028
847244169
254989514
776530549
417409108
421557296
725690624
608279827
475512838
78133662
360098832
951302897
960993323
578932603
677504482
659581808
33564219
135747996
183820204
195851602
833459292
520892200
906993768
348617146
940328170
714443388
876032574
737699435
655249699
738835336
30034557
564439406
106576748
966883646
767597312
305969605
271624844
966870454
867548466
317664277
506600245
295769785
174476355
581327266
892998091
24329270
977276477
488692978
719959931
663626666
57989094
585798146
864610204
722787334
80512968
227744967
283180134
8473321
829701143
12788776
55805643
587552336
53985572
628743260
783574444
974629753
818561508
703649049
177760076
368156603
110323837
112852103
81022527
60331304
215250839
56394027
93080556
779831360
221467072
99466228
651311449
187957248
151939833
55003533
85736598
215411517
195790230
202596268
871649984
72903241
703242491
367439491
881871775
340047110
308609443
224743838
533981211
898286399
822446862
537953139
720161187
915598539
805421755
658814983
227993559
605154565
96987881
273042688
530240500
660529313
415868820
952627790
322948946
92676024
809826572
761859730
840627346
370921347
153006660
88191886
877135812
758242601
958723566
355372993
127770245
528786089
912362674
378517932
304332234
791617566
881029662
878841575
588957584
168448559
360972773
768856083
301425208
958794635
671428446
413838634
530672507
604942934
533691107
237126098
112935721
716265731
300821185
170239979
757929109
835192050
752081130
51905165
94661357
239612683
814636343
122368215
611514851
626500556
159007103
153682223
554358749
949862880
233888285
136147955
169627765
113900846
193837070
99943455
711202993
377199597
993267039
394717579
667817464
494036300
711879469
904480673
439634683
497328475
866590185
687285227
371208541
281284249
64792071
155285523
344864906
276811338
513616458
266979179
683270860
168222139
544293311
249823537
745995367
795303496
434654879
65566674
380567776
21168593
528061307
3154418
418814549
29498624
748849260
828175361
18304748
249572175
802622145
7880916
345753598
278877614
25015868
716898814
236561682
579768185
635829327
59224323
693335478
482071665
70719457
358654382
560077518
706315459
151754643
240660697
805450227
885891539
250888411
101577726
570087086
413191643
146609928
889887204
633797699
866522768
397094192
229902346
451240303
824666403
930582626
271836993
775235787
749854794
812534813
588310789
507785893
447032301
349234241
445099744
982080249
600356536
486436476
317226966
625589683
738149341
510812878
965252841
605680478
672070669
705932311
70758664
931771766
288655490
534470494
792069084
821408850
160640080
359055512
56808772
253509830
753212110
748901407
702731426
756179240
277625897
839206758
280207618
901698134
100664527
908833190
534568795
633388278
253874997
627453107
239278963
482931802
593273018
826063158
970813396
700924179
975725153
498707076
804884081
489759944
794630400
227095711
384936114
232971252
840853887
422364986
803353682
672348854
244221782
782796570
46155279
520709455
899543665
132635479
9503660
692372858
675549308
774298988
875121419
974035837
418086550
580309557
499530578
830416729
336790977
438900147
89614854
147080082
767517515
359891882
475345834
401864411
768328882
371918661
382783640
938944372
614384609
51273841
204332342
993768297
38528036
876432210
721752827
176973060
232187382
69661777
591485048
462660064
16314295
75790479
694467190
312181236
472466185
144035783
514605334
740904480
364854341
640668603
995081207
980727769
168825482
471317353
102254848
999257437
321954298
200843315
665923688
983720837
949553707
26808889
892340377
140918063
398451849
699870034
126486501
496763738
532889045
8694006
243229236
145039531
344696009
491893600
370179567
355136860
813647018
603471378
965777947
284090984
209491092
112920403
938978372
180768355
439666640
695923057
360293426
659868601
151765657
275195822
418062103
308349648
44287276
244746795
302719552
954244776
262172252
649212508
863091907
537792243
31238809
317411071
775556601
636750059
650022971
953957757
509448958
494138030
735911284
435521995
122444557
667616164
688579630
282380105
297087586
811478195
943963112
692729819
709456528
904132584
12955432
641151563
383967222
940863739
511738007
657328073
439513530
106459628
52676090
424740750
335154942
83682616
54560837
647991589
214237440
25707353
92057252
179895973
795460995
229553512
485016770
369726751
781344598
295800662
234503404
929776938
721353345
185932734
462434892
113241073
858354779
247160988
369614688
785976429
36917425
219670812
28439928
256043659
191516223
620251743
502097763
71678744
966197731
238074271
576538735
660941392
823208772
961628937
882929283
144042675
401734653
649273717
694500699
625534863
740588278
87909914
869805325
752215786
505710987
349119940
774336467
622466931
941488784
384189153
92423349
915025755
258451657
800160814
1843168
112481252
843050505
6421312
984840353
138000649
935341044
763634743
299837862
32364197
224141393
539642030
914190849
512587631
872869441
943974228
707544813
853853442
814439581
203655111
29647430
202203084
60077340
423241710
813194991
517031192
120564458
88080052
754536157
262473658
72615382
286342798
362185653
367820218
48026372
765720780
16005854
357012769
890055713
995853855
887681286
389955741
896980495
472652723
440373952
944058343
870741902
342019944
825242784
779289860
969654459
562408887
779642553
478893570
226886264
997852342
176235655
403586572
596409369
154833960
419204272
816260989
274686430
612377129
550711330
257167509
728643622
379647168
830162757
675216267
501457654
169874326
836364674
645826763
950507875
923711113
193659144
570356042
599298039
942615793
978911672
883326711
254869117
3188537
800317385
428583726
590670407
930682803
191539263
561158221
930701691
42663569
890309457
259734399
270469687
109944935
433755198
413000483
497438295
340458254
211638414
243340895
379784631
313715317
402458148
821172728
352504885
590655821
259729058
653698501
676159367
604721436
637666963
733323763
692578105
639093444
745696664
761964419
643161322
821116454
614539333
629119517
151951774
929291514
585686532
165491418
912596559
900760954
871509938
803486692
717334818
452638528
681271214
686329913
621207547
454120566
634655086
855591945
952206145
863259409
249849421
974375590
553660438
50474566
131633996
142406937
738413971
934428041
267294609
950249842
802707200
153574209
548940130
774963547
968972575
829931533
569607382
224856003
22290010
702192800
708738233
558096758
92352478
630986223
859629975
447896797
503645540
693198986
513216320
697956730
427369428
553264034
762824185
238715307
745154887
965412068
656226769
429884450
536266274
969120079
855590513
663274947
76195511
456128169
362949036
534631784
334444784
606475632
748886427
785950384
712568480
954664905
688866707
34534822
115869991
774691580
585009279
926781165
957555975
742284769
912044006
338046671
491944357
516393757
99852069
931631248
13760996
629480056
385735865
94466345
495379300
720014370
714138995
208134811
995309054
726415328
729019572
963862236
224696255
896096271
567229572
389828325
190901332
561584640
870750729
686067599
965475315
587056040
868295498
346011590
48952837
154962958
675593649
394367263
292156796
812878420
289919703
575640888
140468886
229601274
928458394
829305103
544019146
652732648
527135413
576035509
639699157
528542792
893803147
203416101
519040872
899644106
965993809
236491412
328731951
391465226
197990532
249030467
386501653
835450767
345943762
619756441
220981356
64220819
785225863
712660008
905319824
792171126
630184139
449859740
452598066
295534262
948126194
332014713
610316839
37819877
267565180
538206431
721195423
838817103
313398480
463085954
210713097
871279473
950068208
710550699
982018698
274503589
237821766
590976775
23468593
641739032
69660451
160820635
896097024
744662716
176283323
809763401
261153775
137535354
516132099
15908704
841458900
68504239
740493551
361712156
880117615
2418373
712799551
461929068
886720012
833188877
895154830
43266148
176827676
475600448
535180144
531615033
349683769
697679947
278245407
852138995
134238090
291442301
906452956
84593027
470854829
116261664
316030096
705232691
627806342
942486236
533273858
601456458
907627340
133788511
366022277
869768638
457967791
502105839
826834008
814391939
398856761
741862292
207226671
164496449
914962653
417954834
481799777
989905804
164921871
309341901
364058768
576414903
643321778
690688905
387911751
162009538
180376042
225883722
347264472
484418701
675221631
498789394
966027471
163937423
681040440
125742449
121108102
819801959
572925868
977905082
275637211
656054332
452725346
691528356
208780230
594554068
765382962
575440659
146713364
174442417
212972636
249038141
145631822
286617743
869495086
177429922
385231187
64560226
966170516
296248085
298011949
15830717
57788624
395050095
34790558
899086149
127519735
571969497
124704981
802724230
242423042
849291581
400945380
999245417
238682318
291801697
791974102
543582364
969173216
275117743
456519513
77352552
60956682
237886093
293425826
206771069
72136215
204779442
866289098
147496311
692467193
811351797
926479751
318051383
204461958
103705478
706111910
508214364
591159182
892856948
49217229
307878748
416077225
575084724
394548323
738758265
821482116
777763884
198235409
936967108
247844883
344068209
268890703
357006135
874467685
545481438
758395023
577133389
509990289
664747301
562774890
166703764
279135630
222505891
392375551
728631111
432293716
49211828
591871525
534664243
558022694
218685863
875168954
753674544
361265809
236025930
661766126
150453814
790566386
904741059
565700386
324851664
529639040
942130922
208166730
682787841
38257806
841021725
991544494
82859468
350991415
668966646
157481081
452358540
371626071
290367619
107556349
321652967
320078868
52498706
21110431
841823821
574926316
290887382
865979608
365132978
97708151
479570349
135589862
694515265
49852501
935430560
525131894
866500793
649776596
764845830
848145591
955517572
50100653
380253114
642578708
670752845
584970501
474086296
653333010
379821107
48930097
206356118
992877813
777742488
670644523
352056254
592553367
601039785
49165867
869122301
993130136
353956355
744214861
678908416
391029710
325301178
179604560
671491655
964773239
399207607
471733419
258005809
159950078
80668770
437147525
613997670
900715632
620213283
880011241
495601193
293497576
888789158
427380507
230123567
151583927
368648500
235608970
110728827
304335300
581422524
810758865
28210556
843463543
145842783
190618181
511566514
129133416
660078915
250582426
532484921
194925496
599655590
252234247
42234062
412140880
415284674
462155739
850148609
577693826
820044680
340222421
207029882
340813809
721328724
350309269
431827894
379046747
647734083
774264697
493341786
938525250
427619355
675663737
930300401
514568605
44687261
879010571
531566586
998422752
979195982
17986597
783919716
368282389
172903662
592204814
117591038
805579468
735340129
468922572
755159930
732978991
904081306
515613586
202707164
61869930
152897959
698576817
902662686
698002823
974167087
723619190
602113729
15246635
695719642
249445193
484201052
848971698
802466859
813230828
558164173
258294957
577205618
431488850
899438773
659513582
704129237
499655724
341633965
351247698
586706986
854171354
416157040
392004518
670284474
863721986
120247052
386044656
537382429
3724321
11282433
572731510
34024555
998076615
507408512
681083147
603528054
176657173
619767561
557663559
918312913
396111443
67687496
146895399
425592257
691291690
257911564
540816082
222590578
799221648
273293153
436447417
599626016
83906573
846760187
140313359
704741185
315674420
12715765
80875563
205796061
515041720
534079216
563719554
725817242
520641219
373616707
101879909
612745658
665688972
405470229
123755397
59393008
733947837
804818073
706688310
354436137
879464325
699381331
931952910
389669116
819653221
484409930
350444595
980730756
973630960
535024731
106974916
449321555
839736721
291080529
115142048
517472801
708057533
294652328
123341109
523932489
428834704
253813590
662512458
57651719
758322825
379856035
27468615
662674531
418190053
623333821
159877524
422303297
429291514
23499824
951762523
550174279
662626044
507788327
261051074
56954210
106858130
719469245
349358408
794374619
346898607
940618553
893776488
601325884
239613608
156343610
365592103
949455660
843616966
138870748
838462379
856750033
669253420
433436676
781405841
471779156
809774479
472766541
146992215
80168819
962952575
491145668
16819656
309548837
842907076
907870057
941444737
973040433
59793403
198464814
202575829
91091287
347727669
77698167
283940179
32285778
883846527
610871192
759961382
482229159
239162728
253818230
974068805
5175971
83382262
933364050
121040304
150105416
382545345
221269604
728003432
249250165
515005913
239236334
648037057
647518864
944298349
26521799
629572087
183292009
945107673
988956906
613706101
193646704
218195880
321131783
34565433
317548869
843118158
924668437
259202849
540669557
830719407
517143046
336543729
659668195
847569893
270166882
863646768
988313980
724846170
262016950
555081687
325597540
123734444
803560765
151716431
852244588
455635672
268038355
753523653
452293864
988862334
221750455
222473641
382128061
416448849
939789807
821300390
528550533
541371463
969277035
503202479
471123309
62199895
995061507
191880468
402682568
140481068
637700144
607934316
609944648
308446378
521092745
179114360
191797927
543716384
568475426
841498674
70195987
372875928
126187386
10416237
700775369
757178429
364581316
760205383
228298563
398931013
493359478
183066555
399194241
452010417
211700682
511885393
207356981
924864399
131544601
500488216
422431850
225530247
439938117
219341077
530162902
306889592
760355777
797837410
961969990
513881651
867203572
638836396
569772234
890319987
457495572
998976222
765419153
372192707
741393295
774467298
523158592
902039630
944654124
288103554
100892420
973716736
652257637
156741709
633358977
457216313
883860746
72857287
576399524
804764100
357310827
201631069
61988499
757955300
64545234
184512051
53690785
232520708
222310097
395961428
103081749
679117348
786313147
811960415
654239699
394374455
656828242
748350000
307268179
494670986
340097513
591713336
345509889
498945984
425024076
690658398
168411713
718189041
758356262
127882224
746073734
890454478
833755330
364559520
298923241
877768454
190076437
43366206
741867972
330941823
826119138
560802352
386730699
261443985
724558208
956942780
501536355
807437573
635498074
592381177
936541539
352610871
61602513
400814107
648213296
127871610
755227336
850057751
970181357
950597475
965943754
266261944
756219897
760489898
504922729
970428109
228398984
701112340
800376316
58558781
5575610
196552264
1837417
103999913
969636068
310972006
922317431
269090147
57368989
671216414
992606962
882116594
828323155
135984544
437671880
651324990
400570180
529320180
68279265
326149599
880828929
81925990
556242332
909777422
576842382
948885098
813197175
279654774
580071281
4189429
984986210
761103572
45317884
451548856
443071257
740619274
185907668
263743012
168418718
77326367
207767997
142297477
255435384
581407729
991218133
738335291
89545588
173787303
360715339
824837650
171040149
450072641
297120748
566775073
613634788
335369147
295208357
642595514
321547667
746678232
283472440
855077126
269721558
655917484
954273863
276948136
361458348
383298358
751985066
136611401
123322039
311662787
139899524
604761869
645664087
413349189
616017325
668212435
187335556
955133636
70148620
837611687
310942496
363769914
270809950
601051048
527466637
696427962
280061080
415121225
213731367
366825317
268425170
790601992
831146636
342209673
439853588
995295790
918163395
606397642
662850918
946474178
611906275
184353722
123198388
150596162
916679295
76645566
720881867
698974594
903915266
15427194
668180074
585320408
770337127
681705976
979048286
924874131
894180371
807396687
703950961
170991050
865812633
423107969
831178331
257660984
117180490
411290265
509359504
398392412
635911077
708952881
752679026
347923376
960236224
280676225
928735598
626271498
286251316
98374496
299946828
365237112
566179261
761164044
357286933
924365843
274197318
311157991
84381630
616816547
780843180
551118797
80250307
248150921
61713454
206650222
993293553
699081087
170016447
169001289
630279100
896647189
424415892
28633943
677543927
714277535
703119690
809354633
161887092
414585944
226045190
9307355
957974783
488884227
699068973
727642206
622121391
846390561
50316676
254200443
598538931
446651363
191060898
193372466
124236450
490433477
78734801
512629945
648068956
82616095
339688305
757047994
902039692
122362636
14339280
11539910
676323583
964504077
465206210
868264808
124132720
109131304
174729078
418486653
135104763
172372168
834281720
620078471
888756168
869264610
80353393
150305734
516960420
419529336
844944643
400612181
413030422
879091745
6183686
281590432
604418709
257085125
760577601
782322843
11364587
216762245
498628299
189058815
173157323
716283284
35531252
137425461
577185468
745613616
638788998
25831236
546787437
781776628
630321702
944006566
29856763
148628751
347701434
301055698
204468119
374839360
411722143
618099890
544154362
729736831
844817300
412799563
688693865
414321059
199923785
92585452
678222879
422671477
760036096
347682921
187071192
793149290
379197430
849278511
215348954
248058165
761703333
212337345
31048937
860869837
309033996
787977546
529238929
723037135
990699574
7665170
804542318
180057015
306702721
727350247
118118071
252937203
189186788
515483742
951447246
836405516
273439765
272904850
494696579
133566311
172982153
857138373
91054694
418741469
204067069
295288833
180569610
898125779
414025427
613377754
77378531
34321128
315235519
979405922
808105865
788770025
59999675
82966077
138540598
694823747
476387740
173531981
875013422
335022945
639635619
711691427
367444770
57053045
117045414
564105421
571279338
842851873
39175501
985646823
343284114
207403275
310249084
475204385
392717202
962372983
436115019
564598561
993691212
19575567
460517401
212419472
904689237
665161026
491733316
646881628
398292647
698901656
459517271
243508459
224019449
732842198
318890868
802458579
664466678
8961028
131289788
780399799
64234939
439312435
352661302
992723187
48225791
391215155
669332329
822170836
540864736
436347009
310667676
845845985
787825303
721503952
154758555
359260560
803043322
924000251
302916745
613494583
909733613
814604310
580207221
964910062
698779065
919500661
999298916
142545632
54406685
864745121
883351666
611882134
573372875
67464815
811415500
793994601
112334972
380291132
134500964
44619849
680620396
907402603
70152041
389861320
786805330
44364644
163443456
723806620
239623247
199862346
177060297
667007057
788532047
571107898
413169008
871532884
737636508
306429605
419856926
247375494
753125121
695302999
54056331
927123567
509321155
345623037
634185251
477835148
22478485
579085292
443423236
852444678
203615117
103556521
830166433
243446983
352684350
203465671
115112570
30375902
849136712
824319928
52416872
555129599
705364383
858791577
207369699
531558454
900036830
985168987
397832619
847477583
579489759
10110226
372322257
93246216
555565899
295126938
6517677
820893136
281797273
392768912
877241800
981062752
181329728
862346901
590347028
504937591
789434971
63755383
522781397
935665387
762961470
846276012
958545695
156467802
329095915
802804135
455557017
614046747
792800370
274840188
186189035
18638537
361960325
332093693
166642695
408419173
887519026
918399518
517420214
126700602
73624699
757660610
140281817
318063319
98657782
859715428
183629756
824621888
154543720
763061940
353041887
240330428
349849305
570770813
816655014
107857333
473394693
461799509
787271422
934745294
374310116
397635834
320650023
790859166
298542073
502471208
509072533
775302361
526888654
329579917
869449158
696447282
934827912
782643649
477212271
210530285
891189967
348357582
134459621
516650034
847500280
620691845
308218775
173638381
523954935
575404895
300563724
302314901
883737550
945057338
84916732
845580588
872449739
43557897
222163085
378303225
946249336
5726978
503376111
152687132
81816413
596230743
574040827
212900367
224578113
177183494
279349043
370329789
5884888
527300867
796432454
481100825
251794681
467363675
363031816
975458114
162396577
257555169
721711826
594236356
773666757
278112785
699657759
133725051
170978626
288078545
497463009
587070902
794046995
352940205
59259929
236644520
930608216
237507613
150875449
334571513
135594832
521226557
795318380
994668893
420764334
113284472
574651635
940458407
74267982
470357
363005639
989764420
594001060
202283643
169808225
926923485
29663776
253790525
212485901
853281046
287284716
584583449
912300547
668608230
560016291
139094246
758576024
824619471
789735897
109627846
965483701
278904242
308459476
748894025
297410997
156610672
750408039
19884081
27140124
494188822
777820320
250811654
342080224
192605518
669804944
426392565
282958263
875088561
334922729
990741188
779734767
41663854
569268164
326891668
632583753
819703278
935344018
290108078
741744485
699854150
43539324
838724332
496074326
527854740
142086001
397051755
495254461
292732483
321595715
489232621
133718534
278373710
109524713
339649501
96168633
516839080
513147978
427446029
348048181
538596061
484617014
521789336
385069975
515795671
186007791
357500431
756158745
862844380
417622699
630485141
333290145
459566842
465749696
5274167
150690251
16360095
142216911
623972276
688123498
44766929
175914641
798222597
516639379
732354196
27754825
732234499
832473490
972558309
786004253
453842547
857258691
692196611
172608861
973264487
635888177
584275056
921556293
128854359
324715945
616499272
773247451
628140036
263566371
603742407
309842151
556488976
687412312
515998272
868134649
257042625
234629132
87736270
958779758
940734478
925709251
927977990
10715229
117030993
633587906
92211964
81650256
758986879
95515665
617228614
793534063
128382721
74119228
169530920
824706428
759396187
885918478
650726388
506631259
50437676
389613398
60424599
963541323
493221834
850491106
948233551
584397395
649316728
231563300
614991247
889685308
887794767
253557504
197964678
958913764
670475318
977085756
785291658
445077858
35677007
598036902
182787193
992403815
514900933
719275125
958049210
369065586
189325539
373219244
917861057
15852632
279682537
111977176
302152672
858677590
828607773
340910662
306163187
712846826
665267185
621605593
47259194
884449283
17812953
765216385
66576844
571602581
995087541
15122239
226124253
695431574
224522535
37295348
888630576
930385824
24687338
260829867
654483134
67566551
899951241
895730097
639374751
656359880
628116632
963556822
802836645
496350438
796152937
77368325
162354409
552980643
905551654
748419799
382746592
673846813
887627577
338025084
624683638
864270368
216991404
50596789
623999015
681963409
696221314
865961218
686071363
25557666
449605580
577089795
761636490
77091280
780770580
197830075
338669100
843611349
579060059
151633816
940181431
713474021
992784463
358802456
470936909
765991946
94142009
616542289
443618655
744679769
289541269
148663408
953548725
990365652
716302933
402252540
207245680
46917803
77078618
383112126
813234373
986670893
773448145
329156352
865475772
26605675
460889229
159307725
299182281
937655136
105984318
890916722
845433077
280053514
868585967
84299547
947399387
495990355
47838572
74161506
482994970
164634870
448643284
364530213
817410593
777205259
234738557
164078484
770073997
755692766
534272016
225457582
602158968
262165091
125497913
559933065
788800258
797677121
78166263
295007133
434341338
626603444
300003613
516980685
371270266
389803280
750289585
178959430
288737419
782402820
599356387
68598263
474941838
6296968
181344708
962774086
291791885
262047820
586642442
409002721
894663465
621468335
931789749
467022046
33305185
216430954
325390744
804461556
372036653
738446636
683309274
714871544
509525099
898882004
88317411
35520865
934611939
303263982
80220097
47335887
812811949
766820186
563120643
321390797
186201798
765113871
424199383
720552627
373844058
934034874
2840348
334765963
616432181
729595601
184385720
60940379
316163629
898409289
715235314
663528965
513539422
142697811
185871501
47069098
399433261
265422333
226471867
690119767
988208232
603875554
473590161
948696023
107698406
759826746
435500003
498876530
327104572
931937936
758729183
232425968
521793374
111863523
657565207
732624341
909672725
331458583
257293666
898578389
879639608
348311026
262080100
608406289
987093166
795440775
272315806
618004454
352039778
254470540
47719104
828324144
335759150
389975514
176010883
122480590
730168388
292163218
689225782
27721356
479271109
330254620
109631424
63329930
686824425
812293065
715070287
555733637
643092565
748042944
759567749
514419470
933816296
236215024
637801595
920393123
69116144
41076076
92385966
908738993
515882561
639109704
34971319
842914631
803442771
673808546
602676839
373253062
69445632
380795305
270396435
843143020
945703126
253555211
556549060
64758152
620479363
373184504
765483470
788509950
551239811
707290434
384666470
796402211
730055811
899131101
218026238
302848092
955312885
992849518
450917388
766578762
638711816
689360133
641783889
280844671
691024543
341731534
57459682
101386235
882766354
123464956
617627390
794468989
793944249
385673537
618904778
404251974
876787132
136323611
749903415
865862104
731472965
616729133
716994199
969132771
387984628
223748943
558608549
611138645
753473820
122081875
138636695
516298056
791913830
77335521
895903917
118001608
55078431
290453523
54810319
523841149
587590841
970964985
878607454
641742913
468373057
734712573
740350180
864426529
415967344
76696081
437027764
770929674
452742868
71700260
869718390
952450658
415592194
503152828
688755025
371514172
861807987
309397860
161898141
363711097
538549102
314928198
126453332
284267399
945498958
445680461
163979617
391837280
806309784
853086286
643249435
58740702
804196924
888805056
428038327
964317456
265204982
444428327
284029381
317213784
325555304
23911665
678131461
812281030
52453445
641037574
707442527
641300134
177835221
711017506
964969021
547095360
543265727
408159852
772396290
867711307
840504316
620598564
805577427
885048541
455524171
529569016
648632340
894169959
165497746
349617904
758125686
639897008
429914353
449535402
599162068
314844254
538761171
195564736
270180760
722768875
390659480
686798104
188733394
514768619
473685462
470816613
357345848
136612460
729641613
470709076
926010037
992247897
617512505
900222080
715033695
832294678
673245248
97313308
754214180
121700607
355728421
371326721
956335539
991267177
466904859
265746788
364648881
898795677
88727441
181478338
812590259
282661787
220482289
339592593
190281749
243714598
349908000
615898226
519220030
967562535
339307689
217148945
877523521
483771257
573664684
656521932
960696412
653326805
915417378
704502763
335182092
910410122
445796092
227639329
993182432
480253702
783043065
857251083
592596196
73276093
513481835
844139453
662544987
177494025
635705400
598811325
105531015
491813138
818333859
87330759
840352703
257851648
598432758
118337617
421632173
660349119
299777768
229980573
426903134
695496641
742239723
420646640
688069743
545676040
125547648
236845988
848970717
132794860
640694911
875821532
562842526
522498689
739336182
9423192
636988291
966893768
298553180
146865536
334976367
259651309
182383001
736434454
617607385
781235553
756693157
828159624
641130239
538041714
33113490
557256975
696496473
180960260
397907702
113858880
776625956
750313077
775686590
636347020
913391133
229615359
525954605
311051517
976607486
841865522
430298395
153153814
318142740
525332705
215512250
111546829
117305679
347829127
5790494
985532909
243112986
523871627
473925357
437708508
765052588
504862892
451398455
912462656
946875192
477413484
591043592
380414617
1439371
491206723
319834989
153275301
539785467
352232942
629044991
441461966
615625696
930541550
17825682
321182148
88546443
355580217
299817250
744320418
862183705
355406798
982044336
565878941
708135833
300635209
525098466
69327653
494137658
708903072
202705835
617994491
327511377
497819806
472099987
205578528
958918431
518023224
999116655
974706370
275275704
369763459
44917909
815387517
65149043
801497185
544014929
116012654
834317418
180428153
12175667
361929499
917959445
122979535
833646198
58179610
562809867
132983287
331977659
138799535
439440440
845629273
690483915
403377730
81419700
372481856
66702911
293643244
717734071
786739255
419837200
385628342
189039359
435706585
517451179
577969766
320023543
32035510
514666640
806445467
370461399
68399050
466014572
452004037
493160484
76114129
208722284
795652907
770302075
873412555
867355353
666665348
889707253
96759914
220570717
64280598
174745618
253056171
67716974
30606074
393733227
678925853
651740686
575718144
262519253
629233103
243709598
333703149
627131563
423143875
488018798
92011377
963559976
334300076
712212245
598341497
699805292
456904704
997946721
159717282
986271561
486737232
960707064
668424360
944241426
375700150
522058802
175142284
320522537
327012522
347619962
221258215
476988328
789770890
541047266
753789467
972406551
923298837
428092056
295907997
608327973
649830013
942661520
789535966
823843699
152186616
614258714
314211702
559325534
857219045
645704832
112106953
412190400
35412347
702716052
18638537
361960325
331974271
196896955
66994298
299913081
296828547
195738849
828174418
907145795
740375839
219564224
264454472
112229518
49679772
888282522
709982742
587246032
455614634
250651654
834884020
753262431
293733353
38310340
501246025
727139347
757236593
84777591
976529876
941842024
682642370
366378494
448803536
458192843
388513754
563807796
701017268
902281786
558667619
923629744
705130712
635060973
135525037
476835804
180695801
801857859
516943982
600383266
55945958
245353396
221041972
849888446
418341929
645294150
495254461
292732483
321488666
486025360
872454611
179296509
41455997
948047363
364069438
107614460
674156298
150517322
529848017
620774871
811918301
63673026
739748825
443432701
313440407
61521298
342471295
573181215
721170132
929382633
944071993
627995177
72780569
609456838
556072935
496697344
508201297
945737524
436979543
95237389
257469690
326530566
577502833
469506691
169763739
570628579
625897381
797649068
721174865
56177784
361302771
26171977
358376402
454537134
278291320
850006593
579074751
709318571
533781231
665360132
292434998
619514192
431507326
475392987
545259806
421197318
835817386
518586648
786093806
688125898
422553821
444034071
566987380
242562358
624052277
636607661
642347372
783867590
422161694
6994899
331346199
576743214
538486618
4593421
487265053
572157081
303903075
852545965
72432405
765170247
907003713
730615726
832964364
861061503
591279167
59660367
983016593
160276089
543644747
559807552
960038049
274352977
119532982
632815195
925317194
256279502
658564932
511732472
908694973
957794865
357573318
986010253
275935700
124077330
301589956
452874336
698458284
347626780
823127461
481309840
614441800
244570668
393427214
601755702
668594618
848711333
655024587
107180539
727064262
430936252
703892697
708703120
490532429
217225441
225124619
498739930
835568162
393749183
726089882
72394199
589088942
275170912
97321732
228167837
303491088
968833184
470235692
510182679
6785463
651134635
80057816
483677900
818863455
955334001
823277303
263183633
30540015
248884597
846099599
128610714
169199599
796654939
230276060
440701938
306777429
587095700
943729271
215077518
539244267
64457576
120897148
839457875
609305250
294779529
256174148
243094495
407667584
845118027
414928284
196318566
177628281
503504855
622924298
116591632
892189105
240778459
534352593
17659021
67516885
878301745
794276142
806443196
690626491
197660680
568261250
279009717
507434259
451393244
874669969
132492409
598494347
686424092
846125450
716553265
150851289
885985732
224897574
877182923
226275069
582309843
823631971
549881067
949494421
569755695
998717826
737528342
751021167
408877559
817810969
73198419
286000435
993235002
244473597
112232379
665798356
540522229
101058285
275800110
421652005
674146919
607677551
713300939
320368958
378796787
814500808
638564512
715482203
436533678
291019178
323260
937349708
22599325
885254589
231028257
359927702
949170169
853819389
35434542
324940089
733202888
589289218
208366069
804323899
897560132
394809037
583945768
169259685
830073517
853645646
290471620
545437792
119134015
634201225
562580206
647909984
49588634
182244957
859089043
423969200
709967551
841664800
727984893
359100893
691656051
8371109
311263060
720172795
317736201
509882187
151213382
86291134
672099576
188057069
349534631
58660643
735355266
735932687
55995062
694587037
880272098
553141048
926072980
522166070
759274742
157047665
435400202
845891190
170188620
842880901
137767344
142529615
698045466
897916553
183606170
803969473
517191150
39538007
4365620
427864347
929722658
747576968
78061954
356678971
55365506
347837016
742298593
654904242
124951704
652092175
563860417
33360968
982182379
258800605
593095179
576053054
162399124
48540831
151728630
297303759
164498307
997911021
429933047
502503829
771523514
695818105
919382291
357866419
438822778
294300044
693577779
848915799
158933724
944253167
977293424
889812148
748396653
423365143
952555368
62861296
468465532
275879392
340506491
539153704
321837934
210952674
62710814
726179883
174484021
185743349
423438058
523876364
160037980
643075918
883329244
502422652
75306586
467696696
53405114
4111033
448460190
818009933
445991012
33738181
312761245
178833639
888711939
465699322
228345753
406264117
803683367
699363050
903330055
308077013
228342372
645629121
550297327
267240506
24205413
565478233
431062555
64273998
398249901
306496726
42871815
988379868
302798188
222346046
907006834
187066221
932245479
247803000
902262231
314997906
607593898
987894672
109480764
853137211
837600288
314033278
207055148
87832677
687077194
870689306
953950423
785388616
129175763
876189945
249593934
668064662
698375440
403449767
126737755
286809364
530608597
981554432
821068942
328226978
953563559
789232814
680318492
90999177
519003176
755242016
449946321
726921774
480265817
258799319
249193912
920819650
539462871
395187820
122564052
269627610
928827709
853973625
188093884
11354716
993083404
850579596
225610863
185544972
159587088
735450637
15507847
825612432
570957431
266713925
477508294
135867152
888442283
69124923
591632394
13276406
405510897
256408155
670222570
409038949
906057429
581416542
922304480
322529317
607496057
177358029
182291131
217947297
813752245
208612681
922195726
364529096
76410967
783996574
870815873
440883067
989501890
333912491
952653700
52123160
76182813
868412093
792516217
870770816
782031311
906876867
901321917
914462577
646618873
42682878
529000200
532216678
829265356
902760761
905454604
688980712
703376782
650872341
390093648
422370794
302990509
171294672
556916872
491226989
523656118
108574627
498912774
225652529
447068973
779169589
422482290
761067908
941620307
306717249
254869090
768500659
575388792
55548761
704433934
156145487
192611716
605927531
697853000
302934755
609116115
163172734
864179641
105501018
968556872
308513299
288860068
951953012
427458154
245256857
439176193
394310164
921749479
350704859
718018787
255646905
500440
797622021
403087027
610551653
543067893
38764332
68482307
980431104
608511637
630071683
824062192
339537449
454251790
873480928
269030662
959741943
813755749
9892202
96797076
624059540
339904580
547604734
678113303
205389412
290491810
402647157
54304762
651737391
75693990
409180342
404694608
765074440
824035076
757638896
691327564
301240177
437321018
620647516
498546046
526727628
846058075
411521795
325470731
580728727
525589850
71985842
77716407
612482244
399472816
309859891
950629086
616128674
509277796
717062272
576901640
26931335
50016048
170406339
347800635
109805663
23770209
734053123
377947321
423259769
992900198
189311649
794845828
587221801
630891177
250438341
983130208
779139952
792439506
530981034
957948904
904895287
25079568
920447686
192898324
324828898
334802436
805887332
511321147
195940884
113235470
115229804
569258309
379773350
884297780
669061003
738207387
876920119
592575154
484682116
136464452
213936459
410619380
724645462
332551449
414986566
473100259
571512901
110547059
389461188
827827370
460722222
698472236
875614877
495283190
578657081
977970460
666108144
169117643
21236223
245548484
342894994
119830940
377666959
509264084
933079026
681652731
16419124
732061951
138969722
77919169
53232397
309224608
635655804
278438661
55741443
441279137
24620330
49030677
86873011
919244379
112897679
165918094
247255805
427870397
595205286
995352423
577744003
257541033
712683188
37233846
377339078
254768192
544202156
646175731
473715969
401376981
311201928
304202527
328220598
519704185
807459220
507131136
281577987
426494808
215281242
301518344
270586018
385521638
16290871
638116187
145234022
827249565
42038815
815502373
943595897
103317920
919908789
208672347
76832319
726671210
918110815
651608187
695375665
815118647
140419399
576082980
252053969
705617640
365399333
847141332
431788101
140177317
220410356
943928879
255848046
506502097
834762270
788495846
507597874
389174130
299142420
213249266
930897682
889022145
304650602
135962767
93611142
558988254
855748948
16939117
619374127
795266934
934764610
958161860
123047412
25409764
556084352
191622446
934354792
957477205
799907636
794691726
886622571
996935715
523198722
997749789
378536555
908973245
169964996
893662915
724702133
163899029
747013214
955385316
10749343
812565968
762653700
127916532
335970993
760063185
544963517
460907638
788803222
215836905
671406214
591303381
441611962
294997534
249231921
517869613
836109678
510565392
752879560
699342610
537214052
927468658
242757716
652936097
263785071
34820163
79036106
238358601
733985411
598093056
107807033
910025327
890507
99402781
824379240
122776708
13791753
240444478
680311276
982490658
394068481
560988532
767006507
970077782
584713862
603022784
916798361
55831074
789939877
55058367
367271586
496626582
516907047
160665420
351292662
650647822
978159571
434154164
530672682
229554936
419624783
378923673
875881550
339255154
586735848
938964476
330874418
271108577
579997298
324878568
8582986
836550314
156035423
767237945
764943051
756735908
670487883
352043214
139507155
215767615
279958336
191592375
936382028
23823953
856551525
779264661
105176964
203812460
619640974
80611771
491350416
454936718
991178968
672873647
196972128
476691431
117166527
977124669
539182512
281673496
958266664
98508828
842011285
213557156
829878888
755418754
640953652
268428161
344176460
14445060
259508012
151788813
497019557
491956365
541989143
161739738
673383883
868843155
241958436
21337313
752392896
260937737
687434523
828499844
679228565
875007921
719966615
53512156
881852418
648893036
778711533
98855896
756032898
512011838
651061945
297319236
893587093
200069895
194666225
813342079
455472951
224792234
280019822
299359371
488178109
933161332
23952892
679298373
869685992
579010519
731239629
683301493
941591679
973548247
694654526
785962580
344685638
560553026
520652391
346331960
918056153
46932777
641682942
107318800
395347750
370797659
4491448
253801907
939659811
911234964
986170945
432292057
462695736
842281621
213236301
236618800
628712507
989222291
8474727
993429052
511856772
90646969
258652924
233470436
883785445
185487835
98183394
735181643
279518816
186440550
912756191
134231397
641701111
207415159
724411443
119666074
935815887
26152966
241649678
428009801
763922976
673997645
98395293
20872853
101365916
880027858
851100047
875348876
248125415
569336516
148384034
748431987
546260379
118064936
134791316
633875972
255088907
803014778
8220906
607998745
879041631
749242518
374950689
543452602
840239081
229144224
656849514
857954016
151258291
940290819
20757115
186208159
513223144
476951046
389722526
689134630
877827610
447510306
217688363
367807615
778985525
939928372
790586878
999422581
777955202
771975121
273117770
588487790
34277292
557086420
109451268
171575213
294807900
257053459
67914584
196998238
329917809
804003128
500575381
766038423
260566643
562928116
803382899
209877341
73119549
453854714
548028080
593803862
401858829
252805930
329103437
696994650
126692682
154004309
219078895
89080913
456024455
648562873
25319949
280533828
689041063
481403573
301683426
15097664
259209734
979689098
986328843
355120283
173560659
819092637
317959529
347991804
579440801
517229554
905849897
575059692
324272580
975669173
741266149
971635845
939630260
354873516
422079633
254773967
533922396
545537094
432874724
180514697
178805190
738046098
105565638
264920347
330539077
940657653
386558322
551121329
638939461
983915335
832598211
302588917
250391257
743456375
547835906
34193990
267937679
563971156
47899678
599243293
357131551
566599790
777294318
608328383
971355132
471896344
279431877
993504277
311942665
745734624
9262347
13315528
896240163
998592747
20391654
890062629
818049216
617335353
657272803
653351113
99932837
32686997
236669150
576482797
120473393
728617487
345139884
945335510
17699992
420539221
706989863
550900546
680904943
334584364
40871627
919694748
808660219
963440031
436901304
485005043
629934489
876476421
283554081
357198406
421035939
327541575
483989685
230484085
665112236
739500322
443542240
708115819
739823071
611350240
981309531
805743297
954966701
392103711
668247959
507060165
795968730
384129910
131116963
596575997
395321460
693453616
739449181
654767390
524320242
557253060
104705791
586854781
851848627
634017577
863374513
405297447
799058599
768371579
721454303
552823531
252256035
16688808
166124907
510048596
468563726
396028601
258320050
709372871
886764541
122420470
196352905
869175335
55642471
483295239
600928376
480323144
622378498
426930665
457942717
9297488
781523955
385653331
892011914
763576420
780475563
305950166
790839045
391284662
262923778
625710050
148222445
225746357
133178663
698993629
756590108
723167738
210180429
638611524
766384482
852038916
79349667
881875180
663292858
330463688
98135977
705126498
855832181
72528476
219587140
486054699
438251059
497997054
224569259
988248043
259125870
26841175
519892459
930028886
492235505
751688025
296364467
978868233
171072918
870277259
89802347
681408735
795302365
982340135
150220663
982911595
319931531
122439214
863693331
714946528
572989322
302954741
26835474
396864687
303438924
777272453
621488257
572652911
186772712
697240788
952185101
689675958
551777217
218630437
458292014
873518883
943527288
709255041
205609463
485211329
525014879
490608811
689797702
303705544
863593537
441889939
831687293
142382705
265744515
365513633
406425824
969759226
172866854
895855675
708395528
249563114
256222008
251305525
427905898
609952029
215131681
236004095
97722881
189909139
649620373
672353049
558499037
563807473
997949113
317545545
961917186
422813955
55169043
432428795
47104834
683332407
368540063
910190717
735857369
839505255
610991341
832842647
689956756
259640426
761048096
655446921
371995525
320107502
704369301
78267681
490921945
160318343
556429697
316091993
580526554
833139413
442998478
979832687
957729311
756273107
398344575
629196510
441850391
188497986
363314316
93781789
369556104
327980687
300611829
777151052
829615160
433402784
205328537
710153291
47974600
275352106
233944117
861117044
2691554
278975727
139489575
86715565
303706648
272385603
241166391
258280080
359199082
986843775
589618464
521272905
128787523
125622884
772828713
715036233
932462312
778073168
660806652
151056879
27728064
306002717
827297510
872791695
555456572
405787090
367650627
692946624
556371591
212282238
193246258
515171411
564026598
909626882
347684727
205236609
128234212
198350397
85131358
489523532
873254698
740398881
574464398
767524096
630154521
705457190
182808107
27693887
615742138
948680847
966678395
293600492
472285392
637981000
773352999
488500400
618757675
639358148
352052596
790740363
506893513
505361780
303642700
443424466
267746866
712679885
884377777
708133682
247291390
589423390
617524389
531010085
146093086
876738616
357488257
71541779
530486253
103982884
819128303
251974855
334528716
861637759
473538313
641227738
859493237
796070965
837332135
306038368
277354986
294352366
826276148
280704242
593887188
525348657
486585410
380216780
265424624
570632584
23366172
835558893
30236533
717180749
842304836
31317480
465326296
186440550
912756381
137432121
486563026
394812822
536988938
870029418
809704725
939639007
764026492
847931480
780531035
716337712
969406122
337780764
361990901
982599111
318051759
905085021
577629240
250006829
927855881
990154173
156182005
649813820
496866093
777884872
329689223
120251555
332837601
712413685
882788620
337248153
852561221
352780046
693730951
476460468
171449654
203081552
779021727
893912032
109146842
736528179
581992197
829897641
292492417
680714946
934850439
462402398
904588377
315327469
557086420
546853642
731145320
661445727
36709135
52286742
444429945
524994287
501533134
208573004
680911008
351469674
503769231
211567077
223475033
810680020
866472089
828816981
440773908
890813090
709157309
146957853
427546405
827375475
993508291
697949071
203340025
840895020
762599270
293701433
616948909
351947340
959954501
669246406
40171777
736568112
60419094
270754740
802686190
755013236
988437823
382574777
430295856
833950096
518919441
531716451
20918698
875304377
260930359
888024436
248972294
70689267
903018053
216646572
538929948
510320852
150258476
629479482
858732946
730062214
368883491
180685812
670041810
338214943
22017433
795574084
654590906
635953966
43614922
377711832
156036780
500051264
892327487
248048014
742858100
807304945
521144862
817212890
405760692
453335452
733905381
321323771
749274236
209745693
628670065
155202130
34352205
733681855
908417887
817990662
228263518
936843735
764984388
593146820
175785323
850663339
363062809
571954539
382657188
454562375
51451311
213835457
374157470
246978951
637785518
129103592
792425106
956705132
713166877
78753821
60223909
176936993
248093139
369990488
129152220
861312124
537006675
429110383
936575948
822105081
436359609
145893105
781446389
566373294
150254769
487648792
988953812
486540367
300941970
783392139
855724752
412650146
35556092
103343236
808684294
284474937
561473
426073745
128267519
333918178
973764013
968830094
506141981
547983818
671128737
375362529
450286822
185695341
446723889
187257747
149952408
177408130
287791672
78619652
311058885
907500659
176291141
31944362
560532380
844508601
803497748
237837004
940657653
817358168
751542664
164327426
860094518
994139233
676545510
776769211
627639347
348429455
589452702
917232780
56309368
912491691
182956199
539295130
428808173
66076874
717675011
36158035
525039526
589026753
825781948
642742281
111937652
987631887
474070841
811091245
18884334
718513851
60717880
473513226
337819096
813279602
974559049
505773357
818233930
196711001
880203013
786446076
253092404
210229219
382752081
542560458
317005331
884172290
62125775
666816674
635673959
442063987
729380987
468403730
773186391
757027898
158178785
635717556
564820283
76720499
630641858
114148237
274877466
309440569
978042835
281833683
642508347
778796900
880093913
474147556
272917032
974795225
138633246
288605629
569164377
426033173
518046362
916920071
554745223
65737105
735878966
44042416
479498720
537055590
436974091
548095823
660544018
765387146
770613570
233989137
435819732
364409488
956141229
501503154
186065868
594889108
848944258
212342509
709209216
10856322
123206756
517438136
232060626
625187742
406118328
472647579
453606293
836884622
600477539
480625542
145441766
357276017
205617121
719099518
585729358
870123193
834377522
989997734
571422420
293948359
580691830
772993912
619855107
742644352
811734001
914372792
117537156
876854349
297247706
207180697
540709879
962646136
405737996
257892072
109508084
132141168
160279554
8656514
914175644
558239013
175127268
569881715
552917305
547571851
193401866
218544012
361537113
545650922
386441795
158006724
755790950
806347121
345185098
214667264
314132321
411720859
778481805
565129968
451494075
226436915
699650325
37388338
264959885
694246168
584172915
421950518
142107788
38834279
608034672
282083110
736001972
157101217
475071390
126222449
579132759
438865132
801712694
595304844
230803153
131747153
664191916
250947412
651196371
537694731
764632992
609136757
361605944
828628999
781753657
484223056
194791261
599045340
63857773
880834698
512577043
917189148
819984623
88970405
227581642
755062581
127680483
619835323
374796183
751874122
179953466
484698945
734757707
689529886
343540352
204439796
459000466
233467519
540630
602513777
438089821
151352953
903420538
347312875
348342068
25102656
880933889
257501412
605509955
614943459
126481267
132375565
713534235
671082665
439054564
37908795
177283731
302888520
328466484
49198960
373750019
36458380
831400394
459559618
947679683
726585247
865925970
789298296
760252324
790797588
620610723
805965968
692982097
781036286
813584632
259415667
386847964
344997629
721542632
435976079
890966226
411446432
876493699
643448055
178714407
673357194
788342720
945818261
811502225
775407068
670647668
235022797
76917139
458717994
554371348
97667166
899535126
21704735
817020900
818898008
4694460
493809872
829402336
202608577
883250526
729281429
1468033
791349920
98769585
805514735
428372220
286186441
549505085
697568565
732920894
78653249
202989238
183006352
481379914
177252593
49510921
761162495
194658679
926106180
661402644
729627301
933364127
754615678
52551076
116262008
531330226
41497466
977273918
739825908
340220535
951279871
60153608
212990799
88163569
145915386
180141900
811202840
701879213
633552434
563158371
56518875
540336061
48615770
427074043
95228856
557028167
319627004
74223982
919688394
717357732
581647794
700639872
864112666
595569517
200144765
190742555
261500837
158221471
587469682
636150166
838663575
835333370
756589694
443903260
835505289
708843593
546277683
713311345
843150870
482545693
120556437
650036144
772921389
490215220
4860266
548533626
301753961
612940481
423607523
480257798
936409471
865596528
798778747
114890221
171001023
991970247
533222174
296310799
530609587
785527149
625626991
621240535
94673120
716804341
711228079
117514834
431197548
986918935
388275261
687644055
949638491
375551526
505108498
351889355
596386204
145136925
696008242
151375554
388644327
463977617
961227152
464508023
398128369
915700687
410941230
649138739
140491112
163413017
463668862
783023872
61989722
188164711
120691086
789745414
290184768
968403453
674934721
939854877
736964896
365677362
26117407
154508451
311050158
433765295
942246509
223903031
12794541
89430296
395282323
749385397
539908493
784596295
687813937
365733762
496878959
892341064
864424777
554516870
191577929
605175421
739303903
726497945
53748613
476170452
804786814
297300572
739168936
219342322
488951065
878561992
368520541
904182353
634702695
371624853
433315161
611315008
308821781
797998340
543696350
199572168
399471406
524222611
56074350
830048591
511079660
752183174
517581522
897333703
81653881
483359486
981440637
715858838
682759997
226008775
962382007
164945987
760742937
355718990
960162416
116360622
222703174
823780842
891442866
207930695
224441033
94324054
269031118
861258339
597785166
738501667
174617233
627503041
797459837
97150095
468547809
861048392
721457771
359224520
317156840
613573328
697577505
937976547
564047283
635017927
301522937
870564311
509441688
629489227
729310538
367871560
465765827
235966373
338508387
491348569
374111428
705556607
739823421
116345471
807370402
562579178
101751991
664962737
158900294
296579290
620930142
645525476
779052684
692154114
801758005
688606859
773939738
103443718
416251079
749946551
423299972
345380662
594830165
6767616
558311462
243370857
326210757
984275126
32633944
340115624
888453243
697613024
496080859
833703248
173607721
151305982
84175518
423780195
813880210
600191882
262315419
125836928
896976284
3024895
725036056
270704747
503051380
795253109
646894602
953246798
641196379
874389579
897757801
609185289
690572158
167093379
354851802
345274517
695430130
125255896
230977057
95991168
595521049
692863123
615388561
337231004
390919579
408068865
313139308
709421342
562495025
235321698
743644663
262585916
918752668
504367872
394649309
752397096
163587396
980609952
449474514
503734527
955858478
728833371
652732255
47595550
230865098
801894931
478648825
424072545
725411716
359609185
280984000
55484352
943375603
463347069
701887832
320076227
267231738
219784790
771209403
698074186
397096037
846243848
550147483
562571656
989031188
746736615
566366438
675294417
774635782
220766154
508575256
641187052
738588503
83409132
398984040
860446533
118901332
750754929
121873766
648603434
100765285
742469129
931054051
108602581
886790339
601801183
516564293
268251566
94497753
40749307
164472035
597249768
644883289
829079371
46445426
121829981
193569436
127151070
440847650
709874175
38504
210216733
12346618
509354777
497774165
459890205
248981405
500657523
865252255
553711724
540845442
357370891
325393412
857797698
585671283
361740669
211435928
25507839
805545478
843651342
939758541
134618237
37859951
683930856
768778815
595083692
288397982
199964537
422706558
773985819
791536289
10719455
516029620
817662062
857010633
442425111
697985689
752319177
998585146
742706419
937910148
737066989
822009770
476245142
728884426
35371675
922717117
994486366
920942236
878839134
737886863
985696850
3966871
925686251
759813210
114501761
543497443
16969428
304757942
443527908
352030521
170026948
875252394
244028258
780135219
544002504
742800175
470511547
808830316
793327191
952921065
329457924
593314112
579210336
161351245
97313635
808386873
679784331
347340087
390691511
609939681
623391227
319070581
883679253
304830271
324671757
623637604
899781205
696242890
694830443
799895282
486777919
991352848
84460487
830969850
453829629
844947816
812310607
559484226
465864766
535964956
603915047
191471061
338781835
688978739
734110635
419526480
218454940
618155038
472474156
518556746
891021309
919188137
65366965
259208376
255918570
827939040
889202234
10213784
119351117
679224649
994344561
935888866
807023973
134866073
47540882
610775134
157517623
780073099
813740054
219994873
658963188
471454596
789671839
828125875
837328459
250485303
590652719
655197680
486247009
849874722
794298879
75671607
954308787
360598091
101581560
490811781
873584343
514498434
481404936
549626641
409077865
663688719
781949254
734599319
459258386
25256398
14707370
449982443
494104722
562688397
384293211
532994661
977351575
738567418
652824667
857473366
442803337
983098360
264298874
184171830
328072028
385492146
909973663
66666117
880203547
158151100
247553180
39456026
31213947
721080689
143392820
783651630
966203003
472160905
396326525
580663735
132273684
62270437
978821781
244932770
529780119
768151407
748404711
41085051
671510674
595522628
703217646
470031799
883676887
652387870
711920790
857777172
973614991
180444463
54178075
901862300
745987040
422061647
310929787
825251155
922944272
725909859
843616974
367385328
328318720
510915549
964343528
630180015
883644886
836825814
508522425
444946269
451753488
606630420
20690787
543280964
195357444
53109164
323078184
506676305
298668504
899187151
354741550
888932056
671455208
19339156
846427423
111084803
671575952
822414477
83614470
252108926
713843909
965377945
87033490
837611749
370768884
329488498
705276305
217317012
769646795
891873889
962441779
833192883
3561314
124662122
106445464
244408782
496543373
546699515
739470455
917526218
647168814
60612876
548442854
428821738
426689421
722610137
63825588
310965442
287134517
12377275
736319474
321425721
219535127
584178273
242625479
462343511
899664492
393121921
517083157
925168179
175735118
657284594
77026146
576212902
63260855
97738581
789241170
418007469
578026135
794197719
547474264
351400887
816672300
128473678
285545214
654205572
248719740
571461602
635286995
292411831
409747113
651815010
870382165
444048967
103500241
556932146
863411695
422705131
424863341
599725008
440051820
516543285
359388536
80506018
320792493
723156744
680927647
566557913
326352123
162854476
923441268
287721301
413844906
916150167
601426113
599820445
201060347
934545429
963601831
732350342
227480442
292575621
380838555
379480603
624700648
975876291
30767648
292776319
931391885
984472212
722945140
926269879
897976038
354784480
109526514
509906418
943432116
909417894
194135083
585226283
367411321
218341623
113565149
52472970
737969440
554835471
260361370
853310687
861920565
506216129
546368797
559704270
855047244
954677474
53185625
46090198
893205534
447172898
607553844
444011743
890955407
268846462
824067298
348693530
531655564
815546469
630328483
985363067
113293562
98066146
900609281
773317114
750529908
377631236
504637344
415204860
531469176
80571320
584553703
909397511
992940644
342908118
839647549
726224593
398296439
598419784
431895878
151331737
227142464
698459200
926968025
572899162
911952651
142273647
589579849
230542906
182764023
799835839
991772608
586506407
748734861
147353331
711272650
866332465
713882345
752652965
829413094
648663785
416560959
247596628
694515032
408192847
391368121
106262716
58034312
363313279
533301097
127145825
639549268
57821805
580615249
634376303
880809886
182947292
337602874
26204927
312924748
350338623
653339084
41750757
917680900
782009153
187835831
694652620
320909879
495351614
294142648
175433854
313723813
972951038
760096712
789806036
610578445
897357115
403146420
133251722
275152834
317987766
83623067
323643694
946130826
385293546
911206981
804381599
248613843
356613992
278516606
133202345
696195291
772173054
333485664
388023652
694014030
386269611
966743602
614651114
990563578
493818263
522601766
75588039
781215906
78731184
264139760
492886752
275223034
106343585
216621860
699919633
485647949
753209441
19191427
332324457
450604606
211448240
159927119
864867844
302039480
8148045
71288298
146695941
349750521
714118098
249260485
606385611
927028959
230964569
62123758
741531109
824261252
345424479
480482540
330086230
564701310
6401648
127579387
314728697
567823877
224714649
734105236
348539147
692759576
200800822
951652995
313229061
54969926
110984071
770801502
752329217
231036745
262001402
791604703
144779234
979385797
979811496
872658890
487201856
957623153
478103360
762154066
197022402
161893396
684790927
538592004
919434774
794901008
597591216
165547495
733399904
789444720
810768673
772603968
25449983
267952761
823630248
845696190
561544015
319905855
725287400
247717826
60545484
665165978
715719705
946298866
461759500
844559304
403171071
158839504
818154477
589416376
185286025
200053970
876437281
971086817
58850368
952335875
793552929
123368562
394797257
583322598
160087246
599528492
438724728
945335222
551391398
698164493
869916287
725499278
623573346
886046248
829240021
360756680
68350681
112813972
173926979
389038305
851756763
851941668
285055201
185837565
825801551
219737156
290980902
750891682
297218034
719451139
907918415
647168814
60612876
548442854
428821738
430219316
828854776
357511659
305836921
131682816
297413404
564684568
260428207
145180579
235644082
352449054
924297146
325850124
880042649
271815117
278575383
629890774
532102381
232662093
290681697
602450363
20944418
636557951
670051460
357703224
959300743
976322868
717233010
252814762
832791398
421566583
114011181
408090421
145510351
554319353
788361520
254238835
798241972
464155859
614823703
424472482
891539830
631793498
581626145
328087443
364280600
50407037
162934832
177571292
456346266
737722552
628644154
727222191
335219107
154053916
388533661
539321881
351117626
877031726
306108377
109254036
641007711
863033388
645979251
243308958
280062405
800059597
345165140
19607680
243330551
151465115
806733133
283091528
591086883
200921726
273611610
423027254
680763779
568437283
934382163
831053739
381505241
146832853
240382567
610701118
93230076
495065865
4078088
962741356
5193335
101181919
729258227
395258464
43965487
854159667
604899475
667998001
326796968
834419849
655249159
99401636
399723511
13729192
950611228
187199648
660777801
657011577
287323135
67463250
902975114
770817647
811960843
962338041
480153656
385435039
145249696
774660724
408232472
509920089
597612938
417945366
520674077
878402628
9186587
255287256
912394971
953790776
611016341
985123111
722347057
950446278
843532593
957587295
307544250
436309306
542764628
540952611
661568481
278124505
149368354
421829046
348658471
600108796
439589805
235770267
500000971
393179748
375537624
513501169
955836157
500758366
731526092
752489181
115303919
57563105
895660533
103027774
320359110
814086380
759634798
771654587
890312176
727994254
140046417
247391824
258481276
74561150
721360662
512594539
340774842
797755636
250189610
454012341
910504721
362393165
546025614
954210124
359200995
681297338
995485890
901471253
429762156
259381869
716747465
8645487
706082630
805402508
964744316
743290241
820586608
30858218
579401827
256013947
188259629
726632323
578848098
592310946
91295618
913698223
618289135
382221647
193736686
52536793
233672960
591734543
734213885
754666136
31441144
110416854
713334100
28818037
681610092
84709067
720235972
332257022
778217100
469704783
828528669
472528365
480439908
914030880
878148526
809701858
659698907
523557649
891726783
862584283
230438591
217989346
618500967
725183468
451283306
626285222
981875437
139699790
996837146
785935842
345338511
163460715
299518213
852092717
920551429
200005339
248257187
352915908
339979788
526033483
874059943
609048856
878894507
918535922
538294701
584026764
159280295
699766718
345648619
282029137
707277533
673938934
67375930
219075257
411238132
609000682
114287195
535288396
73979588
153866521
943063769
538017789
486721822
825880686
828254338
207009275
239030214
268705685
948621515
11631064
96374951
650634263
523739094
107653292
298392211
497040058
653026224
684985100
891760463
619411879
134395516
586223324
846550291
467250095
908525026
328743189
174616548
204269347
947874035
241689116
114432868
892287838
182219159
845623264
178082529
100405384
210270463
137129300
622979939
634383048
413382414
439409838
382053042
40407757
577955654
402077432
978969657
532035912
404344080
659445653
468666364
178003835
910033263
142871961
822774675
416405077
116574205
496850570
439121372
400902266
711475804
847051266
66759519
998235184
927356027
822237244
198867379
953028555
390655341
462870083
661663905
147682323
453449126
160793593
231383227
44621878
857565458
751632402
373393829
879139249
125058153
921102436
301888064
739731942
543942565
346096467
603871681
221003073
770966033
14709820
955967605
437188258
177949524
107597532
255394377
515846497
184483698
363707289
378264884
798011576
517041223
645348249
3257248
246880586
45914694
610279592
216789410
391274072
937573456
430891755
351586619
419290407
306570233
70596163
758840335
84566686
966547681
251828750
804189311
171895906
200514377
563989920
193303324
222226593
462129799
462314704
138705862
579970129
664857782
604626961
735821007
547951506
501787299
637102563
538315523
499212420
168112590
745026732
310976211
960432950
367134189
407812286
550085322
722782564
66721504
62419618
726577805
968856698
535230968
439852116
492991697
773989164
711264207
494135497
843579621
942091524
62320181
388081996
10617475
465595071
25464053
661238641
854570219
679571984
977388273
38403869
535389105
720493068
758943382
400512891
19009232
260099275
612270741
977977627
997192168
249421430
963873245
499865193
750456187
256526968
300777360
236607123
739332617
676662304
897926709
559761945
770251204
637950021
279475869
61620426
847095690
46633254
439573744
224918093
751149853
278030646
356450643
921811091
619568065
996732970
885514022
308523197
301609014
654540813
139329217
252617385
609842188
365282717
303374412
535875477
375519506
259849548
220961552
556338734
117417827
731367357
480558501
144505485
250355102
459033423
517054280
292850840
189583692
596113180
702484291
773008876
545919165
493949003
464044813
383862386
565975584
165037830
121599752
580736305
212415854
521760212
886109717
454125713
71939457
244287915
92919020
185606452
527038838
718002256
252012033
884266600
835643069
226418534
653416429
847169612
599414009
112157113
3655014
938543357
109116333
149562718
351907250
672065164
644350183
866024874
376701191
489192028
684714841
396566925
967214516
877341803
842920953
124491806
431372493
151242268
209298417
383750647
707487084
455010319
980411606
303413453
607790691
515045257
347342142
974698545
239025976
103269717
9438345
812354198
765640812
555925925
628869014
157943864
694235669
723401034
886837731
850058192
561299813
597153743
774482730
603772297
780386361
691054606
110505612
980164323
639736712
169178121
911976886
497454554
111941510
787112000
891737081
300898216
823082818
303806781
275493328
397097607
88714852
102677277
951377237
364535334
513754123
306169531
46664268
533142940
604915634
264798631
395787550
712773114
493390176
429873821
673973786
945041706
650631205
401372497
434929457
604464041
740493518
945935020
155351584
809952080
359109042
477359675
742933557
678040069
790292330
351144815
742971805
458818199
782086562
553249615
990666628
57305944
687138192
536119477
714888287
345240102
596694633
494548585
122685928
292175638
345354806
699941190
807828087
540095787
854293282
396861994
922611015
718221586
884663727
535782854
449018030
376240350
16205069
996786898
423307348
128080349
34722318
187599746
168220408
357800102
48218552
782947715
143231947
884525041
905817911
889828130
813918077
576422646
845041613
987984874
496166294
192396179
319597065
266213921
482898878
179454115
473039225
431985929
179422879
858070590
391645951
774915137
861161996
86320739
356575312
143823790
631842092
395182168
617644785
105758925
159409384
760706816
961017073
136397950
886858635
329514405
3197410
243396533
445977709
562799019
184159408
53922027
723461373
818030148
772585924
541439505
50911342
764901983
369004261
982013606
410228403
798402298
105237605
470289479
833956638
314663309
64532081
891931377
216795067
548823395
191958992
249791942
530228026
312329396
219089911
854695984
283714784
652637820
992444999
320475624
817698314
868518779
150322168
629203469
620070510
371554291
296772464
516755374
589673617
409092092
594187981
291568989
31135432
287639851
980331536
383128333
447330599
212117618
61206052
944319464
193867551
998264890
513133375
126530450
164931141
901004850
131915323
222473937
669835015
533363575
938974413
681315459
257433684
636788843
528709945
698312650
214709133
575853909
51666832
442211000
61174248
910680180
461803039
222256258
205989211
881377304
180179037
840125649
450932367
893115909
871634767
862783527
804350896
101370897
234143880
628256323
193487475
733966056
148957485
619704102
883793147
16332275
272126511
773927325
602855453
556081539
46601441
336688670
451055739
186955861
472325769
749359570
967536460
863017650
162836565
633071972
23105054
849458574
59500048
629810556
599742360
789508148
933703865
881685022
637246356
42546965
63214795
84220908
963040676
409334148
521419199
870958135
316035518
95218720
451420687
231002326
433769705
573470357
470394572
916459589
451971177
574936938
168013737
954448511
111963719
208358632
607643313
38617737
64339729
9804078
989781463
945409854
390500582
911346065
519817770
360460630
572701787
629052381
910023431
868268575
349818780
521062325
816098150
156636717
520921231
116460336
263038304
122227094
137179474
794328540
954385670
377329125
777722267
304157390
764251007
759772738
479139300
720998397
322234456
334137221
491557845
840696017
409857606
745270831
597769808
228992302
765001630
668928385
757061250
770988986
687319133
181313361
965681050
49912615
967441527
124005054
70687958
762054088
534433542
609305588
875353965
709503706
435466327
289257539
193805687
814267320
436557496
675407755
867161577
226877983
573330552
816745467
761810922
858631365
266379226
917209458
602550707
2695615
865765963
535136715
419359810
865047831
221881789
323380156
994205387
247584037
639468653
605168890
418762199
769764302
776489125
808553060
183264711
159881731
182543468
92093287
425426849
422219261
444282038
796029073
21869721
125922733
367500497
51980573
381444818
586575020
301834440
159005807
274048727
180846470
476740220
650787942
720410088
103546593
874370683
5055386
894214006
838642761
949672750
785220904
404194648
113064365
182241334
410560753
302735012
233370239
969379145
18572566
356855159
553745733
787879035
212351431
613089138
236030506
188073415
948377822
12356730
347428415
50151309
937124730
839117323
327735192
938380249
50561560
137163007
610060311
163087934
998742808
925404777
859625125
814774880
269211866
757592817
91378246
495736408
534101809
922751060
525253498
267798608
42506454
461967536
261307358
887095407
336720144
75128581
120317377
652765821
46829962
23953554
917128051
423454433
385670996
985265570
483007265
870158412
488665
872726036
836651787
54327919
44348073
684586987
511427990
702738729
403645257
294595908
941947628
522340403
67723720
171235812
396022629
494865778
689022382
503723077
295441551
216387664
829671119
868236837
138417135
386839340
323135657
889159884
372030038
270419200
889875559
153170267
141929132
521395328
832015853
599768604
428674242
635929304
108128558
699990110
834734911
446997839
763159335
518977621
257994758
872595452
990939337
58509046
40584339
999060181
92430748
46167878
724848683
164959929
33628998
229260755
8326869
603116052
391911140
716267346
427112703
922612091
995444898
730532887
436642298
762180409
415731775
609762769
915138566
596006259
98200028
604717358
707004384
290071183
863948349
380941951
681053380
369258607
932465417
244428184
736079754
163341506
172927763
878423781
576110998
219000321
660844821
831163301
370223811
394460624
608715869
658331044
65694814
751165204
191885347
624615096
954331619
929260361
304286447
624001914
512938971
837963582
321739983
400954301
23954127
87540287
451429666
564433376
263523423
610665853
553919626
394595434
170717065
335835779
630396089
321002637
298967109
753540482
20718210
178307482
264922453
333958895
212069662
13985590
793232239
462040441
392741989
495653738
918188331
277523477
22947342
990408272
574497548
652895187
584730089
911273292
914012615
120954957
42659372
179923557
804027223
870131946
197164040
982602964
138525348
30879245
692450689
501345236
889911780
586864593
616464139
333475319
25760217
863249868
881478899
663834394
33855888
191741941
510922749
980092264
215593150
477270457
582051277
915424304
815630273
308705105
600014625
387113987
433011135
716977930
190690951
55549346
510267438
926612199
524654508
704080166
288650701
885023431
768140348
959622437
453261637
971423683
905829008
859631749
812727803
973290671
742270760
237215412
337341901
579253850
126754243
490008147
535221105
418028354
174023521
420217717
843764445
43076658
847777313
504182689
223479170
607415798
302561125
424661611
21992437
419156103
84495641
546057306
432822129
253351735
725745227
709580870
465459225
810406472
434886211
864159976
708923450
337672347
86687611
450253154
93882252
698587515
346526362
122108964
8353553
1978319
358653579
609496753
791939364
358297037
770212479
527723040
423810904
497609066
212448501
229218058
313776670
335058836
702045352
330427828
703404174
593665446
136649448
459617247
371913096
744453987
400197762
851075636
80357174
211715442
133656516
818077583
206680518
255567178
209844533
831356815
127924269
217990394
629444064
55685099
214690421
199506411
537165252
523863987
70243264
289471963
322146138
282790073
386380297
369892466
302976658
731436160
761449356
396626090
158766374
70464338
153441395
771430294
76248682
708671483
619963669
245897916
967704508
874148280
886735961
833797661
80945219
978302076
762785951
140848921
233432244
439766569
565340000
870520755
283477055
441846247
485373049
391526743
993675088
20473735
69849170
828341277
350614252
833305947
533959468
243576102
332802459
622575390
286820441
276156701
678866489
955517934
712794973
642712270
632193503
744774671
138103025
618953762
995426990
425159043
829288389
534243068
776683074
850278693
230476674
489645622
897854607
400521960
287846378
113426730
76844455
349458425
171025246
234913616
601764231
395183129
474751942
51517083
109345552
232565080
764772445
101738646
52158374
68523375
671175226
469096616
668126649
502246632
218275719
231419167
835334578
560192509
240725643
535275864
518392909
942033269
198727473
278658461
618850390
432048646
239559440
629616289
508516531
391206884
553958716
792613008
366544907
667517485
430525452
479956145
815509254
219468772
141420708
571079734
858145848
460003668
531185095
86625907
542886083
50914310
173064652
866702382
656027233
335329767
64781098
931497710
877765926
923411032
718651795
626630019
929505007
435639504
166465466
684085256
777014618
439494435
243072547
715476004
517645136
206131508
27184788
412999148
220881157
849338095
998983689
759987758
257747629
407801027
768440387
917246533
348854926
463294487
150382596
933195012
263927489
208048297
232038555
775207530
532005570
30411905
118333023
966992782
604571703
354804617
70743538
210243993
810557487
63662514
628795541
236314442
79744680
567465973
300734777
111031631
236777573
295391055
491982614
686882667
912200860
187487002
565541770
92422235
90881388
701312092
328585981
692106924
205032265
828681354
478027346
721637692
830155829
934742498
745877184
692671563
444962521
692301308
684510605
567783768
787947387
103403487
169771959
214680748
889844229
564856554
344041746
156430422
471120323
148399680
325562515
7513286
8688685
448606622
69691796
34307099
411475018
367106640
815478078
406784902
25830447
456658697
37167094
809594470
101238107
192872375
533546736
464756470
198697770
861400351
926383124
481447541
999687748
495006852
133463222
471247044
478579115
756050189
229586906
462063198
374551462
738109381
393693658
349111776
96272230
87812710
84510702
491573648
899418387
551528165
716232094
371962846
402701125
531271253
40710391
708992344
384191507
649629157
418577297
626515265
420349606
700186326
410479737
223374087
681937446
134003516
298246730
239591221
368307887
650646352
41888769
212735124
267480698
687911514
839698276
893624
547560933
64934361
579887774
501610427
889920761
415915896
556415218
183020585
669632659
981693896
784269386
817263225
288531888
681992786
923978075
95337699
768044031
414391637
610945666
384356274
710917926
995063260
635100641
849344269
396427705
908003514
223912516
813029261
941590936
587392341
832305601
28340198
498440568
946133962
351433233
592558549
790194364
233415624
856521138
977512980
89562884
341547719
459717493
538891313
970183321
863916755
400263996
319816790
850589318
402810356
452046876
800131887
216403083
163557467
605367963
970734654
549067948
604022519
723247492
743944231
848938199
375875412
304775599
236183125
527673486
430722538
270745188
26243122
812027079
739337596
354965405
235711247
502005893
322164908
871255607
817001070
948969581
592624627
434945188
805109408
523962546
367438188
177151483
304546916
785923136
935169171
321446822
836704399
618437004
958207736
367450618
232829
740828161
539245218
504740917
855003301
664496491
264662263
397419526
884077078
751357873
885959327
715851793
851488173
244699824
893745651
824240052
778010497
891888758
838836830
944219087
382104024
775101666
826126961
642479852
769965481
562809208
161711046
636267219
864561756
514730996
499510562
832844705
679394405
366237665
958398252
164438876
141106638
423342492
995475180
703509701
802743421
676615259
467480961
606476684
517816843
924063902
782791654
714488319
186529986
237659382
239182456
598364326
374115531
15112933
256744102
329742349
158771078
727439778
737241480
536514658
746234627
74262993
525244984
199168026
122284395
387664619
176034652
571552321
518043909
793301962
970007529
689088417
362194815
919418837
690361512
364394479
796846183
956601202
963446536
547178753
605047546
752199369
801831769
770269956
238795583
12324460
327838958
349792969
607228278
504801865
848853632
881384653
270896689
531643395
269084788
941907162
696561810
816392043
416585981
481187285
14986009
798139588
612048433
729442512
989641637
796899252
55989846
533660988
342149825
973972697
991125843
139087027
995319320
473812636
194940115
269674714
965696017
872951751
982410331
227392140
972367841
551268628
479429114
685230935
639921454
137341899
628157623
535454784
207743439
332104999
786387836
901434193
610562729
111054475
889658802
573365291
975088123
29448658
514368637
705533471
669629651
211300436
896025440
129253635
963343313
974948209
369300262
374098095
615527568
386247960
910445249
594361258
487767324
302625416
379040420
317175208
326699565
199486763
962678813
521893330
764750868
89792678
277979807
140457690
577275535
130501581
962413279
25934184
893955245
57481098
930697370
348102002
400002339
87779556
315887269
230990998
465838586
838863739
870751688
913267716
259275036
837930533
633274309
254515975
495040119
80909531
8764188
964373624
462611413
685822431
390847976
110229442
260586270
113975498
156591907
148903864
346045320
601469461
484812719
906178275
436495094
206119271
694251611
956863796
592161914
143586590
500794693
316045456
791463028
766440202
254337721
503214424
183628744
150678327
806069223
739783243
734902469
495948019
772256153
490653150
677152716
206878671
956401128
305866376
104984080
882216478
717603227
898731055
718142058
974258805
7950692
470223874
449128131
917028597
565459776
315820073
864926528
827463635
380229886
246513933
233207928
574414403
670309221
231571284
966961170
451487980
304178424
362351698
363083936
100168289
570392575
621970878
278826699
301417873
396246101
443392410
742819433
594321246
768922352
966879308
630312769
338463826
785858662
375879694
807788512
285079626
234774395
583499190
880259077
636013121
714933352
607995124
101981295
213575029
313578249
816974113
949203438
546870415
808432145
210449014
901565735
199185843
588151830
312214175
250766008
909921288
966804925
177687539
884127597
206025585
161386006
494102536
947277521
313352815
950145474
570792825
374597679
947900465
404929817
807518283
642549727
676010497
617239786
757445708
878689882
158532602
381810827
514338438
315046951
583506615
486578044
866027610
909424324
418489509
181034634
473094675
423169452
141089559
891809723
779200471
870677219
754044529
584677395
996737394
372399307
272117819
386040955
739882577
933494101
223316563
728739489
808656696
115648087
577476266
128295287
649336175
90210658
694302947
90313791
719598343
446128455
618121503
924657790
536129540
862511269
226743393
520292773
722953099
405488750
716167477
446670142
303068220
687109785
269581775
557226563
844383555
234774468
622877434
496632736
291720609
944423165
68432683
13354217
640786241
126038381
782486921
309154146
577721324
923529052
621892883
948405360
717560918
27803347
659876254
796940724
190704102
699966632
332836959
540921158
937097696
936783489
276302919
766051472
880694726
524512008
441604844
728343917
549868497
416482381
461573835
106764866
980802371
377110672
562172287
540931725
643816768
531755383
275885914
448119342
112285856
582643414
13113504
276835347
765505732
647633011
222525831
533425093
650939158
673598142
500380585
844535412
783093135
615999332
531820264
274681665
867769153
936777509
384971272
723126188
984498975
139262877
386457021
694810196
887325373
672908455
427178762
760992711
427095816
794970325
65777718
979462891
231891340
846066796
522052261
807347852
877208869
780460486
813020202
454568686
821999232
184340898
873327624
948540132
740011313
766316696
416749997
868387625
46514657
932442137
553560970
47669928
266003131
117938237
500966116
607696577
431276533
556206102
983209041
722730395
270684594
845430372
488009064
272313719
553558077
501680558
830290949
115695454
153592764
65932404
378017918
441165654
173283297
716744467
405813036
986567553
132824078
332805750
654440253
468787695
146036070
669831886
501994967
178875673
199716243
256487600
612206970
689677455
523333565
167608788
325518987
979100989
508730141
119036046
280400435
895508794
980275500
47894065
454157392
414947182
284952908
990710310
313483305
336727553
599356789
189687479
755608818
100567446
794836854
952216621
184951857
825153836
257018729
931844597
578494454
734777922
649856946
707770279
600543968
88521067
325138225
605434226
373545155
529794959
950805794
550577543
825015171
671498814
475817225
211739803
465091228
872961182
635411040
814768784
603949510
716469014
433629097
36329586
262849436
336848438
400073814
21131339
40446
532456337
496997685
818678598
429196899
513027503
554888913
803002749
619621193
883314295
783705187
785996555
733237843
350261041
270844687
154288348
842308676
152121984
970705761
188466651
678683396
856767595
442816085
444843873
408905289
970070559
319248547
905879347
760778798
455884435
948536837
784440114
267717459
254217837
752605882
453783713
574316990
879222042
918794142
356784617
286556708
32741342
806767480
817980245
709673340
514434427
203104000
515018247
310534459
737446030
440852153
418068727
271553358
626077599
45103313
394518913
66997588
83697026
257519244
843426218
830850222
378657110
750510056
137651303
400289885
106845653
403972624
34964325
365830954
212497769
133208619
474429512
288414616
284658734
47396596
258062886
816768942
668060180
271319261
977917521
660411702
331369589
979491758
554326277
120972668
536720435
771729545
424538692
716045208
987613929
487883566
469359094
21897340
20262071
748119264
440997676
367942545
403473609
427666953
390956926
743747537
99560559
577606881
524651467
487281553
227228683
259192921
823234113
854371274
453328565
889399079
646519978
664284227
464552425
233334277
459543412
918890045
191371990
427016293
76731151
522482882
65621656
770958158
569212514
268704076
350022161
708169763
638707313
390425996
198369396
136159597
712083688
847646161
828720154
827066195
766206755
374822152
479813288
223215502
333341709
205305625
875666177
372182447
974128266
194131544
354548264
379130324
673025340
457395856
178921023
209030550
638474470
316999878
423515645
93248951
50537542
849002275
658879166
721232633
941583139
250646123
721407964
265863699
468485398
791387953
299475654
488110410
919088960
58791225
534286595
960647145
715749957
321347413
409481402
808997430
866464816
720739183
309369433
321461771
420519929
377557045
271297147
380877549
652425644
612642738
290923240
785941889
590035120
815492834
664396996
822553080
345578852
887591001
747142073
181347933
398015312
567912823
576262353
421240332
403879199
918017521
450925049
910337413
724571408
846761219
813669188
446820297
588311214
807705604
877666690
127649649
671355478
34858554
250304079
457882739
539327142
974569176
849072068
532349322
251483812
960232227
164961433
555166476
952877683
734649553
182716957
194747079
260135146
636990877
313639297
67798550
125686115
387405924
267167709
60275448
216718368
319770463
294069992
983738653
281914074
570086052
374342420
270858250
79644304
981178309
481774761
150276824
557913366
376737613
411577303
183564588
134519732
510224019
411285367
910390671
464590999
386923940
390601543
56624024
65976195
833401701
596309971
121710541
644879742
858015914
697900622
299128143
935976837
360151025
549968214
105461592
232693353
1733213
844474413
171091987
519099862
534153439
89562513
18807650
245948270
851018421
70516585
333156930
892126905
147070331
758980892
549146932
266373418
291388233
795442469
484906477
422641218
759199022
249795226
479689570
215338894
68589457
199488252
529118871
399583298
175316195
872402572
186700426
406457919
212350834
2072760
488031408
33585571
660947203
187391457
478692936
965437843
988723716
228856644
857589771
578346608
293564419
315751889
769636289
646860993
894807009
925260781
737135511
189201152
91559842
970394129
58213874
269223293
690884370
214604948
118031746
661006381
160737914
774047083
298069597
650862266
303228007
734293226
777174229
307659290
250623777
539682363
75022103
502925281
856862598
246215266
578536460
425877751
861352221
220693643
959511404
332995469
766772217
189975755
384272852
321371560
730903167
270860528
269583090
26522871
970160477
870307796
697175407
616758873
686446940
140185022
33948254
567068435
311584774
250393192
674136226
567670143
443936332
370671454
640931506
534454743
443484576
245447062
792465632
288235348
666443742
957304716
809545127
322520582
553807053
509521795
122624937
292508980
271271387
261719327
539793172
449157158
690224895
572373093
506600785
888295803
315759161
185525061
677868249
618849066
516247275
762910398
715016530
633153578
121890781
979275075
596692652
922452624
494609128
303655378
158980159
657071438
618079490
912970414
899544339
902517452
593597052
192733891
158360382
21242090
382029864
886538746
431289540
503169365
595327905
215485446
537639638
504525907
245236503
96816007
67961090
538665964
69203694
808337055
623539460
181708703
709176745
551515516
534581415
857747240
220120782
107020970
838385944
413622494
208813275
658254866
695960271
216352928
929916801
403427673
66357638
50709713
8369058
134701440
881180881
708010201
286205120
836622687
745083472
748623883
556361391
770011163
240824940
827619447
322760115
350429204
36333606
663025466
535210253
337955534
699596967
171083897
931720704
764224308
375333160
226493459
187014924
974802735
55788897
316351960
326676218
616997510
913486800
659104952
937019141
557257103
318469366
866606918
434677507
106628308
825353364
579996297
601715972
696235035
176335525
327439538
462223377
905752650
390260928
122056158
988705163
896641403
426727386
521568027
146723033
946176809
499052277
258760139
15606598
569804958
679156274
784152636
875653925
37905255
252635404
125265321
436479623
328960435
591466622
710361267
639087632
454558567
616374722
465610116
212499410
310963353
437956101
77211024
221492285
860203075
859171153
745512821
844318417
315176612
390269641
400951754
442296602
129340618
1539845
313279985
231538175
541562534
121035784
38822804
227997930
727587733
738829877
625556553
665071266
189335600
27033343
600891556
881929561
881260314
842119780
328786903
637455313
709087229
993366224
579550343
15916857
604746596
260497795
912241773
267617399
955493250
731592600
701712829
61047199
850327270
734242593
366453712
593903558
405058575
443310891
328627672
788914028
764404084
475213809
262359434
793260757
372340345
750952896
216392535
891778578
593111637
418803444
643405154
550489864
669640168
152977014
888791179
644172464
963400186
784673044
761772037
90699261
153121604
201962707
44226089
719415957
633859025
794459028
977237653
913112098
881434083
547528165
897373510
755337092
786114330
930038272
518999203
673725034
256034656
886323767
493760018
300502966
384103825
508678715
708615895
886963778
500168027
809716132
450109998
572154596
559009887
746358995
584498437
991303338
863502550
801965640
649188472
118781721
202331697
860863999
958464959
946854591
688783460
814986479
836805374
458999967
455530054
815880905
415070337
807130624
353013675
615057090
971121779
305435592
464206920
613386879
389085236
65059864
683285969
808320545
51875947
230104492
796147052
463493005
828298190
674378077
49550023
428421423
89037109
538739561
693308397
723970750
994813580
96823785
664445171
820775617
387044323
445344144
607118348
814725279
48164737
570074368
470281362
162902405
951685378
348298237
546411766
813698039
217024558
282826575
262315419
125717194
889732521
684098095
838399872
910263613
322442045
614448321
463656356
678569719
29603643
594407055
917866196
76116122
436647503
27208862
473567834
28990888
174503326
637375984
325574346
993425501
659861979
112663972
916343049
629721448
936732027
23176265
338258711
477450865
145846019
908521285
734315980
526847117
640065186
713762347
536033311
543234465
185137437
812881048
831812794
131065719
450331820
527208584
566553141
526801646
202685806
671102577
470613728
857298210
619754405
525893
794433756
709546558
540626411
702435804
441976436
12958299
491135947
973326049
96296794
325005804
757630137
978651061
683146509
714250183
628452697
449314214
219424301
3736390
549310548
598887612
86697892
914321916
972116586
229428703
984031301
638069253
423215934
786160547
622322967
954923085
93751717
1025089
261836821
526016414
503365655
402409147
406207927
293649541
291649763
488808986
81906350
568576898
573859832
137523043
744253025
957155696
745557234
873432598
6518438
721936647
792385507
901671363
63777574
481618290
538735442
358144013
682621680
505847737
342880578
134158655
98151558
203059148
270552589
869271818
735565633
326556013
587475442
486197883
799497446
450887182
835740480
682623748
826531804
140013046
200519561
554215596
390290429
365579893
121116271
943210525
844564045
526468487
492356579
116169668
827881795
552476247
222662199
549702889
293077442
300653065
665113705
705955968
261525638
318583134
559513560
481538565
758198965
538463975
803590410
496986754
163824140
63587678
846084624
361722256
794752524
300238988
491018594
271072602
211439171
76001532
916854593
613974866
696131976
925053447
495331223
2774527
459114843
85675861
572210682
659508080
884066451
468628536
251045850
95112399
782114558
316971298
119971818
249651859
368369412
180618077
451560516
464470865
159866492
101878581
86105536
819488695
515357217
744458294
443540066
860214253
186403700
650360718
294281269
824390304
448043863
115884398
766639275
289229046
401168441
500497502
578096969
370343450
695794939
792716877
535035496
997110289
336428116
626141011
350423122
977969078
491509543
634668642
453411487
408269611
906499579
973322315
673949804
796248058
677632461
524750626
19110524
597571638
206064498
259848051
359320901
258063971
43484765
458888118
563252168
971657401
741173708
894795567
415666826
131868651
639651025
393187313
601643980
794184188
105546929
383255689
251905922
25939462
424029502
529736485
210063762
413658404
695151978
4903882
264241384
979622528
190264593
220640348
804114374
384224143
477963977
144854214
971612683
151594189
204280775
120936788
783793418
85835194
756203276
757892355
828776794
467130487
864058254
785784760
654835844
171763982
271434954
53997490
261914813
840442335
398581338
383226017
122736896
53934985
434444504
624891602
319615626
854904127
164938997
457978015
449152611
490653065
418168458
476498758
141842141
28370886
220009522
340060239
97516479
519771486
779167317
231933587
952993078
351564296
67261627
496756034
271276693
754553225
797859721
300673117
187188200
742609460
279617518
456282673
548475649
261181478
617901371
101773619
725398003
992103876
60330783
207440727
775626036
309209794
248275145
904546367
537300700
261352857
919103903
209380644
255647421
791250618
809071110
683064567
671474758
600554022
618878835
602775130
541437927
569315667
440563540
909142074
750419640
486094620
659537264
743186251
715824874
524782762
632677150
566540194
129668332
654235147
992456369
714123468
602208320
891941672
537353766
290639952
975195004
685951189
722453643
806019815
553640955
396448467
998012236
172402883
644366028
226928906
603898059
943815258
377483675
9946549
704270866
704231581
969256000
651980696
143495944
875350828
924126379
93586341
246138903
105040877
517723221
394388653
630590277
336537874
139798513
551987451
319627709
634657136
885946694
875767664
215573499
483676844
338851204
333071825
113473099
865853270
558996739
895821388
981466509
873506402
606205930
315687237
232715960
769817813
309032903
789610138
193373870
674019367
94919378
573858738
394660148
228407328
697470138
848284469
506314317
9094357
44518740
820846162
66025541
801728062
666140155
458696982
294877874
772135329
52399084
637679228
735875238
772787192
629690852
671749310
47566647
394541626
893698161
553223858
27052224
486292286
648285944
90900108
315434781
840912280
803581364
19829929
824318025
335596171
70887201
641774784
614632608
69977438
212918810
412130631
567946268
75833486
765492223
940496356
147772371
983957089
165580609
477867836
710600254
599085424
589017329
750780359
667662629
516235289
926356765
999033496
307875433
468979611
302867494
381277829
928049060
817872747
415813067
295064234
717105338
578150732
197889750
424921766
190389024
898057806
957898290
491179520
429259148
522291800
635990770
384467708
485537604
420004290
110689800
356098723
377191491
804237164
950007309
213116383
14331088
558663158
531069870
923517325
875818355
265288075
670566599
15685445
513345567
614516352
237261613
126320200
364908279
306099202
247568532
330534247
140286358
220711986
325724882
442340001
492915317
45116502
595879115
955394056
380155979
790904710
187284963
186935654
286232717
396171389
131040116
490156047
813720940
619380453
193290726
762286185
704355764
896670334
938372533
434417265
145744508
377168310
259139586
602540451
173230629
889915164
660715245
42781964
767440143
855327367
331133071
876041267
344299764
16660034
86409380
421273403
511024810
28800938
475745525
501274129
740237282
838621186
32304322
715626435
951717331
811258222
358500101
198628576
461506418
655608799
786149043
503719493
122067899
127365643
623591332
77026564
614907702
976170129
828289381
772234389
973648637
61666189
43138787
128735129
391197838
208556710
184930641
627288263
673601047
738741757
471561808
190692927
493024229
628713881
286126384
895694697
594918056
394234197
37337243
387608600
864420949
71413588
808922595
93787748
438966497
456691408
248012785
999497651
150778135
822197167
669844735
706957501
307017882
862537374
967200060
967753980
859817591
796763330
331546148
504518932
218919790
349677539
407037336
549685515
485195926
102815056
59115376
96448874
941508126
753779837
153742330
103844483
391506473
28641617
669671202
329745818
566989576
381013306
242212398
500970035
651628616
959732294
99402815
13821571
300210398
480515089
697462570
39230650
73915356
92907241
611179437
703892177
589191482
802980928
921718103
567319952
604535718
181972568
734122131
539810671
845334952
397236849
112789221
259266516
608287930
850867956
895045392
478108143
470555035
581259932
914393446
124785952
747021059
473988569
613184642
583937340
762594670
279098206
902381793
303870392
633034517
283090166
465666254
284124758
144398783
663119732
246730053
182208619
314001640
532119886
253884018
951828006
591193019
21623737
461829562
935529137
987409236
371912653
49057845
114509561
896933480
13523980
654079303
148199780
324744347
855210917
726367515
325563274
612223512
186229427
996198215
292055896
845047533
187080674
906113382
524088507
469812680
617829776
957336936
468759584
362152447
14958629
294977832
652846851
338740007
632904737
408296567
177058771
933767134
894678156
129053696
939258666
554063644
138475197
967612767
759050344
681947078
197254548
466107227
263240371
822409993
12742637
866987509
84650438
188915682
612141765
642843112
629606005
59040829
31024606
740463422
674232764
124191418
314426485
684086181
551633781
263255650
476085063
945564166
895516599
552209998
742901910
673950244
963134889
202050291
575356981
836700036
249514527
162742935
564896257
817869757
924530464
692622874
686563942
491517022
533180892
353855385
841351769
419622207
356799757
736242071
93905661
699322031
676481014
101022117
247160422
968733332
971683063
848601702
844205568
510370033
480602828
220199714
579409193
255217819
229575962
920453484
717211030
893007006
393793592
43818371
136958827
491090032
961519218
867557419
487377421
906676032
638393911
500720652
144101413
87151163
573424337
292542853
857073782
635546495
193077140
983045590
926148861
492797004
794141118
213192104
792565217
272904850
134700884
72318789
230197397
627255639
382301838
77672887
702907739
172652726
919153483
812507390
713376176
908140750
712879351
238970785
853132570
573653848
928507618
354369945
57192603
547676052
852847451
958264634
893173406
398791337
531048584
783791844
788683507
970759799
145655924
565640204
211165047
515052710
682096949
291401468
782714607
663610916
228881687
513718822
837938839
751154450
114835611
55425810
574813569
882129433
391469242
310780366
620198700
920800268
744945596
520549737
797154530
316724109
314069294
107617893
114842068
342701663
582915660
239644094
98715529
656466687
684580620
240482312
847114285
851265912
870281721
77964307
114725679
404007102
524470490
66658923
467364581
898299144
640827679
214359877
868225240
862957920
66832217
1249948
521954114
968716908
650130067
965479692
447903460
773217427
635843019
56102092
812785389
518334968
1832603
52550271
669603629
92113002
37335589
366789944
284700814
636872402
801935127
68018190
843694059
356489324
862600259
161879064
714144570
135440464
878688746
236188175
719595822
299955645
416633311
427931968
383223935
440458242
377482139
325296406
307163998
344050352
463603308
526516977
413668855
370779512
717235074
872814431
112543002
671485536
684376720
820716173
634453778
587938355
886709194
505260569
236186234
454872226
71392657
429142273
489135385
829124378
688768372
46456380
610788643
882705672
481884407
415502215
216859948
462865606
347819576
352683207
570167378
369731315
23949625
624941016
396923116
811782849
66725923
869627881
439602477
114133112
349760366
240427275
942739718
962321180
575360931
26030964
619748506
20219785
185222133
973597022
584522554
611479655
959818342
159132473
602871600
84250226
960181443
635075930
391617228
871029288
568829980
305169656
865023598
866902976
365920103
863288219
580533594
804618411
515402959
988913656
279458388
318386176
389841235
781098319
437023267
398115953
562223788
316966440
915855414
377541897
497469108
179543644
671686749
773359932
429350438
458083451
864397455
449841548
784379657
280032973
187673970
382570814
462740432
199842829
8194120
125852644
326752455
378427180
365605944
590884413
168658215
455707822
842405744
562698086
391613202
485424053
711056388
801993033
812845416
150515078
653837205
888859364
265216690
288480252
255578853
992482978
111841042
530780053
394280398
713928390
637338268
248715707
228216673
377685674
87954421
499052277
262315419
125720414
433042217
237220446
985098665
936750977
257986895
937501242
825604991
578814378
814460500
643505854
40426952
64329103
315368612
668465769
530512536
757948703
614418651
623475118
39599599
450563647
86700749
704750130
605255436
13067789
280381693
36795955
923939455
517510753
176048859
946306748
842941961
128275325
82535082
776726315
305046746
516797193
570164912
373252147
762865027
740461780
826053276
740855018
424478583
241729153
808986296
305144061
347595150
245055996
254463923
796015347
771576258
126787315
268232103
761916646
966803953
589680534
88170269
8074581
574503523
608616838
793213089
816227413
637909548
406040511
837731365
460808640
488920302
289728356
192767817
146460437
510630847
920170456
908130784
323827157
356570362
860730698
373118147
714978557
827417906
630688951
425218751
370170279
85180925
729399094
393726698
281009350
602965538
309862153
445462783
627862609
91925570
68200547
771159768
565831421
522212959
761821848
134510338
303013011
38048672
621572565
244252142
549977866
239475147
555714260
391296905
465557871
733654161
483633499
337607017
700017846
492249322
957757790
356745012
796485496
84697441
60065525
947314397
864168344
549323948
255366419
850241449
251839207
803974346
346042117
428930057
485234629
101461599
578055394
833929710
149961645
523747602
653229513
830099714
918351883
479639166
525449277
780063454
50620277
231485891
226937826
258123511
565609461
878762135
939651275
783376374
156519415
480282067
551761635
327586619
487521665
561953442
913557864
961866169
823624479
969959196
492262266
38754474
182716062
323101293
439801903
269564425
19408395
364694052
53066279
215317523
195194872
621111689
588675666
103099198
880647724
988078054
673921522
678234238
363064433
684536885
301597743
331892927
185572090
609543247
385667534
874959218
678538999
387157241
398968965
702897963
43980818
265299030
716240315
960681209
6806195
412845777
260447079
572144286
962618230
159731649
611135051
346591357
948910933
311635517
804827000
718121851
672517945
705649446
916095946
187113583
572552325
819704880
42742484
953970205
524146987
817277227
684018384
837354332
751339052
203662295
784427487
980622511
747811399
829249897
567667287
117451063
588247192
575176139
53435644
474501916
534372521
377454646
124866125
25608181
532806119
681403377
43375564
205663541
46737717
538449381
685582691
915974697
110678429
891033893
279093172
620181810
345191321
192067247
130962015
797312595
582808546
521161116
723028178
559749157
735568562
851352817
983102695
930695016
82333207
767588767
159061096
596977182
523517423
795962437
90333924
709168684
319579189
698627109
656897667
421640236
281966381
31613986
949472272
878152164
41944358
504506230
227828370
411103862
720329747
41090848
757051288
554368851
105398656
84174925
955901897
421098055
239184808
595453304
998350296
805030434
317766076
300431586
271741581
991022665
6147743
493845892
919122008
283997544
258189012
42769671
892893518
137880124
650169363
711237684
615390120
340965785
813141722
50381269
494319959
110596481
670876607
115448068
101583547
909969671
66646917
126728247
589666311
849300480
575189782
404085127
128720222
226572206
372623342
343107843
282553061
749736547
46660175
753684996
611016785
782212532
741403344
1316314
103819037
633708620
349220395
786706019
634761509
254033584
440003267
370000511
467565019
342104132
706849910
257212749
83009276
445136149
498986453
340660101
554402310
583708860
35927555
455198983
826628164
851584221
8898420
895645765
723813335
527003624
948259860
633323689
790843047
865149930
54233628
814341645
679773570
942392238
50099981
540378376
989803181
142085649
340259109
339486602
872994539
240325043
847838928
416217156
154116939
344547532
774419798
902600313
328832608
116506094
178611510
51856375
37200813
67524851
501988125
436727462
326797763
941878030
35706501
78352560
70253245
122342087
359523683
822271540
50930421
718928889
2258771
296192727
161682231
56187234
928894845
667481511
899254806
60505507
796679452
458820165
714654568
677612365
229052358
643280355
551479222
883995021
937547148
273571326
545544570
783728990
431714115
495044481
867115019
876086390
937267056
176819866
9129550
154757369
408742754
333936226
354134218
463285682
981756671
545663844
90222035
320635414
30447154
722447706
97173291
743365528
404696384
653912820
590547991
944822503
229811329
642281793
573643258
884974157
964688759
223508116
257082353
192528731
150123554
707379997
573779112
358633097
488184879
5584112
356094411
767458975
402372635
811540345
502616199
726824321
279249715
647348478
225338851
52453370
205031327
914649530
500568084
41476703
662507704
614842394
508075314
471222173
655036161
94257060
361685730
765874646
861814270
818894165
383021399
709880158
526385630
703917759
317083823
350942590
288607719
891347975
361493898
551296210
373282462
383230776
800130925
376184988
773053520
200600782
309169785
362852459
911333985
694837936
383969392
503625746
132163775
323244609
202415080
32669034
613221094
505491961
662632814
279007114
836253711
398591587
399941814
392138669
228198664
565459503
881872776
109612869
982747813
773135316
591033743
670452072
119795925
738509651
389321035
993814489
421832347
954071826
424697137
94072655
107820239
2382974
831107290
572514346
773838189
197000578
136376512
565560924
822362876
724147200
236802197
960774233
625702161
181568250
874836464
857420307
987640356
307548304
327624278
607146808
201249150
595410228
44295982
563890984
642753692
77179544
560818121
36480712
718944145
562698945
867094738
668190269
677193121
484122573
631642237
562722674
156083317
182528785
222262662
693069185
908594682
901143146
280306613
286416272
769693067
526568112
9906878
276049525
157353660
315738194
120108812
560281858
532892443
478170214
851507410
990898927
62735249
175685528
232019878
732460099
723345946
236478435
991208688
518284405
672074249
401334339
763058480
829532827
44925034
45636583
12534285
490388633
820885860
319302946
543788663
520470224
995006438
607862389
51657803
935885336
399839891
655924934
497377254
290547737
568248917
995414931
499660165
637967844
173944686
63971597
550041907
55414672
798530329
96344815
553608260
349026743
237360514
542164173
630420357
766100003
16961796
397557238
669139999
545856494
709691021
529308862
71579054
441926195
964129707
759859424
536969740
322462108
556841393
67054201
226993992
603736321
693477442
305976404
786531632
777804357
276633431
801478702
494631214
732077611
871682649
55725461
567634998
30742968
344482804
143684400
681141750
813422840
990517470
728276518
655444742
243085643
388854088
46500917
118849913
563519358
370337430
560054127
253708095
158826351
748136556
851697392
373106792
700099234
699107852
829398300
4982733
122506623
309637823
813920706
236708406
447950841
674726899
35183013
651072242
965743399
724723956
918166827
84406747
900841275
122118341
130537710
584480340
218247579
558747956
699739726
604003151
510664937
908473662
374219532
593885609
491970741
742339528
631384287
853436207
846385800
26197287
669598759
376400906
951808903
3136640
34108366
548588916
611190084
706235454
387583514
633939741
162675489
802185699
333229640
373731962
374981499
863670791
645631939
717709740
596992904
302032462
220489439
42444248
94460822
561413047
704980204
726239133
47655419
794033410
196579019
465236927
669148516
80781923
371283698
458921671
786325265
343571746
461332802
238571971
688314231
509912818
98612810
214166975
955483415
269325694
954129921
32230980
665717619
626541880
356762790
270910236
735938112
776004473
22622833
536559082
145634061
5888153
121706705
848810977
325619223
902372801
661466233
284142192
236235227
616939128
911680529
53595120
872726444
945002079
418237701
724613651
524764468
178462666
627544031
211637292
121272124
546109134
267104205
203638668
536912669
452481176
825779636
470910231
683223256
477095245
134932893
827951074
653844330
915350729
731357411
16948491
123317558
549381046
674673974
574246843
613285901
630718245
424103076
280400327
325191136
267685991
250596405
327807567
940723639
368375218
665742902
474340093
279778957
165944041
834312701
852430220
189226729
29540521
575110322
672628105
853413507
873349849
917467415
316465282
879260152
437191081
646151116
696933832
531039716
107286189
2063850
900196308
684785941
918986010
801257352
279109102
315293164
122599342
846175865
798370603
756025859
631267966
816382568
248156003
210190783
463450995
680791029
674792439
882399225
764212434
668422145
65955645
745845453
772331828
565636780
833274709
703257502
903691556
541479121
356206395
896828240
142686435
489025880
182070269
432317803
914254312
927495033
250848546
963149997
913420124
102702440
987877787
842547753
905547708
611116793
289589358
489853603
369739899
757261205
598002214
746097947
360706167
330597867
843628833
532188800
662831255
419510465
340158808
175511752
663840012
892850502
141798235
717598187
612632450
654610264
427035464
531824530
56674442
249368757
518682349
863321320
638257706
778374093
547978055
332188891
711054885
160407288
783706886
590521094
177895274
559252357
395415085
274950424
260964722
997013559
25428868
515403453
640517971
201033023
403257620
68001755
797626562
951082847
821289200
525322561
73250192
442338810
961808277
687897837
574838771
636070331
58998746
342521154
826173813
544861226
318718889
556377259
641179820
980544162
346764658
537937737
896078683
821940666
163909555
869441580
769086423
147804677
390133532
252835417
842919768
423047090
874744270
106730627
582329000
699392203
984034038
239146981
940340895
449771344
731051398
56363682
982978300
238615798
555500492
728359604
700638614
804806650
425656750
983498993
205342208
670730787
853478464
55885038
604177909
934304046
308294122
204544692
633812995
215125297
826054051
415752259
915757012
534037956
948163127
884286255
4153371
299332488
494340468
326792357
918702252
150043286
912577021
990108751
502844452
207972581
477518253
363582225
35805393
135747948
85754
541388735
658438572
495060800
562032725
835828226
288321695
40829414
659362725
438723941
269982391
210032931
624615390
234929917
447987752
427790393
987668598
489567779
524542829
653492920
708459385
529163217
612077076
467674487
878832851
191794273
169094836
58098980
9091884
176801154
47758188
688527341
350199837
64218370
666779534
237087833
667970098
818870690
593008100
660098788
33715842
102186551
668366533
202680255
604109400
71604630
643511146
879808329
497325935
76571801
574386868
601371471
363711252
968644267
478474862
118339825
746990962
300047645
617694736
150533808
957899504
203470455
890500515
670840369
125490139
892290941
856794855
898529481
13546095
395728527
5067805
560047581
883050954
40816198
93832784
700091637
201436463
911377469
149349203
477739281
833199667
163403040
413722656
950853581
46484947
304852381
896191935
144322119
384754286
992939107
593010815
4978073
558353670
562822757
663936118
80522386
823664668
666703463
245921315
385752111
717560754
749254012
886002555
198067462
271703978
932417849
565919092
238242479
691444137
306602982
264099082
433853038
307038353
761643266
399080726
749149107
598401724
305951994
95704436
42146367
308151297
218945067
186046930
402187192
609816661
732485611
52022680
794126508
976946385
525022059
301763729
562599433
615761476
296529469
80534117
155559845
86434405
121623337
529568996
568211576
402698368
249265729
350678649
734849100
694598553
732589156
829133527
27697170
743823316
846773543
709683062
206129977
510966382
406991424
872025670
384052711
250614366
118651541
136164708
816335934
99970528
853083391
721303340
116951916
857334251
828359144
643200866
211143192
202382122
892702174
125070124
270938695
79634267
958988320
73506989
206906483
934931376
287752343
569680725
531939747
927625993
754542067
169747403
701886345
49819482
135679908
480211710
558309179
147447714
767417088
702782757
513976762
473129331
882250429
623915596
781131196
40510730
177314616
144426393
382557781
172081905
852072828
126709499
660146930
252793983
574110729
720381298
518862019
844387759
962588058
178050214
652567727
347608175
119672524
581589779
912738718
485405776
791102548
15414666
140876235
930478
426076871
576578092
611421388
811659838
668201296
254122333
797756688
108461565
62465187
575195148
645412030
655408488
460948259
181415623
484899875
549772726
895129455
741398622
495759611
482134888
550491978
227890679
936352563
813610729
424167497
425181068
803820359
395095262
866694756
998072060
797809808
125865817
600783600
847381299
834211089
648679783
453941841
991123888
278233683
113509297
512841192
693201925
714998296
762674876
791973693
411723218
686303262
366523982
28387159
455661280
476704344
900808431
765053990
475919028
726141259
836118578
581735777
635080666
559750727
646813952
983694123
691417586
694296237
491131656
161953727
14508340
190761443
689362915
178327499
80224897
246310385
307271453
344532459
250983878
297892735
56767295
817675899
754804002
893957476
812179705
941381752
277997865
15810516
668006365
615582355
951595168
311076118
262204521
505971432
491964695
122646977
868220830
294544308
633501260
544744585
716037250
498850531
197077725
171051088
886788643
898250851
937522059
163025773
545049251
21332936
415217712
79765890
128482976
604789817
877297539
292059170
940337704
144511049
979221018
101090657
625057032
345032742
904044387
739110360
366617496
925787081
836097964
701270690
829283788
539120064
970065136
278536758
885067569
660070276
830887528
565706450
56765105
594755819
235406334
294131682
161678134
223483892
357446545
955944339
368489578
632777522
430178294
955318490
102775965
218138153
419703826
705458981
863167491
496075311
6570151
684855708
797445789
946986863
379164936
694394229
28082971
495676312
358351133
313353511
684555950
282872662
470215376
143598817
942804020
831857663
781530176
330086804
723926752
14838000
606421779
558414777
122579910
107926864
605479478
238879642
123520680
436275910
747528830
660208644
416910862
325641731
766575131
540961969
471368659
127154277
106932573
93495676
8237677
120970401
287147544
349613095
835503850
736836034
694251357
826352604
296978776
129768493
932382949
421707
799640343
99936307
193025622
482296834
623932854
861683849
704093552
929763796
587071086
212793495
167076024
387396746
868517236
422641191
623058895
499691699
601748301
311136955
188224211
968049688
965651269
56225260
740481046
160740185
474186408
433116865
718821294
203430683
637271521
646786643
982851178
276563342
881523593
136407592
744584153
667449733
898976552
598853086
129429911
84139562
832492744
152144005
426991775
573427687
445995603
586609930
111822376
685889598
237499992
173930994
915181589
574968582
832956858
689315379
93697196
996358731
232101042
173414168
889192613
231114607
476042916
606577639
865548300
974890379
190961566
846826938
743579505
943002162
997016398
106097943
787929882
88830602
940672731
159843335
998751027
338927897
294997534
13582153
212714605
372841725
241990544
839358665
110660704
474177582
486072085
492006707
967770560
322226827
426633237
845524807
987754887
928447672
890308506
922418276
478728461
85643818
864564485
583447973
740831929
625749102
960314740
627332897
69118773
135067705
415435216
580306405
777637911
685059791
108689450
49713409
584173683
775850592
225999701
610924540
141064626
801964924
780783340
23223435
591761355
326040904
946680312
418889921
773838388
181951571
88521451
246304357
301637580
808731872
613231019
2634628
783404244
417143716
594341668
282074580
319224554
747205747
826382435
732950209
677120027
335589987
315441200
570372086
442370890
375240530
504198021
369831793
318396167
368894168
57757342
788963317
696264812
743916959
918908729
824051733
324303173
327876841
517895600
926611844
514425475
804672788
563712649
327802295
744787511
428513385
158658705
518511954
146631762
112618303
784027600
952763775
253833360
206722927
753280022
493889897
849384664
582133879
666056276
438489177
379731960
915016907
860548366
21868286
821134811
128943416
654567241
964564026
566435123
782557767
23652724
300262627
313333749
765369260
514586119
788496978
174773451
920116339
903849221
752438672
183191956
835664792
696764291
510667703
228461657
939793943
547529042
91409131
804727546
818393484
503296971
57456581
765993816
528063246
306830328
108942706
111134287
506026118
24565628
738436056
285304272
137565264
255338898
45358155
514414501
827924480
523252947
87365476
302045756
693188657
568898327
113706226
447701665
470028527
637611265
989497957
937570311
98026819
324093174
323713294
605679572
562727290
236259754
71761938
661969640
543193243
173100766
438972854
949434795
707610324
502842142
811196128
705261135
502163338
265714725
148739454
958999710
801883422
108593384
379591750
110658332
743099559
384295721
83467197
926020994
565210576
185887051
830194325
52614588
924186093
144501606
666839231
685212842
900618232
931170766
720551267
730739823
219968032
167188903
937461887
866579445
201848366
80788365
16924035
817705783
915912774
580431195
97694117
187537935
476698490
984455855
303359926
124118783
638961736
93072649
775806228
617026578
719396457
974824194
100250228
421517188
411995070
273889826
57612410
314457539
471503963
404762414
770610599
705037566
529172455
625194493
947951588
384875521
694370079
716594646
123459010
756357254
673066867
460605726
773526286
815748644
415650084
3161469
418176029
444960028
409769024
241624545
362195756
885121867
733927760
972880594
956807002
449156652
781338725
38231390
994123438
881800781
938180290
216688093
619579640
940657653
496460979
445075716
364362722
786586936
849342786
87440262
69352671
938183737
310726153
709596338
690293941
990277342
43577756
594326869
215827991
712815458
666119283
994678026
55387582
644562574
373817637
174393652
777247549
840696387
702429742
393915334
940448013
777235728
435715606
293856114
358705137
796653098
645151395
566259434
452523428
742740594
518410611
120318482
898557675
443444078
748788583
756727805
246799469
28541484
794205980
750440123
867531628
939635131
473668179
118173859
949083763
14302328
682021333
662760920
547701475
594948312
9125178
293393295
788005256
577731717
859109963
484712001
930240806
575010496
329342626
428415373
503851965
625603528
460286064
617777647
485799538
192884915
72547879
981643645
93860579
96997993
344826844
360972291
335140735
383301964
562492751
931966932
901537484
176592309
700353734
98157930
269606768
933366368
41907992
514766181
412887975
781592444
900144001
589304060
310465462
455733926
251912306
994100806
389362681
143491096
280551144
538522352
422093454
429766089
949361135
621640479
264903117
499519503
283080229
162778551
737023915
626440645
75833422
842068371
101401991
249980993
953721261
373435980
369041043
746400001
136874202
915623127
7745101
444666313
797155537
316751684
993726992
292502871
375542056
418460258
195243937
172719129
497186485
983258648
694198382
370612536
663728154
142601692
729465154
190285892
741837447
56270452
327405305
294835658
343194282
854170762
27752930
988587181
804047618
31467724
545834340
432917460
775240000
803986813
872503211
441249614
974716702
33815789
834957010
990431014
297675178
80046100
128529082
752900559
430934614
402586604
730277351
85602531
275771883
869547932
702104137
537292336
680202041
883335454
801029893
522867803
64850859
637690060
384900602
966299795
4883060
277983518
424256140
702508276
235499321
187234053
880752112
922158451
145183257
715922225
375421206
557737359
226616514
337877916
265997275
127235844
489354729
168476110
892458466
796352846
30865876
828583718
472659177
945546170
460178776
599755723
255448840
141989399
698987057
114668571
420305347
981796405
173184401
378424635
663726840
232585381
46463383
221970519
24581571
702433480
620176672
263597600
289627530
61992562
137023238
263001049
649674184
928138866
509799841
837607283
884821817
723009128
199850187
960621603
278647218
285848671
352445279
445679300
737051793
933595817
887250906
249079459
340500809
848547738
119769205
875734254
235395480
910122681
976407566
519861879
784495273
107489496
18669954
640504791
310845095
427408763
246689990
405501399
209186110
906342286
663626266
347506093
370488860
715447251
19735444
403278460
748414268
272753869
499904770
994473471
117587119
620607024
583686698
868583005
493094903
153621042
239285827
419415716
837639599
274873655
615178059
713756784
74529550
717510582
283205494
494938343
285052607
46240735
878517988
48879999
172695710
23113764
237373277
913369500
727409862
154638803
580367001
381996076
460734694
28993587
582574910
286137980
383652329
238207562
265140192
54812658
211085967
725789286
610675403
454007120
274332636
936355222
376014772
166121940
735490739
498357465
58308042
595685534
468243903
496571370
540879721
623222688
542878907
274290849
288958340
437891026
874400625
626181232
623243122
311660402
778290237
160427831
196352790
149950445
93514588
153422528
94725777
457234735
424461065
940528476
70684523
712808870
233365833
811723518
431573927
625570126
623085886
308047718
662651484
780159850
409229323
746024401
646521552
374454673
521473287
483189078
176563341
684123409
3622964
335392130
842101187
814307379
17179761
828943468
686759222
52427052
619180914
339034222
307133155
19630327
809200855
218431368
216314013
383751360
497756022
953542102
338510264
716794264
829666060
620496673
181177390
631372486
161004517
273972526
251624705
367284813
880157196
365395814
810439040
824314672
547697150
803897162
365756507
274720309
147594063
849310649
85286871
351708374
711036649
562001238
353108688
337131665
84168958
464604097
610650610
573077660
958578197
552234157
419193389
195401005
355536256
716701111
5971964
562198577
558210693
638743196
235829352
223218893
142875481
615790265
26367890
819287442
908184942
772571322
33068723
883512379
277869697
564076132
274499222
124996687
181115322
189037710
257931964
128989772
314768836
939566234
999337865
851325582
558145076
157104872
434127134
908096830
8484294
26221919
545175630
528801230
184828185
472497859
82595354
595347748
420044087
844156545
118153742
267699838
920756248
113454256
135520571
82325141
427194742
479048607
264906576
438241613
172995188
224000082
747560083
962502062
721090279
901299239
812970885
354761604
564528647
848783582
748284879
750847837
843316466
185506348
531638898
504207237
517189414
380889108
575949312
421350760
406842126
446322998
179068526
670453411
689751231
123233644
11365314
168887101
892549043
864461895
718189351
755099262
26821916
610180032
798530340
887539688
301969418
266319574
494594140
965660888
505965006
471592938
134286886
260071436
74568697
231500655
928613965
524422883
378762818
676334381
629376431
810066447
603196027
567718607
506816649
448706158
940553423
724074874
453239831
76873163
191256616
203252426
523894259
118875948
732076216
39231492
668677188
517132157
108085769
788520746
935393249
754425360
50213541
783234014
829786160
265688172
225472327
100846369
427414606
231348264
407708393
299549490
280093120
887193730
413934163
791123136
836719123
464686456
620539378
253025159
935539954
182074638
508640588
112823171
390961989
742212899
314643660
706783577
598103721
319804140
19751857
484049307
241440286
482110512
736995356
757724807
56387823
242518176
614879813
872913759
723330771
779699792
235421202
464316759
416278302
785509990
415811143
124886419
216347701
561266712
236065538
350244568
851520795
192126676
828756365
563288791
624386972
353113818
643333840
460877745
58879473
170132648
222088374
695887131
589993145
334825373
870822376
954476098
348003785
173288680
598659658
299163943
986025467
703028125
348960107
12374788
635290701
569291332
547833548
169860544
423994585
810298728
834816907
862082044
609877043
665433397
855262224
725948662
498350619
871908085
921211197
668858922
27159855
436676685
107331031
438469800
169013015
699787317
920117439
590267786
57640994
966300893
836016235
483530374
917044909
11000129
709543574
784100589
967882699
834974631
473506196
820121179
281235912
349373505
805500787
491916724
546949135
178492160
71379986
832574479
875005860
744972902
524216427
836716999
508467256
335940836
640501543
423150749
100179356
633085669
685278994
975129372
362106180
440550032
5051567
710979982
498180243
776211374
38597459
833647397
557483890
90077760
721503435
139745284
677087094
347366993
926537872
67543110
845833371
836323147
691955383
578052161
887945822
662759697
889385305
15731068
695583413
295072422
659547891
532443248
95791016
698790036
831293362
337016035
501246954
326794948
382395640
914368150
444787486
540202895
479706307
891222392
92902333
581445035
861009613
624843772
338987577
349867660
437062963
77133688
147260153
381222520
670013684
433335143
334649727
179774717
267653227
424438474
680414040
276445434
334666661
368609280
704545575
103030673
65689138
147570566
446429414
302156365
613629186
333987269
770784421
766058541
427584598
822156372
795768403
20651539
441175799
451429670
586869492
719973579
527220798
991846715
716681067
181854162
257270461
89664361
989201121
443940155
849230340
323274718
128035495
668907383
847336590
471359286
604523535
936993026
780664583
447132139
284109866
677243534
661016064
549612385
939586956
276624097
686647852
767859532
582269990
837036892
296886185
876304028
930401036
587031997
670346827
652493019
497435694
456247320
943015562
45471849
72538766
475017962
102374332
779238746
454030191
946782399
356916090
287490910
364493444
239766833
316736797
488287606
356067863
741741043
270190271
292739745
594791938
171628470
578702027
236937994
945848962
929807867
582045220
488457115
396372802
481337312
69442150
24448372
298541275
518212270
468719764
922492022
164268073
878874379
576317012
558528815
524212882
42384832
311142919
433569763
426668777
341819118
799997646
994489333
901063941
661631467
126215916
909472565
484154659
613832336
10594566
225634803
350842099
78246298
998740699
157771524
860778245
902627499
48620592
674896380
493914089
537341808
251405526
935535201
428721910
102102607
452377655
811846703
804087013
885475698
664894442
129084026
452066533
659638883
231404023
547638893
321671267
709648340
456750641
990635979
728116662
565559203
419252132
848342911
42924746
383516485
760852322
825525299
849757105
999518978
485659827
693804061
629063039
770589355
666859188
805845270
253366604
44938124
448319620
124700651
307783887
777326430
297883481
367593586
104683167
801809659
895291057
890942602
273651038
679696405
105228632
877711543
700194149
327899048
986828950
251877308
835923830
785479891
901417106
5571885
792806780
165051788
903172764
321120509
178204257
697492913
242186294
382010451
16792104
551500784
985704429
901799388
963546838
436981103
413979595
828277353
690901967
800788107
165745319
361080724
110536205
655471807
625324569
615011331
863326621
795669303
973595922
619250296
283973999
426627148
452152436
839018210
26647288
697807832
929570404
772361538
926656205
97012315
882497851
580520794
577739562
850331048
5861967
573121110
512776495
966827504
186914615
198480131
821430260
848366181
994085053
340927723
90519390
80572269
556362591
35494006
122386110
706040132
277150827
566598208
198378671
788864721
651569916
387354975
574923147
942008998
293924784
681765833
930179231
942816766
329970863
27069160
979605219
18984948
989328330
802370508
96461610
926672147
366350230
533071777
316902662
695720735
717673810
618558360
567551774
56564217
878544478
685404254
93676767
216671177
216353267
639416607
495017842
679666736
828914026
178063119
391698384
748075109
390976518
317035558
718654806
845217818
722794710
643728902
780871705
453804419
418422575
408594065
659233222
370024743
965458603
212304644
379420017
163102428
966943865
656864011
12031067
338319641
573404394
120405227
832639631
477114609
449458359
721556292
935260506
651984066
319942326
144707058
645538683
602014503
253615024
210472879
703246989
987420982
618446454
834751368
864414305
19925774
64669431
624546942
232808029
876085806
851903774
469468286
625317078
729698018
65583279
824289101
210035596
2345532
500535227
442489306
711111084
564549070
279610591
793697259
364897451
878739912
392289404
116686057
835607547
15140453
463403629
201729500
32203652
990698636
78543691
375804435
315475323
273947051
983606389
11657068
584439409
302999071
336193357
271048076
215663380
290597422
877058725
83990401
251611038
107994888
717922817
392150389
576240298
529897828
213499760
159953540
267246472
298920022
558095162
90781767
258389164
71649135
566097759
913140435
508573787
689929420
239642127
996644701
152832789
475306580
415736973
19521690
476914130
890180922
975400180
998866984
171487394
976646461
371463777
980724499
418151177
750826066
934513454
318110178
554797628
586017840
843273035
713966980
963385665
80213796
130042374
122012855
139694876
121872504
409800900
430464174
425635135
755088193
261089031
853925856
679625031
243768488
202213965
425802881
8776088
617811214
730913954
833190901
827397214
393941686
684763531
649948524
641197137
618056877
431069542
63960007
862043300
209556522
744712335
823472401
490927453
971987868
960221169
310941318
302203327
434093349
635484756
279081891
439678064
78779657
390872467
936179241
970359249
575289121
380839699
939223118
775570307
780069318
300157410
753765217
248476031
904869959
611484994
957963500
910508751
884679912
648227604
966911237
334502161
526736753
86598213
892561520
116376766
877873378
989447590
509092311
573057110
325379785
294696778
661021538
366465155
975753225
559987421
171242495
996433278
150921009
481532039
508857721
528466793
119860831
833805810
160176356
179719014
530653128
17165837
979749422
407794338
748992101
785775426
623623266
992380874
826156674
604294478
669887244
237227799
973907338
649094181
607367912
395427077
129122468
970674150
750252560
69170815
881685430
483723141
874589171
984117065
934378648
773815159
301293195
678071408
368728825
771012828
471514809
260230300
855278924
600807350
833049473
432669689
609660285
469407409
101563760
186707680
385508228
688238545
453514782
285374004
225694581
171868338
116057902
942763618
609982378
572361402
405987232
393795345
452440148
218101133
987183632
587417229
575930973
274343097
250769760
670527212
448720216
420704305
910482147
569815480
593519704
171457170
375277783
216527621
279389914
19059390
838985250
660205501
33404068
767371453
681261360
150093796
728751340
835327377
99786247
881512922
210299588
867529998
723095880
287713955
55605537
486148886
931765198
21379472
422120302
950203048
788209271
193732419
181591694
974211644
495115486
315773331
597640179
103185178
391867587
492875522
613285586
471516464
208287287
184112707
52462990
978419474
920954290
894451735
480729842
41770230
238511553
483083997
578907050
587750254
430252920
735714505
487175756
851724306
395936882
892594441
118139108
344334097
256837116
898802305
547651807
708101497
177495781
422390457
885567968
111515645
216323510
567292419
457806150
217092524
221004740
185260305
521523867
933316083
98438008
923319920
870763579
660628987
652636445
19869302
527895699
291915761
511810274
869501785
521578633
498083276
133461022
756091363
996315635
818647081
179370668
504375359
568498660
748627088
995693155
55429317
367233990
678685922
431341792
990340787
2393083
953037701
686389504
69644069
30807632
998274017
889511147
103995871
321191243
164951959
507157974
133691128
989400739
608292485
260900183
310881351
888994384
534875995
926024450
400405951
932447953
537144533
612135702
142130857
637366691
810291087
972115979
898395780
501021941
703438228
170112900
57842974
713114687
782242596
85737387
99324285
392756089
523456069
337139925
115696933
544181440
40173208
288982651
409765076
886594456
978587824
186763379
134533698
404672038
416667940
808552090
662458520
137674179
890286983
933107791
599734543
380006270
129209953
135653028
873893567
614628110
744303986
852009300
621373655
802877596
881590868
560643625
606119842
472161839
546601357
168126158
719997284
421794572
272249958
314930331
660189114
433142692
997400868
267918074
595942506
211607866
792599557
956750888
712340447
873885052
91832646
865696242
382732082
736432737
564005391
605605702
380438961
637460700
984350636
817662560
332263622
57500401
590589909
96426661
877944683
807543894
371512353
388621138
845337761
839986827
827727661
950182889
791963363
133886208
641769957
981554260
602744399
82835604
346607022
507651
852534809
36852855
136381189
439230936
419803973
908693193
469359092
747006765
475436826
568957278
709215478
773930574
340129190
610884325
683221184
271725001
353990910
269446684
98866261
693698942
851930091
887317834
859764496
649966047
459828882
403792210
305698253
452695523
863977157
872517714
41671773
163566522
526649238
285619170
725936102
878126775
713066005
723907441
263023094
25454144
851761222
5355416
277323663
40484145
252506481
446445809
728698707
529610004
386034895
352222683
727080177
424230008
143613761
211271749
819144980
601417884
23912763
774808254
827133154
259983986
155008392
908402615
504404506
511927482
214617527
49115232
571223903
476376966
65775833
354758125
39898931
464259564
666522162
576748822
302875058
737355686
45094800
586236889
977199307
890973737
822447397
488349056
157905625
240057443
173951899
60078449
470705920
985914910
774776053
416590124
885196373
774817401
216214254
20869129
244849122
986040781
327430447
415787776
956283118
426921055
578485896
766139408
367503432
96700889
417437429
559416628
737408399
868090116
896894608
227070893
384180733
469489899
949417362
347728967
273750990
204067090
500547967
180009392
925272015
204611261
802972412
393715261
550042322
797444609
714835719
877813176
999210882
847275366
895291380
646557307
342351644
589759436
505518277
39977940
468098045
856004356
198058003
666344821
5151624
417926263
643637375
606499096
969327508
717494787
622130040
284354107
667925435
324547422
761301616
392102087
598649242
624893748
993791629
567799755
50330544
742090896
678437762
96253402
885313273
694527649
878417802
916151962
891953357
628674442
663375590
557142644
78269021
83847886
715253682
667593526
314144262
965099855
489217863
275795621
224317899
862158337
756013386
228196728
71653731
296425439
865882996
953579971
994468140
277099457
651836192
81952021
400290742
106772574
972675794
63370026
311514548
634353103
231974205
189312383
808485490
646794286
570482610
463550299
91117180
560058854
655468795
927909448
637040952
922459149
179876690
921152244
86811145
80778112
555697914
62848862
840219568
42748568
897084129
400773355
646949647
501457637
731837344
478292395
46602472
967997449
826631173
500682210
118042307
257505040
905543698
362017269
530073046
271751830
416803512
149253516
877076405
126127147
600902732
972853533
381050682
305850943
87237320
130768002
545037605
608525614
472640008
874314167
89764130
570920883
357549402
571852172
950504835
468489826
415219502
206024669
738349773
745192911
600612475
92086494
512189674
874838751
796695320
145080140
898438729
844079136
284461628
15188106
555302653
527745737
151550754
189304102
490496486
535419005
592045877
705935665
8349891
89162738
853377416
975435741
232561674
405018903
224825054
552597514
697445071
851177016
93521842
323672562
375059116
289743789
283903943
198784570
623911731
995441355
425604194
684862846
933829434
462452947
862755359
288088810
351800569
84472428
379522611
763580422
88523856
130387436
95166680
79989604
70936661
965287482
684624312
14807394
289345668
757948182
327143026
723499307
576910526
466957364
571933942
528039250
578582174
496667919
109000168
721055121
697670912
582204734
599130012
249878798
714367239
27136404
833023384
720423925
623923292
149798975
607720800
711179562
800748031
863278623
969560652
712235051
960930426
996859880
391882200
811365117
606808959
332673343
710064551
630839255
334606276
873195866
32259399
369040637
343146282
509272954
197566186
769458178
521137694
187576953
808824767
942746980
744813015
607236104
577293341
119162516
630400224
232932161
812062872
331118473
52919129
410213958
831395850
65459521
162455755
68293044
670866842
645454190
851036568
727098461
300324159
877068344
537633787
313858683
643868079
738597690
634323683
653590507
606174876
438614025
533907184
111432222
87165389
573868603
882540199
977597753
439818529
693144264
153938561
968858958
617643649
57724474
845496781
302151854
243314797
922457301
117023407
345936314
416820753
284980375
471943439
975115791
717397236
869902921
487725966
173999506
156570364
795445003
491097452
759143901
405199018
724184667
757360701
665208557
687955563
553136219
482799207
874119836
835105074
870836743
541710771
16102855
75961762
31865895
258676633
652545622
183065101
347086937
394212003
840478174
96649614
686879230
349358015
701951373
139314444
183200798
338890201
55626978
162048524
783670552
435899168
349782804
257611149
846877673
762964979
582530853
403325620
121904335
577777417
702885652
81953114
805147442
951667634
599964247
814150863
684479918
929386860
746370432
730753532
998228633
51384206
381049886
111603537
125964561
780140197
206480474
63905703
807407886
374513244
374289890
170024935
478696265
743358485
783062865
893807725
830857324
612417582
490388854
656262369
966102287
754995559
765706703
297943136
584625304
888977336
552236450
418405836
176411807
229146410
908166505
147103698
399987256
759136718
143210906
906337534
687722287
135871733
862679148
617917085
957761773
854739134
169793743
338901079
121900609
673763735
640587332
904795102
870853522
219942853
513159927
892754422
910131380
85810822
102202680
434842235
685862268
818942109
613236637
952039960
115998368
803972656
228513292
566127638
338095891
204327921
613486044
106857630
923734163
178957316
439621263
101781908
991455836
868229824
564367778
813621343
927223941
363830025
280442618
687663813
157321765
629654758
307532353
384107738
130712248
368987777
968889649
127898701
860585220
341052700
759672393
12918904
321919964
154654904
457213479
518486494
817741811
40564217
936344157
896389907
924598675
170516033
381157564
952423714
16270833
898139418
681111443
446681720
141166947
530933663
312579652
912945253
277404510
956645574
490795890
878111134
91165948
608272242
451877387
989953677
682617690
956066299
375221159
708941506
565326776
869995632
692027790
107521105
76366439
304114733
674667227
605093196
114067166
585880935
388697183
60034169
801084596
979621581
504870957
44650081
509148359
20855430
937336479
456288344
807850086
895183254
239321018
650658993
89252840
265879241
760401148
540571433
980686756
263300564
34297485
966532289
478647701
154550549
459814579
91016210
709729407
805197604
991796369
686001037
489112215
24391795
540835858
757706152
516706228
587552367
442147925
784635746
948119023
201164004
317546745
374239336
599795871
521234801
377072801
82907471
761365874
825427558
653467658
922062198
807300364
775475685
614726001
122450720
331490596
942265238
940949842
957584701
907602557
359155163
250071734
629214454
380743625
49469773
212416384
471058799
907833786
57042521
166077531
284942734
893327670
34602305
788232735
661534864
644590634
695039802
839207824
952201154
946849188
514280529
933174071
69540822
651284260
731808375
983590921
799689210
701022265
983431551
695855414
889668988
101290636
376771932
364490844
627682317
921578
785803602
741114803
323561837
534245934
932882122
165763027
418383099
758015895
895545891
433918401
941900511
516100294
736898754
474095288
922785846
558693333
317984428
774995258
400666804
208921761
172460282
691244741
269170309
126209309
363791519
683193599
177320029
108454435
533515919
773100152
576556685
871468862
530575097
157536549
96647816
605979784
352409752
307711081
599538643
535387975
582001075
655661524
346891032
625363841
168440595
350373847
284333503
563536098
339340163
591345720
636821602
301985999
306453951
392120392
651254106
398372550
221290504
952615805
234078190
686311990
429480865
976818195
507985889
438078976
107927147
200883363
475953929
969812967
142688891
126742484
720348361
620743223
34619394
748743335
83912885
212506522
810678215
421510568
164442447
141217345
423235743
992049261
491207608
32259769
623287726
813055708
551551990
324732113
767556730
84644068
823905013
752853204
940023955
38891182
428695740
237540512
158946977
478768879
352053428
895293384
977163768
289822235
776161506
261656896
38678082
990145263
917478620
499072392
57176751
117454162
325751973
616460210
605788820
851253436
81012997
836197174
528066751
865591039
905228209
367084958
117074672
614161602
212292371
614396106
282538649
513441308
677355457
399021088
147784678
90828559
38660893
488876786
215622928
779148561
267988020
382788344
501050280
546726913
941029959
978885772
410665996
28657948
760248332
91184942
281662461
207807768
72670139
776261157
404914056
102367659
121370099
399848670
934619651
526784840
938411847
88265238
137488047
703495129
138661009
345367561
554865475
93140039
759082511
876538067
564095920
14375118
738051916
581108463
359345517
210200522
534940201
153084823
83925888
122438744
788097891
320241268
45484590
150452598
535772242
553113647
60735277
290379018
92420422
435147220
349557092
624520707
468284816
37565240
177654500
841496471
168016192
368280379
259576973
747477854
52684351
749201838
206408468
639278335
703903113
244769473
317122158
355805084
173271121
498833596
808824454
151896222
65067059
133283409
50554489
282822461
447368256
857972324
55681002
408677337
299859549
96794394
633392730
636265345
35073343
432142799
404483785
101545309
370880475
902170445
537699384
13643110
476056425
238238845
730387245
971864939
916046913
16533654
817665892
942138071
925229719
601907630
579004166
792579958
987603082
13557878
201970485
484154088
282970108
374476224
816683150
354523221
778452632
434550705
50782758
797241234
292145548
957966862
711691427
367444770
38351396
537317716
592453646
205419545
501101759
879822155
479230510
841205566
188872448
81577154
787111040
59907289
815143394
114113500
107871936
786477788
725680399
513930430
192326213
54726363
528245221
598973942
961885763
483427822
732763715
920103660
454399198
958116543
1503678
682919083
976319918
768272708
624530892
979202483
483037382
266347112
920302288
247150727
553731125
466502457
176248747
671746121
770077295
506229806
85192824
205133538
814121046
849699601
147128
446346595
428021357
820486415
502830432
366443893
36326000
583739434
101913349
862797078
91577924
12213898
718631943
846918274
634264688
686541150
874444820
776194015
614644483
76165814
23050877
92223887
472190201
940502436
821718769
261532559
572479506
671012450
687973523
993238568
138819901
300047431
204891792
605944637
940879955
724794904
394847209
367847809
501535045
30727692
933997513
575807509
19635344
867539657
429995933
674856919
144113221
225329476
819495688
821897099
97551577
554473244
385287424
273042688
152683594
50920093
417250703
995569255
575856953
508608260
114342559
397988078
217810406
519173813
880955440
86026615
865248538
40961146
893206597
963303015
233196196
455477280
362244722
521786719
861087797
313515991
371206645
30817624
733932284
593512125
624583019
585816518
375456568
633190937
944504143
115094800
501080729
725279986
497940756
343734657
257238242
171145773
360861441
974954368
221083133
443838701
862338638
308728443
178249500
445605636
118785889
828268476
385032818
202770067
656537625
227583077
656539294
189511951
482995832
559057534
496636037
186927739
788702406
442271224
905142896
439512764
116129987
119791661
82545292
809812804
993294329
838278943
209716106
380208376
95348130
300661006
116879765
411523633
101199931
73956002
783883697
499773146
837933594
907964902
741723681
341404817
987627495
354135887
52098070
830292605
181227347
15081356
87317122
933541233
512886701
35726754
468977475
410042955
478212
904440349
711296050
882683448
923702820
677827212
374925318
971056786
953839091
232034110
994645810
662535876
427598586
870169317
323309456
218891895
576859404
378163843
559395669
333761277
318812219
775123372
527992710
105262292
903702344
249610137
609655881
414710061
796273223
179252030
344952168
491492635
319592476
644904616
192703635
216222813
465847990
630068044
802270081
828098930
351698838
633152420
941458519
530176312
428967859
698875712
616851602
233607046
173718213
163854100
563036774
360969089
840208908
285609860
725643882
587677630
87624258
697679362
291071096
591329193
29609080
47948552
109339704
597560272
668775050
823158518
866136990
73795493
66246205
423870226
344561844
595719102
226537239
126920914
780629710
469907298
814024360
754520303
739038981
781946515
887652752
628442630
257950793
487610502
113480653
307996325
39022202
607447651
294874446
689019962
63793533
786266513
597330919
303958024
276332482
900461376
647893702
294294808
19007920
463931447
383965191
778742391
745944175
747423943
273955437
702114151
435774846
502962420
187437867
533270829
22625125
102495692
314021063
997511362
199661735
496733311
232793474
308243781
832478016
681848520
200212728
969159571
614394515
489714447
531829983
977865724
225112809
153495891
940105325
853522200
43100430
414771591
195808043
868025013
626963457
588624574
988528091
267698046
66085087
568403225
929280145
426467840
222593258
382324089
532287261
817196466
540378679
539875154
337593595
866810390
364381800
643881671
57937215
585852008
62613733
714017889
6292655
576331575
426996159
418160643
308419008
263545247
433286647
847453145
854080013
513979595
634840656
973624588
617038760
239409255
14265202
397829758
555698127
17852930
316328524
198437569
771359680
804187232
535662144
842385624
752948503
216787011
816567542
536071025
524636696
847280457
758058326
484822617
827570074
372971788
365301872
112591998
912483103
621089600
598752328
539154046
318708577
371098746
889899580
365476115
205056486
493383119
517852724
694765621
18223858
484905220
167099765
868100028
309496996
992353327
812389707
410327036
656407081
510545631
903936154
269062675
532158595
642974962
427731079
917150519
407661854
533991020
638266430
784471186
698849427
327243318
764180302
257327787
411167580
43726357
552385173
741742551
516520997
814923272
868471020
495710116
451986926
486372487
74929642
2867207
513057026
895029132
747993184
478174159
417209954
378002051
95266283
514272470
939580731
141170616
193160159
184728820
466894030
787081889
622911198
309236151
46025821
613727789
592595014
66423282
699229932
554910520
865137268
167656813
451855699
649972846
734947663
350299636
190455028
852003303
190935512
10646968
993074178
988044907
292299701
670678906
357968343
192531670
306295940
489116752
343677916
850872271
755604353
211874587
764875881
838823077
885269673
934210238
832258694
597995059
256035261
596099680
223404789
416684365
639362082
583025063
435583367
66901742
836894498
34473805
988558778
639261117
668308696
208803816
698768360
998675622
181919926
328461673
479637463
216990187
962515540
404900492
763451406
669150317
564930487
645944472
247254332
336472999
685363054
338727640
372298737
339331404
436114618
307803986
537633864
162171865
361508486
343417611
341925693
174909868
940278655
270078570
292406488
530929673
247057440
963732654
834695294
662219208
590844750
252942238
295474790
661352937
170697298
263121507
154321871
933526184
725644298
493278004
478268690
271270931
660514707
442666220
514438337
706833506
905781040
870781652
483023133
6241423
352681747
727508036
72612489
474062710
206972342
670749321
889221106
506168158
480882091
725008045
524486275
126633047
739096
468379529
10076805
903961585
990085321
609486091
724924932
830502449
612611086
20413822
299272126
860463539
595097946
14958623
882287458
183088649
23719471
618781927
292738836
461953735
516709843
751451745
86377504
782463445
920578306
732135903
781871035
261287881
323014100
596703716
364269041
50159833
211995767
783282836
364562905
596585790
842680401
791839802
862269198
284523310
3037777
922849100
654490291
75866202
336374936
62364749
724711630
805046021
168001960
816196815
957542739
717668110
229652388
650790669
249544998
262911330
148181298
662170028
922498039
597237155
840069752
629567907
731752652
910846431
60796280
924091581
745224164
238759821
774887250
819594424
269331466
376440815
856920038
549059778
639709411
570097217
115033549
812921590
148674981
953793372
40098754
196817734
891479694
923371699
287540348
625971044
818028337
582455875
623160155
787427814
184913585
729339544
228270823
858324846
370551769
806737266
780418700
393385368
127982945
742046834
196577677
965205067
172473316
328111812
5728236
328312936
393761575
78443641
889004839
652210173
364157603
543882009
651792145
311262594
362547761
208308104
77451800
324498465
477078119
640799079
736509580
901352636
852693252
41979557
321698331
75987195
293820661
989771554
602789126
185176550
886375683
537995487
275385178
737350418
171346132
305669324
233749967
392358672
381822114
947693125
385739643
862816804
297990591
259829115
852678273
14108025
835108181
146042236
211055269
33849835
837595830
480917915
954768348
910104584
111040610
787128058
184349128
763715628
194949798
728025842
135723185
667453123
78641006
4793639
306510650
164741189
403353412
318658396
101782799
570661106
181723703
544190157
884944466
231254146
749978342
909480921
771116879
564533607
70752632
538197311
344381729
878858818
310669216
858196104
598018259
951824116
424753490
475307771
8904969
502568456
676105997
140831515
359719472
942873192
717864500
61876204
220158878
316161511
467258476
354730648
620001518
321889554
746961446
247777379
907494510
319091384
887294144
4666313
95526204
813042363
476168646
933576572
505326838
322805028
418103045
657809733
183182844
641160585
228269663
868054713
691897758
108623850
719729243
974617407
593310635
837667821
856685151
493997608
525387958
448279384
509151261
869004629
341159723
161635056
493001968
646733312
427299629
968444535
689089408
701879203
140210636
161245744
526032249
602149701
249553570
342125540
195009152
646747628
668037772
935506469
445755596
909440851
546202355
41080722
791535596
70907624
50369736
575467161
445991835
462133607
907130476
374856930
493928298
931666412
265316034
209856864
368654124
683040250
779281040
748552724
315749700
992709442
876643810
255894448
890681336
834059869
836917093
77529013
690093697
102507636
788637935
590665862
880857392
422662451
625856690
521874063
172150007
978793513
676709027
901144265
692707008
390537627
731221449
665449539
981452186
223109735
497390011
38978312
459544826
869233259
60481137
950271028
246641065
591928495
412351671
694018143
434433652
527612992
578941298
232509533
516518175
883911957
832554005
176128525
615484253
263722709
516673795
966625426
946715748
136438872
466301293
517908777
52832314
217827146
97510452
287646534
484058250
824719874
458969217
992002940
37013916
357038493
237345027
682840981
718004446
688628166
695547097
206332188
381271524
813359456
732175999
838265873
480990735
220918805
981675449
202793970
509702883
245827527
311407123
552087998
803670542
384891521
825871897
596077021
155081948
30515862
475578007
38426246
83121137
448496565
450344291
943416451
740692306
359224080
681771884
734965952
426997479
452169613
818066026
191332840
511614407
523063498
422891641
190708187
571405793
29376714
689267512
503947327
442726291
661270054
204490591
906130331
913029513
822240080
483496453
189050621
993665124
303407299
166423662
62543502
701225390
70359124
277722764
832868923
30070938
417644330
96071926
864763545
940768604
123127699
810900931
997924406
741484499
699429017
612311867
744608392
192850388
740738820
621811853
939871557
703035187
5206047
646929340
674603870
23927678
759464254
21295051
448285847
516652624
888086887
231163178
537850655
293270810
88875776
373893796
460000920
451147506
707035938
633577147
21643289
620494309
461385114
154017579
1039547
224002482
278631599
857948077
286353049
607526323
453222031
527477961
696685822
590653454
250657385
844579531
973217121
736652529
246890363
145872212
834729658
354127523
673009518
547231992
627102479
934955176
614228703
272800348
761251416
490183952
446818886
43745253
343848449
60418646
481494703
801632934
852335370
374125546
511863828
530689647
299961181
552305013
913150220
947170812
25302115
31312568
815215360
366964258
874417804
794768163
570278221
486701978
513578039
775871646
369008290
415082307
668675595
459499695
425257437
841889491
415587080
930204178
419245877
61946717
593336910
835411112
945689508
188227485
866890992
267313882
752814693
764901682
56820680
338080135
59398422
623586398
270639690
123027054
576778903
456784904
540910929
901454003
884647035
223770904
699838647
714117355
181140145
551644302
229872806
692978987
185473427
913045393
608191063
355576250
159019133
457188280
277735090
534919367
126777813
542460230
39242900
898551676
640271365
818603117
475220228
301941098
465268803
113836237
24445373
279485767
656443897
39785206
838386343
846919162
458594633
349529415
271916622
95588832
878290383
832307945
217007108
366025474
212355162
371242839
841823918
32903263
782190560
76491543
159488760
3013666
431189376
155114560
428345842
623683290
99363781
908861593
751022920
414809293
445674414
242990364
534496538
372716926
118386898
655139543
885370978
712802043
587999694
432200128
531303215
496369613
834947592
755116446
415223930
438863760
567501597
380688868
242678210
297048138
831933075
365858527
969888013
715020071
867205503
504470043
774756316
540756934
982168200
299757610
19022262
643748341
23345706
643682843
728853950
257383556
928835807
279452833
674806092
442068476
927588154
12737082
999783064
599901428
647446466
163559671
680178391
977474269
413004180
878015736
2876990
179082887
97631695
130324430
93672788
279936408
549769895
970084146
990050495
616644891
316274225
411551763
459935668
807939806
618118902
689119224
473497807
912282436
774468401
496227594
171811409
101315394
47590293
294221417
61817106
486771730
434792498
367646868
4103678
935405288
758112979
992638701
560049491
345947898
343223111
791886209
420325261
573764759
21451730
49745000
813801708
669916465
991073299
386282799
867435820
173904413
48073112
11095717
175279000
985061343
172830696
691865185
332848365
24156954
939150372
574604691
588760400
882428926
949135709
681608454
474841160
402100878
157928681
166577740
35651799
113452859
183482467
619032632
686914337
169641407
764514640
702056508
551417935
88734339
977475456
877987337
996289796
21522726
259221484
911145911
51271138
780044374
171501409
298414206
297824891
806543733
365206780
556613198
893138387
945178460
484138780
741943542
999381545
428977695
499538515
576831112
874149729
298960546
809354400
438895964
262829249
426627326
455713199
529171198
70357840
634296164
867815105
238375122
699927749
499952946
593705180
577544196
49869214
304439306
309360309
239553116
986689343
375602234
544473861
750431114
901959352
356545543
841146143
995401120
377196549
419024408
94026825
928999718
873793663
336768994
125283573
560484627
172999235
14596623
170536334
684385715
352128749
253990480
57425324
958716566
714250378
248391166
197651333
984674290
596804968
109533736
245098154
906107330
286090771
559608233
741744243
882837661
366125224
573254097
568852797
364979550
234349755
101152653
268831394
900692172
35634798
697489270
413862265
957521013
677090419
857200549
353168907
938757834
362551341
343357774
730388997
50244027
807247707
87247340
705489715
513122811
232601253
998143247
433576600
736021929
562572559
335524625
544284884
392689927
518349988
806689311
245195380
70478502
518947044
798901509
265024062
953135847
187026297
869615288
607431858
925135800
812408683
504019166
185110519
86940290
509830225
12760090
126012155
772825559
979726705
515024851
703271896
567743628
112454155
56643519
320682717
286032891
979155461
224225532
77589561
84100324
334849427
648421911
654760865
505510550
636680803
290184931
723472190
960144382
291194574
234955286
794102796
517445687
660611084
527077950
2327177
417123145
110619942
222784299
360509486
795588876
768946532
801606510
766754440
510217779
13607970
159286954
813279560
556641034
861181484
484876715
360731345
183885922
479052915
623875118
97723792
140268347
549188343
686608670
249132238
441287754
386495350
330265531
78093151
554086535
376462490
986789915
253398209
102126492
906652050
376733787
754022770
37710139
928259337
840722469
13634387
644034138
753197794
909759018
59211607
368815589
858284299
173735322
734023906
938617528
15667998
273957373
983919199
23083436
943533602
200286546
707173263
96692198
776863019
918970331
8070613
902875872
864211737
942853854
48323748
724424539
762207203
718412303
49249530
331912739
554097021
297869700
22193490
531545779
379376834
535128733
879673956
157180463
531948324
790804485
430396949
576887036
538468547
262969995
120732632
310497933
216603831
238050882
592364869
847927430
261382460
464509042
894367456
891481568
817194741
130045680
254734567
529858947
588028450
22941003
650380885
80143574
320781841
722825948
865172358
692177788
727299765
794944617
261079750
825491556
138352619
666577491
39286166
977535052
90253578
533415995
159049909
327551852
835092732
518011356
817690497
245185679
511513007
695684508
943197375
30813325
835319986
681487095
911438747
525331962
390247142
596164090
579472033
782584796
145439014
282083134
967949902
926493254
702712803
521486878
102475921
158256753
504834228
254905890
216452485
332416931
756723699
485098681
280252274
830041456
603329924
99884025
765696683
463865403
817226836
965967881
117250104
678255129
374416314
438669276
673534521
820523271
633091826
947512344
943153132
673406724
538519534
695955519
265029992
165254489
540420487
342657911
671280148
376706513
66665217
864690845
615292679
613762481
813203935
156020313
628003283
540974184
786734247
521953989
449462232
859420116
85936121
124852050
662102058
725935767
640537859
469536180
427456399
313823648
47483768
456721718
728844510
270067909
762213338
119397983
924814436
956914464
328248647
95579375
74167999
569468445
535773899
702048664
622506082
369485435
226654939
517047603
15656789
470332915
803406262
367013468
36877143
689777286
629877876
23639308
957428095
372972423
579653766
279052079
881018755
251154347
681248313
633459151
290633140
989834149
29841453
525207748
69579895
580586946
163733907
694607518
82589706
432022608
873286743
95650658
313681649
561577364
469372734
100492445
347087970
14191407
362174841
110018759
282416426
103424491
771254856
831069567
181726766
424993703
389952950
529404720
395101714
815075502
519124046
32173146
201408976
13082353
743442203
391688519
116348550
88290486
146664699
36931685
492864203
238972773
886778229
773119326
763239895
349783886
191777919
149846249
430034692
191932513
568757892
684571745
9863375
925673494
32889595
676898639
855531043
329649719
951204529
760593175
241299674
610740473
790530740
904325865
613746106
897870842
726441961
710183398
876810465
90479526
415512029
199094715
91807177
975660633
873213960
727367344
783231653
937453119
980499100
199309657
843927719
948440805
736757989
66704679
859630918
150629446
190342044
27101250
773232786
298468100
31634657
768927992
456562631
592312717
47331798
250620038
567884434
476159205
188292105
282093499
684550955
236660451
208308788
243252702
629703933
90463630
395648580
410830464
607485838
236094446
938815824
960884584
784412005
979683240
960957962
41056459
617712579
997937882
503089715
338247441
646049407
973725675
925051781
464744646
566488951
206757041
89493011
451915789
679154393
386505483
385810603
514730816
941491317
684162603
995707611
207672979
115845184
74339047
266069930
985557739
670398103
743144169
263501073
159367416
535104479
374806491
956821808
258097258
789154444
946493943
300476169
198216880
958461282
479101397
451870049
37481188
792667602
14135249
733267548
864503451
762892674
312583801
657493352
191754176
633628747
264882356
874375523
83118563
560307063
836539324
245061487
330516487
390604743
531769216
513568263
581114516
663434909
226472991
781411990
345980103
283813850
779557081
539762452
829455369
61425345
625286742
64129432
611670295
683563110
796011487
596227289
880808237
351946484
385259171
834751239
749141182
770514699
82818742
654087880
64963558
644932850
478642160
685417914
12460049
558104824
21354979
352882620
729774843
1990302
156006179
676424419
276268209
355977288
991125202
908715697
901175039
753077960
863558615
337350548
424416962
945065401
351521275
236580193
678855095
232132867
763134466
600027056
625571797
75804606
955366467
692687647
488897903
796069762
232144863
815232432
477497386
393698549
143001220
190746351
139635471
725154898
154898179
158123817
776573679
130173920
432276491
387517405
825413262
558374620
972524368
367914866
261797454
919707712
551167355
656258563
159508517
575099512
568491388
532253888
543479209
391323371
919268944
870568799
83598557
532505281
453729999
722950840
126089981
127112627
903734068
994604784
396415410
3278216
49600831
901029302
502528597
775280091
835241676
477849450
848148612
719364105
88423298
681171855
845735214
653438726
800900717
50991109
552399528
685012826
583706557
556643838
539207167
68153239
457619145
476694202
396265327
643652395
744436401
996905745
653104063
469598251
783578673
997665569
352920840
51241522
131520381
925602958
591151410
310576631
652539605
637079279
624321209
494770452
355373468
696543570
828203707
290281752
134965136
379360954
112439857
32395095
667159401
889518501
425919423
268185301
548823696
888616596
983368442
144469941
350309471
207474127
496381157
202303614
146170437
672799754
600724315
381792199
992849153
299599089
760361161
520831445
937288106
894953114
77771372
129815725
639081027
523454404
146957204
903954601
316007825
675265206
66413745
590132568
251431530
755791211
7179498
14226848
616064485
210355232
803249275
588543770
243985225
17376651
474944669
714098921
562830317
670715213
570592260
308248013
208666363
220006252
383914942
840841398
854222808
821585526
734619612
496191689
326537984
460677932
629233202
170046023
435800954
450591079
313285682
409884781
472190201
936860162
708919711
859490479
642696098
823365757
862333226
736433084
550599212
933220727
347373520
547282346
908501432
192297956
356640298
789253084
592954826
242930492
568847565
152227549
80061986
583777904
712750452
680314415
254286246
912327010
80799936
54051371
854276916
929654215
531069326
59813991
149600192
429085914
389672892
394161396
880725480
217761098
50371152
289915823
441226131
562140746
611329859
521703335
521112904
336229217
995427131
562224835
659293044
861520382
938524410
352382425
611014794
499507397
153473112
323806010
668907536
368883327
117501444
357814379
388066797
813113435
101693403
940746420
388632967
854398767
914911780
696488508
939432635
643593741
664617568
347116148
405851212
287162775
174330536
202206570
636523126
883597381
266793078
773557796
816250407
791793078
641634092
721620216
209629458
938230041
84280052
518297390
716577119
977730468
145954549
973064995
259799784
398773665
237015113
135706161
541922668
728136377
917096664
345143858
639413247
571252545
529217626
972761914
259835269
165516269
722169778
461358446
93893669
648299414
603163043
742851445
447610178
502364857
186181234
115109115
890189743
705603125
920404621
863361686
964531093
158685679
755578864
959892386
915411646
301278209
27437413
292613569
629072557
204539497
555979102
461854460
650523465
954478189
32779082
599067817
636429492
952683291
36880737
902323638
463168921
976981615
509405696
587092289
117557893
315926416
303382640
601729032
887339091
711364166
256757585
88875859
364452745
167867945
199632270
393780976
795050003
946305484
291319384
608304155
330110001
11999141
595060552
427698070
112186960
462615018
834066116
200918494
521938099
829439323
317552315
191178879
724520743
983159403
381251641
313076658
103138980
330407913
61351109
868473832
270961170
896732632
106155031
873722554
925164915
462239523
705501670
659661661
234820388
342095163
615031184
292090699
658358013
714109522
742425720
994531706
977875194
359628668
420658873
778203566
358147426
334392309
438065804
678268304
631250757
505528446
840280183
769784694
97338753
729166038
598086257
320627075
602350253
504786528
413124044
800899229
823615507
252977778
605917362
274574268
856782669
39497619
511747176
154642514
456828858
506669371
359297382
720453250
731422401
19822563
393085393
397695166
200291374
607853310
301412781
337738441
615797697
222921005
523526383
101153847
268865156
12069802
561091634
558403129
915536278
470206484
366410650
951446852
528937706
175658128
277765727
257965002
653963947
269956465
706539767
118760322
835203717
736062457
16438701
384695453
836411607
276943384
643358405
992205678
669033287
18330221
211306236
18927277
248467890
92018906
779903410
747265935
612675752
781184865
593899772
179377522
51946450
411074098
481091460
945441444
98443790
896842747
650225574
122809615
747205789
155764444
65514016
950903765
573290783
3824563
356370118
548555599
945104000
158898161
663229901
768035375
779693608
380565640
636327915
26710609
780649406
805179016
791496679
103319120
836233778
886256579
197408186
894703891
230475758
993330937
969670124
264241813
266607424
22065398
587430901
127615436
550800858
739520773
816757421
637309641
899436344
69176576
835632490
185682200
851312165
122436041
932261261
891410668
975175005
535522633
73594531
461961515
80052498
404858458
645881846
542102188
802422802
374006413
112228515
257771045
132418566
864332416
205510967
597175640
181199964
652876003
85208064
706133354
411526836
273516184
670004058
639847329
334149047
627816408
387028904
760641653
75413075
855835127
526071071
531178807
137376091
150714543
668004748
692978784
944779796
265131255
777385489
762560995
637602418
421418457
730031594
92335951
738093895
447829568
377193188
736490661
272350228
89953730
786057175
667642591
897113838
125780928
987790859
684085343
396742563
283744189
907277653
957877199
565934476
326472651
586050994
926929565
354611013
484172077
142433212
138537678
973518387
371137167
110283811
465464815
61031323
886011753
320942880
886099045
871506663
930920292
795287170
950990668
698438131
442982667
922308279
399633300
930367025
537710916
17319855
331414223
865006767
273043506
971105130
499657641
563779836
348916174
167598967
25982256
876277478
388067415
19615325
322781242
943071387
634056044
303991146
298639019
60314390
898809978
308165438
173599101
838596703
978563161
533102956
874593240
27571345
203834334
774208068
126948075
937498707
839516639
440461966
888445585
522221689
934511122
234662032
947882036
842309828
742196968
508189537
376194766
635410162
357182796
922763204
454129698
252227390
864860952
795089616
58254879
780269122
533211937
708267782
856499076
72318450
745784548
81529112
110318901
93553683
248588601
771033082
850730712
939685564
949967870
368968137
932430912
243247099
888949082
753308980
635239607
214731758
147914014
291118148
991254544
655691622
577574735
696578589
828380307
252014033
593967037
799028463
826587256
696004800
513005233
496935479
738781379
153438848
379441637
699449064
132499262
581022031
780067510
651112980
675638595
51342752
463366871
989888104
446697233
414536144
783085390
766783097
423512818
499455872
268938131
232671142
704051834
223485796
999953262
692487483
713987045
631135666
422977910
875680329
744468596
288120151
792494123
484204505
240049172
675630951
884513306
343948504
450654479
904376952
741092930
465923496
963393733
210074442
793614526
815658354
335061941
757478872
373785879
104143080
921098788
485166502
531409080
700190002
8577254
360947356
794298207
359931032
293009143
516157070
792173118
551308736
662693941
325620363
433803400
236041532
937081933
698459639
409483863
630013713
447771240
672571335
650031757
22725984
770091041
522162154
975165905
302041329
161368319
527093712
131600024
699499973
621257158
624304886
618157744
389600310
2553184
212247896
663882227
539370211
375840541
364140471
779584081
568678173
22785195
294491128
973192060
132382364
616015022
940142899
699224693
77468810
386247035
364763043
502282614
189599262
762153911
358311474
677801903
493404443
582485498
402033389
650467275
843645974
368272578
464895496
903363947
826231195
918178088
393113478
304526692
922232633
525231988
41530026
359592478
133855406
196522890
967980526
930145081
832877041
743323988
664804886
706697372
229408957
52744003
372454640
664102227
316268706
685973839
528222668
872848941
130216946
169325695
867580253
489642754
797623883
467054739
373826580
219468017
559204817
928446849
612168521
811256943
937104532
168342179
838614903
868903279
999721558
486007266
400450201
186634857
30162396
366259654
918955108
832591209
733742170
114977384
85894489
970525337
806502924
714087850
265077760
787979147
635388350
375010001
434065700
462432700
553753072
511325512
915618260
951087892
914840792
487045218
443270580
704907201
412745113
904834611
251836201
574324859
937781828
869585578
172400556
653673188
1806253
573350356
670628790
997416225
528200535
311074794
522948882
787378825
280484881
766927661
154561656
15654617
612628997
637711799
456881887
942025792
662680654
418397114
204556024
832487023
747388649
637305753
679524558
252026135
431555123
300780681
769145926
554706604
720823056
105179843
481526187
735487028
721180292
218690428
937485845
368801254
477980543
737268115
157824255
550764883
158179992
72348207
229283086
170440335
168967110
951282132
601443973
330061743
870047176
750151365
87055912
96492643
39750101
980161969
764719426
436679058
756696228
876187909
453722567
145834710
72177136
641057586
438423930
8673120
476468877
979800157
718673594
388883146
386901997
760464917
424269006
815350016
620719610
417079834
93659702
241339611
471922222
501330660
88331096
344147291
232637555
916654766
288153172
931124814
895747457
688041990
290870309
709658819
222492298
587099707
969097214
701367544
870654695
805066066
316785840
119424566
664837040
836662248
643361737
562861947
757332735
120417483
391948848
495383120
649964994
810641796
1748449
352228593
298895238
93256336
538566146
40419712
774606280
978221986
52134704
619016107
61352144
35127543
1215986
253407761
161197887
284719551
572438873
979732346
893849557
490158713
208893215
648333059
637644671
212900581
166840416
517033284
602947468
312085278
897226755
383994285
225024854
445021812
629059221
193651756
683926505
133868627
902625654
650940218
699882273
418758332
255872384
248189000
630617689
109664200
700640525
343295779
127993221
561935566
495121111
998100867
202527945
776869189
322078363
949476469
313950374
442878075
600961544
89717255
631091673
588470429
356592427
204454507
485892442
400554654
115328660
877843089
369442013
301172930
856237553
193008974
41401496
534673009
138574896
640784224
605583125
643622039
806316598
368563049
635043452
340087483
967724172
77498968
170174689
167217880
33704197
617938952
228002229
8023041
626360857
118893420
56352981
355587681
908022037
668448391
841174337
13162751
405918761
45251616
231269470
939387823
119507976
370890508
500685248
754981615
636140584
499061249
607610459
599628903
155518061
21996355
300731692
767627463
288892907
163603787
654146589
16028849
693657679
606149939
461461030
855229062
575957047
474556410
572286898
972714926
400579942
972791720
37585507
385752499
815810568
687889823
129804770
184159397
113086322
138350884
425019381
882416097
21365583
7316177
457151139
107954565
951524812
345851404
315889069
886836938
222990094
473320462
579674366
387436600
412074468
615748724
433079044
410174976
379234739
700486634
586938463
200751679
886213296
106711146
486948688
440278182
636245102
403838592
88527628
410499961
617443011
95408781
355434607
764315971
184930859
228943446
726200137
132098617
478695064
459341562
882860019
115553350
371806887
283248641
588891761
875439372
94543300
997507182
794464069
390043433
314718799
150070951
219121500
590742367
462126462
817056599
453246135
187255951
1796242
430473753
682575313
201668300
411770575
701642859
351474783
587321441
418451462
603365154
320154712
537921197
575870974
605546274
217193291
446544029
357537116
341274205
610997898
383092061
920594199
883382276
906146746
340361204
422939138
964161645
677150249
371349066
205576071
244699533
578070672
411438323
363618062
709209980
586340042
737171644
443595456
16264771
913292638
978215414
845524901
891293435
367579818
188940979
863869557
646848353
342801801
823691416
753001682
979264982
454716986
715064487
689213394
136438903
574586390
462839578
440637035
632435210
108821772
721692341
548916916
986117423
91192094
726653418
224390254
255597138
337335597
214638318
461976385
103287103
73641906
702503414
440516949
894296
16094030
65836985
890914562
845232268
693336469
694184371
652814633
796667216
806495848
571653325
55472469
628346460
408682616
783728515
813722739
412690050
645698434
127958653
484748035
900626059
438195152
565545190
322179907
280311688
636781658
518820801
991019312
905322979
969397343
358803735
78635861
103963389
2481043
865052276
542661708
167481478
278358320
576233654
243305559
537913779
284676578
368965939
835800038
43999439
622549177
774369924
735094596
689390107
988164383
842766764
333693365
143800839
858592488
883203658
185221677
613613510
597019375
923879554
22794451
246988803
361330607
820107844
75785006
954268698
927309810
854584760
110872669
67858762
685535966
596594229
966924269
846390372
450766697
116988452
587787898
889206512
546510841
403250451
202848177
665940356
604235410
826992254
981742762
599568418
845338715
609530296
497200548
32072329
217332051
847315049
593405087
924608529
408486670
281943099
235296698
671844334
760628643
691041905
870830920
786122660
366693172
230986806
921861578
346876876
372028206
989985727
561298835
146216723
253420289
624507186
512916777
493038708
997792723
848890603
404478693
467855121
2011564
8213750
989859521
434828058
560881825
259177933
296269342
100391360
193655619
886850989
700303783
29255761
681979095
928035339
718810088
846988677
562407976
819462533
550503941
446914724
372389180
677275103
848401508
553244537
771688050
156911068
616151737
621996468
892293153
583507828
587241852
709781266
860807815
194212020
598228473
539025038
107538697
222612811
820846479
146375551
200553337
15185784
912277197
800458047
119320664
265962539
822500622
791163531
315960939
652272062
528386706
158676766
76084775
651144574
752509806
248191569
292742065
393548094
409596951
588987154
674159488
325338873
873737853
342244921
553474678
111710775
184743079
628493233
700782103
573581354
502737364
671789782
223356194
702730846
728637994
374344874
509094306
639512961
697773802
691446915
982894991
818259380
752709802
312273893
136083755
405579347
775286934
148748225
348585158
658443190
913854005
729841331
354597959
512298738
991007695
166299676
68783138
117108743
627624044
570317811
791170979
850554015
762525685
469045662
435473799
603767071
618242150
63731585
545776727
708721716
759030168
144107229
690416282
460276997
211808657
609231077
575018759
413029405
953463317
785387276
432505898
248516648
793161286
314179939
266714225
97003372
931140948
112262337
692982296
908393496
974963924
525368151
634711628
269887993
804836730
454051717
52666843
617393585
593867828
782454907
798014454
517148494
367682933
379263559
731910326
352130868
264481264
880944171
492879104
989668070
862696871
663474175
828924416
216422036
472023319
873373814
946440998
397682367
819403602
992677381
394888873
589509869
773001592
581794571
907466418
999487517
467607985
986983632
186862269
126949841
903626932
462704243
834967966
72058613
15519165
614190033
225998921
881062219
633369893
323699872
877175572
128711212
900821216
282429485
753810259
921899986
470949538
461878384
163009383
439672651
701652388
529929513
772119119
976764281
343730577
377901023
826139347
372032543
117354767
982863479
291180483
496016686
560241511
828318429
900847161
692620040
531568992
716258319
852482474
302254774
603633537
510708612
779942929
83770057
473813629
42157328
187658856
725724287
961644655
803369236
112206981
767943629
155256628
330985251
396985909
308560200
533129323
131942732
185649741
621838266
401000049
542002560
673932689
520211579
622174223
45402420
403220401
249046587
773652308
247601324
174808960
937204165
45711012
999957392
87717975
445340749
593813008
402245447
261289835
755085781
401601719
490208460
218876121
130028685
527986062
192289047
441809318
953709899
228024476
644935728
567244409
799835894
143211580
826111722
562163765
319131359
241587161
477118532
313793885
972969879
19548835
20122248
724509251
370443958
139506269
987698788
76463180
465632891
1541781
538931739
145536362
406588248
591192863
326324294
251661279
950636465
428530655
63049538
132249115
439457707
748892181
2224994
607783939
39927325
491773789
771701635
423000231
198618910
479857790
663824181
374352975
125267916
228174362
705596261
207690909
654211141
959789506
273236524
390115383
885254955
726314645
688651757
345487304
501676140
603081133
186651169
622514579
601168920
833093323
839897522
699832283
732448269
406914778
406142468
210211104
453402281
970987630
495946828
356018473
183524358
997299291
396482311
887624530
732697785
971210867
501661275
949262191
328494421
566671809
782067166
581907342
409701971
806949052
706808802
248832250
900928900
304177324
180518812
681583563
858823200
380753641
853896006
136919799
738990439
32767886
148903821
434617500
344981973
994316284
476763020
739435139
413718681
29801568
863966990
966692399
81421198
312296453
31918222
507498303
511036232
264762364
994200819
637713588
644222591
104105229
820829751
783710962
790562004
896957788
584391821
932053134
680324789
965169813
521082472
498425259
439222025
473365856
192474313
745399963
532007712
640771165
565956410
334862094
718445460
137158247
38473033
703395700
886731299
621769217
698180579
274519067
281053652
953283357
71549507
441010218
344691324
545356390
451450598
869832148
973046982
415569079
298961409
240253645
178346601
378712622
737387926
956606160
390409379
622456009
641116541
581432878
672925538
530423906
528286940
820379649
426412128
575517483
581401038
543634031
37557185
540976920
869599152
498828831
881963709
852710681
258230276
118343549
459981376
513160707
223848209
263269759
158436891
903929003
992412920
716206301
343811029
880454617
957004012
914637027
338583750
854694745
347843689
183041722
352724994
312107903
218312308
994130680
122511709
850848610
76124780
11601977
840700188
66354780
690297811
625763284
241181979
43669469
561355941
483622731
219011881
81652074
411286024
216753478
239675902
485828882
382336670
350939274
296645373
310419180
969908525
869382540
442094538
702519467
918913390
8320784
129686044
157955229
940529566
492490006
53531398
226495434
275961936
173732501
45155871
397841831
119774540
556194943
181956642
245589720
371099760
361675141
753585732
700682486
379711442
272126521
225837930
324667157
803978567
354404978
201702307
950800220
934284573
26529280
988945759
854081636
554098160
675545419
459940893
36862659
275841364
318784007
373551780
103300534
981003948
2387535
408237714
113556334
505076958
597462359
307900385
402505185
988741613
429684835
410125469
208667920
326298797
513025288
682484656
232373543
454789299
325217288
482305281
189333193
843989625
951814391
26857797
703167475
897857248
993093757
29206193
596149098
334255358
232328508
95307459
317524298
148652804
128095609
178834431
294889165
843005250
799416505
673204755
567487253
261678289
505770807
536374478
400270536
901398094
931711525
671196378
801030081
167002071
57465766
821832561
548609840
501596809
18177271
690449956
149876160
518002435
337298439
755331864
84791054
544626508
91345545
942224645
320171249
554065882
831582944
652152297
977600886
113820815
383943763
508499814
281638614
567349138
699027420
662235000
116787860
965409104
601060490
629953182
320118127
415995687
7190209
730453375
255306816
405647215
625666539
440609710
236551523
906205895
229127804
861734457
753726459
974009010
625556146
526829117
597616770
828379981
603296377
877219739
701742476
511136653
956443778
850417570
811028657
17276073
131091292
333155783
990740484
301080449
548758244
238127281
377386447
626052267
665558316
855729225
728266569
354852641
811028657
13626444
128283818
347353847
430990663
975142534
163505846
745375307
104223216
754625308
403358878
269101512
679197505
270270576
562097774
532748727
860193506
359928563
826190192
321877794
108261725
974972574
393738449
707807032
471038183
207117410
437666063
375818343
343115637
90153631
666597467
920528725
324629556
21169683
442939021
111175267
851942055
196881358
837389076
304030062
735053322
32649910
869729752
738741782
284047720
805325676
664252330
329326380
727555032
148016610
388835338
849868117
968096546
6433543
804473187
529944649
181713301
541901499
14094006
223581422
181366239
350570067
421568400
659900001
243467605
217152656
146322903
440301824
268211903
189952943
547721386
470592392
153916439
732555486
33586648
645946540
761324413
427901424
602117208
180287546
24510074
929276704
599010313
305441042
256811916
463227635
668676029
60173396
880094233
620915964
96865319
35010433
463064551
191217662
706436501
212548837
205522806
75187231
274559143
967210711
999206419
190543374
99108808
564512691
54568194
483272686
204429218
933881983
80413331
350295945
616515008
987229549
858530371
725649000
567025036
307515665
535829077
38949
571774658
503600185
919502336
688182205
241586410
357717362
981947651
698850304
751747671
519432343
429269036
305866771
77922225
840258289
630923008
793736458
598215157
371593276
14083123
956338921
40270955
868194691
763891561
600509561
541785652
414210544
776586323
21538422
624804922
332841083
984596193
324894764
737880865
388867507
280631251
425851075
989628628
301575484
244429076
385378780
634668642
453428592
384553760
261560910
72872927
759834716
272449504
866825762
892878460
396833369
999973407
668964977
255946960
67454626
223834518
677156935
192525355
101491039
909162464
244268238
339923980
612378997
257446769
114060389
594427816
89109939
233441461
489422842
609934784
364258723
819036786
888642498
854183629
701144637
758029921
368021323
200323926
543775518
728782227
728886697
445340749
597348736
511753037
569481177
145824737
514602710
153344336
825475054
775541481
731018942
449726518
561316863
272657470
326423964
610279011
438525974
274542795
845051663
433968845
689186930
709663980
935187558
335679774
107733821
833401752
707295473
296718002
465623455
432640464
123325942
760834003
228743559
277345351
533971280
490570686
156769032
881063442
574555800
745313073
97183836
290619046
499645605
204204833
505382209
455089104
69548600
678917581
221570624
531600715
798030964
4082266
545153192
875059613
886200052
777960996
974384961
28359137
129360496
548309227
483511413
333723007
237753472
152537384
346056119
871055368
83711129
615247620
801056744
415675117
490955423
698737459
448812894
208577433
128911169
186190005
193805880
772869488
12748548
132595380
228576820
421961120
769833990
391381753
794604425
977711858
101420129
932163668
417909172
791400930
423442761
803531036
241225937
264571574
413238565
598518204
997548815
406141373
157301468
591371055
817031558
747485698
137816977
330440832
662477886
86102364
441841857
828814415
475403825
816165472
906063279
341313593
662238317
696786712
746024391
998590847
673975701
194525863
550384359
118397893
458585601
838338658
625412857
464790838
671447176
162926684
341116423
33476660
39801104
580363191
606623120
677057894
273718612
835721731
196862973
599675850
537313813
750256143
657336391
165567450
431554528
97928975
69927593
711858788
524103983
13810197
600305602
397723484
767909577
19483760
819141232
52731547
495699476
387960659
707020931
914760981
149160183
112872496
496419980
786782253
274236449
460292792
513633877
907469337
6846215
131182105
660358228
615043429
530775878
373922986
207136618
418790330
128507047
544114528
942486173
856349908
83052106
921136334
549168485
635370774
960879426
566816496
726218975
790975719
11476589
50335083
388597698
650863103
926102572
43391337
693645384
301552732
839370514
103944478
162569952
911767235
113366301
179754070
616211377
104660925
537573023
9746673
141320451
947856029
728517296
622025026
901614007
46737627
124129719
244325001
991712776
552984879
140911260
438110452
504867693
305214851
5763714
53919726
503313203
519542692
768734773
175646518
261216739
881710649
774636709
885572696
589200958
411991917
355668184
431370378
160621049
680367280
742400815
491228245
192347494
672792301
94951874
815361074
726709481
359757354
437315583
771931230
278085350
328247030
742673492
887681286
679105186
843194960
805298476
849829116
1758146
611578263
987464621
956272156
828413265
406513722
459522246
757492554
52740274
421516271
20683291
744007624
49075675
584014244
63066596
303247857
537495237
321817468
823844066
657267823
617347678
475667271
23099422
465794571
231417453
95303329
829584886
191331949
448421974
116339475
951492381
885801033
26754372
492098825
112646120
704706264
410164365
474433749
862307690
518198930
966858782
591476288
706436730
962514497
629735024
379268181
212902918
8124381
743106144
61719052
679643717
751521331
853025527
62536282
312052755
70841331
756597424
843092758
702797328
834086488
776551969
564358476
92262919
845585355
213956036
295548182
601710458
989555041
773195877
889036408
568682472
465373428
559672060
592913712
192599259
626550937
86083352
772363714
700592453
408775110
521984726
969665880
937574271
390723113
987796813
408268656
557623200
128099532
62089724
491606295
484572731
965497358
258104863
938115917
885010923
337735830
349045116
387320965
589977521
183508909
33645433
736669574
403679219
858924452
288967550
717239006
660792789
469628142
691571640
705375653
430716678
539254723
786666634
24093311
896410426
708693853
979270458
288448777
383277146
167064437
965565101
819387667
240789988
601231211
929575542
383763831
143553789
874713017
242601809
115191511
237403503
517477985
497863273
309035712
572492166
644957392
383525296
509190257
688882842
88260633
40162873
918883549
405421310
645697128
609289415
869299801
349404693
820276885
245778059
948638491
532545871
210563138
353225324
730900827
6327249
273601023
929925016
146517485
690748788
385687930
380098890
573624555
433376153
792582067
73647811
628044482
644271511
938806685
772568074
387833053
814006895
101782267
825082347
196408969
543406227
526201069
215158118
334695631
720526830
111475855
22767121
308923698
517924672
843900296
65898937
834300089
567566103
778426248
913669345
102432005
27747850
522885618
56946210
597603285
277219015
17227618
232179306
618683026
144530199
686241587
653187829
904722312
721156739
484516782
642099855
776837074
918771013
835187205
981802548
900196788
473136582
125200880
350571879
690816318
78214956
43408579
5119455
950254939
955245673
532598104
322058368
721199541
508784607
742918678
375447494
963214219
404358152
367658808
189175147
4893660
928640040
692725041
700984649
912032989
261576325
261875203
21056344
625422373
460328062
646050677
372551240
986271534
272544088
866509330
111408120
798520650
417494843
879098777
699773496
332603433
21282982
397256018
607124855
611154709
385512705
11347455
638302351
402896855
347385202
608804459
655082725
803278355
659387881
649041066
98075912
64115113
332437256
908698386
957882269
565956262
776460635
207017007
292881414
743966795
720060677
157728251
624739290
207376616
599181413
335751945
216498786
518434221
533102863
44981709
103307524
547402392
219250665
479333936
207759088
581341776
697768615
983575204
722748977
284343206
41177660
252603417
691618814
885127981
633449063
801199103
822077752
566023126
608520317
988729077
133766906
60466374
172346912
900968098
886747211
754512939
48921212
373358650
625858655
402310163
506183247
40162199
432572603
87575310
922851527
219180238
239632200
634098949
275346474
30765114
240693344
669528610
101878146
156602499
524224357
195227819
400544021
186099929
756466878
886802114
242540729
715261708
424228923
766714012
82405869
426435146
114611232
929273175
599254051
199265251
23374450
786356716
449846734
273714880
731942756
898149153
290672110
472255664
37799551
593045037
256137737
620052316
788637298
792625197
593755978
415533178
845849820
411407150
320637206
275020956
893172537
890257333
322222933
279501237
231560242
101254960
984792974
774084904
374376601
346620823
866613527
703926215
148305824
436316933
711507690
118494182
292164302
665741195
570548956
668438416
242438044
277365062
719618722
172537255
682768692
510809696
919232855
723866438
92751057
442204990
950547871
939488232
455327435
885770366
230225626
864262789
140047707
102106342
120958905
185150564
87735528
632535913
175647074
556668003
875546312
260077712
763089022
559162913
711696859
557626932
765438158
464749333
199015075
266462749
375687191
900376745
77253656
610111193
95290853
863599186
646690604
971614437
502937631
936034598
725182144
791526003
36347096
119145345
60391914
95125066
239266283
174489385
415319830
369673278
979730249
243375751
677747155
396212679
335655553
288309540
858942018
418865336
856566621
686664545
892799999
520652774
25812426
595401225
329176107
465956111
203396079
489248623
381851842
63820388
674953317
119368849
488667163
60897426
579310816
207339083
577829169
43972863
699007169
557986104
172849041
350705438
739551397
699656710
108838000
240328248
10688531
778314411
694774717
764285325
399941814
392135403
337394204
241127820
827479263
433379989
431847132
527798256
438897772
97060385
81752969
682986921
929058729
782246184
37870940
960566309
883755640
991821589
686783104
68866955
754763702
255267687
477554437
655982535
917432508
231682847
740496885
163426750
211609015
351378892
62334292
377216603
905260615
668466190
240481521
591588847
725304994
537628890
288732106
155701996
50339484
127546225
302214551
214888414
217200366
351956421
825457517
982926722
850259111
662308965
771117490
574188907
933145026
735666061
319649487
497175840
620374470
383537653
895773201
499415333
530272780
330516520
782302920
754822580
737222643
65557191
75868797
879059468
988949514
581564282
44823415
723639935
434189121
846423962
27282102
74448396
806977772
822149415
839079837
531240458
352932506
860778973
888450923
502437109
445271841
750293589
18346043
17915286
864007271
543581837
740992211
590553092
696751869
652370594
960175074
282966920
294931682
65769582
563946323
54462567
369006783
431595727
573551873
540388190
715047616
99039152
871385054
757625090
108314459
211499579
493356741
84874281
126624918
921402680
897593222
170368903
959067839
924229844
898000048
831943788
344941059
284338643
892119156
443833444
253164730
291275697
788791947
7254588
200700354
214096763
289438202
542549313
922126398
997724388
428407899
273124726
151119263
989157865
294760793
122309077
396613093
655097974
383356518
982515639
299580413
223844494
498118967
198922501
251588159
695447173
525887651
379509351
465598119
811188322
825215063
901016617
594536473
202080504
831414600
181435025
244391910
437062097
256111363
936705228
123459025
172212852
323323438
685572201
86573415
773094948
588334551
110109213
317252004
314849361
551818058
135771016
431877210
559374332
287118416
479503491
530748340
364781598
180076903
718675009
80486650
489028675
732126764
478051607
811985287
935149988
480785926
249232342
861244198
250144920
65345532
897453419
957801301
454028181
74667703
386152400
335029197
604056798
319422873
329350975
194347617
656552340
370315530
351622842
471820843
852997067
926143852
448225209
102998288
157393278
937729931
861413487
360757641
974950572
110051747
905450405
939053567
333636189
342029832
164478326
280660609
983873379
498564579
124945529
629815488
903978436
5408947
775464036
33420799
297709850
548584010
567456119
195168547
946698566
340040708
723282730
675697799
170275921
373714100
104902206
30663461
445062963
405203643
555366798
291394935
811832291
322057459
73677305
632005167
357749851
766564059
492900088
42441369
325092437
71807994
371950466
974853382
668817122
990933686
381851842
63820388
674953317
119368849
475829926
68551216
816684457
448076683
37602765
147013331
393626906
981121094
359734740
531475448
114400492
769505086
450495384
769208301
843837124
576593284
496639682
294222002
12152222
947173923
676266324
853242227
322361801
855617395
526229346
683472485
595930197
818704736
865477347
732684157
372210905
294315920
687842436
10734912
256818322
749507556
695067042
503661508
826337399
70793731
196548075
762548691
615044058
370826707
975429008
402480677
749020247
609711767
467987024
928104192
874810554
880773024
236425283
330699149
175709542
205378014
617055859
126114138
250017790
387082239
871291058
858593345
795964369
987586097
490678649
549021622
227590442
349347214
421035042
670784786
402337624
570071830
193812564
792337420
363991027
55165674
198110214
65622045
137012721
278692376
633504333
80041420
719672245
360239598
597273315
452227753
352887115
449994497
741614924
913103284
300144095
445280608
914903026
489904638
969642482
69463833
109104018
209067306
242732634
129761586
218053871
874370479
43702472
323561617
145037671
492046160
954682045
86390778
165677468
841763920
885425889
841853216
434387968
653615515
581338131
862783894
621044367
137679436
451782903
922211425
812042875
821332425
650703218
691793465
213982160
748300586
211591887
724165004
591657729
832525996
12489526
165880980
275409863
601520670
961326604
206766981
520980652
22141381
86063952
934799780
837597349
379721503
566548833
307507840
123190530
442563332
954539041
35654688
909522519
901349584
323129802
11077745
138419888
230081292
221988627
96911780
349227512
120088064
716669226
66439558
170931742
455916293
348646251
31009738
503862637
401488972
760765187
371859873
290241470
291230080
627878392
664887434
744704351
598247768
26170442
143113540
430462241
358497386
633506110
943791476
303965357
85943002
155480688
433702229
953965769
477818529
591079947
671486924
737111794
563749350
451152168
100537326
918947690
8212242
704357091
73457866
722135504
590722326
358771914
452649202
542502699
811640178
952514901
907177715
59361879
331354448
894288513
144593305
578228123
530005186
184517970
568642186
100394147
603355089
227087187
776055009
581800936
245434921
480335486
100722656
767308342
592751253
469037172
650842149
579588306
859181660
550384399
161046436
93014958
374707898
139265673
609354275
525567854
167870686
635886237
286378433
3394208
984577615
696904489
174299396
650156313
940151588
984027625
761378301
100573099
597257724
980838218
972906552
276196625
971742682
308809644
94625513
66490240
204289758
311157991
994322342
590167649
862119425
70670753
915263353
221734209
760678140
136823343
28189221
833229568
567613414
701172987
119848264
652054909
413779833
413646436
865526833
891772757
520343155
174752628
512331555
961612181
598227334
514513546
311726358
574173965
137612413
544999275
489066220
155111696
587288315
267695738
757048346
343852770
774285616
984178254
620732910
112954626
946632871
596731647
602385099
575835314
339806478
139044631
724587443
814960051
211085946
654965189
823911300
136321619
999272307
422114642
873693645
834824447
83879070
358363841
914990716
240046871
171616363
160513675
320793055
212846395
276180752
517573894
300218488
873695111
933130475
233413764
580355447
388778101
295547966
506855708
450482680
379413930
759329726
215912156
859925014
772074630
905533125
991397450
730487235
481321036
913337543
32121716
758713851
285825949
527227219
287397438
517456525
238027170
61108478
834351999
49697349
677272454
340315068
759868924
286214566
373507117
498708068
800974672
517386919
467753857
485094512
149137298
237959537
983372307
950804763
346688960
327879907
87502253
98600802
858910780
606449750
367908689
315942931
23611353
520091226
408693835
761155091
710207044
30696470
88245452
836078132
632424518
597638667
24224070
603063127
910104481
45045612
181104176
105458927
470001752
703248263
236256596
405650598
960248347
292146146
297343789
413255124
15009583
305653688
658874062
212303797
926287024
5379767
371145248
729819424
812788846
152062497
502076886
854088708
316078031
944717556
906131765
504624451
816382606
379661028
551156886
181995988
294432812
430854582
154578209
983810619
368682140
260001599
480899121
111734739
193810542
406000850
367632112
486487968
195852099
98554834
400068959
68063530
103911723
742835146
121757285
572451578
58727513
953651874
55558961
224387155
475763850
366958073
152287439
673030772
54123305
659021108
950083006
862053722
37940840
933511460
340621604
772309260
598635801
480899121
505672852
512718741
292043628
835017513
975438379
729842170
977211942
95190528
709609671
73219618
381015687
18811069
833567373
821916305
343802686
549938934
45479432
539879738
711676353
909776337
719608567
296321421
44681419
876088881
949065555
156171226
181875243
140279916
841365550
244055994
628304385
968682456
279230872
186888441
934946533
875286773
991483060
67419012
383927152
927962474
838825926
838761018
344891448
930654420
195155756
63940406
496676189
599710426
608401958
523477552
226015344
596392228
594409717
138643786
76637810
612762080
758005169
293813692
728015864
962522697
73452775
888294368
710546716
113967592
324565286
550319364
917499470
843605956
724618162
222408173
91413643
872280841
736319512
812928280
717145098
225440383
746653077
157469799
679637276
392420107
154967808
437085691
395707852
628753451
270634966
435224757
3048327
227597097
922699844
637579462
668366589
117126728
764028152
490794175
436071631
309972642
504473863
134212090
479466911
727428828
995331443
186543937
278380789
775824441
258296535
198336533
797679548
722118587
4532436
335240585
34974994
66294120
556062432
582909269
770355260
59603898
735819860
571090506
361126732
909443259
84684873
262506860
428101852
791039137
397600718
458814373
417335138
809224094
197265680
372248277
635956116
19650147
397387374
663877794
570517447
990777604
267735583
636920504
503874049
681733785
950347300
110589069
275433570
439898427
630793431
346162572
152861928
972458958
543990471
996896951
126777687
627879461
336110584
292442842
399953111
395929013
345694183
495108540
804544562
289269877
257755020
705663109
495350939
656929326
492544533
353310012
301631725
873987386
742948822
254389026
822328479
338234709
436842687
333616895
833260050
354382259
745095179
313193165
302704068
935401052
571007188
192465932
980612298
535440126
424828382
318111912
417810433
434901487
999978825
777932633
955895585
881476707
307105641
140162571
343531150
429236566
826193688
483745439
88722133
599629638
937425145
77759875
547301631
163225672
373462380
673477080
271539798
520492375
41921826
40611760
37792255
214795835
90004368
355217819
990618313
54150537
440874119
691702284
379529203
117506540
261444446
452719569
551333773
750877204
226319785
269445027
846092554
378758216
38683751
534463528
614902697
410027753
572875766
551048195
215704514
13469887
365542300
786504338
512621866
239759388
349548245
907889199
108825540
312504112
132572743
470267651
366436338
356452905
726734424
27812164
11095559
480594266
459596383
119229487
965486593
67958106
219022272
398469901
919489269
539433061
172358056
692117490
978962944
544614908
165336232
91917688
299537326
855914200
295508671
605713834
124496001
403480720
501841489
731252433
235747506
39028775
392506317
161731618
367941142
69197853
248208937
463225724
568398208
188469356
579236822
430464324
911315991
485981412
816916164
899722464
165760926
47075978
42271889
84215246
333974280
228356544
798079860
525900233
367590384
691877151
226254321
7826603
587407638
84933636
269859930
268968176
904935789
151728766
627075465
59628136
720210509
697184052
464192710
968950759
316714869
812103510
912598808
408682872
37620176
459851847
626080032
74662534
599552558
120281300
520504731
754505856
972621552
916129557
341079697
442107056
229134327
622434489
502859184
108628815
972427110
291740031
584034250
157335206
836646458
807893446
392586367
955405969
949532229
744552115
827137756
253222493
420011127
485961925
453770013
729781742
844467869
299664133
664672749
175115239
303852598
227062734
150251932
164167442
222290185
383314275
799683779
527587325
581914269
650252354
427084223
632619767
178228249
751606995
273198309
340988755
151733917
491990843
887349567
88825142
494525173
43436149
729239858
681957511
190196736
466457409
206201902
98959141
634761536
63002490
889935730
396084378
844164230
951235680
685066162
8728993
346043946
40146651
818362312
466940042
702793017
33476539
336046062
29066717
447673305
100867128
471749696
409580399
874780388
963369499
802162007
458294641
651150884
630715522
199280762
883369728
385864740
525115466
752726577
257473447
975730767
376607539
390390165
25390524
284261281
156965367
430608288
438759216
49999678
469673148
557080598
261995239
399749710
149475981
696155632
771947125
275328521
670318735
350358473
672354744
714735186
402232718
803328146
129994360
44087525
169987500
26844088
802523946
322618466
804752579
198613730
380112673
80073793
706860173
65679403
606277307
544428338
545406518
294155020
230012868
962164892
347847461
489409074
134389137
302711423
974476858
686871351
688242653
765990738
821591805
817294543
990919370
590340627
484285790
597052848
747769808
940108841
388429003
152506297
531136031
302108985
985284643
551436744
912202270
393090362
309406002
936548340
252343282
340206426
720675714
27351354
636028215
55787116
746581696
456720225
56106924
962287120
963779960
923575226
939641289
444107609
761371661
834228790
622546767
212441675
292059170
845619832
211219111
654411501
784182087
740925723
78725504
278370375
9291459
954423242
352083419
648780934
518840064
428907577
784775104
268324628
55383503
477772129
804878167
722327481
120925273
658297076
355185475
630655815
747043275
206823380
931401530
745293241
449052569
813394120
334735823
830380197
884558732
755548219
766863337
832696810
866209667
627075227
58076619
273695907
829553478
410933954
309407569
862961654
847740100
612067988
983767406
469672044
701847640
548608035
88872504
950489411
385152943
815038271
367080001
599945581
470054185
662336174
106094255
370545671
968216168
447382892
361917203
613188785
996641363
500896689
58572797
525077681
249438629
450531830
46962758
239786643
220047838
302454692
85204925
787847012
65521470
639741542
935425004
291923249
299351287
450193216
82585965
347739001
221486102
523918248
811523676
97114306
139246349
20120066
587616600
806150246
721141034
29206342
113426068
600823618
347217677
571825048
228002049
341761489
686152562
558725974
30654869
847358448
551155981
384910565
796515695
315791893
11698792
122828844
267310250
428841605
354551560
304393502
434578645
399314623
310118821
624766064
821217314
430960619
757174596
867742712
706583911
779157418
344724207
881891976
125311808
172334064
985425210
510444184
161658820
198450671
29887752
18166033
483117913
650140457
365425981
576566910
609532775
682176637
648460232
852653780
467160434
946217927
120994934
749329854
902102345
19760158
6315396
403807954
951612978
484726786
814769698
468979053
876171065
265899378
319674907
120849449
354562445
732381377
767997659
465662020
456124563
473975159
605170378
596593061
627595351
718124560
828783630
577614609
535121087
937265010
812191041
748256951
540932483
459315495
368483713
857785522
985113417
585598098
916595500
855337962
738845798
748857585
566570628
182434658
8111971
539601313
909466526
136795592
482259290
83137219
295649667
2667727
525261215
384382623
482895156
413413685
174634267
585801374
763089022
562602373
911051566
141061568
464903396
463743335
345370529
130259468
728566338
633094182
224391937
619061107
606863305
573389334
412516890
243810913
331161779
676869922
574244431
27993087
193296140
343240074
859145711
978479166
626885258
332582622
657634027
959991131
547864309
110403045
119909561
803636340
191413857
600094842
555086609
424789360
37126142
472250130
233469958
628784959
793335994
212160777
685309185
805194083
309233784
387222214
570925145
700370141
499707053
192019693
618847305
800592246
21632864
458758299
156365524
730318617
37055692
771716616
354496122
608218055
694618952
318430786
377046686
453423569
847624237
264759287
972044852
352180355
262560042
733077345
72096844
920900993
799046884
538931478
782320837
366345161
766105682
152319475
510136560
61015170
883856104
510841427
441715398
394884245
480407137
388259642
44848163
462204812
730797070
493233873
401550845
300685183
480373028
75554715
54798764
875530212
444046569
431698463
107463648
411036452
379580619
982258458
904993350
561585231
631719270
567322156
935195952
440155848
402653518
690182865
109395347
879309076
45241887
853114961
566099610
220047018
239102849
499543072
791913113
376254314
909957253
187412019
631097146
148784802
34611911
594521492
634504704
176433278
653153050
538685763
550108412
844592782
520363302
896578058
84424942
279273933
748668217
145472936
128831494
477847397
727329176
739545758
417054259
147368516
51370287
600774337
617946596
951440645
983455344
598416257
69043931
378456346
513181966
68232195
449423117
802347022
778140568
910496684
543704683
199808573
774866948
139723216
467878818
415111975
512792737
244797860
810609886
647037541
191259509
602270726
581142903
330050540
168324906
290385327
668370060
507727663
733602018
917112059
343306715
428654630
399500725
70526299
752258641
939905779
887003446
120014307
377879013
428763624
79811736
519704456
803590530
17386119
590024960
956876287
116437902
791357563
62569875
526689848
263372885
411494548
582380001
960765548
365389190
987620535
469109757
278048388
476982606
408516162
84696475
540300895
330672223
814874170
5416016
585527683
849906543
331842839
44359552
504209905
838544609
653897430
413087873
121431266
974299202
822020002
264258048
935808100
433824007
658371263
181120864
682235247
367580257
739853597
997797630
513240544
258674156
56710938
489401402
840093062
846740598
53420881
430891584
499764483
474552825
56099799
584047615
837844592
321606690
807530538
821586313
393290296
53245959
220885146
619392178
842242989
222979671
316403128
471407993
980900736
431788386
259186586
58058209
726697480
750825826
391412554
356764946
992017097
47623908
333940469
439462588
424670082
149869249
936630044
150390734
875201753
835294431
352787673
527676728
700156944
490693793
673006927
750110316
41653654
404016523
819895023
204885112
295685260
771176644
124313720
532578949
880617496
898064735
638096636
330447840
906794415
455495384
678744883
565471916
648699779
74370106
438688928
504240495
878233724
635160321
770071947
983549141
529406571
405546272
657123545
366539626
707597646
389721634
648289568
781210171
469187514
416661187
962903330
73072067
915889638
592682731
65728999
988330001
426369612
762642047
706697649
840127684
65525812
13679098
351812955
254626090
72099466
496742308
775023103
945686227
543076782
454576822
870470693
706349667
263839844
365962781
249729979
834857086
477420229
418866530
856604040
687931009
929103974
646192153
688223189
413488783
401065174
170510186
300689291
974563791
116361522
601261128
482918999
771983780
87560237
988174602
978375945
563664085
264774465
206384905
459196819
843353179
138002288
133085034
122595450
793032295
673893524
235567898
905853875
606011654
762202702
622337528
384780970
706795911
972314464
356660622
404540055
292533167
157104448
665420191
7129071
213383359
726091381
420324908
648732467
982332565
260515221
871187807
495613938
641990282
603051445
242544648
734031962
977963101
252268892
116188754
598025496
311792848
888653653
617860022
477259889
191853692
490821836
230314722
434769265
731780464
827208402
71329094
880645620
959367566
260265546
264995215
294997534
73514434
74036258
77061619
794339212
51360576
375639029
511454836
659565190
112663973
919800573
740431763
368641233
412361387
256174992
670699596
377613080
272927818
126202289
820693235
209095279
930304244
151360333
755828594
146253787
760485387
303494586
701465959
576298621
438362568
232173492
384824814
274532679
848639343
400805707
997103347
457154380
776830620
931230881
481019595
574518439
314285921
415172431
949995506
341916408
90639322
869049168
257462553
425626955
97838926
519746719
886076159
813229683
442364816
501445428
453338351
263090327
639559949
373519998
573062382
965594776
303265884
891157743
412040189
264493725
158558973
42758537
319456949
199590524
88201563
984354491
529156983
540385594
716667733
421071996
693219607
372761679
264830387
46650638
633209904
160139527
536451958
807326321
371984723
516247775
761019774
702375598
697679451
291079808
246566186
471808934
756032433
622123868
64520217
220730751
519453246
911221160
645718317
585014507
281467154
504070902
776411651
451515507
79088588
568597855
292792905
113819158
116883047
423695314
137143583
952592618
196607764
756108485
695524881
872720818
743689792
948956848
386989055
329480725
905901943
431384565
435159658
81220776
866351542
80446409
720549042
408913744
458434328
509105586
200436774
105436258
602634365
442312669
887444148
400908027
832275724
66148801
447818946
815305353
848066642
172875207
353430293
526599547
183583500
966616088
68357706
373138703
565679362
517493596
459925607
875088759
239075315
486781159
868804777
25558079
400035808
575302779
35140062
891751037
867254389
524294501
725855903
381118538
372883861
662738616
695787108
441141567
320392704
178955260
575325463
330611252
320749060
324392175
819196055
300054956
821469101
956789559
985838219
497743271
585974326
732126240
44427061
289280302
843142610
788001844
919193300
614769590
581141659
199001268
61982933
719446684
272156403
194199796
761598248
181696827
155807094
749982224
752474135
847285702
610725681
425266378
577399436
645224392
994439611
444838108
523862268
489030863
587193086
445254469
284363995
809337746
665026533
394411721
38008199
615748374
436710701
679895940
647251699
832410990
696684779
327924462
622108516
208877172
994954386
844926505
894194176
76716379
629324240
502993580
738706535
42645491
819165679
265877143
378846134
507170400
945468186
9086607
901479912
175782724
524776489
919655992
341605700
291607733
973602914
499332044
553747945
757351750
286805473
658968887
505133533
391508048
738006463
39924324
441833920
475440759
875116749
918939328
559176954
95150416
241274372
500404965
495944336
366494189
346137526
566476905
346853107
397352265
302979989
484992855
910527426
683239007
671656681
222430089
913790262
325113538
451926987
464015603
321669840
112762427
919296902
721179460
771816403
485461805
986190713
383282520
231612941
93872351
142477556
528011549
720874931
684627604
379502159
162329602
592733752
745225253
677200970
259884882
818807898
191121532
461519564
243865110
557101373
842380384
214901049
11242491
220258577
127886743
181371002
292233425
826823627
192048152
770178751
898490279
344334956
195701201
81642873
979022402
119215662
567423789
657804638
695005473
533848809
216335730
929494757
629291960
427948378
790690684
299661933
293915735
116129470
120749440
651591774
544320628
354978216
489975915
712329559
74124978
994108898
387944187
371139028
278976662
169012348
637145595
854276314
464060879
735125285
94283284
260784975
756279024
536214077
324311204
723323499
960776520
946055322
857194663
788275613
789105751
709583132
564099008
236853413
726335213
452458645
343230962
414946317
450834559
409353607
349946323
193304735
567620061
384361589
798729375
349947201
635044882
929218933
941115506
942225659
20704228
257492484
601123603
501014576
883509931
45862100
54811225
712570467
620310111
273226482
202382144
667653907
659392513
133648462
487971469
722732878
23575457
393213796
983526653
827215480
435457671
847768439
857059685
558684944
814869283
558478991
496458609
998511469
837231019
467517223
452175277
680659738
323525646
676506375
366562278
365427670
867289366
822828346
852547498
577655763
474364903
821242783
245199362
264207436
735755480
255389777
645470769
788183046
448640953
584812472
779353718
271944523
997202277
247384142
588779830
233502039
74885997
396904728
813710790
586757823
261409157
885421425
749306759
103773668
248235585
806510473
45432116
595644135
817422206
72473372
282861846
547306779
373437552
763586669
110273108
26880779
328826196
339624971
925464712
987053363
713221510
772777509
430554648
641228825
989301074
281291627
950334296
725531815
220659074
303733243
946396553
995232669
807202623
596544086
332988063
648501960
326652799
723312920
60534851
169003558
91413643
39878361
754368172
372529633
842381080
107755775
176762421
261866666
210480419
177309435
388536877
155962070
74637745
185511795
644094039
337470554
733706452
680597103
405997772
438332030
582351824
814267616
335007586
237542151
895990519
892342192
180757262
540233493
246134123
388264905
589661318
390824725
606702590
519723097
890001804
691070047
534379001
56881827
286532081
105466907
577829597
393207150
412503189
864931600
39046668
247239263
65204057
138789598
717411628
78646628
661021201
72762295
509670390
943750396
211885245
59578741
302345125
250436570
825172000
551498340
988509192
418470566
107306738
549601070
66726228
179720379
68757010
760873854
698296579
220418964
969405402
671456501
648598182
729698187
735043029
876346030
771660559
420323451
548059710
982236276
560648315
251932661
977051651
879766691
167903066
316199288
107449527
760355550
232869648
57752149
720177338
906601239
471889838
155721049
825732151
270789800
644803712
386674290
101540531
219556523
24748352
482658720
188587805
5036643
775931028
693059382
478783196
834664373
312699832
568991731
428914139
787474160
806180255
770177067
681215233
111614365
350763515
967733638
663859543
297100033
770617459
998370601
7453978
888016131
68607726
225013754
777730330
517086262
986494917
501213223
184821208
77829421
806455953
900332514
576354422
215411375
446860850
737714052
740974524
581472039
949097487
726582562
154904554
748552381
183861032
301596192
136142320
825461576
583367330
288731681
708778183
64830015
56875314
803188015
10134007
331265120
464674788
659746227
533613011
478854969
438166293
376974982
980064736
366847749
160512937
471534494
821723452
772665441
67027885
415390686
222092057
536455178
741411291
976134998
653831966
124209642
813921897
712496788
707295979
920225707
673019077
996690393
812913136
436959070
974186968
403611397
174957675
211943863
762399423
745589307
406801354
402594064
595265712
653998619
227912475
556521091
697098610
861173044
40291032
344857809
603101033
187384543
9044354
138110415
279802766
91533377
875992595
676995165
973873158
563850431
590570769
179013250
541795897
873088581
582908245
561389862
800848350
959397812
228928972
919039617
426986627
995893529
764643457
697886237
152789175
611618566
864548005
292240603
56837872
337537275
857305839
463626159
483618132
194246728
862113899
912496337
65975241
178331645
291138873
959000447
750785933
279475154
158512035
358817750
377806590
342853177
690641765
610555664
60324445
382466391
799016649
479958454
374350469
680024744
859454949
19179759
63261526
75490421
858329483
850133449
690210930
301468148
907260940
913225138
533059694
182624103
439512186
413017583
29880673
736169129
778268999
914475003
844344804
980129690
683890481
311809009
81540236
196396860
314136649
205429805
591299404
266661529
773728134
330441113
938126700
676218094
307723084
958791226
293096151
269590415
406795848
402423378
901492757
339421230
655263980
649469246
578607856
506702097
649462394
519886922
202141068
377697083
230002525
122530474
169003558
186342427
985017492
836333585
916718541
788926666
987100322
257162178
859641274
931346361
490997114
131660958
276758492
794957270
517475940
602272830
458711406
297159890
612037325
768149438
794059820
136684652
216033320
888323477
66825776
858266408
556341488
282639269
601847977
886404499
686562623
368277401
977115259
673566776
873538181
866350613
79288889
220995726
244538201
359813355
940781513
590765567
51122589
784976468
818775825
812682659
100117111
911707528
656683360
117938053
394954908
490477176
12869472
136457962
987537598
763476702
456028725
628124778
90724384
523061951
258074362
903721140
850403817
707386884
115419071
196829537
794417477
151082556
244168728
946877214
256080007
940506345
821839700
465060001
528337703
769267742
65596139
796520748
926567213
382937180
6184417
238572863
649148980
728551920
251374596
318477855
783563983
571740146
526784346
241085895
714524405
870442761
643079528
173268910
990174537
403316575
109952560
375118795
620985518
131421971
6546113
60517392
967479239
939685378
554019625
778848457
801622948
568381564
584092878
451847877
689309114
929095252
691251263
814685338
45224981
157843336
116212478
957628338
277640542
667282629
907213527
915410679
796124056
902821270
338193198
964478853
727425564
42136689
933947375
725150549
784677956
319075431
780102675
989011243
253000133
413464551
928605260
107170420
194024733
382129970
565203797
896571647
126755946
496353312
51277535
773213795
856408109
609933389
134199320
240231274
17647299
395630588
795294198
1280141
663028150
780694529
414455947
723522180
540391669
817885557
797932898
720737713
558120507
524711686
217233160
620846033
37720521
848189985
163722023
496436889
586303767
983772804
63878781
325217092
557717848
283295496
785508233
426074511
974155058
205924425
170224538
587786778
981756769
415787536
384144746
428352210
57507593
726104816
594532229
437733302
356410039
711732708
915270243
267738004
414403993
366517889
219630353
875309281
913276501
496106715
251147804
178926080
225561848
782626927
93704720
841716148
500727538
142348465
663918923
201381001
724061414
710714223
599062779
548611930
793536855
843406050
44434566
510570569
633621589
265658862
780987546
681952249
215674022
464480568
406015124
373142050
852861315
349358070
827637647
448436306
853830069
107834590
469836972
705503418
657267737
802426973
641953628
725404369
988851857
259337550
37019204
918207929
781281395
9460096
516238713
448455370
971164441
655854471
463603181
267287638
143499386
518147977
841269714
303439580
657055011
456092876
426929386
133674523
852808976
539843955
597224254
67247702
937095878
83922362
109585221
185395449
994152311
769162047
363788951
368423324
39962502
88237766
771086197
909445401
951287315
94836757
864400745
466212735
550331161
149301
227603834
702923827
261009518
269020075
392674152
764063964
440498616
483075529
873711610
630333411
750322859
916951819
898531271
237105228
370578609
536954030
520962717
328375523
231487430
270268558
135559973
417612961
951317042
400611974
98967338
143343488
844276111
262455067
934194442
141300591
228887329
641681692
411991002
721856582
234830074
216590465
179483201
352119037
232703141
843933339
952027402
100254857
979753547
827341109
818889732
450795020
638762529
532146855
945534476
655502886
192330848
619196021
504124616
499708506
968402916
683401006
408517217
320267249
946944837
836820078
564565206
359004224
969446846
460234028
578654459
506827998
509643573
570394556
475191414
32100782
342403456
134272410
480352158
487857994
398677454
404524744
60032161
457950744
984716126
636085346
326927345
210103512
291891380
731132733
213440974
21864162
406879553
401405886
662279353
429853257
568264320
260731927
71077911
206705629
387888334
811205491
305363917
629362640
491625975
132409710
984883397
480536550
559544216
732856536
586205424
831276659
710526236
596559690
442394450
118361281
574865403
43913551
999831993
586050489
365371655
236714439
198778823
225936088
292418749
456898330
590368730
345043680
401215405
819953305
722950367
199600482
645581861
217376125
686749894
312589832
568811058
79649263
330252451
915675857
531717565
736808236
392771720
302514703
346035031
696593102
381063860
684820809
566882959
918240573
6767182
80642795
334511586
854701199
158753951
53400025
669322301
220197636
514037501
713862071
384532118
622136840
955744847
654555169
148693257
779179720
599614252
649783135
359346880
293996861
900563393
857868299
383632868
643001747
129987317
817746487
218782679
829416847
212587399
590421169
961238632
679812643
906428471
887421624
108714057
149669537
441168928
504919505
272410700
983968328
291250769
275752821
582290534
395989505
767471906
750497114
392618692
828222223
518658200
771105569
134482460
46106789
215988337
825728015
220419079
400020725
47129327
318591808
214501439
908131886
716747838
91073202
424100095
571593565
338145705
221719439
571331139
377519136
623157067
288759029
849495177
229442996
970315502
162320059
596077805
506797554
754319177
173980864
478385859
421237571
692974755
378301382
484574376
416962944
783334354
20865354
452754100
258446081
352149984
788490919
963208886
242786364
317656463
97629028
406302821
818456450
880079931
153235786
43332101
231423378
962364122
208291042
209807219
277843312
855065538
718597368
159903516
701769634
701131387
637997853
25114780
653495162
438780295
387148040
837806432
750588141
773890894
731079812
179330097
430974714
496510623
373001949
271266808
283285676
8874722
780516583
299823917
86236307
215783830
904546294
819081836
25046458
129532109
876571573
911220179
321006691
405837995
791265838
203894822
665701787
930492578
440175238
732717681
52251102
505360729
291399597
394531313
570378986
300493208
499277894
624376960
344216407
327751397
724455761
831819487
797595562
234961488
70373437
494342986
916887323
876020013
828060598
478053670
15205041
962492830
713627214
941153960
115961003
974489723
962729224
646823867
833762373
831358409
339144171
335621456
67176120
341663558
466328225
804398052
576855436
120564146
474879055
842599708
714306989
503014279
46912006
326013513
217135703
222437503
836515845
917050852
561781248
438053284
184585168
216636343
116659008
395018427
317371835
646698505
676010594
742478633
508079535
706073963
493337621
210953243
403675758
292537590
836258624
268886113
422439091
521303448
823318292
261785516
606581697
612109932
893397228
190947308
915403990
982457393
328024987
930593739
193368007
118036443
154648493
462059877
781257681
7127162
56768169
980188471
222059038
620412698
824069594
509793448
450801372
73402346
6478546
730755763
946451071
677998020
434890907
907736811
503268626
168249894
85467729
865261762
35844156
540969795
786598188
517736160
425387439
113195246
507371018
189333588
657592603
737835760
195722343
650414759
226466024
766469456
680420735
882623105
140011114
2511521
822294589
485074913
720086069
93326650
26225487
903647124
590240532
217305907
555070615
987345567
952692965
814017943
457928491
815409345
165181629
961088898
658660571
938336251
244775949
246233648
400746434
576036867
667635735
316333846
690333116
920091532
142748458
313382257
937936013
890216154
216495586
822567407
703896230
344325839
15278699
332347743
392997486
586292714
262038161
921252055
585600475
160452298
258899909
6070835
976428765
614729695
765936163
615869225
456808383
952754840
115228590
787234155
96823089
672101079
405507811
462482197
84022729
642386815
291637424
646761198
126589272
409686653
149716919
235945504
295638146
831053540
244173513
808737073
990719865
347510745
290866262
675625440
663291660
324981536
4927873
719686664
176660256
81777807
155000051
763796142
534362496
784566033
193382925
316240400
771235374
5740759
678159309
627868652
464770492
199073109
479625721
106322387
446159455
772305113
701624217
448476908
568927293
208782580
899390243
169444925
614599206
672464859
843544861
941460272
297233819
208191187
391498540
132395508
301140789
69341983
131670774
459843387
178207812
635646422
42274725
990733494
979366843
352757459
929535112
30860572
927296528
631403112
73795266
845756590
173939868
435638207
503164257
396462582
174326221
765504253
321893319
776774475
810458091
806277949
181246432
366597267
258269805
814545538
549872064
562055307
95161470
243131651
516044282
991314918
387549490
393732903
884573542
390020637
533046387
227406210
921334024
456944939
276500312
419492573
967054287
469819186
765055468
853373939
94106027
950498267
337184310
223644858
282337462
557579496
490584006
431193912
599328692
754960813
23525941
613288142
630788902
804790329
81699109
437796136
459709668
252840175
121062597
960963996
797930469
302766790
24879497
869600155
337396403
883152902
817111349
675434920
493161845
774969982
923977933
141918092
923515272
268441409
707686460
364561874
87982139
273807000
634023539
28233558
541797781
18703535
669750482
753956650
160795210
303462454
630405100
7416593
413791007
405942827
965429568
716567292
616186975
838717541
94889482
751504141
641608597
160140237
109651987
254797539
687652467
771856952
612785757
577694494
65372256
7960905
990947546
565069449
644079578
842579848
908114366
821263999
322084748
897647954
220733620
403258083
724082112
250478669
693271503
485358698
837689504
747070646
607574898
210044989
134537788
856676402
555179830
500963251
340690766
259442590
806058477
743455260
813586112
748833593
85676100
312898868
123621441
837814525
537214993
655038513
303691718
428607943
320448062
78642085
325316838
4693132
230363588
626051752
678987207
50596933
234042851
901771492
208849539
265410539
541858177
881413963
388515998
760476401
966068639
614946040
999438245
478107146
916331315
995001826
336285906
625523503
524327764
802871533
647408667
857804755
729705460
750957454
854916707
749199463
219239799
705256726
192365597
721527414
100753572
848961107
96383625
654352534
80151711
845932596
761715167
488404517
987571261
271652045
350949421
66458985
828616682
345291298
271063865
762525963
375808976
91530582
706100482
237626092
706410058
517550654
752890760
197096387
357063564
940811780
674215283
207235608
243839478
50159757
341631306
133280752
484341307
487007825
657758367
623083034
304196361
997109224
566241557
316540274
538934763
68019413
895262568
500742198
580209192
745730033
331719750
71551493
347195911
727860375
338007488
266471371
140352981
754473476
107853772
402351402
650458272
956920789
886404002
567109737
371775310
904067442
897832021
969429804
950712048
611706063
234697833
941738964
912926158
523686397
128647100
859896191
864221263
471469866
106702270
34849489
685267991
