564176417
786810885
294180387
415194567
406587882
222260121
200418757
607827742
855136725
608680975
543453052
500155754
783022025
495427502
163318778
356969660
13810424
757527119
13840246
758451602
13870068
759376085
13899890
760300568
13929712
761225051
13959534
762149534
13989356
763074017
14019178
764000009
14095779
766374641
59080220
160892295
59110042
161816778
59139864
162741261
59169686
163665744
59199508
164590227
59229330
165514710
59259152
166439193
59288974
167363676
59318796
168288180
59349269
169232844
60004702
189551268
60034524
190475751
60064346
191400234
60094168
192324717
60123990
193249200
60153812
194173683
60183634
195098166
60213456
196022649
60243278
196947153
60273751
197891817
127601127
288426203
304329207
763724061
13486621
698580717
900621921
257279817
760114602
608680975
543453052
500155754
853252941
865074498
692702842
767992931
546408718
787140946
337749277
302513667
998180355
135152100
720115955
668561616
943286770
693941330
300320556
379792522
558802365
581366491
1727310
544679559
608522011
628706564
56939710
639994728
992688846
443078895
226696175
646437808
236840316
93582619
689200836
10909355
683170438
784464463
238462102
693798181
808771724
419776205
678580738
446798302
58771175
940008439
836988818
210212529
417089993
849660747
918453624
141694011
573666826
464010401
875458482
523022270
85537690
493937524
558844889
524311905
941485545
808486550
849087947
400319588
793715157
480557582
357111893
368574177
723488758
921720297
788582787
294648449
886713339
836174138
587009585
139210886
805739747
195482956
52356757
813519556
486505731
218424255
514204409
563724653
587794735
249552407
255890091
992807425
455335855
563776837
589580173
958755924
69494246
986246531
119239953
196361671
649356040
439962615
151237138
633217998
503371649
952406316
738591107
109168049
494067452
66317498
724197586
116227957
467633625
525951800
530752046
15460246
195854834
512872757
681242550
719093563
910645271
421585277
227439737
961382352
585241167
608076489
472671456
227259602
142377008
953447928
949379817
350738494
376799618
91782744
663086924
143323656
164425524
445058727
789202522
11778142
368132550
159041167
259783107
653573398
461061663
835949778
459507059
982108926
61443320
309532191
555102212
50624516
334111550
144125196
22438039
93342208
885993622
562624560
528544085
839288575
575740877
981066220
179311280
730080113
387060910
180061294
244911007
132965861
466904014
370400553
49439149
319288127
782167671
35430456
64447461
788081154
768329728
482274962
868137632
527223715
470533028
933947888
44984597
169569554
617893558
670599210
463178766
365723846
560415062
495426604
671009067
460186503
63844947
355077666
535412015
806358673
220194332
274339507
452536241
308503450
179130974
761083408
332034802
914840237
508149084
560698574
119145541
897976957
551033999
958365995
493755859
43933619
588093245
883742365
893813219
760064088
308114812
499535048
675808445
860981452
746027262
905434466
854329004
829068261
432111128
37483560
33831737
815492572
235992362
523683464
570336288
466992365
852527437
153840311
101345158
120268705
295248841
710597034
498927435
609737065
120641607
962865540
800161596
341633249
382416507
101690115
675334226
950809507
912323201
497266597
748576238
157371924
251569472
616258498
841517606
312549333
402807791
866356180
703327576
517957532
511005608
151708216
229780087
875201854
728959492
260766604
572060284
78737396
544691406
915415511
728549803
520758422
873067358
953749437
563038922
830286622
599559788
939101644
555197759
848391015
171973175
327109373
349174312
267623737
192139060
476404511
338893503
390164243
147354858
543899881
721164727
444976573
666011940
517903698
240530635
843496758
710476992
251408424
686314017
723063363
91870250
291194245
230821960
301683023
739632678
937328504
280252595
560541938
269546449
842080904
453510941
271649147
977444613
89020454
861628535
759223677
825586228
671334339
502400289
919377507
911780282
976188431
715218495
896511137
529346654
349666930
233466324
363108761
131755514
429289895
746103380
69575672
490301434
325935864
727044890
499144616
921768499
742479388
805000517
801401687
783528722
354072886
645037221
563075718
242007900
29769527
542749767
878047103
842810403
911230193
125942847
641615176
498301307
442485761
63680570
273863537
715817913
199400618
529415354
724660308
920218301
23617037
92008443
10114127
101777270
109095768
169287736
309667334
539760487
49549570
216177891
790269705
665691304
276043878
139190187
251764646
309585544
261926222
906280409
659769961
313378157
440213285
373214473
909449284
415180873
195866275
781563595
233957130
579948820
72632248
949331752
207873593
487232674
979308490
831154801
616083630
970334108
859512730
639374673
427885763
905224107
142143996
957991112
621735400
496773164
331245432
604445560
300336282
939025890
333285282
87359943
931134116
798993749
621210865
115016232
344769592
884714227
60657490
817251066
864988760
786543435
170985536
192589201
827748048
786590859
711398214
644608250
317080660
568450407
240707643
619621341
247862502
28606798
340907329
135163506
256404164
682572755
919100283
863651473
924375350
504666642
801265519
625908760
677649957
951190260
822165623
150036943
512166263
499541479
769348959
199369584
289431700
691488156
670575487
574407086
968553806
89807182
15230277
372814670
279892070
974232222
109647731
526951886
73803286
78186214
647259210
315893351
442033890
743883028
917962428
78702182
11668361
149956912
446436592
618237551
1508439
198536869
91494657
913628304
344296116
504539658
409188621
473100768
351261013
104023733
11303108
239972402
57989224
23555854
150745281
696447008
239847109
187016544
663295083
433982317
878948151
592354743
660263067
95467158
140480744
887763294
949623425
225003604
366418438
971887212
504241592
467816641
999837393
486201023
136134842
271948111
287988341
495861517
507585391
655018208
255616377
542963100
294443743
591083363
617530825
718575704
133440918
314168418
84183227
768920393
292636243
416592206
194306013
811625624
225170465
274137610
118060582
700343065
330529394
659982314
98930881
729868231
927761864
650027599
171956639
474923235
469309644
420454516
827802451
649165344
304082836
276172273
180085398
71540928
75362081
908465147
255927849
428044962
206152293
150639512
288681273
397349517
44344490
941712907
997816391
88992988
334043732
922278203
935492796
483331822
598598508
790680494
270450807
68753222
338552820
245393522
993748624
667391458
710508678
978099585
495501012
586523317
242044805
291621763
876596563
977410693
853352275
945152598
87975688
495742828
207291941
946885842
754129930
250231825
703371263
142398037
310549267
849866121
455643298
555796647
744360375
375268857
200356573
904017285
350750831
283448223
246300481
421978123
66161234
760257831
222420493
851152319
572469277
406008080
929741309
166960751
498391321
68875995
481957442
510921088
183522405
585804427
726957577
585417263
675463331
726036395
233406556
592808426
269315506
967636099
870155908
361899796
834529167
113671135
381288192
656147534
124791744
216561446
804129748
721588096
592206713
732029513
740009846
726965823
558848136
547771047
580998539
685608608
547225597
357797210
578391659
191912074
516307005
700790207
581979084
732723192
961314650
658236539
348867683
561347648
321741363
531573819
42499896
912159158
183313108
470939120
178077054
164899328
903337027
340171679
222564881
321642970
32667003
629369677
93486560
765766245
758335240
296531536
632714731
484949838
680759031
671874736
388732626
63922553
562687392
330700985
812246620
958281925
623694940
121216283
288416497
603915811
606711322
567618467
374861348
909498578
982595184
320959814
150081851
439215232
548391785
666701136
518821581
845743223
278365470
557559614
534776024
801125653
701335083
7278360
60217566
932222671
233015952
685011918
680778732
671169547
677794593
602897482
57012971
329431672
599028435
526512756
59391406
276201664
785321177
575641507
951090527
708595250
533590821
53202106
967524426
10331674
225621528
881331722
445938492
440060537
219170371
774906258
470451110
934674407
846745834
918936780
423308837
423355308
339272838
186221388
871189837
678802331
948223439
256055321
655507142
412548049
121778343
946979189
786141881
399718090
770764474
681838307
624490456
147343474
506583462
122413572
554065696
883465798
53436814
1521649
81391145
252449443
871291874
244903650
939894630
940226270
202707698
974569909
560074116
391770450
671928205
198971437
653562772
976020181
875370109
611946503
600418786
207790257
925327619
276432005
839614207
39611978
357531515
148012997
449077212
942767115
100846113
671195305
687120358
458584942
943147630
409541979
632659475
541323516
571238724
673705641
537686266
677788350
329982821
296086772
63701262
538380332
818947731
178873105
816845052
108857161
424168111
597372224
432550139
704684137
633447391
426760855
589231223
179905238
539587978
513908708
182842419
235036977
636725804
622013147
749894931
118577578
438955865
243482782
579467409
715164379
958345544
569372371
501306215
727979962
187273054
663053390
295983577
560006495
217684226
593968679
390735618
457772871
658365961
976360263
291473607
409678845
486611685
666050367
859664743
935541120
188306061
274002866
388600843
384930863
141191128
750759433
832684540
499170792
12137151
946910690
950477289
97876261
451722942
844244840
310984352
770115406
479879656
535716401
932379521
690425673
217977106
57269651
567141141
123117929
3249548
869121267
337188204
561535431
67334194
218738111
652622701
458627577
475319331
725850605
766012729
509335233
82449509
126026697
536727280
479405820
736338311
183495118
927208524
264311320
599040873
317462847
33188914
81664241
876560274
360563348
357628581
648515501
572837549
547679699
505584564
707320548
150007426
617692665
353475938
744426433
88336459
752712353
950046537
88197684
394624700
185940115
382981883
602778432
131076499
11457772
330213221
182793365
290348714
876107211
785412515
134355503
608240121
557011117
494154921
617867350
25743357
931143564
473743217
181384717
809576572
130488134
804470723
972968502
836759524
794941435
248336534
490127458
843929510
603272602
350572028
649326406
979755530
162302974
823006593
845446902
335450123
992521115
916680070
288823486
94625964
870269178
549742999
347942490
280908766
287038748
676904645
429088428
860982033
852670438
192636911
566690220
397394985
879860426
182297054
271072649
237134923
357371261
228849449
666459580
394475446
926469606
66101938
463375109
702628771
758055725
287866535
265803551
533536193
884491014
655019384
896766668
403640315
484885486
701214913
822664338
374335993
84606819
92183616
592142849
261884929
688673403
918534091
7105324
234984010
589514978
406477705
158664883
326931286
849293386
464749505
838713629
43717349
35265868
875552372
368834068
577090298
224023205
524572655
154601149
989492569
38048253
36979032
977658803
511890862
55637233
458733067
95614934
585139499
730490251
943852054
864457418
841795616
272273302
828216122
633016022
480976099
829619410
381223074
713100879
42978769
558855785
609163645
741555446
5237645
499840621
214015161
28140938
896012445
905146286
316935004
526470008
302645338
205669106
453104091
508655466
983467554
975692674
92523068
527569230
315807132
549266245
792904150
777332690
856558595
848673760
467916744
953269537
997101484
480511486
860230298
177873824
369654537
362326157
355019689
863207454
936755420
3767425
849054108
666394253
178957733
101310938
437320510
904982480
915464487
949661737
34012007
121208667
991442281
657607975
450530350
283251696
741302805
500245478
74831507
191619512
212343364
427963326
55113934
436994512
479692280
993998481
185568211
101038942
618778363
6978851
259842889
536280083
548102775
482322431
581990946
264806345
105997459
79909571
349038384
119312327
152961140
34911095
850985471
299704064
162677940
162401414
822580039
642098416
233641022
100354653
234636301
496812449
586411940
334662124
255709347
462961406
696672214
861637741
630734290
741941478
853930533
151480610
172059258
946316390
207549148
94052185
308238286
43775189
11438583
977946284
479425757
432564075
429784098
457018651
87449546
166426309
690708866
997422191
211695297
641480437
538002292
352721514
600707915
192882358
896088348
431869309
614569156
958558786
433460945
622101669
905039683
928327371
1120717
863815853
33949404
840571033
980897357
511200277
243384688
523166116
802735152
136461946
504681474
66209459
426177081
216424629
145672128
738811988
166620709
967949106
966680529
949280822
210642309
891721361
433269962
613399022
946324348
339544664
191838249
11668814
213249918
76878640
240818890
320899665
285889082
7716200
490424269
253307024
813761684
84205310
791760019
623880298
87670600
454891109
962662693
825875023
426605955
206850081
498932518
37168505
873690512
699929961
46838206
247083662
856353794
727481935
225296053
773979108
901280605
162674042
724917042
295406399
83689741
994778906
236531657
555457227
895665474
103625629
712278944
257997853
659703561
429832926
662541793
906602861
360077992
872790363
842309237
986940373
181329967
887099487
109142914
557903785
335109603
324780450
608421750
647752936
947501681
715912168
812022176
90872606
161919934
813534405
953507257
758610474
881028106
397873395
818197885
836473530
661163047
367895663
665746040
630887866
563365490
31362793
862704797
129898959
198122947
61682369
769747722
53607434
905253662
239701320
96787805
354722987
476253668
112773540
353574005
362981902
64751035
496472987
957584510
790921913
991785800
352729959
62995778
547328244
303806466
275590326
921457707
343876077
12785663
183022651
11423145
402204058
405084442
102194023
905515384
267839941
647958
891939705
579964144
836371345
629442501
529902051
842462039
91881948
415369468
143059053
862687337
797915895
800743063
408993623
820029222
360376727
718784605
847871177
476802777
923514221
415614828
230034115
730919590
713094807
622020764
936189396
658713452
39938488
26326011
977935594
370592053
406453271
330649073
440661209
688004600
933169303
178642595
300591621
766840811
482057302
224096382
502656880
797213969
54284292
721819425
132622483
963603370
651926995
296652009
431389536
946184230
575133820
795291857
860340934
620319755
595679958
430449468
523736221
369036009
283469533
849468138
277789712
960390789
390970635
584320180
801841709
690531040
69369897
356417148
740491769
418145457
693098625
709139748
287568484
356468287
779585573
94730630
519680110
2836114
524827781
234018312
884278821
933375841
672135408
516019274
882355393
805824631
313862846
550773892
42980183
642992554
524039097
322579981
645183827
583728851
477953843
704698222
328454516
552497759
746175542
33101070
812793944
777711918
246756389
846211777
438259077
673714584
230021068
715055829
733747347
94681496
850755814
685359030
692660032
77394329
267766506
523737133
528870149
526339397
836397967
204816671
482416111
275490900
613530737
959657375
648118427
419616087
815247259
399240658
487877978
882311807
18753829
438393425
685360254
874537222
898789889
66342625
656126263
211755359
396646063
519003718
387670894
680823058
998243566
392631807
264593347
495304514
875287136
52190288
55376011
996701876
464791603
587953647
214073997
67607096
441614733
35037030
263190555
924799843
815902576
648222576
439769015
360590057
463392841
984034391
358882696
997105226
937942370
111513872
745210825
223236806
490573714
430757476
325718723
323068826
226202587
843029777
360247037
488615336
122091108
370829934
155870289
533562973
379716233
375059279
190883033
767930217
627771968
352871891
638074642
984284945
291422225
267865833
526923601
462199008
159029053
596171693
271412632
755067957
700906809
34900863
600059656
658239603
975687887
751642345
527518689
139646755
200884293
636807378
980504753
969549968
54521868
420205759
683792977
996968402
32611674
442936197
486364709
865442047
674989275
696134669
713459660
450301382
527988250
33563175
587750508
95526320
208097845
719108172
164639324
729635112
376016537
440676118
619655613
937706429
499815248
282412404
807454607
190875114
788904579
749668079
111563240
184228702
236604431
892976621
16388831
852919490
755750209
329400799
403479239
74778582
544124839
293895186
78803735
976849279
347720336
807112440
511733068
596454634
626546838
594800272
319810046
262295138
98940483
811488992
598161309
677400723
278672901
986860753
75176306
565175002
92644821
57746606
901733598
524308407
612377084
138626973
63029237
624594677
609216932
672291916
514337076
464314404
39385937
92819716
541065671
693006547
319032104
33553861
659008054
976662342
792431415
325564229
541735760
75686726
242157862
819678158
436147622
363838284
126336015
654385522
476026770
223644240
281363346
913479396
429164711
347607878
120709848
177060134
277103442
630646401
364762707
530712925
587860394
10239464
641722
221266531
950394991
330886267
923733579
676324758
738729186
637997207
564574020
321055101
246240836
253372033
601684307
443701133
545131373
483407980
571843897
805616887
542752447
416602742
876108458
8983396
961516201
678632492
385849887
292573872
17238367
306026624
901131973
796345500
55907546
319377031
997161868
624070535
105348057
105054304
457343884
314113670
506883109
810195745
40806594
857702316
859963639
707729700
165718534
60371879
355527992
365161934
847064218
499866223
371150045
765528483
365380288
176434853
339282661
366333057
222087447
706947668
369087101
646252150
916239270
509606789
12958247
266734903
57019642
335776536
198950899
830484801
416675217
853801940
812729081
966265173
234468601
513648630
669223146
185835395
725161261
139019203
856941450
473438295
642434320
967845789
590444769
900863918
773386813
703522660
855506150
38645085
716130538
770615105
535228614
424980337
328215871
247536527
249663608
991141166
388386814
941698406
924753219
392348067
825812528
343767506
994581822
574276474
386564096
328449227
873400393
642333987
372695298
256510235
551498864
944310672
78035019
262850003
811261486
498472131
106011385
908992351
199205498
47111704
465997998
892517546
835251540
580759321
594815827
132853480
341433767
231646505
802364750
218290351
748123954
758870559
421882291
184441062
238503325
791470711
338509299
173775528
146286868
332311695
958983836
670919350
26146652
263414769
105681956
843173374
959906297
545234611
890227663
516928554
992591660
60082370
405522364
935389815
564120410
958322259
772665025
636368277
471428408
233025865
689924132
573384668
344995257
804165826
279590038
453958342
837546425
11083177
816161908
750598097
55219648
284187971
248535030
688816296
225140596
284349483
297443430
686881338
167670561
378613037
580890415
118810632
887402967
787494810
740106741
549930449
423982781
592055979
301772090
651523842
545256340
902648095
959327680
850365132
724606396
506393216
43055289
604478771
330123806
956944271
453523415
53168618
754163329
493803298
722654952
299552740
157987857
43182162
340760460
825877099
169108865
590889892
137356656
369380329
875584032
329532588
419197223
777618265
76120524
317405592
775842192
610688769
378444692
683476623
563602793
810224335
346003343
271839337
303926692
265249043
519388824
40186166
812804863
823545466
441348969
65837064
313248239
47260083
437198459
123444735
128316055
290586563
809450748
879650859
903011168
616500681
476479197
76703440
235289252
308134533
73759226
333594540
522715100
208418786
80827935
354230161
656746241
704002466
493913580
464926558
200862687
887325395
295496301
538191560
397909894
826453298
757290918
755855553
558857650
8343400
93315042
327837433
464532545
741841430
939604401
899181752
435250059
893496310
619012513
501636857
55332779
469893745
971652267
785030607
120204003
220181937
495478295
926746032
319617179
475871122
321464572
881360730
574264446
668316259
287739200
654556704
309766106
694180850
550201392
344865175
922531443
74936590
144621314
700346150
192964286
856720300
406800084
457519352
539373664
339328619
999238314
68554087
473692045
669174730
270707319
736795992
515411856
193008686
368745271
26134417
765830673
574813497
648276491
777945333
775770381
650659452
315184753
1541838
203093817
644095501
597017595
654412865
853832361
259700462
82482017
648699917
742475279
161702051
882239203
144796174
930987422
808672371
73258354
930359526
486629508
272539900
267427148
870266946
307346164
579456780
6662136
998510927
846591453
553153459
868971253
809850349
405635377
361363815
783266361
406339145
269438653
711315144
837436636
622094015
151816526
935642798
203522816
517130567
293457918
633134678
932717252
517040477
791294975
18493881
546662943
227774123
990501641
492229365
581851927
920918128
204938506
746844014
905236050
106872772
101305889
330634943
36250561
145849526
500201315
456203171
526120718
800989767
175750891
913246303
237822157
341679510
937045153
848678460
566829669
207211721
211816922
682131121
502554715
505173611
3636184
731560076
709142553
583636847
224274098
265307220
12769157
249634293
691271190
868033640
240923692
304588708
633583281
945822484
890757520
714732103
743166848
444247406
526798587
205693220
989296114
241793850
826949574
689151501
572904945
65060822
930678169
334923101
661761566
486336875
302945441
380696436
210108095
174084401
187707600
884248590
73380949
231435460
128365647
127767192
747350089
761024147
396574246
83924388
866737991
946984330
757451411
269132817
881363181
128941367
348908199
687895399
460869436
827773649
887807633
431055184
50140391
366900917
223339433
545909830
260513826
241352485
749165703
273632666
612666344
465075939
766365023
153859128
389521038
566864633
437342868
490491457
668038227
593179705
600768206
935487205
280534181
142366198
838091628
279431819
997654141
794555383
390034821
60169668
435634241
379459011
108098572
573765228
743248542
659542967
704415487
711757312
296619431
96252746
775530204
902561433
152525958
406321673
797823831
969082730
4538936
110034286
469567938
622490957
431298497
27898188
527860847
957346576
69989710
663986981
106894341
286701294
41256151
150787267
549812144
49728742
894417414
653846387
926663532
19479656
526724391
673325316
692628226
44583547
518833965
889410985
443581678
43441673
13249093
258293936
904919736
839079327
811927515
370524889
838626183
227889086
936303352
467274354
834025921
815551700
208052246
16652328
864737290
494936618
307503390
300990279
548271574
200522807
736728403
45585498
284985299
312385772
454988134
495559233
234077828
703624235
157216816
444635534
260975567
657164800
464886098
634444451
329217747
799939596
327505082
833053725
644674437
771474582
205416956
378704380
815830604
764243160
252153743
834618429
659738676
761638215
62327457
718825619
953326580
872262053
558910106
205683174
317245756
401647453
986589235
245142667
335144248
102956138
774556707
98756043
94412607
284782017
947957888
61888875
58245025
381161508
538656060
716061194
249080207
918249715
969758325
359247589
228414515
617937773
747236394
513349232
686050368
454602895
525552222
958348247
57219959
713065253
622309250
127803870
155479149
393669584
454983638
182642398
151129392
289959924
604474437
174509280
147283749
214409107
611134025
363818070
738914171
742183337
847092823
604743008
670498506
355451698
241978462
116051320
142439574
600534683
977408954
866692956
556424150
591979790
302917757
705587544
664701453
832363068
106035394
630755954
215204584
253316450
979406282
695807950
583532329
925830431
787146942
338313574
274284848
8838165
564719381
662468304
106757911
532471087
892885164
458244370
93711552
171555277
316703839
110843686
642565488
523156404
582488472
180027050
199580238
671668012
680067164
957057573
685563463
569057911
933817283
782230475
175235954
744840618
231315010
790653362
625501302
437042816
488055556
523125756
5131184
912896025
4559996
640241409
467278026
768391677
113278325
342477328
740184999
78944423
548440565
620399104
22293671
75203141
933659022
680819644
421999522
678841067
492746869
116020434
578724971
596079533
255262891
704607298
935885551
30994691
986022070
599519969
116089844
527733661
248668668
771297477
548859438
891465257
59184133
60201873
199269252
290522333
385232892
683254598
299015105
459265793
903802659
589513021
521785087
726817635
775035654
647008908
849061855
107481415
854065097
94762952
719980032
780653436
835038587
947381829
935870391
360191129
408364633
634522481
817213517
179763938
88629685
749610498
745979331
155002200
596850133
626539998
756964857
47430538
934842437
109656110
17000167
871988290
878242518
677096488
425158067
842487905
735981267
798656702
420239393
814088311
166020168
491608276
365317183
591044419
219846692
973001401
781899607
334224158
152279943
339057119
132165085
442094606
226115163
134260313
951679884
564860354
942036786
541134220
83211228
577190347
681139937
969768106
556414868
541881881
784346282
209246595
590057642
675723538
196730188
613196527
818566727
998901275
467597057
27757243
31735339
198943190
985544605
323660374
883187689
304898167
79566999
197583700
91768056
970659683
127327578
91329029
176068875
934519633
470309850
519976323
406551554
97879223
653000902
520434875
578520473
325349864
954483776
80238905
882097833
949966296
306437777
187492322
683753766
364222251
628779075
986611618
242281082
241705344
115166060
332948654
615947630
757393384
868115171
831552569
524046504
936814524
823150169
325499199
823972463
738369451
766353998
960358873
119496820
925876719
321016400
148420103
946004065
399721643
267761809
88755516
96289723
734646065
392624355
707777153
698850568
284161920
60233818
487043221
417952968
792758809
570452905
430130009
332410326
597742103
534289249
230757298
408074405
525603584
638580299
685925061
51812943
754738560
967155382
564547792
363058366
481139152
724884159
32023109
560613841
979246820
267308525
284212962
747465755
519482773
552954958
708624047
754024116
86994653
258489465
104919139
69431526
497351318
298459954
822521055
284819716
86822276
385370042
239493281
357125017
857443027
27808323
157093808
214888436
498848895
31237648
876293088
725601417
838624162
869012527
310682898
718162678
975740521
552946951
792697457
739201207
407752855
800549718
663426918
697096512
774510493
545957323
515942286
780871638
272345436
251492060
440775090
450694909
841186510
922833701
19511417
25254771
61098872
184748411
599035641
643352802
348612176
941623358
750836744
666584938
466071284
490596862
775425219
261257142
528777334
84028726
209934484
477329037
587322891
717800536
577167297
842574694
315368179
699787564
565269973
342748595
593146567
836178469
810629935
748386892
760509962
759219921
821927115
827757758
107571804
301399307
929859027
782157076
647231220
409036979
548946085
508464456
427582529
484439315
889360387
98754483
681294174
346929514
439630383
969986296
988899434
516777356
770480740
527410409
269705037
232484019
164326739
329194158
606509690
149808948
973641865
409701530
272873625
288145010
734688154
406794374
398876431
454137079
673912337
163396382
426200984
557193940
297383179
434140516
690770852
579538907
664254487
440471185
276394446
930130952
298007870
897152566
392165563
149304342
420129662
681161253
679636994
791719931
707146090
148239393
23369214
458432328
666594804
167915082
772403903
292660373
961569112
776425391
253915506
490235900
302002660
706951554
94200474
778954182
702357842
78215297
994795580
995368411
96751121
607751005
185150159
857908475
808042410
725998442
511504064
527631984
257353341
499049793
823295417
748984488
535420578
971358778
172563016
968198255
29015802
721231081
622282273
78889979
267500991
515599756
983284056
714646744
818589681
749086843
9831193
288279322
163369524
260008098
915200028
864497924
460886959
355167845
448691560
987935981
541071706
118205846
87475833
544816420
381253706
262706415
766199255
940958484
809319924
755000299
884627938
539440081
498239253
233552949
581633868
732294475
540392927
489664115
402674611
24572353
722632404
968626440
361626386
555287042
674823441
185318131
163577475
859041376
197304527
453864914
701844232
469940729
138640329
84417581
820332815
505615915
508731903
450381212
453047025
663313134
879295403
683510407
689108346
247935113
547028072
982705844
513403750
260385445
258961206
515178429
890401988
942459044
90984491
431777555
986972692
187319117
125215660
894976672
601869920
114113160
409355397
925928849
457716471
46693331
184994902
516934147
788003954
993596602
464501596
744511655
972402750
801916658
247174724
350232510
191321365
854371546
342997280
472175366
709236346
34877281
800271468
166220873
359780591
713820302
434281975
911241620
954326812
218528023
467186880
365780563
976175980
255397782
115437256
693408802
332006096
622948684
109483663
302691619
772373453
54882594
541110105
19892856
839754105
692585707
435595168
508582906
374251984
388379159
332876083
80003044
760007373
522729292
76444026
159887787
896922231
644588002
696965046
316510623
38633208
639293966
101129979
132658414
506140818
482060190
795611512
426379802
585828764
223338172
846665305
93003635
737648218
337491320
53496247
319723917
702935015
192303520
742656560
809026476
279908381
590800925
132778025
242617264
396379015
582304149
3887465
247847121
555113686
689617820
726576815
184978126
301244453
715840428
886328272
201695194
990055299
597331892
673131367
521553938
213699368
243536694
293574143
767265062
432284104
746740377
270955146
191067349
149909824
168731138
106783521
344855108
780404455
540542503
129857660
871873663
342252320
481677508
653516410
354172562
639886615
51670812
981486699
915638526
951716138
465263914
880200429
325814865
875311236
808268483
964653926
396699646
745477165
676714540
315260234
228164038
787244899
709695918
872315009
155300788
602574376
895067542
81207515
590681047
393074123
46336019
55272056
567526861
59460987
364537828
220655071
976329112
102419329
944819907
811591231
504308369
365041439
883206978
6250189
287483290
260497275
807417927
596877980
726292787
511560179
226976748
223299834
492862030
65289965
180197622
582187216
835943052
782887806
795742232
329459564
125307732
547566942
322798206
872809079
833509841
8393980
345716420
627866283
915157584
801770421
425069633
231653015
526995888
399111140
338926017
820323789
226106005
481858049
696100676
749108519
422683072
513200169
694514181
210446086
94089166
236377371
882475660
754487749
90074232
883289100
678428083
819409902
828977024
775378045
330248949
811331924
543003234
317007924
767646433
441546604
598602146
831336175
955680419
752590669
785558476
224151308
489232591
400951281
130767621
398664970
209395993
58194742
129752207
577734139
504566209
589094095
794082413
5946281
317202730
883186503
580633768
836886576
366498769
415956283
895726345
639258356
998447514
300782786
553052100
933396858
913110319
64906585
976748317
596088648
221635694
264399589
857241212
867387746
739970200
346752086
757738348
459216037
926121379
196795585
227261088
685720209
598363793
714690485
468551691
424988027
739475666
970263679
247332802
681982295
539213964
711210033
165519471
579611198
730196574
507945633
852018226
903806891
433799865
205030605
213431562
17679235
326642217
708263010
679448471
582765992
781208802
443878485
84578698
215512838
617762236
952127821
424090690
140750550
358970818
906684779
81372812
171803882
319974270
122202153
551014980
332577134
859573394
991760451
426698894
428043028
263276294
7646108
279411391
390260050
839500124
515640169
507802338
362746757
484133540
935717697
882185512
340252209
770794269
886896569
140080502
834545220
7306801
28132965
43941664
738164476
540419758
45923001
642373643
457291194
452573182
524549564
890198195
41089154
15096382
320405928
778670753
284792427
508696916
841404351
431959349
360752208
974782149
836842896
533295136
384175491
117056323
921283405
179580472
461981550
622339505
46094693
474921998
662607178
979123749
714262969
247717611
25173112
918157505
388974095
22460566
762071418
621183713
19552855
146399878
610193254
839508116
544517155
325076274
832107674
892019684
904250448
530481287
182306707
878129955
882088828
817424726
27270814
952656091
634989938
860591050
415712872
898004304
235896180
449493392
641150923
747420139
582389335
925904156
147973503
60275211
669800529
887098367
288189068
939123678
611620330
191339263
526528791
818025869
781074174
530558834
20779731
898766450
321477118
45258381
533063572
20557700
301824408
204986830
457342966
404448345
664397195
990757030
406169346
331643681
59542978
341354362
642332943
324805964
86161178
290791400
147240132
84307627
105481448
479537005
62521005
38664650
138716711
280263322
799463952
414100333
33973948
967462274
570501131
895125134
601182301
515363854
421224691
463654915
880735273
296846278
988690330
145020219
233123784
290350927
541420895
540409115
689440831
959120060
939877298
990373068
557896315
957696740
404061882
752089046
791030791
293415150
296016024
977634521
914806250
156965995
640842338
572957980
645212110
375345001
858670683
807281278
945590219
495965629
235620100
906083419
82528280
453100119
140261843
548258420
848412082
794986442
417346630
475592978
151341382
296632801
970602627
856326401
839028853
474133338
809457381
585267560
492203987
778182138
901777382
436288452
877458973
167294057
520226116
85808041
83975995
994207612
634876524
355495697
697057374
723071892
195583214
415596615
700100366
700700032
772200057
612951524
799469587
679691201
173075386
359379144
828566389
782239849
501075590
530481287
185956336
987715424
279238041
228099382
563118802
675386217
271082932
593364428
500485818
303316206
944430321
557563968
856606133
188530701
955659015
848405260
848778088
306063373
63282886
94985108
799130906
794250870
496693341
389875586
707143977
270685288
743798476
451327731
214241786
242182599
482693446
210378166
284762766
314228009
302823399
501712388
861036857
59028578
171099264
72461825
411665288
255772574
541446665
80802293
99593434
435821011
546464378
364057049
393412808
382447508
82694602
331086020
26713846
721467217
42729575
160708510
25465547
372462342
433441705
918374480
356082309
533243402
376844741
718060767
143673371
271120288
256846057
775726742
869809708
817848520
495553733
577313526
354686117
405298422
85098302
635082726
182257319
312886131
670049933
226064962
401664659
641810286
790454018
289865764
27584506
730418000
216773815
22206375
887050822
838669528
12939580
627837397
589457447
208105932
243068296
417334743
593240433
388947199
353693791
836691695
285659747
115692248
208723834
176108171
519801120
811859917
10126567
71274952
20792514
895951448
768436934
354695801
109790113
399491583
513966872
806637561
713987776
320533041
852524314
258046163
851737982
264559069
628458365
861357
886280703
346439852
609822284
127576853
136714698
940885447
164375122
198280683
99531317
826380195
735894409
408389049
531798713
725318195
242099173
807845773
772497424
941461649
287959194
708538730
801015602
823968688
909912092
433442220
984768417
850218706
143447203
443977797
755693748
936332464
332065346
62410556
845707632
235388689
872818294
193661652
899011194
721442772
887396934
635803072
205150674
208141862
499546122
12755074
261882226
779788742
399879359
288204100
282751603
841348023
819178880
656430586
969253214
377450789
361901259
741729845
951037992
385154778
277942699
608605755
317030737
43101000
185627787
591817585
340387211
343679003
413393923
312269139
824107825
855295733
402153176
204138408
453765843
954913543
210606065
674690639
990415104
763329876
530794864
674724104
286484181
21934336
443502542
840571191
845483850
466646137
814544067
711809272
719400132
173259572
225705203
865403564
275222008
724956232
92486207
677951406
854899052
999692282
199703830
220185190
170609824
919646278
525284716
614120186
331364538
935325827
997208794
704695722
633804914
340650642
479530279
210421840
709827062
941503045
409686042
180797254
125447453
629873919
480800842
923129505
176749481
702321047
220531844
194813053
24040754
520938934
493976149
62054886
404214996
875627127
539114241
681171199
252546147
241160767
264123017
473822083
322767972
679341267
863434998
421932718
839385350
795820804
534282447
907722922
615780591
905944857
824608071
821062990
389816780
874410395
847832045
143616619
186025581
459599338
218196315
324701563
130537228
342692925
964869115
431778020
24586732
540883794
885512927
903288939
265517208
167144787
93963551
8539086
392047380
738673446
114124375
753107406
554635317
531583934
429653756
550870597
273861263
975220771
798877357
823800801
678230106
350207291
588905292
604345203
550875857
912995657
849469888
191048944
228118788
970190190
258993438
411482706
316479944
600170858
623345191
273140609
86197170
335123052
833870894
942766571
1838166
848645566
45502350
865777959
414796903
154432449
761464104
505272749
977050992
853805214
434379524
692575574
325428574
404301317
525836612
152474128
711133950
95458849
77247976
252263456
202380435
791887089
988803282
780335212
978530874
549704580
42945905
296336034
123287294
84122493
441904469
36859099
156289991
591011848
181263939
725532800
281253669
594143439
664860837
833761198
870302469
111587673
163559833
676661634
607719109
837509182
972038912
726956809
526881091
431030680
122227602
134024309
592372995
158926432
924882985
617680254
356677512
252558352
49333109
284867239
890109138
442842352
346858138
242965541
701632584
776432539
524649626
135978036
563743782
614756456
665209615
963068040
791864121
399824040
391674555
18866596
789828768
710859212
512748067
931554369
678691535
782919920
262902722
100433948
50210949
733248674
397649762
990146999
287603818
482640909
748535289
40324056
38185236
433993242
414369847
635678930
792260528
223080628
624737857
656850784
581168425
61750059
811787995
104495858
131148728
120968269
469908513
588448417
905711365
315443182
21558103
342886951
169513315
51338197
410804438
431281677
352970651
874859169
578104653
182106957
771919400
804672849
77957458
223161081
923553291
197890587
119332646
464102886
732058095
672162230
708881948
586636634
700296741
300364149
191028948
379860925
58300748
964770829
40994989
930986188
346799419
977590734
306867769
471714808
545330370
139985438
775115343
791609287
206423840
476131642
351246525
934178224
747775637
641479867
757617446
682900954
195656646
559213852
438280863
156641987
78991413
581074501
549707388
707486367
959866123
467497182
845143731
121019676
345350828
363196778
644742245
872037243
988329836
28178914
477780518
331745965
939271155
634723036
110460346
83724352
444462276
903480231
991125115
291893884
838833331
339141123
398274094
995427314
192360109
189985384
505010870
728295713
38680415
865199574
978115667
347101918
29632002
31955240
482557434
63606839
891172467
537114867
824728661
438330006
586553107
221137642
427690258
621821043
843474276
492568051
606335568
632143550
583356868
870734668
215749967
133190582
299723717
584557533
12683094
13084774
49877949
91259620
425713231
830850277
375103137
264104804
998471735
614252646
916713407
551307913
818073629
473571965
260963562
766953461
563796279
238716040
266744344
793605398
576424767
610170527
84129180
706317266
992657421
995453074
304083313
205387143
155246790
191429242
525610463
82177834
443069847
517128167
836801231
467722671
164764682
552764149
13333
491642902
408975473
52356050
542513267
765887090
533838193
398599567
636499465
135630984
59956884
819254835
263781844
861567002
440420081
592846712
166325727
92950458
341898109
360105101
393611115
40826228
870546347
855589845
750106059
477404330
437085004
140800357
879045341
107887941
540078082
122218554
696757813
405969132
204937671
153222916
487398786
404829309
658033455
192618542
630564790
212756036
254439298
128998660
767017488
992803969
997887198
555312340
982006136
924837499
288707218
712964134
831334582
672609302
685074520
320667888
148628017
501837428
286819554
43133177
952652426
23460977
438766863
980005336
156310626
409702312
487339162
534713829
476328842
768190706
145692676
947446685
89458463
125055084
916064403
663843439
824203409
593807190
499797633
867466575
502330091
255631606
735848743
305958934
496139853
170515409
309748932
698251596
103197909
317255228
595017506
501109330
845109516
861302617
331531622
847174538
494076859
886496659
704477833
383972047
488188205
127893231
957175691
454359607
100137600
962065120
938242469
853901215
768393857
618616878
169624939
380024164
446782268
881129688
291491010
834628756
105859
622440573
790618708
441644532
765484721
952729760
635702712
824903977
187323495
151990650
837186795
364242220
636471080
421112362
842739097
473099156
631156964
460750024
631103050
675398674
30446435
291724928
682577514
513940051
926177470
704003210
942213866
653574279
962536646
48131768
553609295
854589863
83451112
529517708
103093903
644273534
343154633
300798134
786144930
767111109
766001426
666583251
873692745
81791326
736297703
749649280
488011616
243122974
568994991
417544287
726377219
444443727
697623226
919707615
108852508
674840691
330233399
43017859
179734630
495217117
665684842
177857929
949242041
743979706
381914839
845994996
760392015
662808823
449706580
729043332
220396251
393793661
415523688
345206576
509574132
608341013
73835638
514896960
600699801
446543433
838244794
200445302
424421052
451492583
662823133
575311364
319087865
145378836
159688263
442713041
321904717
508919067
982769421
922967309
656004572
146520817
578590623
532355133
718273385
788685911
497531660
658036235
971363982
334214892
497279920
199141795
771195821
141614575
755513383
181712140
441247996
345131624
771519908
337436193
567880811
209238851
488401074
700101101
221166815
162026759
2969067
225233625
930542976
407348175
814757518
621666607
549807853
581119898
534587946
486198183
860292145
601177939
424748839
51869503
247574299
460972947
381807580
22962158
105520456
967478325
670797944
769166849
256657014
196334459
316515725
27904419
69615980
760764188
519346538
410579251
932541317
586642672
38340756
292444906
285694555
871520730
163445680
411681772
887614185
892482006
713755490
950681358
468256249
134805068
530883316
118723107
343613814
668548402
836323999
44162894
240788007
809411267
782157733
290503529
606849691
806282982
10351376
912058600
618796781
618422288
509096001
515906896
864855389
958299386
672345885
886318328
73784620
204679779
882133683
137929808
488332752
253224809
993896379
132484737
325787432
130736485
395355283
345906260
217590150
193409295
246911075
456498324
145483817
31586946
761700025
195721349
360814859
920600207
172980667
818044761
365031292
452072988
284433905
657443327
227134911
594699348
139962486
125514917
602989447
193395305
327222567
321034761
809557106
328091209
328752668
63190654
105569006
266581874
784032018
555293288
325299290
624734946
43101923
710058878
769154486
651862736
774115124
163798826
377540560
312402540
272233060
169834789
624523206
387908994
208904909
751086300
571847009
691244381
707257888
968613399
24603761
115343760
295076256
397787980
442635169
922462271
196917006
422817927
358083305
972324062
201780524
512757727
165110495
122431217
596367134
591751553
28494838
180297170
804360499
525849897
862299032
901999545
826746446
489711581
999239685
654061883
880848455
32987224
837249095
307165644
82765378
902020765
762643733
128538471
968069307
534530517
968308492
317433343
222944601
147194581
778179701
503368943
551535683
445810732
190688091
581243429
226579988
338224135
340792955
668851805
989708200
178376219
729979255
344936249
487879181
270276888
478621329
761466874
716790720
467293888
597434431
125282910
755508485
874057011
991357798
843295755
990449038
90200129
361622151
425539015
642239515
354369515
693568129
796922938
592739939
188322281
497122488
412252726
40990868
37213427
380238342
698736990
604065335
296301710
384661487
226131101
345527937
934446214
564842184
811039645
583147803
71624211
623548823
786179609
282224865
319537855
285368634
913073307
616108982
619143981
440355292
645051028
296945898
316527052
687364669
805730264
947350154
760077733
556468527
292100124
251973268
265877141
233985817
368323524
631027845
340545586
508545764
427829414
111288451
518596609
864634047
797714234
631034750
340759766
827398431
209867302
730191839
97349651
323105951
478773360
488895731
142561328
642482779
551515105
616730202
575900970
169857199
44255811
417124343
24886126
198785680
930741305
113442127
700427387
564658485
387638026
892232027
499221315
820729627
144437649
773821035
172168727
864744855
470094872
600736244
932784639
499333188
457178754
382037096
284907175
612528673
776528552
867374991
625251054
13533034
609713147
878944293
380372368
868939421
11429306
686024562
565355596
494653195
580112542
497818735
152584046
329628409
849331511
669371021
417124343
764807800
94981487
712811349
306647065
309847559
204065247
514975881
410709943
974861531
457450623
972820463
441178116
214854374
217470987
308523002
751534780
772156541
724992415
19632049
58204311
987943673
784101110
289199521
844393698
870836276
729465041
468170532
493793805
285219854
154503241
208873444
791368590
985097509
513413438
138788919
577493639
700384323
483361331
787462313
405274202
470235231
540490939
518103046
791555879
105270788
560063177
980555466
930708952
471772119
736143124
923088255
491032920
212715090
63756607
467591194
236551227
294656782
652066915
825497904
157357422
22472449
356111184
42488401
551615086
971809262
22105984
30252704
806334515
532199538
65201302
626674985
538972039
845949342
341834540
686458746
43021629
205494472
898777486
907531223
784759576
639755399
29908631
214986298
659467332
65710949
987509119
513930204
454793423
929071836
988017037
143428681
19394545
593616064
885576273
548028080
597163829
506020848
528118770
39803642
725048904
994660350
427753850
358547628
528846236
954746079
306775841
405235921
132427599
518463687
329302980
486948897
49480282
995358767
340983351
515259659
730284041
598487535
33649278
120879983
268375731
244070366
317117926
189206151
930587755
908669169
461605103
401509941
417035901
848095325
173775448
959279497
396660081
973156715
512833939
803856150
538285192
961303038
138282747
284973463
902582367
599947564
954891377
221427348
378711868
732453233
844298151
661249091
65644037
178614023
28282312
62346172
914249921
712306262
983392213
922962905
336156453
772070052
149995721
917845547
530121997
969025661
375864126
880105274
708827129
636645411
962040470
216223402
900192970
747911086
394739307
969921854
290549681
78241505
378891037
312544671
940761882
386687188
296951321
705782437
212514570
383357187
672212385
831094263
212460220
619416237
42689346
890288747
276177536
236263320
125330497
917250534
303424982
118117503
647469160
64040634
45505826
501342662
108544514
435621708
959469585
294876391
329945498
300110858
82026094
219503013
654200581
497187563
979733348
633272647
294363156
48482981
950046057
445370049
381684136
28971468
808769437
566702973
62436913
173844106
122272410
126816829
794476188
186231285
696596308
19497752
355366955
80278770
393240712
285634954
95197700
138709699
219871889
45827534
456071229
320766566
484234276
331523209
348396001
860623925
411987813
544662219
515279424
511484978
320656750
918925356
121202493
591909613
707059463
383385932
809550541
615943350
116954477
472391798
809323949
129003789
343986214
704675607
164556871
227761274
432534818
929217489
466582273
757071463
267190757
57909617
645039875
753578487
218522795
846007101
288788674
196118597
329831613
165732964
579360272
758144050
795454305
656588482
145809144
613834038
808179146
361502999
731775847
908026578
947596390
686961465
289747755
128086268
103873159
25994297
306439814
391578480
630065721
463389426
305006068
724105702
967041938
204331849
550812625
640224354
625551636
883233494
887950186
134944502
828604842
948962290
644451305
401510275
758507326
36684133
687250081
551534102
195148913
625261959
375506104
838244381
610743733
243775553
314388417
976579810
817273247
412579220
432087568
936617892
625646262
772344838
57539598
620434759
123252555
418723960
910883668
488616728
360838222
460442597
735507907
881686542
670003763
355782633
817400794
496126682
940696022
33411345
168851007
390181035
281227641
83621909
706157190
688848581
64722042
314447678
512877882
370459532
854800910
164914668
457220400
241647526
58102341
24246510
313396696
709351468
990263529
281181261
653470791
44161759
713997633
575159598
16581224
302157227
858006905
204620773
995558315
734048851
985501679
776838025
609691358
605654117
335793637
40350171
84766832
148602222
164492678
753481878
351877280
795308969
259609556
721430217
460630814
502527585
5443924
216247949
426981715
24677590
80883655
980603641
572231641
732551257
366409757
651712968
867303277
692334161
171786480
889446036
780750757
814328798
837481096
712376295
256567261
133091634
65628521
306404317
65452767
364398132
636130598
477382133
656328981
433043397
438513558
801682204
94177894
917894696
747646110
147314748
922422473
521141957
722439287
196953436
224409996
208321
972642403
407630566
154580859
928817537
409178495
866376361
645330299
880185803
469366431
260775206
785480911
343943924
806520833
996198663
677372764
309275584
375799006
974802585
816680273
567218451
409849710
819724035
88138983
299230741
977794180
351223947
553246696
645302812
524152320
463462254
97162887
322769719
763190665
466984293
269064053
30663461
552031256
717902319
252560353
904809862
831336960
448136392
383363994
959660571
953039958
799000729
766112919
541170071
866912539
365541157
535955653
699750562
358738304
135055125
297916705
992763159
622043397
1164388
172714386
605571801
630205265
273753009
898748766
618446582
931671632
695483268
351661288
881043521
879376231
537175588
417278251
533426205
963339517
524408470
552921516
953034635
306963607
509924748
746519192
840123352
883182465
250753731
630964928
457507938
777531536
940570072
579709990
192940780
333681368
658375312
17006018
801551200
204902587
227070144
65499648
186799411
14253030
832088015
492863881
118044576
860042548
903339944
81584804
395832916
837742768
461158523
232767390
438764962
380543095
114960742
18917853
543458058
175281602
656705136
508503983
354005023
988323423
342482101
750040967
11696546
333483049
471073750
964334950
888436004
533901610
212721869
502714771
298218935
742322937
771355784
722094398
105652034
143755010
231302622
481688337
53902404
240066830
604821612
370045645
579014461
41094101
454559490
514682361
178525867
762726516
310445973
903867936
511038713
648753285
927548362
781793391
865684304
59282413
593399658
34221967
661856518
975871739
464714904
165407557
192410672
21897581
897824685
324509644
555432366
580038957
454407153
741032685
638568982
140507684
336761741
221815770
484397657
372519078
43613366
502062150
8965998
225921901
222471977
559542658
535978161
220256710
6310847
819297138
157456292
242951575
406564571
998608216
316636165
428389022
506554993
997648010
374058140
597560124
216883914
854518216
981295235
939914123
782662614
738796870
548028080
521054228
146623235
340244059
39916614
825053876
334764546
510800028
745457935
204379960
542867919
620176686
719669407
832529333
634238077
884356303
482983133
231056108
195293771
414290364
714837629
325826788
793439143
88558047
423981564
157689755
112517609
428995884
976122330
795310082
445891816
913714555
548126826
204416393
999933368
983762557
296934166
203339229
850338507
756012890
189676473
961665509
683482555
190609973
9749807
965265615
173300490
229897944
884071297
194460909
392063803
318403411
447238534
205840262
726028501
281025522
34991236
54218842
570982241
45318063
488409946
71139837
51621323
8117354
802179432
728600490
740137278
240139971
819232645
81078194
625780364
207379921
268999063
737847869
96370913
726970285
382130589
195849591
290130030
338993333
449219095
367241081
296515005
438747159
949646965
553782381
62874286
516024895
759572431
849020294
79876327
284243606
431457894
121111687
573490758
807572414
910197938
847286564
460989197
72459324
813259528
394654978
782902927
373329507
714028166
71742794
787737838
343455586
937232031
621208477
602437515
243231518
683909109
37592251
374948804
405521197
250604924
615152749
273165871
130808410
812295762
98514705
676256296
742534201
800043863
368375180
71953248
150422078
182849515
75140475
117588772
923939455
513964101
422846477
597035876
116608025
608791043
613324701
242359700
646366297
68101184
702408190
731973235
611041268
57128973
975214443
10233403
245087077
968364011
380720307
344077167
660432836
674184354
678304419
914438321
462328076
268928414
208614524
962572003
985634510
523996561
3930664
324548357
791024575
515820620
782008921
529647304
797100664
192756664
86664510
27833027
711388031
108705876
639975839
334884321
639635619
561948930
596578771
156853164
210676500
470131285
885302330
721832144
136134862
285467296
76308154
991242111
502745820
672813732
725767681
843778346
969755567
861804477
532386562
944715052
634681717
135909681
681397053
488882629
886354898
615987944
318713274
679853340
395326495
191990122
89039988
105108776
731043587
736744220
699912942
570565429
254560902
366928012
134113331
222793510
667953161
564124029
418815634
769945320
402374284
400390838
200353591
407566149
422689777
364822202
809366882
27131705
104241496
854926051
484772940
203116180
863523590
366806205
239628795
777399111
860578630
811036488
518825229
688515641
341281379
724091481
937971930
695871311
164093665
263824679
270211139
39453083
470416856
285165329
829143477
930174246
58475322
683141298
7275752
816713688
915406045
314345310
636645583
705611558
522447033
669053818
443582336
977583502
419659680
29608246
229119076
532676535
432843281
523895340
533777834
783323187
297186607
349208415
305541496
134808845
730195537
302297056
622880933
166636957
510614625
247317925
918527659
997735234
302995151
887541275
31809093
234346487
712996471
822395103
509964120
31863499
280787630
134471082
642808059
175065889
593269972
614344720
552037994
147843565
928019818
181720750
124407269
40502347
34388840
937895741
382313720
215691762
674641068
804331142
702649888
348644838
806366442
651019501
413315307
945870327
44934967
616059399
429637044
542236888
432747822
850522929
103600907
870299836
997363184
910147508
945284964
302213405
156506402
459940573
552078994
34319484
871977881
590207985
224025456
991317405
350733978
210894391
97559166
496905694
340948905
777339724
835590532
628045641
277590057
224036656
283125041
13450796
991211705
664432431
518246772
913160877
417829735
615633133
432789491
756589360
244690128
44235765
243164384
890706103
132724528
904044208
60421949
491825589
34732761
873707542
296557201
558766795
463362790
362719548
794139026
277215196
820259438
699670584
491030564
788869639
102888355
634480598
620411926
125419429
739704400
727978468
164507413
883721730
618349288
433132557
470724508
590839439
474623528
843417634
983633827
403006236
302604237
767249962
225746004
640042929
56574641
624593132
524583424
873082576
748237548
361377322
49094371
401260185
310903052
371553494
304609147
88483189
134285781
738230584
661748699
352321846
436334791
995378709
495515030
383741164
442917997
82787649
498975505
921492875
436685548
667094216
385689870
748171749
362089116
206057182
532773465
895675906
90653889
33360393
218131330
788278916
633505873
429038052
802819886
257774035
443179996
426396042
999879464
303820241
459807888
905456122
732050995
721264323
784635764
718939087
905967945
960250644
900868647
367179636
445951306
169359535
139243161
4387249
326376481
634873894
248013002
336427010
845534700
280607855
397206261
167487198
3250373
227353108
678804117
690027815
95580732
735671742
594056675
359796268
412447971
134401239
73856385
172115152
662922134
361826616
493502861
573002993
824093934
840555149
845442265
983285556
908602872
38544458
585927935
955550172
430128948
512511300
613339968
757718366
736050918
44073168
148208641
322862593
36423952
652463458
983712201
155485360
116330593
226154536
336116832
154945495
130786238
772516752
292999529
268220953
690524654
833481404
15391614
932374942
792702497
447627335
350952373
6021653
660066263
250193256
524375793
82601151
51871557
5874298
464191307
285070308
336257228
450487032
152124899
191459894
696359298
435609192
903044052
731755583
806040070
356672875
816209302
226651094
689194660
162888526
544131541
885398057
740250517
688361186
535960186
266323475
524368162
121785783
919818985
8878651
971871640
261225661
851538005
612826278
908365140
840513731
748627525
563932849
977440400
423715315
162275105
15588092
866466923
427396417
789867039
863526783
167199743
605310761
497746493
156164699
4915767
150711815
577147764
171469922
482514483
859186332
979755530
95382707
217468981
956782152
826964702
493486605
35586270
737444441
157738723
34188593
996604551
428210029
453102186
840570245
676523622
566668294
175555944
314073993
799184712
707594846
126672883
446391729
163530911
510934914
425517811
950612904
587005135
837920490
725252797
379189078
687426185
533294396
362968734
819067274
684732423
192940806
318885588
857589042
106089322
907613651
90675332
505483379
456551784
941344520
364127821
406069204
731697824
122943337
399986824
706065060
828421450
752211186
413800904
836224441
819848920
743779431
238891499
881474526
92270544
321789694
508927176
770684632
33187473
339531903
519431445
860372645
807975194
320394264
532796796
36462631
353416983
250481166
199380284
959621995
130962015
797329126
62166234
381249835
385772969
601337583
756042808
135162991
713373758
657777798
329040021
833980209
146296902
543299353
57925257
389882891
963865221
418497590
47092304
78606758
781678251
828241550
467064925
570254129
642522037
945100583
758348833
297064561
678558590
328226930
269193023
475996539
921926433
898263331
284236943
37966155
270121921
418281394
758385517
183100934
701675630
718865682
132549923
310281443
397264539
269060589
123266703
788872251
10905831
124364488
753762375
286606547
949486034
999655355
401337306
405834377
270377167
818196843
212572497
998654134
577022891
436545197
824072080
169584586
508337974
252629722
218367136
548214562
224655434
615276129
191568646
586479416
158669707
271375984
717777825
821345628
533058601
33358292
180330586
935117304
653151605
527462822
913486100
412641928
129882095
67052441
55114696
401357453
883670066
182010998
321287089
664238437
469214780
735864031
552817437
143867248
498717133
239164185
833285597
961907052
480558150
475247584
501060084
195408210
284365079
555720661
987599873
186162905
176311233
376373112
695250281
341012147
818158583
586001975
620157409
716122479
847221691
139169336
511131467
608016183
238394764
834626623
100229064
30234993
131012217
361155447
292101592
953612554
939828889
652294269
841010274
95338170
750229782
368207275
166624623
953600564
448196349
517860235
904757305
594637962
799141948
684057711
536058942
433811986
230769085
248589460
863019743
390367097
36447664
918017271
904337032
48216765
45731044
357450258
647985222
754767712
333906751
744902258
849311518
84593674
172994796
490173916
932778216
912923874
485792526
737305337
569162622
867016874
134446502
886614086
142357795
864046355
448441247
128299225
870039585
197476372
564987454
302861866
87568652
572111228
629764606
864124493
132821399
747502380
641430771
670921320
512345751
383710452
243537850
514124088
674473160
805558957
664915386
748685089
66813770
269091399
309361666
681231737
442093517
784842295
465436550
629653550
9130367
716731092
728465736
77786432
2544725
989930997
258071387
788352621
192601072
565152940
879386810
595197883
735173459
360637457
200742030
954160632
844161110
87329775
370227504
547382819
170109413
780172046
280101351
873711616
478858267
159986084
93390150
511061848
142293940
12676664
685887577
3074684
292078963
18534248
73238634
142139540
295757880
365257988
114316828
379877693
648043308
900784003
262289740
475851043
787535531
230420784
614176099
913996718
926995681
523433613
987298738
394493479
731938132
310089626
676975190
526772971
118194774
76505819
623948068
389597201
84925933
267548275
346641459
332128497
819405436
384850326
447491607
999675052
208358839
807118005
796931571
367572586
184872937
829913193
780115531
152908701
252577431
783643628
32755984
306385759
835953432
575068927
338007751
466578287
82671529
344962039
532616301
270450245
910849423
859322209
561915406
757266650
264909272
648268592
683196357
437665126
786038790
175514820
244068143
203468214
731606557
452099257
15783250
80539838
719212273
627257614
588318085
762151950
833877359
754268951
362899560
376384579
212629042
541160899
456932421
951469086
296841417
973531393
102195831
464536960
398143758
640545871
728663166
287797083
323736407
262539492
339495275
657569095
143998435
761365407
474068977
974155530
310028850
950124235
318969571
407927881
346938866
553077253
479985258
514473658
840582764
915659751
896587553
567870810
900630084
897814290
231784355
97468020
231098819
609005002
910666518
972137876
982325674
57140581
411250072
954694794
299950980
852117931
764167084
769782974
208234337
156641424
391083238
250192782
569463467
444523288
478348615
668067893
340250530
288713330
83595841
528343579
829180972
830290510
925767411
397768174
338299752
300680166
514112156
285901264
496772302
61663530
876042558
938944728
677547084
338172893
275145471
51786908
477369441
670305543
560400034
702714260
969184977
173586584
818959054
719181626
587764082
54929387
76321785
519825513
989650716
24140738
358218497
876506684
601069913
723063001
201631681
335618408
603668401
552984669
662389897
989679789
219943640
701749186
368152980
792437500
809686777
630501469
992615227
81531988
447604759
447972153
879621993
439857172
422253743
809636546
35490905
311697194
373122461
185653104
38263262
857013409
248036992
26680413
573213404
992984581
231431749
628214986
180447922
465292371
647133676
708348812
225543262
610679431
714626473
471206792
264831306
160303954
851175351
173114495
5598494
910943715
470945344
19501252
953054178
322229411
656921524
353159221
322585382
215405159
296118281
24396103
595643239
391766258
347386299
5818110
285315215
657524000
714694407
108101218
92174314
885675831
64984700
777570691
289408313
186905503
17153389
968531544
912507172
854755806
708723667
308154519
354761265
564614768
851482110
29685018
487257525
466342005
244852974
513624158
734067971
493497295
261699257
272579143
615009947
561225586
965015252
273444679
82511048
581670344
247039870
979263498
343436332
600520444
452033676
425499129
292759307
738089779
778431877
196070728
313139913
945764787
479078583
608671026
539641575
77404007
97552969
628627879
956885872
806857669
118885487
252472175
485546414
205901507
612275340
195683058
140930078
824936658
268503357
30436269
284240379
13303922
813428950
211070344
888146998
594358015
952142666
579834829
210206122
205494713
29783240
523884914
808234822
270520497
840343365
153650588
500978427
745589509
542236126
298892481
179141983
914159549
196540059
26395791
660340334
258689861
732110385
40401200
436428173
966852300
988650446
960410621
501714638
171898396
298270996
469451599
424852441
765499160
496762691
800549984
384064931
254430776
218801551
484445091
273164191
256329182
101381316
365907950
686752690
464603206
189380788
996103901
227736018
952358394
824150538
167411632
656765567
577893399
912154931
863788735
224494926
772089619
962462012
730167936
536443579
934322182
614319328
42279161
857301982
754513669
968327693
675893251
399594709
85575899
925090454
629519993
34983183
259058153
482101400
952460631
684493538
159382392
396046869
128575664
985303034
488913879
518336059
727859980
175510661
889188984
239623571
766746223
905274208
630522187
380830720
153980673
920972882
558104633
609196428
356036610
98773204
337190230
395848509
911889475
731273782
7628207
350212662
44847563
976207098
104287807
619443099
342531542
334034142
713100079
210514474
63036752
392727322
56301385
104850761
63250589
318312616
998581995
618298888
304769206
9971515
881503679
521102470
855350756
469985857
260200454
133424281
867147683
994750246
402902893
286901504
780145668
921905715
825249908
31230060
376825714
359339634
897287578
56561321
468975446
94226326
778499122
972702594
640826820
320833909
62495152
379113018
780288612
170198438
615065384
634060459
989258042
599768514
452884785
349424041
338962276
170170507
253641193
695436570
394850254
135635251
578241772
340037509
111425572
560727760
950299070
173669746
934386191
125502523
505844821
248108329
343175288
100603458
955017512
115717746
810319206
30941223
545225130
92318839
668046596
497583991
258954958
654405938
680327818
831746426
122135103
228341941
475772321
573639644
452454510
762700243
866683249
524353063
644912667
447485556
240435233
27068704
62202023
253671269
328363805
516004308
760538710
589488120
957695158
735693873
473644678
554832049
222021133
109477119
696890182
206612100
976269118
197612513
319740693
380491945
457795900
421399852
443625759
637764342
2503400
812353582
301069143
179301028
740175864
885312425
673151157
605076079
539295926
96914814
379651572
896886142
370492264
644806336
643588839
380700206
334724600
163030108
90638344
319535884
476180973
602470444
508390951
611676383
531427627
202917194
77000550
272022261
667527744
327425060
271346690
978764164
531296215
486727598
347311581
295673009
941493747
761893590
845056853
161026434
992913346
12804879
19342619
381401955
695198800
780037816
866132806
65264675
862109348
426562548
800992555
503753050
282900478
118339321
947668826
720729362
292248959
950009224
680551764
434566588
99669483
972708006
21392699
586393174
900545107
168618543
799412762
335942265
115324678
414329391
715952703
419485129
548449541
222286124
461347529
303708682
594563716
27247577
636244490
647096454
286697249
463095382
235421812
282894200
367072902
711632057
654310016
926650326
607030938
72993626
496616397
72354218
935087331
771685741
497350695
293168559
444306974
16740949
219293220
824027243
643514290
521180784
700732881
164875923
609661272
374838282
964965918
714675876
503535712
219394983
589495364
775300977
931923302
846391500
904421931
406344153
735381770
867161657
226989427
237310642
5741250
24358164
796876628
31483760
261152643
303718198
206489771
652389619
325080492
591514448
61746548
875146316
981616502
877029694
231533483
368617041
586779760
420960370
33323750
381543674
747234254
946154979
897819599
618974916
518522821
439400564
34165740
979833354
941849356
987033038
819578556
195074277
152008598
500516486
789490698
820892516
67573951
279235978
626896078
665588699
431038598
707165242
993071060
444553151
547217808
693654345
710296154
734757769
463109
888226086
192422979
216938333
343830002
885318406
700279279
496903786
182716906
887313902
951672387
584655474
110239437
388215677
653524251
482224078
249187986
691518646
638644145
586207657
389773919
325121855
825483149
605434460
978999547
582371430
521842761
914627106
212380632
925520036
655460984
60805012
229824693
814301025
21282475
865062403
508588640
748313032
723662335
88368861
266319283
875785675
113712927
673598153
848181236
80296930
317573873
742706527
316254707
470419639
931519961
59265297
282446288
460641322
724825970
720832475
207380499
520479561
155020231
372549748
738915931
799158261
945085579
367394117
260955822
412692765
138437957
696698526
124316063
79922083
772132944
144704793
176779194
342718275
667868035
364660224
371903627
933139333
77884046
314070796
937306454
308746515
359281167
454016917
733878481
254269757
65006995
258652134
926933390
609822129
79449684
740978725
192817581
313815411
841564671
26556373
742420322
781097371
873465485
552311913
734101014
324053291
493108566
172120752
673269513
5462270
415527532
972009686
725627177
716577239
3679795
675505498
678060246
781508029
366376471
853028148
376334084
759577764
211400581
836540761
262170957
613317439
744315292
692518613
246777450
433480961
503106793
724098742
38226397
289976865
679803093
997150300
251753310
863511512
296896972
552023487
577042925
96916865
213283148
753862370
115387970
832106643
410830031
962541300
855697377
963922423
943236855
833443779
623324678
158598321
539989028
611401038
748560456
77213039
686125483
485037844
220387747
284319341
857302312
513224222
21428536
207683992
101212360
863181816
682458330
815656435
72027147
377224648
530180938
982185100
52671479
911572915
773435136
639400279
645319773
3292783
645487270
632290343
801319517
111720720
508461832
107296120
716029098
288548154
289861464
268116057
562078143
926732127
603811789
851360346
302921051
754364863
730279367
537331378
844004292
955412069
83934287
392172751
626410448
355481921
182240778
50357006
330304328
857918131
156088468
547911949
211381853
155236347
778504181
991112438
165850671
311057933
865768319
473221939
640579432
349098429
761822689
704918194
722915558
763772751
339866366
563642409
38126837
812776083
681600177
696639024
641894296
233468146
25652158
132868753
463800056
3802839
191892751
290202745
804356195
698075690
922560657
581445442
503998195
921121779
342911138
489262402
131494073
548887848
262304914
354427764
746437969
326210095
567150239
164786678
728295842
549918253
667371879
977187860
644553893
479998050
98748638
546511189
455819487
24609891
550776795
800080391
161789277
460948841
679658030
857538259
7458954
946797920
645178957
915070552
33653432
388236816
409329630
561074100
224971467
894079851
64899584
598481554
171787129
378687785
527457477
680615258
451114302
603288588
480535040
123084752
637899328
910702120
34271016
292388983
438338194
456794899
206182401
724798480
103059043
251048544
43910035
706080415
877340698
349258886
120715447
94621644
805123944
401403717
370202328
348013809
479445411
352469728
101896078
943750237
823272738
339825947
995529746
353366508
800741205
703859875
934820457
960007813
828510691
664293836
150827309
482648443
306970347
585239839
738463451
844625714
260191161
832225891
273634766
98175344
273505724
886259191
535770895
489780337
398452360
373786786
496234335
988197780
471028011
223818359
784655305
729830273
287749203
993074374
926118654
276714419
939898665
923426117
171252399
117006100
249580443
830823854
15907850
626340748
582902757
285247353
457429228
768675045
765684598
140316348
108212002
447058439
305238851
723107655
904216986
372303782
764901057
163429539
549143852
561691931
112310296
826487904
857392497
415014865
639773027
192580811
561284805
18107860
996631652
165677817
345591742
332200349
599277838
45689401
450010037
27221503
188847017
635205647
36244052
197016418
355276929
358553646
146002097
93101368
231117280
35041950
294335450
236336009
948187598
172497839
485630435
494260247
601123962
837563545
755963339
337444874
300367925
383205700
79315485
372585635
361244801
716737983
351976421
718219125
308400355
531107009
482746028
773303836
713346127
5637259
641035676
791977162
868625514
447335118
268684119
462306981
48462847
30702824
800258381
823457678
94110385
451396338
652640190
751607810
577401960
769041980
605272702
524057395
567366705
794020853
85684159
686541668
340658930
447144660
827642838
599435484
8206940
865275187
199966965
879118712
391930192
579282385
749186833
449935772
734576405
868442514
796607683
47466284
415984256
462544584
813428357
362623273
499757876
3463089
968394211
856536915
345834477
29292260
844930381
422625018
838765664
122757060
101197397
886697265
980904956
74610849
340725236
587849897
450057274
118129281
877152348
355336561
899582841
378204036
456167994
364293908
540881512
318805245
549519997
694573416
392390466
24044696
585396099
366072097
134912795
128764609
849337511
700404356
378844198
601653237
936904469
674789403
345626213
486190238
943738757
304622337
315133877
459421236
808980666
458198724
89494231
982358832
764332866
838222579
440777065
83572687
712635273
628305962
12601653
948828392
288960125
807586897
736257739
446094684
273879788
979065520
205713671
300366319
829493397
847487630
495206157
91045868
118982991
580057543
769923149
489722385
277071889
81040365
263888843
992277584
278737737
636331110
804394952
403241845
828963339
153740625
683779194
404008157
312502743
188318625
392541724
912748111
848727151
168122515
229168377
483914835
920898764
608307450
794399673
288658493
316811676
241008973
411649199
904884723
569459591
86366600
740925111
413716532
763448695
541969286
145913442
7882182
57136264
866487853
951018821
704669410
165085426
608817374
60334537
450287455
816507960
182383428
145022431
487595745
458326159
826967249
669877287
429107009
84461820
475784987
993150134
857243158
141574061
308772823
458321932
999543388
843327614
762012246
37111107
541481157
867290276
548909626
361178686
393753786
773289726
944574868
505193467
9159872
448100411
549253061
610500670
797376286
943741604
51719987
927766849
67593960
717802701
339420752
909514471
523524602
452634770
926395121
941329277
458135479
774440377
140856562
94505433
82075068
95036720
568529672
320134496
730107953
516352860
678794070
261296664
276869297
440530677
396857539
498025375
544104490
339922315
274981646
642439936
678022811
424781935
17847217
173169907
253111774
648657683
771295848
483785713
855113368
401274090
35098993
311137881
238990247
297387070
544307734
634286137
454184905
511586792
204159091
462056431
995578
868020870
12865994
136236184
522529188
659811112
203244867
972009451
329056071
76588949
133602459
48033813
251049030
405957071
988702882
634191469
898797251
227119231
167194706
379899130
835643693
47885669
587107334
698862318
405677470
581640895
436691898
203593942
339196189
744964395
220390961
8374631
185705253
528439601
292601087
68222522
906572856
19724567
603940357
888501177
758798292
180067796
930085978
620804575
75291388
952889456
178565403
590627546
972476323
49637008
478951929
258365704
576358866
327159108
821285972
568015985
986313623
73279104
659522544
912138853
169153179
202611680
852394430
260555481
210414888
181842700
211471150
880392257
637140157
32605809
525110343
135903351
176175450
806419338
382585038
427058538
730055811
612690345
338269521
555213103
782083917
829110955
983265830
144246130
718411768
610573209
936485001
643000196
236752830
5370950
825946671
161024794
610513757
867013362
493474410
484739824
864504365
366650745
708697475
757761223
775479728
871229901
195159068
863029482
734719136
858774642
558772256
979360810
769949071
526249380
232852975
878267081
12846858
841572212
975421839
895509378
918324492
34981459
871104077
844001209
486580923
768817946
400371762
514416999
895744294
461949895
166732428
956945992
985211375
160397042
696940440
228586819
19053992
639727417
868522738
42213586
315646542
609740540
225555502
688208815
93718488
97244124
584737241
761160550
276858417
149647252
786531589
61730323
931203751
323163184
636803802
484761027
224355647
127163782
474487430
276032827
158477538
673727190
18642077
397219060
189087901
753177310
642281922
240178291
13312778
749730506
955066543
52589957
27624490
297282091
180102118
379119066
386524324
112397068
762229120
109335566
359130809
113517816
390696168
626451502
349536804
316607819
770562483
424941151
85310341
867201305
820104533
768109637
47310203
123383419
951384145
271608870
291726857
176725034
640011878
503275893
54693728
810457722
126573576
819280726
620678204
104030355
340698814
403961285
96702613
674464933
776150882
559342141
292593851
196907483
376165406
230979453
823388344
930396301
508276483
964279874
463124401
107947116
134500452
745685325
907877363
460355284
860549297
632752874
742410396
712658886
244286472
120518672
779687293
414837862
800287482
264170318
390033861
983902122
395832887
190690766
378355841
520816850
915908514
382282877
256254213
570382117
7317162
669373001
177018965
637797220
335842504
474310830
615785867
821625639
75863389
796710155
396395701
163563772
415439371
808202557
682152766
809735764
438842847
772949356
412917035
671391449
613260732
975457849
749854263
648125572
754803861
718377072
727873452
816704416
387650595
358179588
761007338
988453514
430198515
457520288
802588848
977639743
987415963
481743250
367755267
98366103
609865333
870199519
51444681
769653170
379984329
671455154
777599833
74477479
374909145
577792477
138110842
750801883
794724785
571796385
703852287
163170377
629765330
458487635
802376085
59090758
347576878
986693345
415210539
868478306
267696014
470001306
143488938
31073105
429323420
742740555
803546385
575375841
400315505
758294802
678552588
602162804
540415766
866222155
875114338
502873028
446543329
146173295
125203671
669453461
526049287
301573960
106794309
578283109
493698513
795790327
348465013
851942348
908034458
732817956
592636210
981636760
201190657
205846279
803528819
735180006
156339947
413553964
243076302
223419202
890364686
538521598
482309245
660804943
115703827
912931648
259002637
900823424
928927401
570278424
690536192
225571228
559741731
803790407
433284766
704459659
497706739
773778148
625219490
34219771
816901523
345929921
593549172
178706857
26483447
842483570
987585277
105053637
466265437
380292008
811237768
987919352
269972762
822121893
672875330
895181244
137791724
185756057
500800795
312964197
427263086
805318554
24450620
667383678
255816119
117338400
144499182
624067022
792877957
242127743
5844433
116881376
823102687
630920276
128810130
991692097
53556107
885179215
468670309
590421304
229013633
143031383
738017036
715755506
291915060
144678856
486596704
369102640
651784458
669399851
371283307
687563633
934378623
10354662
288674541
737161644
485814238
467785796
565888719
109583853
158178860
417785027
559174026
901317133
285700046
634362816
232273907
502451942
255855643
498540513
738584188
784139021
829042068
457169375
963922768
520624947
905258250
285981421
223111762
921905012
156607601
918243820
36126818
984657418
643386528
736270127
990664776
389218111
288830440
554165587
155959609
182765252
760969359
378282918
46174618
760820232
628925493
303243975
207473087
483059783
415491407
103205977
531610341
611474473
636340726
873553629
303249437
497113222
513254713
588559693
53141690
176817752
359669632
938009447
622770309
650841767
329638293
852720687
779321496
938648521
999341384
549696790
120352382
121249242
344123976
327290357
248515405
97628383
941151079
669325237
537218416
288287207
808645063
151037704
641370886
879764114
67491048
664261950
785189607
647338034
363457412
193362220
110204788
198430578
494305493
243341219
297601504
60519560
577587228
334953160
903309970
311844340
115657596
836501621
868419872
84140441
77342069
113160551
31387244
317967039
483596385
269238806
137890862
521398640
372853372
669661993
573723105
483441426
601355442
306870263
32854867
527316853
573108545
345408723
705474099
217877014
50296014
390025705
851531353
258600934
647005159
722182533
174225927
360688793
505896927
205015999
242423017
741898557
140605135
817565662
579458473
482978059
335848296
610471707
147995224
133114890
353346647
639167894
41229088
941012842
699752426
86087002
630019563
671809114
488993646
818268165
714530156
888367527
215563032
249376219
188629690
412615998
3945697
774205817
413622887
481663396
376070370
494254214
520708009
259535256
52880865
596891575
18546162
63168741
744823305
948408935
232644420
144746439
138628396
642442599
422679223
626459966
510168337
305305119
252709553
979489917
573682827
743115741
685531265
294399485
62094111
587928232
570755463
890981510
317826150
548622817
747713852
409186995
867034168
171078135
618252198
283826785
813765547
905342066
735429264
935118729
559140838
678231554
721477297
892610148
8063767
78758165
664589317
434045164
85724700
137297123
656999815
224570303
957627267
483628912
340735476
185967229
553234999
110633719
365774538
972750244
900255875
252900694
730809794
881914208
472439185
420758316
833505194
497569841
102845181
461059150
358907048
110843296
116162406
512975134
615492991
273374540
41533139
160422698
971632790
465591119
771531887
140857491
376002433
357085362
848235510
617239625
357515385
198080229
820530250
3461057
41289830
624854029
298284463
854663121
427325821
567942496
802551416
710354186
857143083
652208046
714480659
125205967
448400593
962102207
952649112
629899691
109239490
174563828
366809383
83346375
77915366
267264534
482057447
109342498
224425597
192519026
450485984
753205207
253421428
438298118
433293657
974030311
954184770
46777607
395124230
123816602
620819087
442266565
155301471
778372661
989993289
252937311
185925572
669053547
660527532
312681697
729533891
135792945
652086524
672273903
292104603
515410357
589683669
939659326
182805790
302471574
962663046
665620411
380361767
106293819
50751051
918151321
890736176
195737660
34776373
501729476
319932181
393541954
766722761
73861848
513089505
551096554
914389527
865840631
59708107
474358741
931735214
786165033
938131459
46339029
881566262
367691957
297553344
734888521
348466412
181280752
459125100
863454052
77550360
84081399
580347351
779018673
143156172
72358178
906012796
525878908
650670588
446432971
406344059
436520646
506925715
941407410
107892734
905290588
349530418
869063966
563917437
31649980
620617609
148171028
868943407
610879245
838437965
970658738
22118636
446538181
629251041
425645577
474878854
105007971
874086975
897863631
762442471
287130463
147826357
600096034
595359050
971624975
234597965
522273314
393844508
203238651
292783303
297133644
573403406
712356989
197465891
712724643
936083222
867047202
850498850
361462223
426157929
63300544
956259398
435705283
311801010
162888871
20266448
119392836
306225526
697219364
611355321
715356273
173543578
998595889
619383408
645924969
974920424
409290081
179125351
75856338
956596464
848804378
895957664
771646333
65045072
130929016
51185058
475650051
863271447
256347866
241226888
90540136
268147046
62275759
774752114
608477660
596894486
500687896
316089886
291137513
22396925
689895404
504860531
142726883
273107839
305136310
790341515
105613632
966834842
653819702
138131626
691481122
330120513
774374947
240367682
42675108
671300366
204097900
161373595
14007000
779082737
43742691
144162673
82141882
104450418
231905810
181575743
391788829
534878475
816311707
177515690
97848961
11804128
477132263
454125257
422752149
163909511
716686940
324555799
683464080
950187239
570745286
187510520
210588489
890213009
944912699
162700083
234935305
902895715
983709465
116200033
477555247
41276523
933982078
448135832
520089893
570923350
772035066
721226463
281125328
255195189
903436060
652918449
614324066
970133891
703994022
895726261
181241828
971113225
98568716
610408920
668759507
286832244
171120022
419454289
524462820
226028868
890681233
237067607
852732370
582242480
715746227
709270749
383051418
69362599
332639524
676731969
824998513
968604414
340500270
763035088
195308302
779106279
719314935
102255607
163960883
888615655
738117798
778532023
629273545
115605120
381850932
765725129
679524798
315696692
776583104
185376871
868247301
444827438
7990259
854324752
821356022
310507475
499784346
292380684
175124840
235717213
648314497
315913614
712689669
136882133
240410793
554558423
309316340
403247199
991892640
364635370
82529180
552446274
338719944
288569119
33400659
830602476
115656258
457202007
628855253
665248042
212209540
787991536
538941695
672817371
625829151
186091827
278627045
635025691
83558912
271047160
326778783
335165252
640516893
375887083
457343444
635831072
881491779
131007755
998115262
290087957
928331189
991055819
501319499
652228051
756707979
333333535
685951286
774153671
42265945
116167025
847959368
301014102
826126206
743115967
754846620
472151247
415277505
801370516
327239594
542283373
606363802
930373626
871975728
705901214
73224755
422631377
95511839
221276228
350695962
389607562
214472172
871613029
593803862
511515657
556447228
738659527
389578087
596685708
693260421
68519423
633877519
647171827
853892856
329401332
429907520
672002342
144431855
471330141
296464792
283622557
664040757
166126144
947886199
66493692
475489865
403213277
310400358
113547231
514006357
780383895
306124539
381805292
330444323
981280620
198284890
378158496
594760741
585681005
270374643
378560247
136278636
3226886
92517096
126596472
941684938
349050030
314762965
603295666
36379268
475985760
691159426
197388964
191887077
716884612
285180909
834644006
669178560
199788153
68366126
954759242
192356425
831591538
894191133
715803275
381480775
187413773
327098549
340809004
262914370
498406270
289123640
506931795
503021751
590935332
311380726
165216480
62664325
599563363
150247456
224593559
712229365
306001892
73185464
179504775
131686735
430349621
519545670
563683545
411048291
856876471
555552525
333335428
189349659
638317799
702276154
764596430
494055513
566148667
763597171
898339191
292952088
180038851
591196746
28133155
986890947
557976457
650753176
424632239
928556401
939363786
329772953
682795471
563984012
123347228
600331796
124223922
565215377
40239631
757112220
539151311
694157659
88826191
385034307
106698818
19436597
994151809
781540400
31715737
179308440
13764255
522652484
993677339
625574072
480505181
234484734
469803566
540117531
617006884
129304762
195191463
97993472
951272713
824018235
149592068
846966216
486201757
409923573
529300598
617907372
349784142
332219897
633471997
850666078
704860050
672234549
457489630
16686617
6080728
128609248
209859129
47220917
557503407
849524486
981460894
651432844
892553402
694079899
739563861
191880356
255955070
517523376
610258238
376189641
178467053
433743831
205858068
726575868
459456140
554648747
891946349
284733688
409776999
273302374
45982387
752305165
424227986
375593324
870946348
529131626
431651133
492492385
665136941
752344182
417208128
449330508
715924479
603045868
308939532
985937128
968179222
863850143
295839519
428478540
394142002
232569737
713399377
109322783
65700115
916228372
22967386
314387932
365820306
103370197
447754373
672171324
831364837
563983997
242847200
133036183
34225978
405974130
923209365
665509451
412937576
413792160
599881050
682863029
822247602
169196841
582771255
849481087
627562975
54849240
357375883
649010921
191244605
734746674
430740397
923328787
563506013
247272190
278071777
517116458
74112645
130930558
52786539
821501352
815557378
802043707
168463861
326655855
524208410
29143253
335233593
328999838
423444356
647507560
285421725
52301689
674602376
203357248
496092674
674413200
103572408
645191819
567868505
833083274
636834451
302384111
561058969
883964238
214365103
424000826
822407998
322002361
183032633
597020803
720702911
363029067
662146518
177294680
490184389
222816134
605248995
771211192
502268043
660452480
44504439
377849194
196047154
926046677
754595539
422563413
991410132
541884275
521971705
52861013
936960577
416442313
339172582
127784367
955357830
468367880
297993314
587022871
505759719
61598063
756778670
268216050
712459918
246468580
981293486
445022055
667424902
916228372
22985460
315056111
496861861
165658432
958549977
59918192
198971622
565735650
407642757
247410339
236736089
807620833
984948702
299594478
639945979
629990791
527212462
135267264
555931359
105719443
577264658
465461411
777815072
126272335
610339186
164293869
196690748
625103854
249961043
956236884
429019869
449815580
991859965
314581300
863227774
754000029
172559925
573000921
722192595
50881366
800403984
459623040
853340952
565643132
54800510
568851235
225647212
332447762
378153521
662806149
191896649
161461390
196425767
434067494
803132683
562650894
197691763
3832530
252019052
35670910
287530986
132967206
432056806
698751939
251191786
296709421
969534066
582691982
909847619
633953086
420927163
66203504
163632635
573649887
546033859
921108496
910071899
323436483
474835283
190023463
115032830
558403126
235753477
373644216
219717367
803500792
541184477
467557891
741073009
674651645
84548037
662322930
468769065
634117571
161434395
884007048
845736138
737685236
963406152
649159680
716569406
510737334
619541105
718993530
286012368
477147990
715793448
600358183
600247882
798803300
186674083
282415307
686488123
52882308
767326015
341789867
818578006
668940710
933966213
29944407
522980882
323614713
791301261
401817891
251248656
281150065
523845562
719099719
414736466
108595964
330239954
441389266
287376669
850646132
158169373
643412838
786207773
77070608
802849709
379477106
366882111
818384834
843022607
808464848
860485976
547749948
585181770
134693719
695592621
571439150
205750047
361177813
156857796
77500638
750946506
151083219
799539155
65026761
437862949
603018855
260506398
351163651
296093333
699625883
761558493
835228080
967970338
70929239
412792316
473566180
148018340
310582902
589706826
732010468
835656959
214009742
460380671
404405831
107305251
671328491
920566430
60937126
96921308
903271657
187848954
175941237
899218129
126877688
290228611
937001969
630088492
387120912
133847528
822805545
725232582
306659176
749148026
790511200
738059813
569087548
724856068
993858736
571951432
319859666
35204575
947367673
288380104
976512386
322068415
498324370
319891788
22776821
77659402
19669888
522712304
218343862
707844202
609476983
77502245
969921166
672489521
961937984
392200512
47132721
655117428
682811562
90388763
888602276
223364558
104820688
694484449
991088093
17260382
533556176
188250343
772629380
943405034
332241557
872702818
258365978
529439070
885052732
273431861
989963439
117745633
29812912
761103451
395731602
193009613
634595559
744259230
850624883
376199875
229234781
710732685
26655348
627317480
935637133
116074891
30037333
64256811
302646339
384704915
37056552
300737110
82201465
745005740
947484238
366059556
680935817
887599689
509642931
874286516
881467702
229180509
976443189
770776836
817312239
919257112
119361590
478898406
290889943
192328065
283863962
18122548
748178142
798456067
513339063
907450095
126473728
680428375
965020999
868232763
4005847
738669632
518553253
976527072
46914748
290685564
732037721
157543443
198144145
652132564
564054218
278186037
794399046
431026908
163348468
945573699
17208568
527407919
250868555
173612911
633041691
142325335
545184541
264957778
787491558
217077122
220527278
327481887
675259233
692397751
342730084
601083555
7340694
150925557
596580461
968198682
218721909
772761283
172849106
118170351
620074170
246794702
644578578
429518515
972395207
983625853
67050911
950425696
615171254
270684995
354378494
160781289
762919642
441368235
674060038
27852042
204051127
923490708
341759802
178490334
937339844
665600423
201351409
233889929
322502190
776267528
446747463
58782284
824017855
991523389
335024762
307147848
188968149
780910012
727975529
330181706
558424785
132741378
610749142
456337038
970492909
958717018
714275736
398360075
83749119
621258609
192670724
235462192
541250873
73812925
633175556
815637317
228248842
566850014
92208948
637161126
842006753
861948935
421910101
413326674
418060312
978355688
922830372
284435243
308745143
201588876
694316512
107602216
407469116
742746783
911409807
364911326
849333939
700016562
697472225
330020060
721852543
114818984
72964288
340023623
628820589
98488083
916260787
333058857
171110871
300464320
425601580
802992080
142731096
529481628
255808726
267959267
145324677
113200954
626539891
420313636
821292600
260390855
774184488
499844056
247278615
537495038
795556656
280639843
394125123
563048440
565709220
711944225
516652993
78927755
721863638
944789426
522210835
989283283
779094960
671944165
435202448
985967575
631659123
363541014
197407904
15201981
844514006
419218005
752993128
474193129
144928540
952568892
497149893
921307268
720477926
433467524
737270468
349868787
72552874
957541900
888377398
414996244
429961160
579190306
287270812
388577435
586700279
397204149
758389921
341347518
365451359
787481434
307424135
645002028
465887325
221189511
956952593
239346123
638162258
578563194
575346386
135608290
777672976
152986774
706850581
77775038
885158017
496698468
652324127
96397029
94900620
318942549
124600094
89313843
43093673
112888940
948057636
644072394
548975254
392329716
674875992
151421773
476672688
344750664
406087768
534900688
984180981
719105811
637260376
462103182
178460714
540382102
125745781
242988350
468243350
307042697
918654310
46069178
995178235
609770043
384959666
374431611
171087883
682546407
719454781
918622173
471226380
355071529
877744594
777001201
581365107
125700635
312207614
172145043
330532349
239004621
687152471
538175217
558884903
99048220
120577384
984680651
44862002
574436595
23964933
214416471
313140047
933872696
841099610
148960601
728986340
691604100
9984077
901194296
875060740
350251915
902332491
969608979
533196527
974217197
194675380
347739352
819236164
159513547
238449690
993404301
593391890
984213228
243387003
539045469
390716201
155365295
759750535
707970880
685808364
708559489
900088240
513691614
175556017
288519274
867160363
401842280
174031163
206754911
683619727
184596944
501094547
829981341
7039715
574474942
379291699
759494985
612627049
803433357
608098911
69286595
85820177
713564073
908625718
503264698
535949773
241946216
751445540
407640370
374335347
127286070
36867552
136836397
844863648
306550069
552664855
22950718
334585388
243885232
17246659
548353488
924375459
745628215
443516614
754866107
464556888
493015276
372898233
953538620
670904506
316189059
972267791
578609593
310800168
530395818
553584586
733248729
350389219
155960894
433911962
37742432
17212667
619700183
683393591
731193828
586879382
546092139
367386361
500290120
755775205
500937382
492512586
134586061
232659466
254113672
656109709
268442306
695789371
563524512
678450417
26008945
798663090
518879317
931421902
442013184
341384316
452634992
774891237
348528174
435493058
346664095
502229544
537781859
226893461
968385857
827615641
472383062
35516213
323978525
712095014
949434089
24497842
455387356
454897334
450331056
406551279
170111646
593531574
274775652
768383690
277501814
392477734
761530700
450726330
162279474
256402331
859240831
841426936
843135079
734312802
430252727
682803241
131184564
777047444
662370573
402029360
635117103
449474583
282513456
548003711
548734733
316536396
752740889
494415376
283623348
474733077
586543753
543498868
865659097
882436579
204004384
61936379
490243563
652743346
124123218
919731974
896321434
253646529
212056741
783368916
33650444
229305640
878479865
570890033
218326877
764074256
807501935
510346516
415463041
609905366
755645026
263788710
616510642
338647403
702297720
498360687
819843617
220980462
791347507
98788144
970048603
750359846
130987741
733174267
520097175
419081486
653197143
619985867
54225267
18017913
762219865
73736552
719274312
167225102
532999342
543088727
62554369
871206268
637159124
252167667
20029770
513644046
680673522
802057306
484563788
858860430
978156600
926890557
352463452
361712529
319206810
877476653
919184417
954751099
284328077
384648183
385593169
437393970
792380416
905363088
293080221
295075927
929498452
579313466
810393268
572716774
963808998
104895193
245693804
71410501
440435893
863008578
557860501
52920989
991864534
367698698
270401216
319401784
771176501
124732643
545659049
226134176
362673033
134807997
60735925
92306067
629999150
524021918
39573246
27091697
833785144
47996675
266584023
576042547
773049616
631095372
830592882
664842321
867766899
747159511
380648024
525478797
747313094
532308522
288131224
49773914
854774560
209953847
287269839
637769415
826189391
245360486
229284149
452788989
374555872
348715509
114401036
694978624
889299639
850900747
169237722
909242347
391506097
754880735
815184497
186270437
531725220
184659980
243137731
955970709
499831181
192848172
597142789
737957629
325273579
784768701
620963389
460609609
509250657
33842578
637161736
82639419
398471852
603740211
713080791
897173157
596049657
388408352
38156916
175343167
802630286
396405675
855608385
94236601
709474464
784940459
579936129
462503693
120980647
625787961
38424387
62990912
687081728
957687922
903473388
378339156
516752948
96450032
584635739
921799995
535355912
878675321
350142605
611765948
75951778
886753711
738885248
652827436
761056832
84008268
543198945
310067366
580270804
382149832
330074441
40770198
255782558
539946709
311561190
135880004
661858564
266985962
573142646
105436559
778197715
331937919
954106383
497169103
413582867
320020940
220425843
934345935
720447406
479868688
1776141
615576297
749183335
313439276
508283088
750834604
67442302
685279200
115491129
880186924
397002381
108462083
645286705
608817937
765398114
72008772
736246503
562336949
655420785
986693704
347121502
109676430
600737063
144685871
685581143
252004186
379145292
751712295
51141310
155746929
419427751
339929393
531847013
636701407
458570196
250939834
236166424
508202902
469749635
116638288
609729594
2972565
203357248
921326623
553615104
362478043
604460721
481805807
168548694
563024177
669008702
454846772
464889898
754973772
927507668
57728517
236653799
121576783
272465332
301399296
319138574
634224137
803449952
778783220
470249496
352784916
655321478
954935955
740681237
515682778
861255984
419341457
344547409
178869591
672134344
534193254
175883364
240635184
246368454
552749446
702265360
834125648
96582272
970090183
302638241
472341763
300466617
503474497
231142452
172934655
839610827
254646204
730360646
971492511
894344121
373192182
69204613
490208672
945682661
609181400
443574848
791744739
973042346
39663762
452663794
901169844
905245113
632970122
363330047
221153480
780781544
363132237
602062801
232126901
276052054
296457750
755351119
519626394
779494746
394693902
365022107
350636165
208195969
656883852
171216267
335388312
181905177
989397692
419171061
309438260
163063965
357624881
780608938
591122649
26691715
675910729
25720564
288473870
462455568
502518411
801043083
466937713
41991569
36457927
461096156
520602824
653605093
119618593
316389952
931883610
395343457
709197318
166942627
7892300
697871182
143816224
888548715
333260867
679006350
752783519
737222714
420922080
498162839
291678320
961898914
154939785
276043733
761824310
809758197
356653894
835738523
97701165
62443153
241534478
614904283
16578819
478207450
841560575
152159570
379857938
93068188
452035848
799769742
398999879
353301986
685887967
882321719
130049587
376510783
8458883
372376538
423648829
426136206
548343789
211679682
340659478
60433155
211316663
608324457
121062320
976304561
753562708
924515621
320575774
11287969
576315972
187939420
674686169
820393265
169580962
477861109
93619330
800699842
228556795
676522047
703078384
775930516
656993022
589859071
988107689
191854255
651559118
977258907
81703734
66863581
735788021
934312566
751829145
167321761
805812918
857776248
761068553
468278814
131145145
853737189
99474525
574957901
781074093
350386568
798742106
292315688
19708369
55904708
491575991
92940894
646126024
613863510
905126338
794118101
693074494
273560545
496520262
381537845
398237837
673881519
672907608
720147185
788286764
563481013
943326968
538283193
904818328
521298227
951939869
937384543
496692209
167033564
748605189
472720559
114867789
538891216
932449611
471538095
681362190
318024225
419366036
316653792
580859453
573565357
3595570
151018744
988341341
606518089
143303876
371683226
882246083
913790874
550585895
661990297
644899381
147658640
887413636
847290333
708307863
964368554
815407415
216828191
315390305
415758186
779391440
655413870
173488848
945176482
795164140
858011877
104701776
307317475
737934538
902779759
253859753
465090327
600925815
323051500
771828060
587477668
292355435
18721699
352313302
300758812
452007671
582498421
665655018
483890326
852484269
151946385
925760786
889804706
202801119
51625522
108391000
230102657
625236703
24683949
279763445
533792274
335793221
496804548
527925815
367255263
297887575
22765734
604601102
824171778
766458827
161800520
72484722
91719676
688487643
708992010
530039787
776195612
240655004
359643196
709566588
958015518
489964746
529921126
328921297
640891954
160786948
64216179
976820790
629959586
552033834
688805662
560234860
686838859
617488511
365219358
319651299
568643966
786368848
84680029
4890787
552860210
417219535
828234559
995592441
208234763
715959418
848541414
143582000
337915325
431077086
708369982
331294661
831471644
562102039
213302907
957359009
730917084
237296480
192572107
845122092
410263896
442006613
548605054
73598506
659161927
289144652
368848455
398196560
813762177
338524093
34265359
96607352
76344909
581840053
475525480
159410857
395829848
62477378
53263254
359331663
706297106
967523383
525752499
341938852
215061679
458213588
214342793
650174892
27163220
628727181
377484328
332765021
846515984
539410952
42760908
390801310
776610692
421942303
655226613
971379003
920825823
494915462
334876041
127531551
828344669
750485024
26092201
574171455
523848246
492917565
847021664
955799900
136790646
367101535
889624714
470157842
782916498
296515922
983775479
707686765
728286737
788458591
845932385
208754051
937364824
488735548
366043147
243627268
491736805
914653912
43361794
608399800
361943341
879696996
502427874
570665832
281323122
573103444
503596825
469095732
485108687
949026546
589413829
332646348
575908934
77570865
974933891
9320721
306234715
636497091
519648983
748739253
908592600
208094656
356600001
875120435
466553928
411722738
657916839
476845248
857235724
360874379
947962483
287512795
532691163
727538425
176750207
757183464
309018455
651372356
596687925
93400166
147224941
87725482
431789660
16541904
563634076
210157853
716351107
569133728
503585758
908246976
500618363
951857568
477011560
669574903
136413936
23625752
776011524
316861367
793283128
846703040
12298785
726227795
177734070
282208206
874952457
815477653
289043439
161952754
17606433
353988004
548589363
794409796
999595167
705350282
210827365
656692175
201310911
941699116
643665435
127466233
759623703
847987930
510598073
619975307
901612960
738140986
721277480
582574159
584823096
88749350
559411478
960500853
19884348
750737506
565999246
437652233
134138119
116230283
734531696
291311632
870250317
203880960
761858909
764635683
491845653
463167419
277133872
897568413
810418106
689883311
48943396
363408477
888293133
51417144
402005332
561150425
740625381
60562051
447705317
105158832
90867098
204324697
634630081
735173961
883930908
627936079
989027650
174186926
313967142
859479846
399277481
955413480
425988126
381089121
798598808
889661978
786671368
174951475
563668801
956874667
471191335
841744454
227176986
505343326
537491582
795438033
526881532
141504632
554152762
119688615
918387085
838136832
750626920
567069544
653972498
14349542
121529925
266098116
193557916
121652421
137382900
750002821
293588866
325514666
792276699
399953111
244236886
643243559
64288902
349035354
165064696
181258735
405588158
654770568
674292134
793518899
750737845
858934729
666165602
425497258
550196493
923519506
156124162
91568865
207257566
341257088
4769413
256238138
706434150
553091449
985099175
312530910
353194262
293984382
976292570
832086246
70090261
523528959
865987338
380289306
393995216
421775121
835874678
642173485
587438186
548250391
803839300
508156314
975818084
142487996
899774393
463288193
422631377
373916879
947459222
862371798
251558377
931520246
246073346
385508989
762047580
187007394
237858111
560251774
863326903
755519182
539208980
223435596
510371205
312750245
215023298
454279270
921557298
991937896
333102211
264068256
899337869
772557970
516218901
347766220
928387347
465925587
70836257
810125359
458848263
202560888
654581984
515228376
294995732
933007129
802674291
16427917
699533263
573560490
542748991
127065066
814073385
539607161
525908964
430363360
750553111
909865364
297472004
157415093
243204916
405949056
915536681
210559463
931086316
783663084
297380863
713267304
802027023
64527961
115093500
584612165
607722992
602467205
11011846
98713479
171970267
825859398
220386539
228675845
841817216
384522607
788854053
222585697
335223854
435555276
720774095
97307766
352599025
425238899
801147502
310523726
397777609
532065208
199140540
512448776
2503704
823531170
13306727
685109745
319825683
481625422
329846063
622990664
895728553
141492115
351537103
464572230
199809325
334653922
72299842
80559441
668605825
331810006
578649650
532426759
303315532
426071270
777873029
225271549
602725297
204576129
214438878
501666740
314625797
269020560
276507134
43849088
22332519
879188729
809440979
437650557
36592062
871837498
218198691
318142147
207382034
43669038
145445351
221380179
483338685
737281318
571277090
182779228
210553872
752838857
420872604
775335150
826941567
968500218
862392855
20480353
503651422
10168778
537709189
460679682
950990259
840572750
869589049
548425884
248513290
355209514
799750827
984623178
14454416
580439623
888896764
670619685
803478217
715901998
977303698
592376120
808704630
924115655
519426301
235420275
219359081
654400570
97686120
769216668
624306126
691792938
668556976
382783514
673965855
388557928
483687246
866045820
434250484
731949421
298689656
551802093
697130281
922110229
545291899
196582178
685313205
452632699
321531688
364688254
924792496
880131644
92157805
747671133
101231434
161575886
430363360
750553111
909865364
297583471
974905132
585154874
902834802
318994617
349844487
53201436
938802585
894664223
542667661
23474525
79961001
816680273
563870147
551873712
222640913
602890640
256528691
753738952
430101366
31170826
805665730
198613156
964541317
486907684
729730290
400224732
901294676
191356773
715038835
394567229
225523260
87683050
496763738
137180073
837810053
195185366
41483887
253355632
472874031
464352589
360368573
394401587
187608833
703899901
47485167
235961837
885272095
979789955
613234487
455213822
59713619
986163534
137988297
430632842
270700148
720221346
817994485
550674512
739559118
894395114
183966130
696892864
812701704
687974733
949607913
694831405
411511668
461958791
803932773
140619246
850333149
354269696
736585454
25378296
328456663
57430776
16420505
696355722
527980671
304270503
437671172
841886535
889689821
147406175
229327375
459834597
525373966
280535525
433988149
325944366
355503086
821010838
789221575
622093210
78860599
294074487
721342489
355559684
255976119
721163437
500972427
909843541
543152717
357245009
653502653
170180683
86989234
318964332
398111026
687977201
840520934
717488802
812706786
128742020
313180034
465816216
252018222
887903361
636208235
514445313
929873883
123620938
551267824
312278142
616891057
914830058
726091179
357404000
570660296
210345818
746984736
73414711
858769041
188762069
142337516
869872625
570984840
694472430
320214971
452122483
379392719
328093211
662022408
32358198
143904179
218368915
767023679
771676225
713648892
306819019
399512261
631761896
659778401
564337652
644800625
887286470
274265215
563959344
557888282
430072418
8935698
85083534
328944491
895304472
520952982
242190421
299472396
772532935
113610687
280048997
243835558
153590612
206059780
222457479
297651129
849913765
88721646
205650983
30011524
109992376
244662194
995931588
118408690
287732507
30914948
481532580
571371529
57491829
585818081
682654606
110268514
131228846
733258246
817210394
393866535
955383003
475126864
33626393
892660405
776750988
878222081
440143636
128227256
226422090
726348767
960410480
117707723
468888050
323762295
381496792
437688032
190612548
448863181
663020076
547561453
769268091
336106348
369016901
285810062
857592597
358148545
865405497
763835644
173077409
182337504
574741668
736862627
836797892
793359338
854043706
552823479
246137450
249112705
416837403
572379754
515216157
510662889
416657568
752331177
281878671
732279478
935689190
998746796
331109233
755632628
361464227
844901497
189080523
414957078
361188221
805211735
840992949
338012778
467814091
293931662
639895524
937018857
982416295
479062863
770936167
521285143
564906298
99153128
229304613
219650675
566402507
404763622
357145306
393308465
702325996
909305415
783369887
153008442
421937889
388024132
376905668
369523475
22149701
191403257
185156688
86897768
488233324
695749426
791207536
805006841
949154144
636207831
594290057
559653401
394319191
990069428
832563034
369645344
366330116
991725813
669702636
220815951
99645373
92381365
430744764
334059498
339760833
154738101
588663064
684974421
854326381
70933741
162220699
158895265
564862267
601171633
646883305
473319116
596319111
830761618
600568312
861902783
269613571
928388459
762107304
700400210
370561439
275649052
831911
90940707
830634124
379422669
419527488
257183583
813979147
21586203
370236792
617902806
757654800
934382813
754117896
321996733
236661169
910833029
854672637
839720821
871367610
227657715
844066998
91573168
598013766
821633299
89373777
875864416
11315354
222517878
735432154
21486641
838215636
314996690
605644584
553785685
688092161
407710243
983986246
980895865
76583871
941115635
833593131
517136234
608052879
610385747
713546803
906611478
516513148
96973566
765525586
812180922
969303333
766143861
880513254
708438528
104908745
471624902
236007417
543052398
126227836
816367825
745539330
456588020
121126148
267577934
588048795
567641302
259791634
459610707
643325994
851619431
18947470
866072223
320372271
230315967
561511511
278708725
6274957
161800096
287612398
839410907
882633363
986531038
722181920
982069410
434856102
877474524
424187492
583913047
306071532
700059620
866366841
517025693
670635091
4933471
848369060
259418034
637294089
979203769
53072267
541592837
338671274
230498636
490443124
819234144
692931009
280023552
748165723
328673035
389524714
990776929
841419831
794409575
465957563
30444193
451860393
140771037
155035848
332242011
993838183
600190864
270323590
385220066
756501946
388318535
31915226
221194115
712235417
781685
515479888
920009345
270102960
361246090
109286066
838744800
392489505
353808168
653435413
823419671
364335839
31783194
355951906
30704326
542999814
786760474
228950136
719755939
527698005
732715968
329688677
565332223
105431656
315439600
535956976
454046808
622366068
723405383
277749265
314623504
864650214
303109314
316259854
87128265
724266484
71002542
433423177
234090875
393425489
705959941
25369382
277587185
698608040
54709920
474593443
282300287
549378077
54126815
617835164
375865836
41148970
488528040
464431198
127224844
535220692
354897969
901318834
552168179
818433872
281219621
764432934
142365426
401977926
453701194
599717256
207201834
186304116
263528400
736299358
484188525
978265818
912301864
886291240
468970740
329659204
149875866
375833206
217751746
241440286
478588080
631446129
581548370
595038072
937423336
54065692
880045426
167201692
294555825
182503863
320647296
479940333
469023044
726347744
297917642
198900700
926304977
561736819
172523477
350224893
782932661
375607604
866811548
542480997
387371254
353377515
269965172
935839290
345766099
530061620
194967049
937316661
759410002
745569828
104279923
454205210
36086597
751131439
854827718
784643300
105258867
473695245
293124497
291013590
803503969
92232815
882607055
661762146
782388516
629085976
309835592
346851661
249947463
117375596
861214070
644734521
661372307
971190963
329663383
553678748
481644913
236002882
427702229
601876526
585725825
222697649
523422183
490793915
523155009
980344669
960945060
744902078
960605941
22428270
895388243
953798651
561811893
124935474
957439204
220115858
514222843
382665296
680210886
766557819
876464497
142542994
52779147
932183541
655514218
425607280
988914394
108412669
510311339
460868647
142790039
187372199
654823950
842103055
502812882
507067005
919833596
745556259
919386381
958184750
926800946
921107411
361375075
202639979
590075377
229091675
352269761
10154602
312458071
937316661
759410002
945080611
89752368
893527685
654966482
821501940
751538428
647538758
71199313
2394460
89251882
630118776
73540782
608331456
167636455
329829381
486717064
749415119
750546895
107267081
126370264
842924512
977040255
282186912
553622134
465913622
899679264
495106936
345903543
514685295
48981467
603352160
815222565
472556735
538175733
675829729
950035478
498582132
679021858
376761051
902564967
306693301
359904802
356868461
259686137
47225782
151815858
580730335
261113573
145003494
615400284
952705662
436099000
317044422
558823346
620231931
150325326
155037836
963600340
97945987
987850562
422682150
484832605
869191325
466519625
869855369
963065326
421943858
520913080
996776355
880575295
613397665
238414625
704688042
412363305
563667360
19742968
56049557
748703176
955932083
55131370
555464413
783664349
89203267
110270071
443169483
504848063
995264720
552057952
903512201
992828713
382433439
6812717
184903132
775499165
886810727
951885085
660241270
950506497
446852843
991489176
494736068
428464123
820100653
838376817
107979391
419103302
559235971
915786694
612759918
809262398
538333496
36762807
776766380
646773216
640842372
933767401
709727637
167889708
489252234
13104928
833238747
715197091
959359616
117501283
265980859
539943221
358145887
375191576
467249068
102160280
501082485
878537333
97994362
842754229
374422972
684029293
549777069
86636973
764202125
74970276
855363517
83292325
275836654
313876701
642213723
475547865
678308451
365282832
986675548
424306736
25354762
973358738
854137492
701349199
105404561
155570933
522184392
670964760
144886769
455830134
366209209
525289633
621699099
437312140
76441924
282892603
689459877
470714413
840348040
922527309
858349006
66785916
212572662
153285089
978137715
601626650
309779817
340664284
731247952
963129676
778587585
802317917
658539097
690531864
901116789
360045892
153808099
299702815
713434928
814321355
7029225
216391699
959859491
515383777
591270410
163191637
92859813
872593462
47531491
786278838
75595338
495320266
348870494
767492715
641117400
563965823
833931069
923777362
581914539
908324728
499382443
71265191
828065737
73637563
154600553
671669656
104606398
29465547
128963093
988429016
704706282
909669233
986406700
139123907
621751740
426168411
579675370
304143324
297461204
528421631
948092408
705214703
652811568
935223598
450638953
236997600
125621554
15332873
698401857
164693820
398682148
43368367
608305920
798548094
537177798
555818410
88006976
153690734
536329606
915210493
365562124
30264098
858156316
562551255
625833694
293937643
735417192
734784651
112549064
909961887
541121041
1462741
163714447
420013549
956540774
887959333
193010166
194146101
819152298
70415122
294192793
641652050
981109576
177632640
398556123
466447266
586363308
49004259
220583305
409330186
180477768
114572862
408194038
98960153
316536438
591215437
325113899
460310056
466375219
458972472
222088817
582696902
895912334
264518143
601298210
773437021
953881328
940890932
957741639
841948499
423214594
400717088
503812431
844994243
404410331
500134999
314973721
596275431
17471847
329880882
718310594
930539133
242627038
269738615
984161175
222929055
474963186
384712585
77383337
159266751
783666733
511951938
872507094
363382359
308454749
906966291
108881109
942350758
919543536
885641547
651648057
982930750
89598292
268683248
326264689
108144546
608308607
491338861
722640951
24169742
849270950
349218160
724409910
826378
945488587
707394775
31003834
167395161
946401271
902493525
897166830
790245386
816925477
624577036
77465342
248107644
475318924
56988725
240706921
982647129
275637510
889748209
944902712
931502896
870648223
292667799
184020679
574363291
244652925
778905614
479396610
206163524
593896673
126364270
571610463
417992387
109451505
779546141
57522156
260579077
669228353
435522418
979217980
523354385
179687892
113062201
688805076
493188811
242714188
312276014
198650073
746906951
859784700
371577307
512944857
870617548
295309373
645723439
274490017
291424486
109492238
246566179
747267030
941558775
438463510
727409815
18704363
277900422
106159494
808977381
211397529
489321209
162899638
604569333
331933930
909856968
174992712
668275095
710470054
205301338
221821020
613955896
330337114
3387683
392568133
268264031
934929673
474599023
706512466
474111651
938487846
226222157
604900189
626839134
778645440
436537411
23795838
731729989
676114565
164019963
785781827
850369378
359429246
879813224
470973310
113547664
514031530
887480840
782072428
735497743
320290085
675075703
363771739
591168229
350990007
894858153
708395528
422486396
616843527
427160129
904969561
398924888
302382426
40106835
320095047
527879655
515956786
381306357
942810134
807247249
619423461
794133852
409821711
386334437
578530055
609191328
686462476
22517571
47065917
556663200
35148425
51169974
492004588
572485153
30081575
499451292
145787199
98270207
801936065
348319398
135790663
737521920
712551335
72329804
812589374
95884195
153755408
986768118
156845105
438522652
105073129
915023310
717920234
600489415
166400878
85333969
990222196
87266070
496549745
350232873
575288123
400965377
784782674
211678038
9100655
364194689
634997619
358702538
686811570
636027235
316211543
590801892
858962062
435562708
122352904
19750297
65034169
676935999
239884337
49758396
279900481
650509446
23216099
763200591
721328579
24197004
94975958
19673288
544587179
802562987
647837269
204144113
439774828
704816615
680256708
5431353
527088908
126434852
145647747
452731751
268593912
893449964
41916494
424010717
630952589
247346549
778947243
389386997
990867880
477736080
376857109
908870307
457621458
677401041
172436
229691409
416052291
987516773
400288466
795588473
792810758
72134029
755920591
276339540
354661909
988559533
906891286
989017554
176049091
680497832
764198470
186697679
6100209
300421083
72396938
355509347
479212762
148018745
532709679
453774744
401093669
317872909
421075741
4879516
60248559
43541547
210937837
277529343
451973701
382276703
320080799
301610678
798293691
81329286
892136980
938647473
812906467
767133017
132646571
241774057
604731920
683559204
51172197
182509533
37587310
107703207
912073955
868008808
375277950
421867771
330172142
640327421
188038913
40685398
284201103
499969695
326264214
609353045
431575686
675407876
529215950
24646903
197286593
682806579
468037528
509893332
485944459
4592079
950531742
324646991
506309773
262618471
976069151
30083797
162863908
739623919
914349406
721854690
300950892
666512256
132859210
633292471
77117259
335711578
828587018
115738079
275696665
325299859
56579819
628940462
102181034
474518437
673965975
676979629
747214492
88169994
173920533
456782397
860145806
451193734
845699470
334257602
258283149
901179179
594515758
994060098
865451012
284990016
621368218
131068006
289924368
925933758
579243266
479799451
252604925
398590912
635753407
631580718
714934710
926311640
502228000
914048298
42528683
74127079
430054139
95889437
758399343
446083502
518805969
647056657
300603691
910058311
93722143
841497826
313242938
530534706
431081750
599545717
801175472
219154341
819479822
743875374
268581574
187049788
435503155
176875437
709702855
836840560
850005505
569578979
1753547
161910989
499273755
77667807
12729007
332178202
236895424
554132474
321987890
896800719
153522336
610327824
440364388
336766004
289512000
738390169
158435945
876870823
744337817
419452553
295119770
650446834
825930212
502228000
914048298
42528683
74127079
430054523
88216212
79571853
405944366
468689753
981493300
85200661
400462439
145562169
515938221
9219991
567846079
826318157
164461350
890086272
937654622
26768493
202845834
300823441
373737043
930716983
601453921
373455397
890367
13109589
169448155
584115377
322724799
352976112
474879822
811831314
821087149
205525493
701584363
393994625
85574586
651303406
981268188
207567183
213200006
228995062
447271431
89190551
387294345
762102124
963154858
428060609
27230137
98568791
901918690
756544105
945111616
856517115
641926364
81669230
292492218
319089288
277978058
297560327
769909796
490084130
50190437
226626927
426213795
205013102
556267183
981766105
783658930
436155169
717573725
193600057
792784058
773065925
455081653
770548142
235179569
400711782
416007429
968123831
790538175
405910761
136647453
827233349
981665634
289217183
220629109
269992346
363705151
474066433
79370456
297766738
292410418
872800036
737432686
816851693
30512116
770723148
412182497
400574212
999895446
219731024
157044747
488182043
749606999
879691763
493514711
238780095
972751297
874366670
339492040
129187013
928380200
980557062
91301868
179926317
449550706
119781940
689279971
361737923
423025134
902029991
734807957
850846979
487575106
217827146
101123149
403136356
67508673
548362007
649898723
897315724
261728868
175236248
288242982
639768561
763266443
658397144
201997408
706974808
827088139
511584121
66435752
173986448
891116837
387155625
859307310
273457162
781604631
574609082
254773034
468532610
817533564
318573106
869825216
888381371
642474204
788552190
965211256
32756532
917422944
315027894
732667306
20732599
401955808
522271912
313149284
894181852
507870040
572123873
495081884
876336080
391536745
925894979
746355624
134260216
436530936
955890552
743924881
42723662
680563102
887168892
290375096
859227234
316786542
268846820
60872177
858720887
151816190
563784710
238272516
46054133
745994070
455742989
118383640
853502628
35014629
5435992
319469913
647811532
218794708
570772135
41974675
877554715
774466651
144373269
701669213
883976802
983197445
591000833
572845621
491889388
363424817
340860848
67362715
874811342
347132872
976267052
601252375
211928933
702895806
956162765
381683235
684483576
216257697
495658027
680704870
529074709
395258123
336440458
216221862
756324239
237746169
161817300
486559837
955196207
413386393
734965615
965647014
967965211
716892463
69718107
272568678
894639261
200214186
969288625
614869737
847529212
234678896
389965026
872827771
39726251
563407780
889299499
785847349
956800649
401547481
843567615
144648750
244393852
805998470
558075623
272876573
979284046
472658836
909933286
201870883
497426345
534500026
791910959
795436951
881637484
512587853
833445410
383812533
656007124
447428224
79767220
139049122
646594057
905068107
580414643
215826248
376091699
138728885
432810452
135732461
430775308
469322993
505461605
437788035
297938539
570308106
24530596
653101643
85553513
219192602
990666073
191530137
457292923
548152145
340944803
530054290
651473622
983821394
321520492
28776823
753102579
864209562
30340167
923997507
727099827
255663409
148651827
243814892
181669022
532101561
384461612
775789469
190170313
340224713
701510303
19387350
595050211
866151271
151589414
995352104
540979383
559941211
703043125
352696980
65831473
703686728
845057933
190831588
22295085
188573030
653946932
342312976
399935058
392033728
224960121
752352902
675453387
28481659
872435622
566240118
975143781
455988138
195980086
428189495
840793258
32305027
93207702
887912090
818301672
48494107
215376746
455361759
365475266
444136297
842618135
235445423
468425793
137708370
764442305
495683745
287053605
745041097
340101762
258617357
998137237
758708074
308089602
424842250
789904160
939662304
381349511
313087424
103473062
340763855
50644503
506831356
823090892
267641526
429983160
512010758
664011544
929320168
600314457
606979229
607925929
334615534
582693296
512049639
223871106
811742534
379935363
821612856
914943558
809337571
985485037
754597720
11380019
112142297
89367211
705904660
671183786
503045058
705603992
86573384
727111572
35150194
293438887
229804741
37779425
952997590
634571006
287668253
686217173
220708473
336154912
940567861
724623498
574535981
541103790
32690894
772773330
320717605
381022330
280703039
577091404
723978491
562957490
16277770
285526743
641898971
126993492
363190546
249350926
558076844
324436394
265563360
304029679
747318017
501606934
441323589
376424549
340401251
818320213
583071050
310844076
398631291
169066642
770994562
894867114
284328290
650629391
912251067
376158679
627799700
624541722
369559386
688021261
120331162
460827044
688012650
509565153
363553325
275643500
889910787
161675993
591981168
321894556
243543126
637559120
135700602
102927363
542572910
671291918
251727993
392913223
750677057
168673511
599643211
804087497
447978851
473690627
375166420
805597306
311405521
440860731
71851500
893864357
289690444
706919578
65408961
682371800
140370210
578187057
211765750
88904793
151940707
291919175
140073607
961026585
53059390
860082375
844391029
210683754
541019612
769987444
657861502
77212585
686501110
507664998
301777338
703521969
902334862
857299669
131912250
304539082
196068817
866273133
317645137
407626768
88229924
487218184
88513858
306247357
55887452
920913818
336464347
212928695
949018043
483982410
991772165
967909322
47469080
927930418
541040513
541513018
355967991
338396581
193263727
591618454
403927267
585426540
356252968
403624184
857311955
543742708
423046028
697343371
478032236
610142548
369555082
839438744
894342158
716638790
232984875
100124794
73307293
637891417
582711079
801544946
528196541
719073060
632244230
166493418
506276346
88371874
370674001
765207160
288344034
283645406
996340866
969553027
209066562
791538474
502752763
712518117
977161739
954478098
112768364
27831816
709183784
807130001
562661268
590928300
547061860
782433483
754389306
291509195
67117721
873191127
217791728
646105966
661690691
124909373
581184362
364732478
492120939
722039109
648389207
584811448
610737725
267076320
40565628
896189471
348795817
856592200
342602508
936070624
722682064
970066262
257199072
725956905
292440847
444230357
686272146
621901138
178473362
170226063
43361022
253015599
63317967
750996477
444833575
183491599
173625821
775722502
710308655
12228513
267561571
227603893
786304117
713423598
577453928
62468983
597075747
584103329
330112692
485277159
706614353
676718074
113436970
531566582
415322308
329503172
554599347
328667568
585558807
815345414
295434994
316645912
575877704
746782165
498264326
897965174
367229561
888578894
608295321
12152617
183883729
92641327
163346828
411795940
894596053
998707319
656709997
803048025
943352099
454893472
450208963
577672623
699403284
522787541
894823256
768096891
163468769
461275714
803592894
785753568
294000724
720841108
134325095
976732215
199865062
2667524
104006264
569162978
283728420
882759495
932577828
318531113
944819849
50254769
303601069
855548813
115729407
85175338
428686405
833387374
932597828
477554521
419999707
364953159
303863242
986794147
380247722
349334523
617609456
351904988
257479113
521351391
839139032
714765494
315577820
9622953
51853059
574942810
746048867
627183608
972117153
116094277
528115743
822523297
991016631
94324605
829757381
873481573
471715263
47834010
705941482
751096719
563038752
245681270
362864632
593672284
39329503
195311725
119346562
140787861
928131456
995050819
762568066
316085243
143511618
798309644
971082662
958570597
599551188
660403294
698748534
6171260
123893985
954725381
16880275
749906730
304386835
239829631
959267813
964126894
14531313
90938115
492409849
213823856
149275131
368243486
533556364
555370937
415186441
490688423
509397023
862408815
946242973
801971619
479865316
430523630
390051156
306828216
216003289
567957583
517434826
999322317
584036514
502459713
194996311
961374391
728697469
934487070
791060217
394701435
907693816
10360081
380420905
945612148
212855316
903625523
869874168
353189805
521121830
551750019
792895872
451613202
316702249
122760699
990986158
656300187
131873035
859622917
494592985
55370556
30220888
431502908
222752280
899259903
836456131
41453284
152040729
570745793
416393629
309676806
381646022
131460554
30984089
273291174
655747799
212944222
311785260
602101381
999253043
321809141
911687967
590902978
785099033
332012118
508336492
254064600
561233084
685457950
342417520
254325200
232505830
172207829
682089950
714496040
930292924
691106811
524800517
483963572
996772080
691716179
670010195
525096784
746940311
579695042
100689272
816149312
523220089
23666766
791924212
248674986
409989033
331283390
7175400
340557476
178738252
416154035
741949170
338412969
268206133
800826659
890839766
183054733
854123454
813180764
976575233
145573650
723782604
56562168
541563448
409344177
362361287
4643734
798613330
853798321
259433841
136706348
576988842
404687033
43119779
433677481
348440976
883094170
989297327
427458841
38089985
448996007
794263787
543533996
846844538
604697479
955359759
819816830
193004067
548106989
792364867
202418591
295323650
946818712
345322122
814517409
747465012
372532765
975609033
377072301
722155699
49854059
768556077
456990909
957997303
239547522
537287723
189150072
110177739
217699188
311718852
777884337
960799978
400434865
639815916
773737276
169138653
980688763
250743646
834788007
973698217
699544076
557719165
877230740
745299954
965155586
465985902
790531519
421930903
39575119
182437761
463562636
107931628
628712985
679944380
950110524
91527468
320217547
217427605
864375572
587106500
599804911
133365977
691091991
195405298
309347893
199457637
413245755
885216171
189632563
226472222
342407241
272775046
967011335
639574400
793867358
693438845
446672117
465580689
581538679
319884685
261387504
554567527
851418103
28956834
153027239
532094357
152352022
305067289
43129241
453988767
931240418
564349873
145426165
477793490
647814771
860958366
78168989
82147693
151245737
700227640
52023851
429498491
881481296
327712370
608638487
804551687
798584711
166747616
562921165
906716203
690367606
627714936
546157830
535825864
229458077
906742503
814396744
166170083
771167105
937102760
613838596
587493401
779217333
44505381
560950291
225789933
911509907
393552420
978952625
592211114
977289560
231873698
518397934
599814511
706681491
653716783
661999679
815105615
886982066
782108519
196999999
836853111
276556593
204405040
34327873
631086118
860183934
888677465
94155858
790670690
643890538
624886729
147714979
924033652
595199409
18215234
967306157
922095036
567467598
546475299
285702937
417359700
505072878
76813411
456938221
951751970
642906183
449950169
126001809
9128607
69665665
633778101
981234792
466169920
239518339
773503116
155906070
400010593
267996886
552037384
586254994
543245911
407545556
530813212
236415570
961745951
825010356
44499731
714759476
285135772
817743119
180744618
682219319
20640086
366824464
501420201
71440317
6434149
291536586
52103207
674090367
355947598
241279286
410198370
454979585
891046093
292271517
712717865
831738396
208733096
548908384
173225375
905089299
666020102
846535006
450377228
509480517
580463482
986021922
610291563
767623239
720073572
889202582
43526420
206899073
32616388
401065901
873353823
418837609
721646558
71702735
486015399
870221502
237345784
580800888
800191246
433975042
13836907
67608130
295715431
672952449
223581987
650720236
170707136
835332168
418879923
320849403
786654654
953326621
897993947
862045708
206558694
630029857
398201354
155874469
493851566
181234529
751369500
242106001
425262936
630231385
142206109
216559850
70481508
963627375
501995359
348516768
592270663
8790069
730459112
434582481
663675674
337652079
627944163
125622711
62349651
161550472
271321254
929412179
458606754
63195124
471291313
350750132
185945069
807516385
819574888
658885154
866218289
660843627
193243644
610347420
450676813
759213957
155541320
923097671
239468662
907105871
908421609
779811369
786226108
588250426
94132426
905012177
391663281
554330952
75241405
825723234
890542416
581830613
557578104
456980011
464391370
497874338
273867727
278039316
641352903
728325823
65121221
798594956
932535440
175167909
641132556
585522017
352741027
452008577
77169396
235007979
508322974
701150211
223662987
500574648
363378293
644425257
555543822
717306215
311247801
221182483
477251589
457120622
464904787
617545178
748947993
725585537
886895369
913768571
573607229
400668633
792140511
241819435
629484624
8354448
999933569
202408969
423109205
997800559
539953078
282122655
744182015
613041505
840609344
157941970
190366822
709548268
733492235
930731434
79508705
272958418
822807424
285723744
515171358
63853067
324424531
351425894
235233773
167584390
217250410
592345198
204800669
409841508
3223890
911663676
999057289
175244121
898948265
801233055
564308023
674547433
722195809
235784157
729917327
249688904
450883617
467740077
889916909
714904892
477189398
316481441
392585779
220432778
400338139
618505723
907653570
830055536
59940194
865511896
38792284
676470172
758714839
74720985
228243549
331679511
800839786
798416452
973885541
25781297
522167746
975339686
208195017
997039133
225111148
143089747
773781476
741315419
768554603
388497934
290094460
633612230
292549820
732055286
427598021
487949091
199782783
693626634
292405492
201807522
236657939
911617866
879687804
775562348
265408445
585204673
186417579
870690825
751822015
304976409
156398255
56932212
368335997
814425920
207041419
66371193
566849540
604580453
613735237
697475115
751537060
391809956
254006613
434721284
699440465
933847918
712319067
558018199
868796807
775750066
299972308
196919293
952969212
372894591
769131626
714821518
145755200
390153068
881412245
40348773
581030701
278483782
464860805
449490382
969048288
890147589
382812073
135984515
123429291
827836237
212856015
545162350
740697935
40191981
289453356
816516314
656984981
677528167
231398616
743925692
943049802
92119819
1283998
829312408
33594013
740992353
758902214
177247933
952155618
869462092
613315748
820958533
378800788
686816771
163061068
845105742
986417246
236369666
623982923
885118497
171668907
129809957
642853392
377012597
701049811
735291224
788080665
222186523
425470313
802552658
861597909
229525557
226613875
736543491
430764718
206112477
386743672
610811804
25711304
929076965
538875701
853677212
491777064
150467528
439001192
399123419
313139749
493899510
689548790
902214306
725878150
422191730
896017399
517571403
252374680
314862661
701113509
981889882
23588669
69237761
561869175
862988894
623173249
989846100
893152581
130962015
797312476
65197809
475339174
302529911
17087785
319361334
151427709
292175638
845677702
210056967
727906654
62531967
49698288
753155135
219141405
290542615
878562561
368538339
457317900
13763487
470171309
66544873
697821840
215148213
125187702
516409076
444248013
67823695
679208107
907754527
80701403
547172825
744493292
928988577
792588132
604559353
739719781
317838657
725066950
285152575
649268455
697799673
290695288
792495584
137823841
763675212
985620274
548276663
277148661
80502054
303640807
984991479
313325090
915885821
721556302
859378113
267231430
46974950
901168383
644332761
200650620
758160808
422856249
599679593
113028175
569070511
701533252
622477235
429893058
822185047
582473832
651411008
997065641
503901722
469420819
534458056
754949925
970369718
141283127
481664095
855792278
912588539
98321944
567745379
409457966
359303547
5292042
35894813
319539528
717013320
719354123
239941168
749749085
632712670
402232236
556044374
381834936
147602925
917093357
428273979
572722269
955162335
849876112
804444167
445613457
903912911
366169164
50100177
596607596
115054761
168153841
779807790
525788934
171195112
689938781
165707203
343901930
262315419
125720414
893364350
891054942
277002801
506958003
527194625
543693793
304077007
270979754
970490187
737400122
845416412
970908878
720230919
326329956
53080318
856456063
940077352
911682430
419071260
782903919
395984075
295949086
983419549
645009812
559350013
385770737
869737406
744363475
483593955
763283388
705387356
634495430
658913498
118813036
581679719
466471423
353267460
77786084
906866155
335327994
908583827
925343588
682953485
95869207
970324995
372985226
370615784
106763859
88269144
869541497
621701136
498906385
461685562
187636318
512677489
910084715
704567306
243200657
668866908
103838462
199952697
421509640
20181338
762025883
283678818
45873888
407150401
282337801
45379133
519109482
949877005
612047330
334214601
672280218
777048671
963598595
855895771
193736230
253214097
637776210
472646518
195441170
149467532
152055586
336782391
777288419
939764981
104451969
109866690
662200661
495570111
424911848
442012222
430885433
295148534
412259693
680508212
642609519
273626124
678534525
91071293
755773014
848369060
556152962
664403361
912589951
919059695
294595100
792760185
387289033
860667530
530534953
260562511
98213138
259754940
432101553
243732974
968869799
206039536
357585297
576280667
483556961
790658811
559373234
31155976
886965440
840897218
858131348
390321538
31495084
335164206
575026800
33691022
902015974
908338982
945075922
177920953
856798044
905607884
352505692
687032071
102931366
255649822
544939169
788613875
304612451
67658266
267109522
911965768
190909446
658853594
365421133
851807380
291326306
817679558
760125369
420093122
140895265
310436977
849713826
765281385
305187190
852522657
16773194
512466095
739258589
703694909
557213395
502456203
635735501
351561381
356369685
492405032
23514148
626755919
92444256
528681205
197194316
654754712
327780845
947873350
794435883
435685392
243743151
720462860
121009257
213757806
811038597
920885315
111314839
637687671
343537567
328102620
957854451
604241007
603324053
305916430
400324152
245896066
207918567
793578627
107007834
980152252
196439147
599485954
510156053
572545911
975745147
458046548
256040699
895956059
341560045
933341738
391813676
938008624
369924421
34678919
423186076
882828999
389926493
895798507
507140420
785333952
701553147
536287055
665129951
819678727
891962741
250364153
328310785
11263153
938450104
662213155
638498461
341042272
331655400
476990910
410125517
691293346
334695400
165680180
216507943
156691284
688801532
944392409
309130078
567867541
170915585
646566489
932547301
813381936
72322825
979497604
515933784
750350479
804164545
499668218
276392510
645125489
897789147
703205218
928338193
636073636
652278884
275996517
427743992
24425798
698263420
479604412
281207002
578542306
771028282
891619604
948741810
637816947
898937485
58117538
895698146
281537372
585241140
867654173
19336802
645946487
361602992
996353382
949292810
365205241
338552086
889181343
136510055
361508358
679423976
648207766
785137886
224947035
841037293
598139542
589383121
74668415
185506459
611738498
258711616
868530804
323501066
821151599
375570752
514431507
359678715
755021962
420810365
921813423
191721013
948617550
473919947
325036488
719403194
892790965
561730718
758517834
187609259
42569954
58014348
368905270
659035748
135500471
434234186
504761182
366615280
588159801
30970001
771437384
904183387
878155380
80296125
218472340
347416857
159880434
56986959
989664827
224852785
417026131
948234413
304145085
305288995
791972134
185636530
975044271
975294235
372204461
792970459
808090766
837474304
621748098
434012210
152403725
267909038
97031373
530487163
858365126
627589483
635964228
898611413
713993600
835385708
710579896
785208228
126188079
730908612
506736471
828754592
688683103
527621493
777042079
330332244
532485272
208591052
718153169
51001666
241911503
751093140
154440354
645239696
624367281
844292408
387114661
600698565
400244895
252603208
175568373
177070536
338236295
360377118
915842681
54150447
527239713
726105329
434862357
41355018
396404979
346949154
893507678
535048107
273965795
485324991
748056176
64985841
204842560
100460672
777192270
709488205
883220175
294037831
688157306
204729295
117197790
604308579
828854219
768321038
162821301
343584640
375786942
779241725
391155080
324762469
509790233
512351052
690230886
940457016
202168388
75893566
922547718
766200633
322788066
722004469
839654481
818534927
213846912
844398882
204318429
806024911
39548146
895882088
995320408
178768761
53277851
109507764
248479167
358428327
713946023
751962014
169591341
914653040
644839509
629416095
727146530
711202012
739838733
818701582
985380618
333466124
736906177
314380114
309071723
453064580
831566007
843959726
881104133
857524173
635506341
926803849
678988386
408281166
883304472
688157873
268700730
117955429
879693841
715546985
310516306
530297286
227454917
837775687
795989144
291298829
257963958
688094931
109643308
207100933
819066962
487559811
356002871
414830163
429686419
686658227
856820123
873511193
589817429
641620001
192696596
445575139
279529693
452081185
447138128
20183694
577226058
40543449
662459965
484345187
778597071
443763427
886578612
919101455
777155173
316399114
82078595
440305801
531234225
440909114
526407526
28671381
455734850
786685839
683296057
245382424
890103423
184371805
938599687
109898155
559743699
601145939
604153819
818878273
733469062
980354194
957995396
57939451
196717021
878380392
16359499
334629771
431092731
910046759
493380616
516664574
40639140
197462224
537186670
951160424
973556348
478257673
233512908
175168574
736325277
100216688
953103186
704710747
437291923
509915946
260565954
864112265
248900257
925321632
471651868
671034715
673817725
980344119
113098986
128459909
519124647
659879565
274799804
135374421
81064876
597263992
303433574
571760135
492626813
825995706
799364142
637771384
607239960
501226077
105030219
57424128
651982883
551344036
879902693
400013093
888905246
344296448
505510426
695728436
293871719
601159425
240986970
815579126
483690925
640699639
528212441
118347013
986878617
160158932
188014028
734897409
993139490
972041028
693894590
855601288
560143190
661969984
198315667
502699063
153132128
768076894
473065742
129798144
308991789
740957088
970491723
590120382
301825944
861672247
350837253
170990506
794563521
815345595
304034096
702968834
555074303
683517136
749658638
678266453
697016905
378921864
997793991
279841903
68902768
114413865
574614941
253606681
923542071
389280672
203293391
922064343
242259632
301276577
357815705
379329481
833606912
702816233
201702919
163362876
624094673
570421286
920034299
309202704
23449689
584423401
867163899
608701464
436779414
817637302
688287679
860155192
684777016
876187720
142756637
649572419
258211299
13818163
406294832
830298858
934705630
762541514
110105451
766868344
206562441
963951792
767688359
655823709
586894976
714479753
815094229
449650219
891393011
720496925
926686553
388623139
776246358
964907731
279022380
764093138
487879291
183619706
343606648
645865009
17756222
671656833
901998788
993568495
22570101
548260437
327189783
392721052
13803560
828329101
789519858
350501893
124148273
777980935
965876350
32837312
886498655
592777053
709708521
994903239
463937015
47974908
940035793
712992950
826055460
600220927
724857350
279481752
642691469
236226614
434346642
262721556
243255333
242077660
272792440
75310911
825873305
918899140
422747972
475742540
714608076
394879038
835537837
12990650
509747281
638498999
575700458
577198020
413129079
293705489
219789391
285118794
598021084
532707415
601283886
823410305
720461212
668516930
38763595
208076807
258457954
409959107
487414771
315799382
160437749
45470330
818869665
197427173
643755362
896397072
574969709
822440648
805979138
855906283
580008643
317918870
518395755
616136108
498095959
219669696
426523913
985182005
754699779
38766217
980436483
884783394
187634830
815152994
109100119
987037503
247713382
20440656
843152746
475040421
488514614
316141483
106154480
284731732
822607248
618829835
880370358
671179469
681380838
798390939
973211112
764795670
506641102
585265880
870226423
88342899
139686050
463363440
274804176
247944115
801068422
932634074
909244948
394599827
443324168
421027247
551391384
311836141
497548785
238469981
688638797
939079556
144435541
864131189
727516858
768270156
164438684
686452496
531455968
906562043
890090326
229616138
742126327
953089574
960709424
568559300
386084624
71726749
457562580
675576251
747749276
178723645
93351832
604433272
247095560
816510142
423021847
167503936
690047287
150810766
357543071
680826591
401692043
43615550
923512933
480541158
543872506
211538786
780788333
909677296
335302404
388317282
885043092
991114025
486875827
931943512
649593678
507935222
696074821
61460905
425053365
963221619
68925585
221619809
496821603
209646646
162064135
368857479
323568050
703679437
640607128
799774089
664738065
977438625
149064677
202656326
174290716
211199678
67055266
72655893
935848080
883148264
897683309
207986708
445968058
856729206
669813132
973796069
966372980
659786328
328145941
668162611
922630987
383794376
413015737
97114076
125299589
355735106
367178065
905930115
417946972
903357373
376891088
87480689
958789020
242221458
151156019
23825765
87508501
518783580
76233147
590897642
86316293
170133148
675428419
550026965
637329674
98783480
54673449
410451414
348035672
691687532
558913792
3973845
468169673
329408864
778691540
564345075
604802810
805542371
276940707
190188853
29059477
475081149
667567445
729201941
814755401
36099714
990832874
68447151
984834481
121127596
89069099
331619790
817285185
808233908
793707382
124694100
785387985
419305346
980534937
848587634
676771945
788381464
551029463
863316805
17230111
451479749
394249913
215806206
898105644
68923232
785866917
619253787
308075123
797226980
731849021
178456086
499746604
194368798
136640417
883063367
870486615
194673979
380766126
463280192
353596818
126333244
125822938
529219546
572335084
853711480
19725999
605448848
359132086
898789935
973811771
966858352
914807527
141195276
603621079
931794987
458858977
827745756
924197466
857449334
679648679
327944444
544666563
705874411
730084791
484631906
569058280
406206187
431720084
933450383
327700050
166200611
512561945
572623841
313895350
352506783
417742970
649252994
918624433
681516707
973304131
794364676
70249673
548901419
337739309
341656783
696843853
93405937
600414768
549721958
357559826
842059473
153811587
418028481
737471761
442784049
59827601
910183270
239710623
22288151
534630934
604039820
835702277
473692985
18706436
20436265
322888432
878739244
112769319
295235708
553675885
707252217
793357253
36636296
324987605
398596917
425431378
414540221
22989402
948683309
253488236
542179651
802958304
28721827
98410676
459255417
781957800
261327389
706198991
749651516
181502895
620642712
259054884
141905627
510772543
673318822
730366004
171903859
322958853
519814772
892945209
753194876
64615453
339370207
311787187
602256017
4166484
474029775
630527462
249814927
761843315
233775638
380144036
546786168
20378461
29027671
764568175
844738536
71236360
54613309
939794686
317244892
916015193
440375283
22192547
559710861
518184212
875433951
69561951
619722475
503584959
847042232
477009798
167102025
20515465
251503566
790553025
431345750
754770818
195282819
655231305
832029005
836723436
661616978
837924431
875738467
936031758
620221237
5248989
507588033
293151185
582371934
451292636
289960025
965226791
266899240
277166857
162737236
389829170
720196642
151367498
62749404
75323054
113603991
476791821
301461337
50076537
227026512
946121645
519995791
474896519
562965984
114856470
21956408
305076
495265561
844368230
695286166
332624777
142728464
904617018
663038533
332893821
633953086
421024979
69587207
268527428
821880379
240728633
67517813
68436387
232735876
647254946
57405038
107241384
103758527
88255630
581569329
139856727
649873969
475014993
316630096
984190560
307882970
681998876
991962786
167795972
852094508
537057662
842790159
310104741
698223460
413411942
637924631
266799604
903871340
52161404
106111646
209448539
984041214
903150412
803490827
893689324
819114566
264289615
823299627
892952902
866658371
581978237
264300936
984539830
213542109
17567740
323282448
512986571
99347152
858467368
313981524
67540814
812100738
67183449
193994142
693871938
903665610
886422888
700640871
552182550
937324055
117509724
163392338
417717053
479960016
972683922
267928550
513206480
156298673
28985333
612607668
118682314
470639485
604797168
863561882
264124543
970005428
635152230
476286376
16099590
754801017
415903791
384153613
428527688
63057808
752861112
325604806
985799981
239930892
528414205
717966935
601843784
43706638
890748812
279180138
775173892
693301694
450314681
80144448
743049297
287588372
716734460
144191305
425970504
141843711
553599295
115269760
361608612
120997076
315067846
137662263
415830124
655374004
569489576
7997111
122916489
705089085
822025329
575957060
736566538
34783025
829764502
388614300
392005551
788875641
195657038
606347381
813851888
20717584
488531284
181710948
17380709
405250760
345277904
438482111
136356312
382323828
514948608
643426970
845463807
842434702
590006449
243577163
213658135
364132617
490062928
270310843
166203815
106189879
897091563
596498984
938543479
387033386
655355818
612073044
762403468
291938970
396676025
916751420
426923910
857640989
444353459
247276995
328597839
641163583
20530632
313695745
347892661
277468847
957816987
907474274
347813339
923027131
273194412
615018949
556833940
156611504
726698492
663944115
759379282
475810294
762473241
512054107
866062735
969029108
260276860
3374783
776178676
580343655
762198560
700127266
361266429
451079160
251654542
738045889
458967537
795032285
435759906
895951448
768436934
354695801
393059028
180827867
735391739
663733577
283850573
344410692
124848292
578410329
241440286
481855826
729199831
450875287
913910473
822460329
697496744
930351793
596645974
445185970
112062064
252513285
57263127
462973346
466457072
608594599
864917262
448637069
705724943
762014834
379694553
427852198
556328632
443065158
221807788
395807110
81368046
330592458
867204480
102005741
31899190
180111377
276154700
459301048
995567450
240241
718800585
45618629
774254150
568914840
137473490
555211534
131428406
882451066
70075146
570751997
565050056
959793981
942181361
443533788
622110865
279472705
423936421
133823444
956603842
52586129
784033451
416360794
912223422
87097866
866273585
69628598
273213247
912874305
447303168
783176013
411649929
518493067
919670680
586889044
123797694
551362785
953053294
184120082
486422172
593758380
138978447
437377775
491172682
199001290
727034297
917761830
267888047
622852472
601448645
475657249
617215856
478659537
74354142
525975530
113315171
824369570
922342654
815697453
924774272
753390951
461290050
108173602
183674478
548609798
744541201
838008666
744999750
559740593
140208214
862772933
968936394
452284558
570011435
531449877
675634917
867924819
425539015
525409258
732631750
419697183
303740027
396872776
158881770
733517012
679236769
997448868
321024308
708985108
639219325
67629309
899115915
823907004
535056176
107697862
836159202
638715088
419247160
100928411
299741985
500030929
417796806
874926104
863956463
417580905
723701648
657726635
300294138
130546760
343527667
890799653
159855248
404272442
471241721
459980512
175590743
542508150
49561475
528902570
671378490
658784962
487315905
43645886
697891460
986460919
147316402
949760059
47600122
59642610
536835396
513217907
846085399
885965070
777342404
502945545
15083958
864772428
30920770
726187227
767640607
654341808
1952842
723445965
652873049
615995530
967713305
879351328
253830202
975369486
69299466
5766462
939026319
103868866
798801902
219761842
553186035
935427715
497653252
273647204
490549718
147968195
378345393
554457711
45671538
77446921
465081397
410020035
15696735
318710470
639380198
757154384
816754380
764330491
306377828
355288805
754898784
732224644
361970970
210501402
745522226
959759464
107961942
34633190
855830779
366175061
246392225
513545423
146148200
395983327
819746813
791682391
410696230
932803714
172167831
461509783
262505248
12923350
190833543
888515497
901017130
719667036
586323772
427269411
943473587
86941898
689234844
558533183
535490108
388333087
32361488
212803648
468654602
457616736
234470656
56729962
284874618
322246034
533618702
382336359
783622661
489066220
155111696
600139237
666069757
59167426
706025246
1410062
42016886
24878976
792060483
763370178
480510633
684062368
257673491
981926597
234637919
633852468
532913188
592202399
140217567
213440302
488496772
379428169
952756063
446198559
903955921
804860944
154504698
331370239
954809816
771980344
264647315
590505515
97456681
678333054
839565136
284988937
806243156
212211647
949236262
214574806
648907198
276109217
745106155
209498153
839423122
138795153
40489235
897554046
164294290
616733183
7808049
150349049
281677827
421745127
807740317
831105575
626622626
29188581
902344123
968608693
148069419
431054422
46595785
974851834
237270987
494924255
673861179
726493404
370892339
232373948
107396549
117539071
234877109
946009270
134464203
166054084
801992865
144149876
125933402
115352550
306378814
58370755
317488452
187121394
163087760
626255494
761880768
958304656
986201150
767790959
342306374
593361238
395726459
921143447
280625591
444043303
782536512
302133774
218119814
827508052
243915158
683366401
342381545
730770485
995030122
833302636
268211480
859599409
345610043
257306885
592143419
622995199
187966387
318193984
551923068
989091747
202479168
896027198
567052767
366775444
214572144
325064712
778070179
834637184
654747297
362363146
248392711
548182022
174463570
952362768
285565898
197412096
774242155
742250972
206543714
235164096
190508505
842514148
28702368
337215604
240357863
621014899
343201032
222254988
415141443
412422967
634432873
455555093
705235471
652252659
66118479
142965457
23115280
64591089
727122572
111356464
394464904
656924932
520938934
494089923
65581863
406235208
938160343
849667079
55861283
351494508
547662278
877794735
724476825
646304612
197162297
427615002
216819781
822773724
721243626
693225431
783521210
75836142
217323604
707612502
831858250
795695117
11417585
215803553
607729712
305703382
460039932
436446570
492464718
751153598
73900779
517104926
898386786
715543293
316856201
231831457
442973139
983611915
833420787
138450343
44252239
70277185
158295747
160212578
311552232
715133447
739614407
225738460
866707252
589316787
140596325
278356857
771361877
388765142
227974788
993309415
555532094
589039650
526801288
202695462
416769890
766768446
139722536
46861826
71561422
415519385
764249321
364887956
988772858
438636215
417390601
879002767
120861624
95616829
931228835
71774457
736728298
949735432
668151937
922621748
230707826
814444802
404721687
191807966
11424361
903557195
232954315
880937540
531678996
738285105
829552486
518522866
836580323
119599104
754309342
595105351
620516169
406199281
383963450
75006034
376594530
118447896
855875731
634799373
661103364
280871340
962090198
447187247
737894541
957805686
478636779
190433723
118693115
474952197
827072320
427381546
556811610
47826993
666611852
580294538
719619057
364580656
88679085
164007276
4096335
81963310
203773706
661965265
278176878
214755556
81898583
306477833
305783913
758357816
95021428
708269456
235277564
202634548
948228426
422858209
630192908
852048767
579861815
190963721
996202737
899774168
181728562
816291911
42537442
520624205
265555666
991470995
712861729
354684169
340171499
318168625
368905447
514525164
913981532
992717895
119123774
271843232
37863228
252314499
395153031
862238034
98987434
851067672
808935604
503111706
535080480
375748361
518455340
218210820
231435516
31984131
616053279
34497015
311570546
960805148
164095227
463133094
337587187
226048880
54457125
105107216
191204409
7999054
38094163
851383094
329744565
567060695
186903585
995524054
466877196
330775630
897642125
679006946
559704454
918087686
247285768
228918709
520141648
932908545
400375682
390132398
222252725
552856971
486954242
766686569
406332313
384552540
360750118
764833817
816073269
172114481
683566284
868565629
152240614
494860569
930300346
882812044
160525643
591865910
284205141
646024058
587261971
550094969
872088572
935989242
887202912
70212488
837256582
247957821
607076626
191155000
367254208
953507035
350395543
558780426
258951220
923218900
850993310
510138591
734163984
477493706
662863527
753237949
8221711
572696686
40039188
184436695
297631495
476695813
613880388
904070276
272375742
933677085
536140822
408504605
218306922
528874829
252602403
471356209
206532361
189170373
938453439
984000869
455517481
605887642
989604802
109768164
626296010
233932770
38479951
985528324
443322096
600579151
585083664
360569357
789048081
123398141
279849711
71180107
430055601
889582952
800157489
791616486
642652958
708808945
627638166
1465794
673796733
802193476
241460206
326567877
40446292
602745174
693753549
741673573
583046348
906751729
981044676
600828488
415441944
105502750
483167984
569369703
165480707
972019338
229929573
714743454
380122445
648330946
365111000
586143019
584851395
424172447
812350225
979259444
228883742
440375411
885982194
253587622
93376645
592188264
215319056
971865103
93174487
37419364
9700636
342233686
958153723
361785462
964457582
794053977
273253995
159476433
292050990
273834485
215136808
14209806
969530405
563769425
703176206
479476807
650348303
242332311
411202731
347391160
24110483
830780323
102101417
226066323
719226079
240079115
694279687
961379693
147948263
954087362
555649167
166074064
399411857
82987926
412006384
267158903
766359686
552043956
105748326
484253534
129973961
390953668
316084971
294267503
958616224
591166270
584627601
55917243
220452428
220692094
890448906
170837876
243580010
105970406
903934618
737432715
733682219
238186034
3886837
61445021
127870553
758431944
716005568
68019877
241715361
860062382
588136227
73359546
966848006
463530950
889319248
322169686
4355246
9840393
790046476
96374486
214413149
195923142
308361889
491794956
144139439
677918382
956422808
216145542
45380582
799148848
634901629
753747392
490485679
279869072
336573315
831497649
999516755
986336867
589639296
943214231
852777394
79172255
232928861
819874981
674695613
613703851
152243211
852732178
156313003
782458199
277885870
626144888
619987369
882519165
581176187
314224277
736623188
707060534
52074407
378946876
406438598
900547578
792361068
805115716
922967337
315952107
503703819
821722101
658279832
517975654
924057528
403111325
441267536
162435479
343525991
760513528
910147154
853675657
338878570
144339134
372434235
780012624
51573782
591268741
108025911
585252439
233796480
4995185
842667369
904826440
545138176
925171534
227864985
959951590
824712502
789059814
252954504
690176867
269080896
588289903
460056063
968404598
131750197
213764995
125323043
202844112
927279195
704782704
80191008
720665599
435793965
421403530
824263395
805820131
605591992
767293885
41928844
149931685
494266463
399352356
790808921
172492085
157659
941642588
977583478
69935255
778726634
344870051
685019930
929234150
584847713
616679055
228254821
857663917
963767861
247455568
898317161
70804216
145998488
108985835
280018687
930552874
73454850
814401297
357644277
484834840
22371225
208866773
130699568
438265802
207525334
211874842
826693087
598579871
394422707
701136630
427825664
469693831
324258833
728703540
208659576
51268102
235701413
417441639
877448869
858329207
901115834
713291247
869967437
560156084
911662879
924553503
333240902
776326698
633049506
474077048
886639991
442508808
121912457
433022459
646672035
339357236
232434229
987172414
320284669
495746733
652752844
897359847
434215436
490541723
880413688
38221905
874112465
274363584
354905523
892844673
636480831
392675771
811612445
861569629
478390521
669919637
603722248
415965254
910258374
865109345
385273482
166453757
575319763
830206966
399420197
392713424
774991408
358033208
982782677
254402000
407197985
592508396
716669903
53083568
877220302
394239091
985956613
648010083
874879571
518287607
282177721
844419618
428727818
910468430
929104572
424543257
803484880
600084240
947594391
223326851
531314360
685893290
213504133
822547914
57191841
231423748
49522518
293579810
944501713
530779287
399938615
644878737
63135890
68536601
731695165
554291594
674273690
916651988
530624242
342401381
985113417
584670554
887724260
850567803
590973983
69486299
299980946
293468256
816112733
371294965
704342113
628115558
582894715
7306801
28132965
643680547
384581549
888539123
267901633
480220556
235268708
887157590
662106202
412312541
628084021
634896009
26645438
791861382
444225493
95950235
628770502
367239642
626449688
437853927
236493209
874156645
614430293
414801709
945563194
170053045
418041289
301933974
484876555
487017987
442426801
461351968
250510607
952475876
604899862
733047257
251844083
102202511
391353383
115341361
83570339
942674103
885907741
110737839
9318048
592603757
471574578
356202184
772164971
594534064
218425996
454769402
871160986
214013720
587694496
292945927
626130260
739560335
716493186
504998695
849230552
399623650
103070021
156867858
622878797
444893670
461717028
111203849
376294431
316536293
342736614
325899310
695541387
477735634
81862057
44475110
847728706
228403471
269516989
253517105
648831711
46359339
503476894
444117002
12741789
324103181
392067276
868215977
136238720
315251408
305909991
182758591
396408329
511249520
695595207
646362729
209655251
493356260
916433766
499988817
395724218
396961659
539014492
956330568
872534053
935205141
4552533
639842454
572502849
461925441
349737972
835819921
902913022
213279517
534878475
816406263
183675979
290427611
875090793
239120760
17677018
847862769
381331626
612744063
236989102
9572987
233627577
196519434
381177099
688331356
757564606
138912444
585106976
894767973
524468888
978647197
126314009
254527627
907439613
738756362
680136048
958949112
864857768
775238134
239710420
318477952
637207611
926784461
681466822
382510
853142309
694193124
742959140
853174310
583604393
949219072
945656163
309399803
400868120
581935252
377881506
839412634
136347414
451758785
786630590
939091496
744241619
769518543
764725038
463810696
629851586
145193731
309082905
500255111
686293561
33358658
18670815
376767762
895575932
334979936
717726891
608218327
77850281
349627384
433260532
618307447
429786009
980852446
214499433
159939412
551838186
179257077
339566978
149980666
227205415
266851716
21919064
467728705
491380979
516315772
350752341
138028507
219288216
24443200
151232664
293246018
112399912
685057918
206122544
745466920
317398064
572617126
144852191
10183001
512568279
456538569
101834533
926756539
349247206
840831478
202490818
882148834
695623343
44210876
567396840
869035380
713335417
493207644
435724304
195266322
835457826
504512485
984862714
231766735
407744473
85137598
679550867
652303943
826355925
285754036
477213407
639777740
36497582
3278258
952456280
314284270
600402250
531945314
674874999
214147529
29192262
543411700
249796522
376197681
424505477
551931353
611904660
840786202
851050885
269402596
385934446
448503422
775347705
380748887
92832552
645545184
416775180
74688464
251197875
432148323
254191028
940937345
307542724
771654931
709441957
547484153
703309070
436737902
777174784
908578317
952606432
295628834
823516985
180425103
97740714
374942540
967238102
508311860
601258496
230272975
483331159
412805575
525223032
13041838
117341330
300595987
81515958
373600039
711650117
933001570
605457661
152528150
137661921
55770460
249386639
171237929
226635956
417957358
301543710
790349891
395101416
936232652
430328885
563171253
955968249
861706322
935978310
660870006
542108964
454624226
183247046
362618421
87456756
178856478
245364597
365647502
195748827
924060089
660934206
279851654
621147563
709764238
844092809
531435226
714893165
702011435
550605241
69055811
298002379
724912197
984580415
57230248
246630550
588170505
499989016
60289643
145836221
413647240
742935740
522255386
236631690
101569915
897586732
696930011
62797116
774100470
20058258
519616395
774214632
660118650
380146465
522023892
724483228
690974008
251084069
148295070
180458640
942733161
995228730
412218433
567010510
823707224
750171600
918318306
236066452
475897006
817939238
658887626
686891121
143106034
569583989
518141820
902259603
752174860
219839047
336785086
360208820
381721202
648283071
329092176
328808647
870318014
187781770
495931518
181954410
305605654
150569134
162425695
95296463
86869954
115713276
373780192
231819920
304365246
173036333
780386109
124738653
65102995
977012504
691532423
353381101
292703292
732711165
137969686
621925959
410592639
295387344
858577476
804972943
177248189
528763849
338648789
450290911
878889129
590431939
157451523
525553411
167416456
707143614
472882487
51599747
90972223
998841393
221606267
293995230
667703098
366653610
737157030
86030860
827977863
81029419
698940569
627943052
36419389
917254684
468956704
574322515
259158309
763829910
297471798
971343476
575195163
271595015
753693655
928181357
271116134
979720578
81418934
531598950
363093924
409791964
659159693
305785086
813544601
839068502
746320877
702980706
620605667
508870722
862720293
311251130
993650678
400026741
480255274
235052976
949553494
498136056
219427393
142352126
262378022
700641078
392748294
390341670
617298558
318830512
517228366
328658287
649157572
783401848
949816429
526249978
446939683
627698829
423041527
212511755
3120745
338383678
366669775
989120625
895409840
318327717
471932631
935670889
450741991
466486036
847619520
569112269
263262026
781023389
969584006
637020742
970714666
693161914
317574608
730631875
495873939
438501233
372227255
140357585
508723856
578516546
575606363
51827418
915083929
552203989
781339130
573437878
163220316
356386771
392858979
66657760
270500726
595134578
667663720
207355281
426390219
480877280
18403060
437190780
600029338
598348740
754735374
204873688
28893728
340650253
318110255
754557346
588134505
675386015
541241057
222914021
373219509
756831976
688141336
432749321
206439515
336383326
470741450
424174012
183202350
487455852
630896605
967441756
810628529
649249698
905424223
876344289
964741977
167459689
391626606
748717672
325101549
291199174
301654927
799860281
860669620
895999622
349803923
887424114
958737058
782486938
357830877
12628114
20547889
883763065
393772629
756731049
266739635
949667423
679436004
7042596
565457592
96207181
471956944
787175591
484135446
796338209
994537170
119211728
140505208
609850166
568376376
827591036
841972286
95189071
155922598
331124263
986496732
104249433
10321556
63102107
893023667
900479309
981519790
235286228
11138808
553326570
65632345
257575154
171559071
11033059
550062741
444536571
3725794
412460877
983050860
712558991
661451793
726540711
199455920
750055761
967188193
209422147
457880750
2484770
596886600
726576657
63668996
553773059
152188471
506082017
799749947
820862086
228624602
611660378
344494394
345432658
770582967
549528357
758477394
343208606
21919463
665237880
733581833
169288833
551064450
357362249
166247284
720702388
527892719
23582865
394085831
798125791
976340428
377865054
785616912
120642939
932183742
120668218
540479040
274612195
100789638
688533598
567517272
919289544
491918141
539840277
223957982
509620011
410016080
712766459
52924171
259391025
912959137
129216924
83306811
583390935
308094342
740749593
312258401
354321130
762544140
772078755
886549631
938231346
847298544
929271658
152290140
769916876
216332503
915799941
95608845
458185705
711847148
200458788
437198496
554458397
136182851
940129446
50640932
439590175
961409142
800950046
587452469
530175931
926589708
234056111
471605756
110914696
479131284
96492886
336148441
399556224
953276562
114751160
909625816
718165590
41833728
645360736
721154976
340528787
126870293
351553952
527785297
191163177
695064892
395482637
372139661
456307505
592047193
704093360
811530315
293734146
104063409
209430909
200340411
144754332
88578849
537639268
792014630
546395856
930653542
513031460
826922102
983494904
11753293
683188691
360581837
413062826
663673655
310264573
183995223
366763138
427107784
750049665
892253073
179716284
767965102
105380747
858085206
365093322
982024938
547039376
804418047
161485107
851119479
327551408
506649716
817345348
735572730
244234118
719338941
417298824
159339121
830687835
378727015
134112545
739143651
581469829
138846017
460555356
720717210
687102315
37281944
860808458
621817106
721948322
981861754
56458863
537937166
902338708
516051951
788821067
44618589
836740242
603842848
784959905
996667714
257535635
249723521
712386830
851253519
154939335
727278758
41160079
793939666
905662474
749184605
578821807
170044965
879529881
864896430
430641146
864436494
472296390
201131615
330357987
5717540
744166035
427125054
870553669
543906607
205847998
901053026
937394065
7308185
37940484
48002459
726836271
24063788
860831352
6938106
996988881
737915375
20282739
73444588
929584405
907116670
628742918
154039613
195461622
979275859
934215803
116999973
567028145
72178322
842577968
968384347
475849461
942455723
998742871
481364330
148759563
975649872
359809937
609300976
849101268
179234193
126267871
329165331
553031692
442759146
220188789
852639200
714270746
365462035
696981721
363668068
123551519
463991927
171982428
347175620
282206221
766879501
887547790
851449061
115726735
814059955
417587725
922394551
505004500
281292872
402963821
485817620
820512009
550618281
857870433
724404369
450583680
855512944
9696764
145133163
569348444
221961441
943142993
996677951
958654604
570087756
887100556
415402318
323758844
259499997
325402907
875629701
754978959
783992677
874307750
614880204
263463093
152191976
798213880
333054604
100175768
407489922
977056813
427422277
557070297
418654120
282738511
636728693
179463762
222844522
682289241
645747448
806310232
938551625
717491493
747528802
41931370
127613012
268616608
542262886
146212026
849163517
510704119
101331434
711272628
398361237
11753293
683188691
360581837
413062826
371963141
157026125
437122672
312757600
893851516
497536440
768598326
704876070
157967463
686864933
893607288
588438720
476835950
692070757
387879654
535140373
30395885
701254188
72993462
720783273
216129932
556822162
325910207
670249092
985759361
823449324
576674275
665042223
346519703
360967140
487397199
447295478
623379890
889514
485541907
737108542
737966953
294806786
447064001
518431105
279399120
687765164
750719528
240345166
345258691
47888076
816158363
960262623
976176061
816446345
929631401
69800773
161521073
355184299
957736682
483404272
330401472
588043333
321612881
314978693
402678162
50045138
896268266
395697139
124194006
452600317
410307937
386099334
303192657
607006334
592052096
973409909
426823015
753386116
212452435
324886299
943316693
652220654
902874508
212581923
921914568
959143197
352283671
8262434
464059205
790711048
806474603
787379838
78260514
992998384
455032195
248200879
902250583
151816779
273242572
727805599
350220890
646970370
658694737
986459135
984366372
50552086
487096198
135783203
179179444
341237180
29631538
776166129
897366741
673038036
805226792
267151759
9067528
930182095
986297995
180171056
537419362
730471942
653001253
900106038
711364086
960354216
278738397
324510314
825633843
89340691
117638066
661923247
788716502
39699692
801050827
657191864
559989067
272163560
357052790
279914170
216091246
317573751
985496428
898546682
448663159
437930737
142874960
570747566
40329574
523210830
521482094
473331183
284665811
172525952
817464437
549414257
465761645
783591302
815529358
836953600
733817358
143568356
795593899
544585388
144697183
596820320
993674326
586012208
330728498
902724644
75575109
598081248
301310203
186902606
949913235
871083192
219301763
985004746
227737179
420985540
395513982
733326732
458570653
709141548
272357128
370885357
369187716
338268346
994608431
772685280
488033921
467039474
826738690
865006805
738167992
761146818
662724600
745123313
651155401
420657704
589513718
512791628
406314694
429609728
5714466
480841303
604844475
380500188
510968797
66720066
7908990
987286204
397082780
972583097
333682510
981196242
872652294
571986417
513405769
231162544
276484982
829271782
780368474
536397686
924877615
175334646
783895057
437245751
657327644
495276776
311675805
404646821
371954516
991995771
501684497
114363556
139461847
117145116
251293448
730388241
987020744
265986612
29635223
716667684
918261888
883864332
629105130
739718895
422418487
77262024
104574628
848323695
513293679
138433856
805782206
662869680
344918441
504125353
221598808
82430166
393731659
737428615
577931624
909823153
823676435
164263767
869778498
690585364
903664891
119315107
65760432
261548893
262287858
124866405
268621124
105955883
521627045
853570576
332429190
714692328
998909939
378986612
724062810
940258449
369890384
866121130
732973897
800325814
96594601
154432355
317868601
700316272
515632803
620590968
782963667
490134789
876678114
621905132
622506392
330703241
478510756
555234345
386732587
133616835
357269720
838301915
216456296
602193114
163508796
481630419
271444482
486579330
183256987
554225467
521185995
295762909
167030262
429658348
13557870
208526841
226266840
886113491
267593882
380446621
36701682
61957598
300384004
535006001
30130994
203318224
797645938
246789226
26723016
338077475
314273205
992806635
300416899
665246192
285641751
774762007
247835560
883563002
784103383
552213287
435585531
86363901
569318597
250336593
827099047
498398866
685109252
29606422
266708868
791386329
253577013
792942264
562841987
939237841
412057504
906881708
298960095
449177390
434162957
249295717
215854076
36345282
737988302
397507024
816035278
375243592
524495917
578198601
812185875
813329154
91916230
721144852
147951091
81152914
738716061
694583734
198059317
63355964
102387175
929521641
197142008
686159886
564348565
156145481
675976502
729298819
173948118
816160394
795432574
271994799
275202622
273975139
547500857
191591950
630536416
660976261
796773271
97734184
927827443
699408897
355209998
985412054
419608328
799776025
376935994
286088939
113268272
299452646
315761061
585512160
416346063
812623273
352934686
924436173
507100395
873740338
301198306
450767958
328019810
396279560
66793662
842601130
462125555
531022970
207734493
155343733
264119911
388950978
497715794
996222244
227857968
242293909
305338292
747423859
27622652
593692768
234031109
373084392
830361576
696817548
473082093
859127287
977920560
235576643
873091702
288818606
187502414
651762893
79615304
578069343
791984404
199850410
542273066
249127126
228320017
866060160
176271575
7187910
571008438
489398422
738380342
330821209
459760562
403339482
921177555
197379829
11542136
873246071
216249903
294871337
952273020
41199429
182521945
401146522
26807491
334429178
934226476
148059278
396974609
186395185
514374184
540411531
97623037
763418385
324971964
718980146
730176103
862081109
324625215
621779149
65276447
944053718
480918831
131459371
484876715
356918748
860289210
447554654
482134313
294350779
270002511
317171636
509566681
26147458
824681170
436857785
827822892
626773068
870757087
443274636
312080711
888301375
241826295
248519579
351318316
141024013
598565465
18344519
778498871
478445218
97467059
879059879
968056530
351198018
232007456
577685200
521641611
172980132
549148553
689870273
451175387
169611907
46108767
48228205
512573762
981432637
35976058
456295292
490023051
280672945
267780236
945826266
810639940
131451844
326827213
358112243
35173870
722611713
327165608
856350153
15754453
253240323
124961950
519420136
205468893
974469165
492722481
713833376
532967915
917623669
937469664
917827198
324490350
942713735
143996590
321360021
760310525
399301958
4356759
797970652
309254433
32488487
541378514
195893865
848718860
768085425
146015127
663626042
628555132
529497106
222580649
990963121
652321865
737836052
832111304
52162526
91490137
707935751
907797244
486689211
12322648
705414033
676011928
746991609
935422243
202417360
310942818
847151192
972102721
103544188
417793716
712348169
910407095
358867300
233879060
121992319
108628400
351122292
517332135
700205454
514556505
858059587
425925439
922359552
166961744
33296835
44736319
981285024
81287023
648623299
915399585
895419745
110528743
774391722
378693489
614758702
190712139
244297307
894112250
749440027
924488130
447271443
617814052
549997901
472779272
60302366
179240949
825433466
537694852
869087508
302055554
45840499
893541824
361536678
701049150
428131982
60330783
233474223
582570037
681237364
688829448
655248956
924662128
984546791
750335302
674313943
925105713
466516309
872475237
767313985
181963898
432582812
618090452
498524881
484415374
938051589
106698990
94335761
403082961
925209924
340857953
804162642
666525262
560117460
300497729
764874265
794693172
423627803
406946658
177210246
959703937
389425440
639210771
139933585
836984272
493963712
132311852
309702385
966689140
704753471
595860545
620472185
579506561
200632848
786540484
659244438
679670736
736057910
570891358
926155933
177555547
261028281
2640653
97787531
650463689
480620747
953830692
151767409
284590539
229905625
218813646
25128
208702883
453738617
613421739
817322435
305368279
447806593
672218047
840867686
437259105
48217482
894858397
955857945
938034770
417815262
724677676
124361587
152513224
126168835
702459081
148236737
633385223
776330294
876377880
459371593
978020916
989699702
743765076
592815114
944284024
617673480
854691954
886598447
60352678
659072696
94264459
945325085
70393205
972948794
728434320
894096774
462765169
961344216
292913748
821034561
656637859
898862195
299084070
609426637
422656255
378153821
780346695
126007102
646844456
762855708
400234598
224432523
796639314
297007086
522454999
769806332
672184666
514455783
957303787
417147952
282614415
105915538
833984424
420553316
101835642
93285042
610661123
776780881
219473702
466694034
113114641
651775307
856535334
692688313
413738384
230023244
327988063
191849057
567115644
710727825
819234423
463017236
348282732
363686657
521178517
589396486
566904964
266644054
572955639
619104244
124219469
742490964
507248832
4658852
371046526
133818194
171117618
162129147
738088080
978622672
827504606
175953413
21577988
970456203
913813149
219464188
762649748
850065560
11055116
483314305
419321549
228243884
566794770
189382678
93952825
477002615
829410400
648573947
913979806
952218430
962324154
403480669
296039934
135608312
944803317
407011155
602732251
358534105
451832159
926767821
937726114
499048780
868374535
613757228
406266932
466016346
890262998
384720285
905924453
688702757
196687242
372901823
126878873
781815817
725952233
500667283
100354799
681341111
329597649
580437028
656457131
707138936
629992693
316447773
742345676
242631683
259065686
262142810
226210443
367149251
712743071
275703928
209732277
149700918
388927930
928507293
78044825
696113453
898970704
335962910
77861058
112150387
872440503
991998078
151046712
469015790
562926472
456255662
837881615
895838210
642819191
561549089
975746384
366379738
782404196
42669547
243886132
556783685
716031475
577224846
464447941
216705006
742797832
480934212
657584966
614930350
971877620
658009255
55608097
269651298
579561426
381778633
948758077
978422190
300768208
942559563
296814492
76546191
506031095
942524980
556274864
867951121
826355583
108270492
975226098
78158754
629750637
185181032
973189962
355621882
989716692
254711715
767916100
18458848
362221825
99958946
297406789
564479381
984423295
753053058
793590906
688945404
848536914
923499585
297973668
320843520
734618075
561399460
260973068
600827712
60836165
91852155
333721308
683187220
436724759
338474622
279391079
6121904
995496492
205260126
49583525
394572300
629503864
535086157
784434512
600341296
177502485
153576369
79651953
831427881
904544626
264355581
150126965
527779246
418297383
764412846
907853311
401262423
230466389
560324056
714911312
596260654
553656659
985834922
815420885
504214830
280776044
743305886
689497856
998665015
951093975
353490967
50799454
131062005
623956375
134199578
748984493
10078664
170014802
110095845
899364953
672624710
557035397
56348574
551940902
947058457
278679704
839025921
755925401
408953472
468872323
758124202
340643362
867245652
402660053
289311770
583103374
835563791
803340438
836018590
536371151
619218125
774628787
6731734
546678738
822335204
934218960
654884087
140745631
141704067
626339062
397509984
349728994
572193824
794846883
485035442
135948592
819451282
968928967
788795090
71492399
926975173
841700898
544407844
443565095
537191142
434100080
561647496
541127692
217629608
525206818
640223137
702678725
390456459
364165737
75804984
687775172
8892500
765700296
781687659
111528240
243943011
191529749
856897900
579082578
595321128
792843827
7609622
643136965
392382249
35705289
519141857
454119736
881146560
806779020
628994091
339478304
322175218
874020847
835682606
643650599
911130754
972821829
769421101
487648690
903787151
942831005
77585156
836292405
540588653
35992327
853152693
163306595
386059349
534861825
815795563
588099570
728511823
455607869
913966821
827749876
621127186
874737690
8812243
521639740
390073206
296738070
74268020
831655639
325316740
924970342
679018049
485777715
264507165
766755769
261231035
144429163
816601446
214403179
404732773
384523488
869755103
529430064
951802605
62392916
791756605
861727015
500104829
224117986
803862338
707976804
287258970
246187670
986490356
779790650
830924445
51679648
796223735
588370870
282998762
107186631
692050078
629860337
142541674
879532569
383375749
758700822
311507065
275464070
636623566
315422291
993355346
45225101
199950619
80553713
102207713
279757106
882065570
567008328
726031748
940746401
24176478
593716424
601972927
267450250
923724221
727093311
80809119
376940707
422829431
895951448
768433914
210058979
500530402
508943907
517991383
280705214
639132918
413697480
868124783
952496459
521438407
945387382
418315822
463309153
303610950
190624432
901743076
691530360
80860943
890221214
783601372
51001666
709731704
842038153
860417177
534126867
176771042
12488501
708957266
572032525
920141065
858591450
675776604
63837666
971469217
86044831
328353288
430672316
892584399
191815961
940237040
397956416
208390107
805078734
240139583
67297044
55628978
454617084
204333773
460949723
96391589
776372112
416445470
903851685
185638512
639976895
630498994
40990868
11656176
606066785
969913253
14052358
112869410
502355863
187529188
670981022
931762526
233548176
858738177
62347785
119708422
829305239
583759451
254037552
242050295
94724680
747184422
275753456
805543400
463077482
875283658
893148780
992977541
438318789
275698803
657977423
66282688
840559467
746576909
586449646
178150808
998795644
6164003
690174621
363595176
143303355
429959479
551812839
556625196
918292471
812039977
99938083
974871996
570034757
166599489
330917273
919105015
51613075
881138497
317319355
625139257
77441478
944101835
890085350
807886901
831157217
457245372
395452278
111327502
239408518
109596440
624200661
608372835
824205069
661675905
480442329
410983704
559515514
316112403
144353152
404746975
94703682
876095435
1363927
197559929
758628815
747552120
594521517
875225917
840116319
854749676
198881003
23477589
722015471
277549659
827108464
85303826
654994783
843526399
743344318
831809909
780144382
706801737
474925282
969575865
931200826
992295848
554957598
769505781
712266893
443289869
344710802
130980041
982810472
124442288
94410200
587527117
177690131
879064237
487069989
280995491
657727082
683168490
523202473
115482589
368216215
661484518
197391736
976626807
199632938
303437450
976559070
954315500
93554693
193676793
168906140
179312575
334400201
227001977
478522680
492048453
823977106
192653263
665129171
310250498
475248391
81859471
652406725
474446164
695704108
133865602
943937955
488883057
413942403
875712901
117852645
6062166
875849343
756357476
444579673
540064486
257074556
665188240
229057468
327492246
664910229
57255208
726500085
872043078
600362498
843658775
941675425
636879582
504474504
186464204
323783193
656134378
563234645
158407467
905792661
871354217
325674902
884154752
69466702
181984917
768130251
896050108
569305303
449232310
644770891
725381026
713432302
561456575
688920028
460839976
87489131
583867110
957462937
409512055
534438171
461138414
178799252
332484160
822712148
427173733
212670715
715746746
861788008
193388347
866890550
335487890
350078281
570626135
920225259
85222215
979044942
698410350
713522946
465388311
653841500
704247111
875162156
474988952
221196579
66507614
271231686
409575086
485083229
694897907
182328884
318662060
906301168
138933098
300865279
746306775
362326343
549556861
504434286
634998633
511475790
225577444
798725633
99266112
751900060
970088108
203622193
306323953
491454404
461138037
659382056
770396871
91909891
926940259
907403092
720777364
74990139
669563039
676834111
501727653
18333904
562293566
225745946
448254918
553328568
785136948
862573050
912019741
774998740
682396043
292357528
93796008
920973983
899213407
494360553
850892638
826171938
213732207
606688500
377427703
559886796
73547127
278340927
535177777
599301516
786363769
849067312
662323959
739884180
631101675
352390438
844080459
864620808
350099953
164693862
472503936
340323431
486882893
320179995
55722887
155848744
618471037
112440257
272308714
310112050
400041009
739386800
492775896
350473891
384567326
923379444
168172765
11328175
823467055
872347251
544359753
580986484
97131483
772632666
84711751
434968363
755408983
714403179
69902168
968166982
784623337
317265773
827718856
252520173
593718365
213346303
133497430
746966513
286436957
802788167
406302821
818468121
906108394
866443077
152850944
818611407
34274928
200606257
350145477
646291487
67319543
754890536
473406897
104380865
487033430
944421942
612573501
183092667
381801886
696476840
331727523
847814419
453199444
921023895
162888526
972908321
139464756
616318393
846430007
436186948
994156126
157807832
763898434
466709727
561651475
849247954
484899921
650642426
834260900
13612030
80795357
908686414
558466715
370608734
793360257
654780372
521260459
957197949
983131990
328291708
261658395
59593160
561342381
237827339
921025809
457752760
388074394
748961058
588910925
302142662
671433740
386572228
976231436
417890563
741286193
139773117
742349269
953780198
782333815
597331162
429417750
194937542
666271116
330414883
861706117
570473245
524217067
644472853
722608171
190840594
152905937
606978458
604571231
421726531
782748516
511985560
729149197
435757947
993242615
664370624
90180830
414462149
17036428
399970516
185653094
675117091
377264686
487127041
841941048
908482920
359827233
733319704
854183752
345085241
935223392
780178525
213349782
859703382
835849533
306564110
122343766
478567439
624209276
679988036
972030639
477911844
603148481
208473605
250932646
616414048
442948729
897761715
517658876
392387371
504009077
175568918
787598772
863994127
572067485
375636210
601332494
429560777
21003734
291686810
580990235
359705124
769715191
587898919
987807177
221647579
811366056
497314415
168744104
102920177
704656797
899354653
968904765
716067711
543067526
902792580
583542944
832304575
460895253
25241143
296989702
901667943
368655564
831163870
891438385
617012226
793846734
67215502
412179957
894407754
297117987
397308086
261024703
829156079
835438613
428979277
811213333
304054013
223749262
197752092
976600617
270315236
373828897
955681781
783959511
893910413
136448010
665791849
426225987
584080516
444478278
900909340
595660535
810445244
939347211
907902926
120954676
310209307
403055808
187545803
907052649
957896440
631647613
389153163
682604391
610636910
805012316
741945732
447603054
220669447
344084492
74961641
321405459
109475419
172443636
104227894
98744910
93574433
772549145
60342270
317488452
187011230
62050891
423831209
483752833
336444517
189025513
859533612
112482130
598153693
873257882
902857743
364769771
802190894
666009737
165806702
989849483
457042878
160807656
96339402
104526815
92176007
152005448
684298447
818301672
361392356
915222384
153807134
175269564
544680468
181845192
751600337
595119237
478483554
947389088
573289606
764359783
178446996
554297441
450751763
639771102
59001896
739832438
932145537
156616902
946769744
965945346
59151518
205942233
554962183
774436243
118727612
864858221
682462653
324778146
458701211
213679957
578104331
32441654
806991532
101807298
675908053
47165559
125136796
130912670
273538878
590912829
800636163
437949907
196241749
20249307
691262806
477541295
872453764
577039757
38458421
893613628
42961730
912157677
907100481
878215870
796101312
890076575
567066368
274772072
829513957
479797414
903190262
977384438
326601390
128921431
601018862
477742236
862813668
260057225
308556019
963109556
635085118
681577764
271407196
285364317
474232284
84545265
618492103
723287137
213470834
650067826
585316030
359944660
664991779
412832170
717992778
170378266
204968773
873901778
435823872
104367611
130546760
340082437
430695124
14559784
799778006
753117769
204249962
889726170
961325980
652935923
376821490
792773589
928498285
894654253
252314684
520993925
530510010
317663164
317582502
364928745
124192423
605484304
114980462
334963123
80077705
774828657
199992396
136639106
392253165
113541304
584228526
54116967
792390275
558037586
313443421
158211270
958427365
588517231
198098609
661050666
872268950
237206712
113838505
375276420
368896437
955665198
404310020
951725785
497441791
262144865
646484375
420710664
487917600
635109795
509979704
780072354
179831664
779349963
31690338
115499501
783298409
500716781
901918690
731039653
734026117
976344741
356582562
855120749
70503949
182889220
439189868
106133435
608069649
632390617
717380797
610329945
265204226
42397738
440827898
155699866
627965117
804636058
703982611
895261395
402654061
838319364
981842774
682061772
906871744
536247878
404719413
113220716
541168531
456366171
232330542
14781795
455733640
674687740
197825314
981055526
754486242
312586642
305710308
968155458
535779891
43330416
594355786
296868673
449032986
411967526
821069928
676249190
635692821
677621413
501883882
213883075
408964896
8799935
862361171
670061526
668307636
213165630
991562094
937508567
169730106
274404230
504742660
557021880
394287746
65801148
803228476
659881964
640153749
296379838
525599022
165418147
170146526
671878102
463713422
745355585
104345966
652786955
362893614
9061285
79585528
664269471
881268514
810574024
746645431
951833078
663750829
32027518
611598059
851226843
611008069
397211325
983061979
251150513
445125571
297606506
267418234
284024193
202512362
56570580
746184825
982435028
566809627
131707937
23242631
65387281
962720573
65872801
251549223
513488669
144663012
219554958
710732685
29847449
720180841
817934056
563018102
211663186
553944320
790642890
604534451
128422735
207514434
767044043
172055238
19063205
82201465
745009180
947707194
372981764
247879434
573575756
290509002
52575109
741152399
275986332
411438322
748646885
563863670
588581487
306490215
706160876
5386388
523057438
821291060
574785648
216118017
80785347
534472239
438458763
515194518
572618381
412798789
254617353
988855366
96673297
394121019
444412646
891886858
76055080
927821627
694293524
870142924
536428158
750612080
261359826
273073206
949146419
8273950
391980474
949370117
46561535
841169999
72366911
470081454
192316432
136364549
847201638
450052460
267418234
284024193
202512362
56570580
746184825
982435028
677417318
560569318
314406961
91484813
252045084
665700931
861254556
770797236
268464760
270658820
384366196
190631236
688154203
685505042
766552190
522456300
540822196
988557039
848010598
962978927
39273565
373683394
372324630
707122177
19439305
397379980
704899005
343005309
34122213
20280563
17330698
42326634
110194772
438057297
280951714
347738642
641114688
662806102
317488452
187011261
162942695
382031127
748088613
530747901
446605886
685956706
210416228
438023301
566918714
523103473
246779186
795061024
348071330
431125994
201814410
904066005
713352573
310823284
106272774
639436400
325425100
185017047
523668099
205991447
730604142
259835865
180208995
153511556
400991694
306016719
924279665
934874378
838699758
265126306
220912565
271030735
834138573
932023752
398397770
830820567
978413275
765294407
739228674
229868152
430923762
994765092
184284419
59861031
230196977
336425402
583059863
934582963
843906471
170881381
867693598
686747383
515879307
329547347
442001756
792709147
228411280
221857989
938668156
285474401
825277624
868867271
213941930
118976063
33220276
645310490
651029640
855585752
271952834
311579920
363560315
982296519
86783897
787114234
693451867
33569493
592780309
587645741
448252790
462758996
545588651
798774310
764111803
665500636
502261276
573500921
484293672
358066056
935224679
558998514
200619507
405838347
479451923
115367126
921343238
1888925
810088669
576782997
748213486
4506952
806018741
702065846
583069218
371810338
70205719
637734957
497422580
987943925
174826341
207756035
745009369
729544045
183715109
917681982
114482398
893823486
597625444
291701826
134315893
240118277
10588599
774003149
270145813
693869073
262924816
711296835
986307559
414798281
718233183
345694219
61386419
109864159
68700194
769219567
940657653
383456089
411555007
218945811
553823196
499734794
391508097
89781753
877395670
363561922
60513601
486918025
730050602
220764660
289460977
38617746
764186523
476455323
530861236
818513001
926227792
414925715
555395536
53051190
279417910
648682100
911624205
194315497
818136646
588603698
38347536
95272010
631542083
727740163
908369439
923929032
208722021
438201938
860039944
888046865
351907909
575612979
767430014
644707121
16291665
507038930
628203
893335743
637554500
785469805
221302033
177681235
966085213
839936851
605064261
800816435
6482616
860414758
338385994
276626498
410489590
600080828
389172742
828713941
670756757
984279615
396082977
65251027
723000635
349288396
841297649
746693595
496012695
528609854
839016413
894719446
966545957
939702842
428349581
293860932
965130423
787122228
269762178
480896908
420299331
300227400
564512338
104815846
217093292
889904703
689764248
341621682
363506931
131371267
536922733
384422619
705240910
830091368
197683963
791806433
181593973
152543689
661928653
211065514
463016062
969127852
387773100
110804671
199784791
812073271
952967202
229361562
8711448
312879709
259897539
639854031
163556738
418111819
355159995
870612383
607822023
50099444
145205293
443735214
637444352
947698820
425817004
978916394
401013733
501874691
781090789
431403172
531659394
826420542
761260291
750416203
511103997
958207003
862630413
363435991
848729134
211024512
128240188
379590861
700242492
145498811
271209632
303434807
751348275
380525910
401762300
25198731
238060116
254959301
13659898
966866675
998271668
621062859
846776163
784191207
868257430
107207500
79555849
811193660
39634678
443933416
841781281
373737570
377650449
729294957
486270208
161123337
876929947
399975820
801358072
670252402
776542068
48436256
637814988
975061574
470795134
452132226
392513377
160399683
709890826
495220775
226601907
871339481
748913685
73918320
948013289
506420516
56785886
320974486
197155988
755304159
402625222
826355402
803750567
852378772
220385946
790450146
178580695
322668736
162984061
237884820
335399928
125381324
673481791
236854915
716480339
385192150
759935712
346146131
960564841
421954365
599001906
399327839
288201646
228694301
709429457
846905821
333657000
320779006
607060219
163828923
316800573
609063093
496479618
927485485
86277544
645238935
781101914
977099378
538775826
324391391
568435537
449418505
808012013
5027078
454085847
640193761
734557560
430731353
93657968
685518941
12108691
887672311
416342028
106821293
424881976
498451204
22412493
188496031
872730268
116442270
918209796
554009829
837327105
691673044
469548255
655056130
415228287
616141971
373620955
695700308
531066604
232610836
860146876
609032516
554187137
113273650
991269452
517492025
463277892
241297583
432830024
653083674
382404658
294857697
421401274
831938430
41207015
923050207
442540423
739568661
309258631
591117912
176704312
136661929
803442231
959447079
360007569
618201513
508081057
320847229
845176325
812410513
725366853
77637662
509944579
690907339
206377304
958374319
499817409
890346046
9244168
144168226
896345496
4943708
471578035
412781906
843383845
952976075
612282758
219869100
294840055
391157797
937581442
583164035
70470683
947952409
877660750
652538221
715263569
45026119
488326613
508795089
376139584
767033988
400443371
428768201
636793387
134288313
682607064
32446983
814028174
789553769
206717826
359988186
397394485
809351250
83942498
919549577
243522712
667212991
698626517
422735062
790160297
102876707
155767352
830580313
999803987
692068393
924669926
611312160
436983950
350692515
75406996
95614843
660269058
448529698
750806712
633318021
855830965
298520422
803326874
671628188
604038041
811864873
786552588
258007416
518224016
448181503
730423931
637184149
15912406
360474477
666679410
236987660
558185919
61833285
722759695
212512261
852776754
304621301
130962015
797329126
964149702
342737046
191884733
587090563
314027916
667424913
498347480
67513478
696218939
610471000
532607177
447580713
101020363
15639292
51740675
93439413
541175323
211600376
953262537
252969509
491217090
594220492
357593842
955130413
842874788
333586853
560625000
251222311
547188257
751075275
776426220
712051364
886134377
108829289
756766383
800935094
826105525
369551330
264274178
710643970
278227485
435212942
110346046
155185224
159257265
229997794
187142143
609480265
347489235
96867492
340897469
230907289
530090524
130834870
660319396
602055614
426661111
702138526
333326676
990558544
845512362
208438214
571275754
206974112
369027616
58600844
261687556
133510890
10678940
881826036
408513107
778726453
817213913
224907969
980368786
170021638
715727105
473814460
892713355
913741020
197829092
585938308
443238536
734336996
956799245
704388464
633811125
256633930
788124459
743457340
558399671
264653440
52832433
596863679
718027724
197269452
699896976
354220623
212033061
269075023
644706054
556147921
28835382
748618621
13588994
964558717
793264227
448670417
530732954
621486542
247220680
76322199
360042124
549932935
41863547
832413789
797329126
154814905
256891426
534075596
155129290
29611987
754885348
370772625
251185935
633161410
945540731
425982781
541275323
771129164
362896917
869849750
88866447
39738629
798854563
914581033
345951048
401176266
935158197
164372077
241440286
478689552
630946061
579593176
534403892
57656490
834433622
366519809
923206240
953620958
698440264
508944372
625839591
268799117
826083342
218612738
978610621
128595196
216808032
666007801
94601896
482491886
22561366
914655873
975085186
551408118
660667157
267249285
616351585
193497277
141748182
750910462
278941843
589611608
661280407
937406129
150115013
836251049
494346926
382453974
753815538
37585668
22749991
976720883
81771175
734169765
372218369
883738161
365749579
75720426
941533130
634404869
453118358
119541554
327604496
500704146
861943434
287274406
250486938
519183589
281324799
56875596
455956650
511318816
462575167
910397172
461307681
645500344
327340454
583242711
327416128
103372783
996337710
133250691
382500892
405407386
41730420
135624497
636876069
233360276
512940516
48073015
276830642
870799052
131517093
934512718
823740909
669067145
319083779
554601490
794143375
719504925
819395059
618420662
505247367
528186894
507191952
576010099
808759640
965348998
101861128
649135412
416837735
413199101
600554424
766083340
681445945
466100673
420728945
892525520
895944330
207003288
268575031
770870511
151594769
486105039
250985411
265394253
964612180
600927351
921607953
796234651
356101113
192056737
200705805
364082861
680335313
435373986
99049244
96211515
770807808
759060674
388363729
927911662
933051643
472370764
424912704
510282613
142651267
32070649
109408986
710271848
37153644
690544829
108596534
153154495
775058302
284586970
610335685
225528457
599872410
287002377
842328390
596516638
836881345
130077446
96188800
768518406
444757460
123221325
391155229
822046589
423394319
473109224
6386488
143233499
838001099
106800693
527445752
534205510
954281259
787004842
258992346
323593235
647021166
836245353
248661253
858066967
259539973
985515673
121463326
110331891
814089080
212797999
167626141
644916602
782537355
596375383
809228112
170497234
615043693
161192159
719884858
498262829
94154401
150601671
664449798
532940856
307733578
569719400
549330816
423017137
60609854
12004820
222704258
711914158
414204429
243510112
118911268
574278678
503999252
846952196
9508331
856413674
40071304
558976320
461365131
12329821
438575717
35563998
249260729
294004591
182165475
265726803
124714033
92945749
206902680
926397174
689202281
201981190
29906265
863362951
374549280
717117222
801200805
725254135
942977653
754518572
950697295
718397658
900416333
840235581
270775394
154260920
444999604
759251495
926917670
502832240
524179472
697060981
128655759
514296718
735873431
157038513
138804384
262732322
108965971
964606068
966060770
957428470
421716622
15602657
836702385
331890709
876765401
527955932
905322450
409976131
580021477
438844923
563784501
703831589
163746270
673361060
849222250
805181484
827094993
576703124
664468604
939893531
741993366
27092321
36736981
30229953
137789403
57248484
564916532
860599722
589348169
466668116
344133439
868895444
25654382
494779643
683131157
649220026
62672523
430535116
544596479
670741650
914488299
558726049
398554158
400271345
753280762
237877344
162337300
464636805
502550808
145996968
314268244
82209478
313038905
904978123
372517677
141858704
728055595
441571626
33589455
903594363
714970979
461609702
820354650
998027651
943840008
283088350
446726205
590720894
554540850
295641740
840511144
902131477
45562397
252355745
171543389
502966736
933470452
917067239
772233505
158031202
42288116
847477424
362805790
318864198
131683258
46032312
989127854
449641091
528861061
743117320
702739265
444730742
644135741
705697838
178239163
643422990
941620111
853227665
236738909
74566805
123684525
437060864
337026518
159770505
645687315
44755819
645351998
877653289
180117779
787867830
924176820
353109054
754555941
383807336
442590687
601726492
490424269
235261861
908747684
34461025
908064182
928578727
646292746
205481989
746114980
49535063
533963498
206495720
977050580
438785144
484254101
234952565
117977366
943409207
117520080
985779508
345825198
294878229
213986164
335278054
869078011
372420062
605328465
431403868
678635260
680342307
721460323
658292388
538428770
264400456
811117655
122008896
806684218
178627787
297260776
178720234
175522487
88396747
677057307
623059862
611434765
785227199
756062322
131298230
72353503
433128262
481469149
319330173
681143425
463331438
541865704
371099138
941029525
164393740
217406410
29040851
202421623
5965914
519056762
83144896
51116409
155543117
693689589
496318070
48771327
855437940
565722940
885835571
616686929
684217260
278430073
653559958
487162449
249401768
606212762
724764169
255926762
267954640
345584251
831120509
363879986
220683135
189601706
616686929
684217260
494534099
352691096
163667322
217860803
628981988
346752086
509543761
765183520
340595093
819030680
280334375
665228594
276215084
907647004
83585433
626170878
319061206
915442089
656631599
913027288
838538647
886741978
690221877
949328859
864261429
383505596
675240546
897257548
222165790
507034129
783315653
902673142
303339251
447018436
175143194
418734840
769019265
996954154
713761551
55589682
598216776
331387249
97827363
131907320
964510915
110586314
807985622
331427443
822128022
612560002
695139786
894312450
842104329
150732221
460949760
206527027
957021489
972782757
723187261
102192516
717801063
326709004
866690316
931673236
272299290
239348239
191239282
774703500
996678402
696624897
200305481
298759736
56767754
967740262
984095066
471431565
850287027
310696552
934894648
63157495
794679618
736955136
764197731
181145344
110194735
935902069
818792030
247378458
662675014
467130487
339992588
347847461
489409074
43517277
482251238
540192995
316169468
199844009
803382331
16059968
285998517
365866938
863248556
901234213
807981781
713422026
929259914
106927434
415395803
675245892
704070045
480733287
690871285
678753460
412869233
668773971
933208345
449223762
120705001
560777364
41427180
889176101
372532765
975609033
337101012
479589859
147670154
804307259
580730707
623346389
61128444
212208244
765217336
845744490
350522728
740949889
68546536
890255831
510086049
741351637
998983446
173223543
621743286
892897180
35612265
67622045
85579280
441195383
537864027
560755333
787559278
473836943
625809419
768733232
341839940
454521248
749757562
21073605
961225771
925434111
560309226
283723247
18892878
964884122
158611373
871877766
192636137
758387438
559604468
402013277
453719729
716959215
12401091
860860085
572411745
967739687
846146385
170851569
175901581
439248588
279613957
890074596
515738886
456633457
874222283
327210437
623440263
553470041
789299393
198764631
306703211
685017272
583961016
652723979
900624891
405881484
404950277
740208693
687207768
498207948
882589083
402203248
352486517
792796879
247421008
527627403
23966761
258098345
405082598
661304297
288572330
782539563
440800654
947191443
602492739
241435744
817778192
897548341
219322300
122522527
271625185
227144176
860537116
464889820
755256412
56749344
620358880
276544546
28606584
840078418
559512235
560027242
228377854
178043228
745958119
333579582
907989185
253754672
723989061
690846705
631500110
956201492
498640288
240457714
544746029
461027358
425040520
2334478
207592631
373182795
580092187
618804248
803518143
769809559
802292526
630406686
824677829
576437578
163795819
329390791
893072370
556984975
399733207
599909814
356549130
240294677
787023800
605661285
667670274
484345483
869317502
509358454
788591447
388081867
650432346
55347054
782908975
7664313
378730916
411121090
82643097
530867417
148261524
378014639
115445400
854397558
272984859
155279829
457542469
718846775
842308150
302035350
616181681
64307174
118123149
399319242
713551224
460354552
838777199
928180943
225222771
262090752
192070468
521206568
220589014
473865625
864795892
677214195
783471763
950782319
93110958
433511402
901501226
147758446
906639798
629917826
395257564
61236082
684885905
714114254
835570282
742054175
483318308
790944745
769624358
378116990
100448661
353158884
514940957
811637104
158334996
668551346
931646443
690928574
412724882
433722171
317245220
462331471
986595219
578394367
447757421
991803963
422758591
875320525
894181390
659936715
569245545
851076955
241168354
846884513
173290529
895036633
969107865
83429697
169353332
810469179
161808947
10019606
165212189
235828010
933697107
914048771
958809432
717128030
666032776
573221259
117998463
645469028
797679548
722101833
4018100
408426707
300320017
185306957
894729454
280355573
636520745
337192919
325164842
77227839
732879258
451625691
111600582
531960632
689012147
318472526
392410324
391108296
652861446
298834070
792904403
577498049
296090093
245892697
563078323
891743091
597727346
96466585
94547742
115997864
240956263
261426059
983339096
895179221
956386957
762325130
868015491
149964962
520771510
514472191
857650577
365997451
102117165
209251148
593826323
664445917
595408244
802754293
996590422
652122473
430145079
461093727
656321987
103644958
557956030
552232864
59168916
17843159
703280159
534853291
72489837
239570482
569616299
779669214
675685991
280493302
591798572
818327527
383371520
882105927
964139940
829855965
600445907
849734853
557039577
616598761
669942498
903977121
689757209
727452669
440135200
215046033
534969326
814405954
446959317
970059245
131896387
48042825
707954330
649874371
436493333
758004009
698784941
323064415
389201685
16775899
140044605
538146500
912186734
571180790
914611028
29632465
765803699
859538508
72910695
975694398
754622129
746000769
749373972
150463837
225000979
131471201
971197651
337125887
526258314
92703839
867761706
101384792
55611653
294319872
169979616
839935172
385908102
855329123
452077463
303469246
614450392
487654645
109779227
989649922
449331311
775556536
995082405
58688669
721930188
923241093
431844318
670290586
392129319
230984433
959430829
94872507
320742901
166110087
101030890
491710230
831688869
8416102
148928513
871538541
446030701
470406432
652459583
34324043
361573125
460422551
296389240
683359290
704013435
186124577
530707892
18965964
124406767
697585453
347909945
96716612
478419514
417459485
164820432
924665311
597604634
860654517
609028501
665661567
858595578
441354979
547123485
677721955
946135575
675171247
236979036
257296303
17096188
524018926
981976791
981720636
655495223
192093301
416680057
408324684
915574996
319583169
612049289
373699891
167613133
763023929
451714089
424679911
538904416
581423263
485905506
289390458
922726452
627916684
334053572
349603185
95923277
188875394
320208572
531399307
823261560
918870807
376902285
779912336
975257820
184683420
216433619
204629133
122089009
969877904
6142936
535393396
219720526
805377001
364446204
83829484
788816653
358788421
59196102
61246764
477791184
759608440
326110953
106398885
294306284
349094205
518264472
309357795
111270612
482578331
576001097
986081063
374892863
370289648
739574143
705485647
936179085
367376400
778070073
161079312
933561078
510653934
549608658
826004495
699547380
552664506
421346354
433134262
650249186
646547649
94516440
172662187
127578081
299789783
684786698
528515281
67644152
616733820
877993244
354979673
749258249
187815679
413563033
586705375
436718248
386736197
720664985
685483294
6169938
376011497
980757820
903055793
802904697
726262300
148348591
544491253
125497912
921115214
362755097
864152712
979967654
355099518
789888958
140874163
927611924
104162627
700389323
965185489
774843113
427721736
553916879
184141062
275401063
245128640
220958385
636370655
276052556
253886369
884089076
381228980
609429665
649662364
59404285
251554644
195956736
988718766
78720594
810897141
481251094
489352438
174977394
164880949
919383260
467358649
901100910
45335473
244292351
796038719
534184779
614966358
481085571
221716960
910199114
933718067
817001522
101522106
495202677
593996613
980817556
206511606
844227292
217781701
121788185
792460167
558650557
277521447
735594641
26507621
60816641
561872672
661167356
590656474
359873388
501037288
737854032
440504122
624906753
682167000
333494082
672430448
846657226
446909049
12153463
872679291
928356125
475940125
147932012
535942975
245092796
784527189
95029685
215362114
111394098
21109854
721626218
311380402
924713526
596902990
86908975
6980750
36880057
488147495
145447584
75794081
812004499
565832382
534745978
196925290
327659859
731608697
733673268
506904971
534309923
130623237
664871877
562125937
188566975
211086712
756210212
787478724
222205291
48968013
85045004
487484765
900273000
177476109
839774379
649088758
193551840
882359555
944456814
153094410
981838728
127157551
648544323
672771304
723130617
613812722
858880151
840432557
508601795
84738175
850350441
378834863
310896422
605591094
663316760
637502098
409536862
908693742
885085301
992916781
874881584
283658358
713279866
711574316
757247308
701377306
500697324
658254767
528396858
227449455
926230071
949894495
935619407
887500044
327078495
59398877
547739050
994078371
20991065
638732320
505100993
197913311
847756926
72159439
373772386
75804994
3700807
538925431
629661199
861475307
99384832
988501122
723421358
871721982
417172792
598459124
775208179
329102000
91241457
768781769
671027633
568508700
865396161
615420444
953758817
86381787
493478011
538053515
246581102
145726995
408643599
326553534
23803580
978604768
256618609
808916195
515871813
956384507
40570379
887774865
299606512
558288894
18633884
575148516
506297960
692717372
310452024
263120920
727125357
207443108
239102310
638702750
789080608
575732711
48479093
663163138
478039600
781009381
62380586
755567165
843845167
507481555
409671630
373598095
737604169
5409400
564897416
856688740
98088763
607673922
659824097
374417645
29833109
753590873
852557574
949143290
299692529
52208097
204482098
227085811
126670380
901704396
449806704
880859479
655068061
988386793
210324910
859553509
437532161
486923527
865427833
457881999
921499195
495667976
698484155
735608212
976450009
368124275
854009656
868093734
182437230
3978531
770434470
450390649
5203062
174646488
337014065
938572484
732158795
661186672
6607961
647115279
38381442
352906143
906262949
876753662
252634421
228915818
293153858
157248506
811572535
753849730
566143874
69526735
802565972
737121134
698468935
952015469
947875656
883413746
177249968
569336611
170724201
430509171
220674167
223560304
135793177
547420749
234317057
307330658
808831831
376023689
1603438
991165207
296598886
162384855
312128622
902551554
314734042
579125791
179716552
146985965
431276755
490700908
272192293
95923639
281683662
967500677
685309663
355923081
234276467
422781751
443886490
608951662
921120420
536228550
756184098
930595571
471812898
135861534
769243640
341331122
915472902
337892209
609592086
342392918
865296846
432748202
237581186
591724066
480191925
648519065
552629136
225964694
998847755
722374696
686038458
941957328
774456639
702288476
105162112
33264316
376174220
843511080
977000304
25113295
455206604
459829170
433295206
592757516
631127015
547002887
102512325
840793176
647501232
999503267
333510787
848295533
817038093
551260904
103092853
960629988
394969830
359195088
23175232
238308987
3812231
989920910
385892700
12742303
739991826
703375982
371577876
867123543
855863500
879842313
642371618
785261891
643006840
278185358
427070372
947294555
237872848
36953514
33681678
852319638
941673917
63633070
833732354
633936814
509523919
947039313
340283769
313570579
325714876
926083679
725286024
448241865
262335708
342013982
235062739
463293485
284209020
908096835
495970573
310203810
825924174
798345124
792311840
941463077
943156722
95452413
55724057
185214828
48075615
278480305
497169324
103804590
414564537
647564919
68455024
288882164
687189989
50747654
587298716
773182081
65629087
693966953
465038082
219347854
419578342
451009509
326163806
550439801
670821865
467109395
215689442
883136429
233091164
223324134
127513312
713078560
780302109
109235987
927943586
763517865
460730075
198788135
344836622
912907677
816872891
333863899
144547205
657560771
378326444
249864502
660178678
314009675
706017681
684035720
388833646
357439987
434932152
708728660
781549704
339248163
774493507
285485153
37060371
683226309
842923253
475595508
966812272
859664297
226257161
11626223
52605197
380782260
300997373
225313120
168316876
212682747
792119984
10342496
481210293
484547140
365830513
827163004
195976080
288465854
7312334
89818390
904814082
672222918
22517050
243177702
130218692
139431362
317893103
852184107
196296275
353636642
433782542
436760682
569100322
534054493
900674610
334098035
877880801
146928505
426525523
694065931
707166242
614855052
187098007
777846145
363571905
497743894
322005243
215706796
80720468
22573290
939588493
998984367
253063275
956169359
468981214
936296648
161443434
897721034
704739742
718246699
376854783
729324197
789771021
698165841
117473167
261463022
820241202
47271786
580171122
893254984
692896772
306236084
41763912
10144509
537455659
805807330
521822005
937228361
621001180
159134192
164840465
29925551
819633143
220064325
635081780
559276913
708242878
42214784
826785939
743977979
935152200
439922010
584715591
846282116
583759776
306048564
928982205
24428437
26637106
163864923
746279149
479519149
757271553
527251745
873491313
1747895
48220644
487225378
294469388
601122904
849957568
136824018
764722505
160569084
852376402
559760686
150662351
64180134
834585729
703306343
630223215
524664736
261741084
905539923
463032297
465306848
182513407
650297730
382205041
908809880
113157980
751676627
295917773
245251219
132946289
473950035
478131060
313199284
232492145
25855853
741845428
367860208
251741041
807259012
896770564
370253569
98664129
110328740
417682513
19958460
749136412
164533339
972391509
150618448
639277406
603279516
394363313
870770729
99593463
266351955
627562680
677415394
954275354
73285602
329994366
170205403
270309831
525627101
116959510
843905785
649578323
601065858
744248748
877548513
231684302
802107738
573564224
483612100
860517135
883421147
123556964
620171711
85805
569698407
386133888
315019728
16635243
451511735
40366556
308927553
339042092
362611602
151733234
466621577
554016648
172065212
557393779
500780462
724855078
581992755
913516572
452224102
694184328
90193036
287236780
601601037
994501324
396039290
574234183
912466833
582091165
916664730
549705742
401065074
137187797
597687408
265993387
812823117
733869483
717899053
640630825
931355510
760975669
266939641
269068076
916879282
556357018
610681309
826260334
608123191
204793656
223357914
929175106
300019055
924448356
78511950
654039636
8589790
481524784
759827961
361427924
237967033
817650056
232179330
960505938
821211251
33175641
82403180
185246076
895353393
695726420
993544160
15611710
474456251
868449774
852270581
770242706
704474972
916774008
25038953
361105096
439622136
226167109
530945684
804296493
640222764
896621901
544089137
529673991
768325084
753681960
475347902
436702516
670877243
824387693
3889569
681207143
931624628
663907518
12134833
525117984
47446294
839632085
198297214
890969381
670433137
514936123
927283751
605814905
748303793
123508582
581487518
249485132
321188196
706308727
308415242
578050209
385094303
599263749
972776251
382774290
78005893
40600568
236425572
148736405
810952094
296227502
434266860
566955573
386863252
621127464
514969796
900821890
493264715
277177947
927888279
395600046
586458149
51944197
445842640
394325009
900766037
228872181
665278565
651319237
795826429
774107062
695383467
718787825
945333500
528425420
224085079
945736515
845306267
870544898
104638798
477312420
810852920
344446986
480045782
728371190
923997507
310389284
341086243
796649188
331616876
900024924
752448283
417640750
612969851
800134471
141885970
812757324
132235407
74057290
505268374
497263099
855721159
514539357
566108046
772324792
386156285
537860379
911836648
138770706
435086899
461520633
208376982
939622907
462518401
527997353
575928670
513142624
11687768
376605308
27374827
153736487
335898840
761773917
726310211
877252107
973520445
905639667
641751466
239161003
395014603
169361906
347143165
663331706
557318605
149668755
917112276
719095954
739927936
725999883
355523173
249550935
181023854
227961437
675092174
358003269
447011029
377103873
904001719
938028474
426928943
897708239
51927634
590601413
839376096
112411531
147764411
803672450
941641072
870427289
566161999
903666812
679900429
764911384
690178951
918868236
175772574
648484317
974294201
811610267
701549647
862605887
165374641
572810994
943791051
16878990
737030445
758600640
737647133
529971885
774113762
975464015
311181267
640561579
929315012
889842632
474034580
689014396
434605883
813696961
433632395
791630391
60400751
934064933
828859462
190000364
1218963
778983979
811507564
805250180
359730160
718650513
436483471
865097878
4667232
439127306
443101041
495374128
350540216
658422158
5392043
395073876
244592049
654153966
57361972
580410437
755607064
578068542
490242525
688747719
345121948
28977801
191844706
549454524
821324165
223489719
922120512
657646334
735942695
30124763
425812483
497284416
935810642
329993696
73343415
840661499
981977555
104211789
861411106
99402440
869615070
307070078
516157491
15050289
860314550
171942752
118364904
212753126
933350050
594785181
734610564
652594445
777139791
710078254
457463974
246067346
15050289
860314550
171942752
118364736
170066675
613600793
678942347
841592470
897443668
307999088
485094802
852153370
303784149
984347302
84118053
555819948
361309468
161753043
218295070
785665166
285357322
697739617
604312996
570500333
796828003
902445064
971828284
37333505
32064197
491415998
348652421
8885843
411573389
350884949
749175069
227810304
632597109
638310584
575863532
421887215
412617382
711125962
156108919
636589223
330919873
768179735
857074164
566879894
719182677
607465415
964527231
566804077
868457481
581847185
132426769
977076407
385561040
519314612
287385057
783791237
954846074
253131102
40306525
35178992
889178471
438881630
809558326
132621762
105217301
410655312
8323956
391138562
640685249
428164587
303991032
167404959
186422637
573989738
384847324
733591642
679507247
926196268
801979903
352509725
781894519
683769365
261683662
7567785
228637234
27629516
461541879
300294977
616323699
894174194
113656543
314687910
100190857
890033568
157959386
858819199
115339361
569574364
948101768
512713195
406380464
730893597
498114052
399547574
169915913
140202881
112327359
81088978
595181719
970398501
998905150
312787233
399345281
999609792
482652179
226069755
949116076
342562648
967581594
440073255
534924261
949325647
642236835
100557572
484270903
642794745
485556409
555584398
432612035
619010870
859169198
928050676
971422554
734128803
278728765
657772739
7027691
461291279
660220552
127761498
991828523
622965824
566211094
73279831
444084986
485630438
226682799
170387925
848947677
948245010
530636243
321559507
565912312
163169625
382976579
944167544
573864242
911695544
921852774
285901718
651186182
418448410
763215431
332491564
601097287
843511199
371823022
477843746
756378280
254688387
628655688
360067897
618528614
741420589
412223944
349104872
389173401
576883854
228361671
902529842
193430378
63223759
469071202
329346650
922779407
397947243
122714025
20285853
258950567
153794876
920232424
97576754
262394607
98496806
665363705
517477472
200845095
563726588
42558019
115474061
815705974
51856498
168880802
921566405
615909494
122684128
136507442
340773460
806802252
891931885
73550093
244428184
626432197
724389006
240844137
333821190
693326139
583666510
78937183
784992321
738795162
774388118
738435805
694128626
969215623
699135793
896296575
999471141
398159414
88550287
822068995
115289349
670443592
878026839
23561032
520572093
327567501
962774096
464741894
629971065
943206970
652866612
130324308
607087238
136509294
93299544
496501750
492205297
603344505
468803267
137834850
54787745
795734505
16284796
431900136
955923937
270817668
992818613
233684589
452245593
966238244
306133423
555257678
61231558
731362707
529726703
397485719
701755660
843177759
104826525
938874023
157075839
532261881
723193861
360984928
567446944
865232471
385870954
170034475
546013888
714570071
177231597
631296240
83089297
565155651
195081454
93696316
563494652
382888779
487833122
218100976
133127138
792856214
365209654
786114399
227123565
489189266
182060483
430538430
954827778
204705814
702893582
309003059
267004393
36481169
762066968
974135604
913587667
112876106
285723411
402579301
248378647
359745774
8059382
247428210
190265059
821279725
574149404
363854167
619371047
198000281
729699252
913999861
455715837
985168835
460198043
676170459
600046437
785046158
78678971
227187934
157326988
869621959
181256237
741040500
253124908
620663195
448482582
407406625
913255972
153745026
309509438
396180877
968299173
959688477
846292340
853807068
861669612
943387940
215742431
920061682
125062194
386592308
28924332
711442468
230991994
803837959
58482695
20887286
364026003
183582885
927032954
477318308
2366838
37729223
948485198
467326946
956036687
747127354
949184833
75588511
49257444
214908474
857858105
540115281
436275274
562287849
812350473
143630886
167284022
993975153
130231260
976994546
631696385
71961332
22496370
465865885
968741220
254053119
156986483
453631071
272058745
989433367
462647888
767985590
455236822
677330494
271947335
758279691
879796116
816975646
258815438
766605578
104773807
373616052
898157941
410634746
99011275
636382263
979635253
714903457
143869397
246515415
651600752
940651791
474112226
487899055
807948382
24231315
84384598
398104017
549066050
250954724
446152753
858512436
312025310
702418099
168402376
120724745
80223173
427122910
100920690
481036705
117032604
754508880
186723638
830512166
316139474
370683863
154204076
305684763
135581743
718630251
67660570
431702969
65451774
900746733
275765195
403366190
860401196
464131809
726085510
399108826
988057167
233630031
162402306
891954245
885938487
266385252
32518352
879924590
559810050
569259123
433711508
281342392
340452443
425251852
746878928
501671145
25046856
567856562
313969489
652921876
470927035
174397239
744327107
737051423
177636062
836915389
55770285
602603545
904082217
420352331
119790205
762046185
636731154
229801811
981450379
65296639
605832509
430054191
994696829
180574087
533401281
323687086
106099914
342863735
307629728
406242712
224573439
456468468
472277003
669932848
52850799
923253476
472974705
284373345
886041877
205742002
249743748
960552496
230379401
368292571
516456333
577164559
590235670
850627958
402435506
926758868
417455055
723234469
782241511
22158774
533313948
151477003
618576041
939581540
528345732
160949208
580591347
585212427
477741458
36795510
267158984
606543643
327993572
104652414
537768815
606332458
494877759
733556000
814652515
926310098
51671290
220654806
626971939
900310144
491495131
108190312
246533468
210375745
388218629
601799505
445706065
222513422
713163470
438477816
379379769
784534172
39190856
975756247
62823264
514553931
420770743
218314210
555876697
931408052
883329138
120703724
888418279
764052427
41240517
293373588
952175448
751569739
853461725
527006812
768775995
176924968
828015379
683449783
981599253
696257032
455809189
527722390
146071833
741751443
850161641
141578391
522326289
53244009
56829353
351006757
845853568
679427347
168461782
792793062
931824832
275755188
210768434
698099721
211451412
150586803
627477138
976268351
52557944
415863424
840920975
474671368
131650420
867830229
617151673
989277865
117977724
320334653
720146624
845275422
537649705
12121135
49319466
677406301
328999163
312081654
358687296
698281452
630074698
755402099
75857448
57636752
657142368
716380132
925716844
155023284
83267698
804367727
564170778
44096680
241887054
800642416
87634524
566310484
150209712
700003154
191333617
140179482
939276907
992220681
654977950
90883993
628415615
703859639
540650890
634285307
422200055
374585102
388367497
559550561
409457844
550676254
533747325
944024153
136457760
507739117
611760871
486643080
59961777
81790571
592538357
951701046
310356068
697112408
631352922
916809750
607735632
717508311
100338511
464674588
276653842
574748676
209579943
433831145
933948880
612239938
766111230
892838674
283032121
772482606
349364559
608983801
434492225
769790535
201327174
461686867
149820882
140789516
755106065
557980102
603426843
112083592
661629147
377555608
109170202
951303558
720760366
201147366
938543479
846671696
723863936
732806585
508497606
739286346
705763815
643519567
567851563
609826624
176018280
314160927
589694307
477287136
427266892
1799651
400654910
359519043
715152257
102584936
839041864
233384731
617316812
23702744
924831185
561710744
758008478
727050117
936427531
423014645
526027770
961284287
587951903
663985932
640243121
161607247
542016810
393683291
497812858
153900960
106988064
553510927
385303720
616657970
308666757
859263109
255365218
42180187
486752412
434291182
325088150
399348398
325290516
175732458
394220502
978844929
853856523
244645300
577946548
988257408
935818568
504659985
845219937
334916999
422524773
821230131
321422175
754217329
43644846
609919044
501306601
857083390
906366713
91310162
594300340
191800339
529849301
823091009
652558676
986651898
243529877
952867875
128157784
263214113
96490397
762189767
767177298
737548416
713342845
718561869
180779774
95309347
527698475
617230308
9085957
586675998
312406269
609724027
874982107
843902298
116684255
549771476
630309394
531385696
967168566
555334021
823934153
83589567
389252635
933868843
441070269
877394393
335971251
174459827
972811183
666807131
695601426
767652999
578912252
913794311
495281426
558292376
900727759
502343973
904256476
459077810
21272938
420323901
579695229
679740310
68972248
583388145
196236620
397213782
985048177
112664221
11092557
566845198
749818
7821231
746886611
877220220
491837732
567621159
384505760
350097815
114782478
404542601
160611999
343666732
497145768
321078364
547680448
311793645
896390700
547356697
561116592
514073034
788682005
833377839
329495117
207851057
490521512
551149975
63138949
158061601
36154501
26807798
871143274
642538962
128303451
90579260
62264512
885920038
774804939
787338008
401420321
839195910
363497560
768692230
441120530
857938193
678134703
343314377
852238007
287442832
149166301
852757161
361261829
193055869
477114615
852194358
643856929
25690037
19366889
187893153
419391501
188060493
194845619
555745899
846864466
971397131
336286847
143500740
318929243
994067309
985675048
315267842
437424016
164598907
503520613
776191136
160996375
887291740
14130385
434073478
216443639
472610678
503335449
255463587
120031838
854197573
403266714
169917402
78586703
207371075
773465576
256600670
870960576
490910570
150147375
988682371
86924848
568722728
624454962
498917207
464913053
444344154
978974319
776543020
413897511
38840853
451086767
855304230
322618319
394743189
845618406
208218791
561399850
900820715
733618753
299702153
69355708
10189111
123939586
579628789
307546416
609294599
541017571
434562720
816313200
241309959
311383624
983089775
929488818
477064180
403783033
630248936
531659388
998874884
776558251
645431877
445882540
323328393
514427746
468782461
712215262
258365001
143499856
892513203
990004287
900894571
640143913
626190313
673974334
739490568
171394452
38731230
845130319
2784306
961156973
501302170
916041024
407562079
972313429
693634748
156998369
786820655
336178524
255799639
285566571
866134475
188168039
990053594
562399703
107925052
149532486
706715967
305957202
394982260
200170127
644895369
867138511
935081912
622603428
645575100
494708018
915580447
966948294
767182487
273899000
843506555
503877988
731425390
874847544
898862965
926766
620743131
114778298
967522429
899115460
395572464
256804976
32751256
903274623
807447155
529562394
431307511
364475635
448207276
673011371
376471346
254479410
278463938
509687716
23294802
289703735
404588872
129649906
867618069
416021127
87875412
69006748
325859902
763321986
849615239
274923947
13775233
298773631
445170590
755896918
324097567
40963756
534162061
190507659
507197623
495788295
592412760
735059570
72939969
702780385
711321515
570825497
456730971
962401189
962339375
419528342
793518009
291760184
859356930
9067143
67141165
572512739
703603181
305155303
567096726
503065014
90537103
547595976
691037866
823069625
813783486
847082784
486276451
914802761
950050941
620606303
462261062
921369834
402984403
155427677
756558736
346274441
82932027
245243802
169480396
761734087
660251079
30393303
67710777
715133315
22090837
901445035
981191629
821481388
820973742
640099262
780507813
779580544
35650067
645184872
255451781
165138864
991139672
70309025
675323867
553784854
70834717
78754941
298979392
208360260
659080030
486820012
445424824
995208210
121138475
892407158
870602416
850592559
807980916
669793732
883322713
58928453
745658439
191834365
169940830
104425588
804115285
224200259
114503400
534041391
469811937
124797523
343151701
498827957
264504634
932105839
240260220
99285200
712725953
530004863
218401554
135142919
746308018
390462421
979496593
709356472
754610105
264766046
564600817
266059491
36095010
102348310
521020740
767845621
264634198
816615947
122394055
704869607
277425509
758463744
961274016
226373144
240636508
89612662
597808924
749559539
676799987
769043959
511267857
194286749
787730665
866979424
567636186
889632270
212654339
424417493
431306992
130777355
232434149
563343295
640393147
917557792
55025038
780268903
923803824
556829021
724661382
840682181
847820700
576141524
934891664
333910576
92107371
634015895
775849653
318665020
940257542
232090115
134911884
880413132
836106184
791029773
440805484
183002972
688079638
463679438
692628258
687105372
791507593
248382797
545918760
644007082
901077605
349937128
140961862
241670684
520522569
922766876
337145989
323377528
369678845
739100484
130821666
69426783
202908944
944593408
741643209
886312160
263916169
30773424
691477794
445161690
54752549
77127304
880964649
654886989
741368376
850961235
166476899
871695765
641313660
318138929
426342181
561588402
84340816
656079248
373304572
751144131
35009540
91501048
797156981
402469926
821536281
580863972
229360107
921310854
483866752
737256132
638502251
336500035
193758775
826187129
834776654
891874986
338360756
518542365
196321595
883941905
220273491
620173263
223844291
131038119
56222402
137953993
774979562
233858616
123878486
777097351
460675614
263369028
158382272
166480490
939582566
808982669
839757318
445114379
72126492
172784156
577278013
251177758
484644060
660167915
913957308
685314491
366915957
34980248
797742566
698315560
523056555
709535647
200281302
460533806
895392819
838887405
220771369
417819180
744089556
274815765
47519839
91958213
65852694
611805367
383311331
501333295
478204536
905179568
405542402
552192427
929390677
454184010
55450137
659907312
436812190
242546854
457263391
50247046
789804361
205550451
671840886
34992697
387964906
124612695
485874223
870285942
686016749
166099984
494068158
539925612
629260662
844969438
377662541
990419255
551467809
638573384
513537070
116506116
896870476
674726417
389208396
398782117
571837776
365968401
216866927
665138837
387689037
817078882
401245454
96036062
273584004
352842346
886089817
988663574
427266294
165220619
936053787
199396481
555511332
875167590
738774946
29475121
18202379
283610225
201202950
452439079
22007671
821529263
865270135
820849239
127077820
51324542
811436034
534152385
560834880
676564908
544654897
79242623
718875274
906964511
682821636
810312703
286499691
539225131
950816588
95213744
241292269
748515127
722322873
726122705
167125193
862475673
355590573
921792688
913573594
192634635
690761104
293063105
873095692
410835548
485094041
60280316
23494605
391244004
552209939
861134312
659427326
796000767
477555031
105557886
118580916
305170215
242057659
352254930
705092355
192215432
200433849
205951157
607555045
427922835
973994745
986454011
36431170
338955293
379355670
537728908
853317481
921241696
346631839
72149821
176636950
820721449
746150288
621794696
811909461
95281073
426937433
764700687
296886441
345781023
716673457
139870401
541906991
390282595
835447177
80645190
84572611
409997002
205540912
43360453
336652608
554239390
835737455
653982955
245721406
306124539
381903162
333689836
771596636
701574100
866900107
810661499
982062737
649757660
671944165
435313892
235211794
358323760
674090453
864411721
141632530
110981127
649910426
832713952
602271976
165949881
290351955
72710856
283650339
522615326
195017257
837216008
669253735
462328851
900916543
712063485
570976928
973075704
732362206
34148131
994861103
821885085
205786678
171081925
91016163
580746611
64897876
175343252
635981734
354431660
968519419
464820289
244162925
835169437
440706326
807895289
836739313
300526328
188151011
218067555
551766482
660383506
784065673
94175161
542644796
791315794
260908173
523463725
750697475
977389150
191007708
270148622
894372764
912206173
813784871
718463733
777435968
438510921
559194998
326097836
102975705
823511234
527059942
1126396
630454093
440146548
716459677
164392182
174569665
263819995
438128231
693183024
116716807
771118528
434677873
726734424
24288839
898971299
111570324
54050813
145952097
596409007
238490071
795289084
492023569
240911229
465311355
136195159
234971536
603235511
546447344
731202110
316512118
501203365
36021822
130844504
267219486
243585639
159607950
439901541
160359138
154849176
510740579
869084878
726518824
817669583
86468121
93445871
906630651
428222920
802041571
730092004
986378502
97498651
753801724
811252751
253577806
600299565
272197225
460840217
928601038
91226060
187899835
419705264
197790419
318153331
94487160
449092546
96055558
497487391
913351957
445543538
34936733
682808726
930010825
216999523
119808591
59029838
365334337
988275477
984726900
642356709
518098146
689191102
856060368
376379256
918151300
49125614
863531859
336515581
177528030
58637843
423498971
733494876
434366952
273786626
836294917
152487603
518810742
377572954
4490483
703039534
403005225
34903524
75951778
926726194
818404357
987138987
48552570
996265817
489279480
161606221
501670078
279838048
993154154
570012535
79677585
268097356
575770555
500181387
679655007
141105299
850207495
226214231
6583392
962196889
347040836
394355819
459774822
371643365
774674913
949703770
975449849
227141549
482017948
434252360
183052438
372654467
98630547
845686634
2852947
169865361
141116734
496782369
890282480
972953858
36866477
75338798
558478807
293730657
435850816
172079354
28186124
745511412
725865135
93079136
469397309
944966768
785105770
690469687
9493940
990153629
314553713
245373817
126463901
683181725
955842843
625070183
486890268
594556553
658069506
604370806
979318175
945733340
707504785
711335558
278112480
473793883
647165166
317074209
860066453
684828444
725200371
816582141
999021231
592931801
773237353
60149837
419325521
911104578
55965180
427674949
611358789
175094773
117681302
863374169
488783381
510565840
821599604
541384571
564804299
861449976
560341324
414080217
830539432
99339001
887702632
585539558
976151329
815374967
656433667
460755553
493034161
755317665
985416067
896077765
771254186
20180592
75956997
569931295
329326267
822544523
708372398
738243625
996859675
946151999
585383333
367258402
943262695
620842137
837383114
587398601
859959059
113510477
474430231
818976806
23802792
309682603
110494155
759018688
861259065
834739060
564727053
621279051
115250292
260675251
848329819
905531626
773137056
194802109
807305269
863260742
15558462
270551006
198691010
824662895
751158080
205720466
744332304
76298196
810188999
32853224
446644210
692116723
946751181
388462662
490842937
736666152
441584041
796366011
879598765
494383758
181652588
122464603
194162055
155761273
674744563
317796415
792002781
878952542
577827543
700789929
80313247
716531538
444188557
709963024
5876373
386636044
540401251
515002102
30345115
516986037
784326026
112082511
5326189
498951067
582245949
885957689
756299619
356043305
367543134
485582728
164377890
934947958
382252126
436542076
840868633
958620616
342474479
375953999
51646736
914522931
514582838
757239793
744955044
613371531
229082090
229935236
789178523
306835421
930284558
639942442
763545164
519409947
212915946
358506961
35628328
870474762
750426967
833518032
183927694
278045941
805147685
430935793
975573071
652160152
328168827
323052643
513562079
559422308
34903524
76063208
857490952
672209689
710346253
540727951
107435264
649703998
749177367
797606915
221440708
273951626
826613927
330701297
839764644
739684926
425847917
613808733
80567601
238138086
293491783
995079705
773678014
614885163
720310953
899766654
158977867
912114944
319160154
528271043
67230239
875832496
961884205
426756230
771074071
798415606
977701242
880962982
703502509
944882087
101751666
95254925
889661072
438297923
918444905
348584425
297253087
734704346
78301404
218823504
903295804
565788276
437899943
135414287
497620016
988603093
402098506
817518825
862946930
948114939
489700593
168914748
595132169
385855829
955469869
183826433
242033259
533807268
423037325
624303637
241441761
5430606
918387416
664687482
313474569
281870184
174395222
230675513
70909684
424910566
302371457
121196139
380430602
155155130
433249863
756965044
658405086
952188709
511897288
162379126
182929398
664753587
16766798
486399494
371294965
704342113
454505091
293767879
951588820
300588896
513833267
586252160
466727791
579768889
490982601
414574707
47511265
344686197
94666357
646304679
380427982
754028257
596704668
155166082
103059154
817221038
112441288
30571333
822972057
3380225
875314095
932828950
689144333
120802397
602357136
865435831
788863480
867612567
687771312
983928176
11680912
84855976
857245618
701222582
392315531
107429829
473657321
512026107
733934498
118855480
610607852
277324927
911522441
493447822
828421096
881704177
137950888
533919040
105524956
436133900
106083849
426743942
264436151
790203426
9774527
870044063
557487131
463833691
836473711
259135127
721187139
377736575
276857258
648656387
115425230
405119478
454403501
473794045
31434452
640667813
342745646
847298364
231067083
936318390
373025019
480860083
742979082
903582732
795703223
15310966
24472690
496143428
878005271
23991652
154481965
398845667
150783355
447518848
392304504
961242709
216374580
663320489
527292245
820782850
756959419
529235634
192871928
166071177
108383526
926906125
721112846
848839556
35512354
797140173
316390104
574590418
240861226
504358824
726867593
877875618
19615992
599407448
29843564
865547330
176929346
530307759
116105410
563531744
803329514
691464702
98416373
167187678
749740441
488846674
999391575
887766492
84917441
202443224
620608887
766585232
84388269
182958780
251448591
461022683
636682519
474847829
287310756
829652851
50454018
421664510
781522990
8997094
196938662
895221347
93137954
912649163
797361717
617008969
50795303
804977696
378504419
735666235
612503907
205904495
128714943
831816007
9375796
165946813
755613160
831654075
444567786
342117601
176017403
181350860
70013168
731672948
764629076
48370315
999210722
96575809
939614199
972118886
509288161
445525286
574324072
734462009
807486175
700202475
253476264
644331875
393771175
103024795
207115491
739694432
193330971
126359411
539062035
426385766
544825176
337781004
38233139
133301469
632262350
755247216
753035323
430244986
613934602
339519598
627227825
73746909
724279878
242452684
853520202
264328437
315758919
576777353
382902229
344163818
307910999
971247208
873976411
239060727
977805106
376740928
384627881
175277701
91454185
469623495
766251586
887812763
310335105
392218699
805484522
530629494
614611040
276189299
307411433
790724028
397777119
136894322
828525567
773982194
969107502
859567482
658289383
854127953
151599670
362434393
446499726
68312478
844957926
998452963
610196153
46971805
360225808
788893380
845640918
924794848
517225197
404961630
600867656
416634241
311785453
383953460
422322278
11978041
503434496
130396883
556864001
854059955
590708277
71201453
778388620
862936351
608509689
110987239
903599478
824597766
49032131
857884908
819423005
736377517
9829083
932166589
30369089
206024725
525588327
968861060
534960434
276585333
423779742
73007002
830486447
533219327
84582668
19828391
158073168
300124319
37256751
944612898
514791229
341964308
113208485
967569071
232940869
569062397
167211866
44063203
920642902
110289960
273616175
562631296
470929042
610410005
709387880
60064519
305925250
482062497
195657413
926211053
450556687
494276909
813720266
855817554
228472671
720800199
836058662
441136564
527540132
125684463
736077735
932792432
844308228
547651248
203895898
450917092
785379078
695857906
924150257
869032956
140775468
605962389
725787539
351439918
541831918
584929165
545738100
648369488
669810473
369168479
425602629
860907392
643134591
810044026
968947395
895213739
6579900
597624190
61132674
106601951
328061997
155614821
47149480
627881681
836545776
208349470
8666808
792731231
404789734
517908740
682544429
30618672
241598635
139652049
115887944
719024598
62105382
256943346
612455093
867359538
455067903
710022047
849796956
688667761
767959631
716799912
921424427
199759589
980800839
368467578
980930740
59186771
692384184
378683634
252987846
774560392
937556574
383586787
310869588
178195221
651387512
324281478
754275332
727514557
493109814
853426332
323785187
433124118
287776306
30813816
338464395
364137845
57716978
3928781
263748323
525197535
279503449
916323723
403623823
270445560
793101543
924036885
639082460
15576765
261468854
517836264
390813464
112508252
427063083
648339328
127878007
256403979
649964493
430843208
237206220
351872528
163413480
6497477
611589250
904179150
240817243
726709969
81934579
747988866
306800085
23105443
202944244
22576612
580972301
723456778
877148557
979744299
218469526
994121398
676532182
577164762
618757605
38968618
241879943
555776372
425945098
163541106
636696873
823567691
547681467
596981770
68413426
992651121
958117323
657345315
474407110
967373445
780358503
567092987
765235693
721399646
585572256
279354431
175026781
247359108
436517524
368260204
947718016
360700560
647123946
820203863
424809628
424373945
924093589
483228232
94838187
552085910
34534497
181888389
901875100
531890870
998830644
32676744
357953954
732116735
267418234
283907725
269359374
128730033
983114626
214054786
240149957
47709088
241586925
536280779
969573008
992367550
482285040
468869504
215157062
161005254
750408187
18769926
341112879
379375566
331120303
635399751
298465334
47354219
28493678
457216513
19880025
928971737
103988937
449926307
976804238
504238218
703181695
577221307
246373995
515375197
584489991
113132252
546483255
934923056
183452370
679514743
261720447
490834150
810137097
499633033
324571076
81474684
175073266
169501595
358853058
218695217
5389211
916890253
346800524
244618264
812543239
433775708
388000473
724271886
240667916
885754005
487849277
995179301
420934961
817478887
181617796
856035768
34641172
185083878
292280756
101508929
77438077
257612953
59542309
72399995
424155209
236814147
832918482
215803013
239547755
145007521
879171349
62493346
674684242
123039258
877619528
952227523
857167604
334758955
439262538
493849436
42749087
536315033
153180468
536845417
146812659
992557937
551901302
135178553
538420559
781825667
214147466
681664461
281942028
861333601
248285898
95649090
435678468
295051926
880513377
164570543
950263531
792481586
185674293
461572223
931096486
34917698
918495528
636612558
868202429
359220148
41772600
241009791
836813827
560073099
562045974
478663052
195660016
582781668
681116321
232724877
830160396
872154664
129948353
628959459
528941429
554348941
569794690
360162935
879023291
536659080
763029343
72578641
404255304
92191773
244999759
381670353
335193060
376519978
260161044
195241811
913625321
922836372
542935021
779011404
446633681
60791691
512285703
496380981
613660394
985027402
672586814
791211146
361957641
922416073
288767043
281978798
563435257
165979491
371103036
595839783
604243733
551323462
324340390
734792610
238775332
750096101
901175875
793935112
9844221
339824341
624800557
590240096
253152804
294743118
576753474
167219965
941033366
104803567
305174164
161239318
425204674
314626277
323661034
366259408
78729113
838783938
333972584
791270068
91466080
572988273
989515412
116117284
703365090
569633432
335997943
982956645
728054341
164440528
322978817
802905651
826833553
790137883
546165812
738101524
124755570
434459046
220044967
98534392
441142624
111096110
890949281
587364256
190289435
224791733
796282258
245266138
829348125
427721302
237695280
699134526
899853366
736261532
394442190
285512906
759913717
658203572
368571167
222835998
11975859
765924216
307812834
765266880
652401792
182282046
220980064
505068498
555809275
512166597
536073246
766814331
680560870
410594237
114015039
197377482
573894650
832094385
750967995
200065285
482862646
933099145
282559478
579429200
152848513
663591235
359579050
277011495
4194589
176122354
30360159
286030649
915552785
952206794
14290095
311649257
884216747
623264156
368246016
258230891
525993399
953220265
358009608
668558558
237618163
577380105
663174282
845019386
151320907
776415724
421515564
601923920
281941935
88111542
298603810
598137730
454409095
657419417
815162413
638197419
865689050
773119151
578644461
628617151
326395671
878513167
149874217
383490911
948565953
814945261
295972734
426875151
724265720
972002676
88665560
955617806
888752651
380882750
145254535
642185028
94988010
655044269
991433337
493678836
927030409
992075049
540132483
738049118
378249818
658274702
527672643
501466474
711374949
387351957
965260836
969941591
770202119
377838335
261828726
53052527
555282265
824806987
778388309
493010858
71475730
312532841
977273490
794354136
617363760
729441930
343594951
862181997
743008349
905000029
464290388
884248516
612471515
191082007
93958151
411300621
840987422
14874125
684074045
388127497
978533874
83101102
779515860
660513506
213415290
681072349
516719713
446746263
340363606
209156671
466307529
323102066
202797467
74954240
663791548
309907036
98254358
739365939
674901792
861731945
921114335
925196280
530739293
113334232
739199796
714122719
929499196
374994498
143511189
767094161
803323013
132736347
241325246
821984715
445789815
270166001
749654403
111127534
472743331
547086632
146833690
633264748
368593966
298609529
623781909
148551649
831596000
916564027
367139866
942317081
735094
883913626
212591183
562739806
777642531
606052990
22995566
705248099
442093490
309352601
38067352
751431255
92344805
940911001
73397774
267827830
617619645
17950378
945162631
716879789
978771982
673140581
759298893
689889764
138446151
781069220
1285248
33878720
46272098
591976692
70985303
998520149
934587153
190904872
567087067
551889119
872352593
918101325
405340163
91006678
575502186
298411932
977585115
144508419
950676823
693953729
222000763
818875371
163824452
383398786
108437952
384973697
722324173
456136369
707149608
129667125
360920873
345432640
16440392
29515723
693573353
258008406
848085247
924420783
688650331
342208511
274405785
995374701
664785968
444696116
491419050
852766006
801254553
627030442
633723145
403418537
314151385
357574378
680018023
469172218
352509139
348840403
689843008
201733458
335342662
80910163
981269833
406160398
114031131
454836278
239759289
355964538
32362288
464081964
953463048
809185799
629715289
929448728
908188292
816748265
777162963
259856693
302739838
937565866
952526712
280289744
497160388
242977109
363547376
719560810
710245703
950386250
120882137
823606613
668986432
533345391
405448531
5158553
751563723
456169815
61135205
891211855
533562442
61277352
771381742
996006290
692795074
312960144
480459485
516313073
240898574
370780776
295118216
887375897
861265554
220073734
661624814
286369567
723742899
174812217
371414588
244335971
741141163
847231533
100888121
71650329
791098926
770959700
894590103
604132724
720599524
554030753
397778365
739709267
867859605
693529737
683391886
828583227
392038540
764009151
323797626
825865608
633685126
709493839
879519878
136857879
378833131
452039912
566681228
790490704
377046532
494190554
614861048
456702429
369894056
657829037
348742252
953123606
753993208
506242289
199071801
483916650
788093911
785024315
96899797
709555784
616135295
766958304
506426728
44197245
859118565
977541010
253860126
896857237
592452017
285983117
15640832
894873932
325474308
920551135
274574971
410212414
504822142
734976664
813766371
13424512
704287483
501667738
358999666
556296228
31750287
57873933
451963992
930865176
725476303
301017630
358753530
695266135
410732980
771911509
736218486
767036669
993384150
886398397
417270163
280337316
260374786
809108203
939978195
217031096
914989481
324844662
807668017
155717128
975763294
571059893
489424098
960386107
112993971
710834859
341636612
790541280
244264234
745299328
41147846
498658648
487979866
824917345
329772195
80514173
236971910
918775126
56126152
529898194
325307441
554128324
247133493
808226495
260461131
931214976
763262448
3040271
940645898
982140239
904343104
381554518
419466027
348429833
409565609
263455846
737391717
809528514
714243048
307774273
386523532
980720651
55249789
233479520
686077904
680964922
815348670
547668452
544640889
848131049
502915790
245137562
701648813
745155237
891382110
547073600
252211305
899970794
636484336
493431482
358133942
245138943
596305802
280061896
592787679
487739558
329418565
962629286
874512613
988003334
250403672
985582822
418821935
413285225
129243756
255016607
239628157
425516879
496014202
716555170
180080264
173747094
897137783
657557260
372874293
87852136
269579195
686649738
853064321
397177913
917445457
145316550
166442133
517487293
844298522
396341129
989381995
237764034
654203605
943333173
979594768
916889631
755213750
379504499
625768595
220065090
382530634
192683990
585183584
491240129
67806298
325082401
630443484
491817152
121286087
696720301
943198317
928093343
559133950
310983753
520277983
695639443
287289643
307027615
109021577
765161273
600181670
338197409
330282799
4839101
37296326
815209096
261843538
465372763
455513374
390445267
722648318
51212052
501668649
643485392
905257060
6902710
211482005
521696310
615984980
733758207
644376614
898717932
69748050
801186944
189260286
635450489
609833708
898893225
971580237
42413718
308764526
876022638
622490707
820867421
20796377
638629998
314960484
841319043
575039142
26874143
966303521
181940213
840138790
57604841
102735835
595432658
685239022
234791651
170448638
555220475
295273873
278687448
633351565
31754309
763084215
902025081
311687054
599057008
904881051
181044797
547993256
482118875
465450110
300962964
111793117
337421524
456008148
899193312
973906371
883795727
188879390
397002598
178821998
845619832
208262997
562671798
940247875
642432770
119251723
478405412
963663572
99839749
540088564
521292287
176903561
478058785
172338874
797698077
58963054
28515120
666096592
782090098
597140460
4105017
922380644
82595140
554486415
154736174
845323167
124999287
394743357
866305763
849537430
445503514
308034708
547455463
810383189
233086195
520115184
995418033
991174413
317568866
335770724
484231358
789877646
597414211
517425197
835196531
379887505
887826013
594510162
32765970
233646397
314838350
538574701
218238720
551080438
575554560
975287133
459949185
945115726
636476752
936834596
35814598
220384389
332983835
547352513
804261182
3991305
568791865
883768454
819840704
223420909
530981824
575182165
830893270
394507335
45643694
861998889
440620268
635758464
312821753
533691389
942508819
705267379
140601374
334840160
188127084
791579158
788138289
95297681
983022026
61724914
321118638
935302508
781040998
108976290
21405578
108518187
396326882
973949712
419251249
302280670
242535613
577448976
242419865
90135565
359300830
926576585
627627905
901520295
326314908
734506914
114689026
343026155
491293882
226824602
103363066
717830839
294740419
896308626
695601536
361739666
142905553
189314359
820225982
47883034
694730177
737296017
662118628
60442602
195225697
158086742
391824948
768856962
618232660
924054151
577021728
24415052
66510796
666768530
108509056
913728007
455708608
616991304
2027402
533577030
270217717
503247344
379370845
82796771
588081245
910998590
735737086
426690559
628035540
488891940
760580275
824769843
259219863
958951242
695096099
541918157
982850216
957257760
879303042
267453681
285006582
407327239
510442980
819465932
947794039
909309475
105939781
601696259
217564816
412186924
72830542
575546412
328635715
410682825
491913951
818359638
278826047
566742937
88796258
553930344
786809489
182752749
866456002
380000888
272900607
207771500
538510747
505085478
250722948
98742234
711759012
992613867
722197190
544673341
134847067
403333961
387238547
125435543
999822954
986893462
65292771
827581979
648983972
809337571
83407013
790086001
114729047
315842404
517295307
796491067
599559747
470626514
583480819
877485736
509843249
302404907
603846170
66285238
627062260
431421212
944314630
365503753
454107447
865470384
822898883
503808027
191268868
441846390
590061363
576319109
737633793
211627809
292733266
103144997
543934065
381721572
178234353
305117128
969376252
487444308
402959163
714803052
28174094
259151940
359088828
757766306
382215815
888895840
771029204
683879295
289128190
369048784
13731410
283255431
800741683
230200901
277517241
464010806
626257838
281673030
620231970
838167332
248004569
354427232
442449211
585244158
642815815
272157286
828287598
992295255
185185272
30272740
19432218
263094494
473235440
431179540
323175706
363315567
654182632
153259504
951705301
851773994
281042762
899253083
193560667
84565956
530051483
407338180
74769032
15974468
38507834
336139996
417839075
98913886
848111523
517400860
274409575
380446697
787789839
413963519
830764792
455181434
522989561
776605037
408977595
253425636
654167150
163727166
472368237
75103092
87359126
811515368
927656423
432102423
53325661
207222259
187264583
611173669
697677419
346845906
670427589
717959908
48250619
875507204
231819020
353685543
582997086
983566484
758650499
609922670
1766917
930071456
965424545
623217029
775390494
616892417
43536000
616226900
394346232
210107860
917475451
429107853
263108813
772275816
601750569
594668347
50242740
635883052
633100500
852936427
567641302
259897225
326024468
499004378
326729875
846836768
30622136
284971079
281108195
623141626
151315489
482332247
612960997
789567563
676156713
664816219
2953500
824736477
460940661
199928037
883485484
69122782
548871933
477905157
675882869
871844485
492573057
57904141
849634151
111560967
664716893
841544547
754438215
828717666
18597881
870317411
996919136
79683394
624433693
10119207
101942321
383287493
232095536
481165461
787970551
607732037
626353759
12502429
608911766
414391694
985607761
378538140
867892863
985331509
64710872
590306213
3224608
447835694
716484099
2271433
383787547
416205997
23359489
510817473
884837625
771368850
769917341
99258503
855702599
629944033
741424848
856005014
56248896
533359096
808643531
769127762
631210399
354189296
111314509
343403256
136106695
80432825
230807771
423378305
999995006
208867891
601402544
306500291
884078290
906904200
784524937
610120668
771316785
636655440
279056063
136186151
534573197
19296118
418610657
491490915
827495268
308032
228234869
72279931
831941657
138408569
932196966
686356639
513505120
921486721
267465130
255992729
280643866
587988939
745408882
808908786
619566258
78409505
563899725
180001572
246611291
363201799
878111155
34536
395534190
597139963
912624528
148843346
747342700
492691096
145275878
775975353
10944290
128883197
629118962
360167239
48697399
145332170
531586756
205457137
100533526
785282034
151133672
30009516
194189652
274991194
312962541
917092524
760788394
22289614
350431812
664517569
382152831
652565805
671470590
26528129
893838351
466321751
267606758
36548079
672273299
110192895
852508728
347748449
438352494
135873118
830808364
667816872
643276330
138417093
509392181
14244648
345236455
269362771
43967546
391548424
631012622
50395081
423078797
706305774
291312834
181767479
557867920
992027330
296258175
565929810
577325009
700399854
593200186
235357202
357808222
220573546
709631909
362663151
32211199
786798114
413509953
771139191
904424845
881082408
658530219
858220427
441049710
451241529
958075662
6932963
676224950
271200761
752092694
464238493
253461244
630533646
782457434
823102684
154953681
16827258
870554545
595679757
662835666
130933171
826835069
223052685
485005043
29295682
844274028
281834795
501669460
899634668
373663465
710996206
901920629
474206056
729746259
458927840
522114375
727271321
914029474
929227465
29138335
137162131
857070030
133053811
171518320
83211082
100531384
974066217
750850433
969023160
583017045
477558598
261104436
716627712
929028977
426483927
443977707
173223343
392157817
16488763
28997183
774209822
566138648
336865721
264985628
989752212
581187660
312199933
633806581
239121946
363676780
609023072
726001308
169051288
519394815
791935480
564811828
727177691
329075409
741265513
137444277
96989258
314666083
980705498
353667674
367825984
993881482
462411667
556325017
335937284
272307162
299115281
332188472
642811363
920376625
345636406
572321827
982012970
229075114
439149472
454305826
940963097
927804007
540512922
527480975
171263951
72122709
74190166
919689675
601627656
885479024
582948865
422105881
173260695
715950839
338075218
47250681
222072092
847525696
832547069
55740685
54827764
185240183
370561462
632106889
86555496
914931466
581667957
521343134
205654377
446608386
716601411
821992597
596348029
157601820
237878182
40475182
905866915
30570955
209693925
851456188
448598181
693221381
788327845
414054182
627351794
369525871
312784936
433829051
277714645
614797265
331524348
132336758
881029013
951008257
720538478
685117075
255484874
791867149
892750406
369031229
359838840
519266936
705763860
373371266
96184686
114930327
179512896
488095044
996510405
18418671
349678476
410487769
859397745
633125987
563775272
431953202
466621217
480690981
564441874
842681054
36320968
761535520
532900770
377504794
798584703
68816442
323442081
13821254
365217284
559220229
315676623
592855076
166646709
829073173
46133858
864517426
720021513
311641744
283251673
7136991
511635985
718308638
690906213
863148786
843388633
959505062
268206120
186224518
121471352
456020955
210113027
166910177
508329438
314482275
945714237
176281598
321001093
822885839
84005627
831102355
923161804
404694520
406353470
470876105
517030373
551708524
460936228
353702637
331883837
855419359
969614390
950813107
698287703
80131009
420819445
111690318
81239388
697438912
492347651
395990348
671919697
437999535
573422446
233160171
846710590
640202482
170420172
508452883
546589744
816134918
842883638
955788409
327821530
729500105
962665286
675183263
520981407
249352533
907939711
853264762
792209450
999029542
82041186
471822008
435899751
285573622
419814966
359246942
483804759
633835760
470484845
442612749
339847208
30914456
516940057
935866566
798542142
32667928
248526093
274873382
785452227
693987642
691691949
205250922
613894851
465637355
425152223
177367555
392729483
371488904
196509261
796267685
473850643
101263831
487239606
390144966
207779888
19841438
12940618
938185729
273188211
326417149
856321938
733018627
335592463
696899479
390562508
542752276
761428298
649886545
116884367
971900475
920204001
653659435
707472377
282046249
732822538
284520710
831832252
439336291
162721188
938930286
314762178
338727307
584495943
342444190
681048156
775503594
385480537
377569992
520201973
683652503
979906261
358589200
307587215
323343249
147325246
917368877
939502569
672343448
237245287
413126421
57904919
888716347
265942072
396330481
433793667
237495254
47971220
729821209
818069070
753948442
474156034
614650735
817224558
764505153
318498911
938581225
684158002
553878306
356424461
864597337
590768633
247274336
397268740
521031853
719020064
39200252
425722458
259980404
168482954
809786056
395409272
518909332
388137008
575547043
249078877
380453947
747936432
778045986
189001897
650170637
363213100
206120278
396460705
345519936
977613296
114187263
672901044
897668252
394737799
379072638
688124205
659535390
616683190
328250713
447693158
606986599
995517145
845831395
377378805
430507243
437195352
40231729
584444877
799816038
757816300
86794968
180005483
707605280
743933998
749769983
787576879
6463310
986926763
382963265
679938417
925337729
400932571
810715443
294744054
425430097
978583163
532941335
168751092
762916202
204268643
331850684
495295029
513965852
85624460
837900321
77045850
260277010
15827669
593150431
441143061
616568726
612497439
626986385
747372750
134738676
13116211
711174879
38900843
780812744
50661710
442254523
54869357
516482378
700040082
360696125
989657272
323141547
805627209
953027350
842549307
347630149
497017604
197668453
553740711
456742314
384850114
794162440
710681574
464076768
96992912
793454771
978740742
346465457
774379271
795880311
118393636
817737804
368865621
765577468
276880327
752058437
720324861
740425825
432920724
900760182
586576337
482127924
891887812
520363434
431342599
253035764
684990450
822742569
980489020
915895429
228975002
310960063
965580387
564256629
58977570
319534177
777412404
917845766
324960234
504496575
973507096
882165400
753837110
935872835
766539793
525773818
650796990
962957464
726852810
733072385
104942001
317954837
201568803
455285824
507511166
545271960
415805767
778283329
466100998
676065900
469977610
85184432
344100897
371773128
798548339
626740033
276647989
910201431
561112864
956147646
207499224
211428756
835428766
489550476
907074059
689630482
407578268
96444560
777920603
728990706
992362424
696625519
532250561
357138790
559420129
912386279
51740492
858029181
368925443
202831841
578290055
488277085
196337976
328404361
723834436
61135221
205050030
411788847
637295397
809130236
53649998
146386123
346146871
481253617
665504624
271307830
415904881
100974727
815095755
824933216
361174885
128360879
895965144
6630320
448962871
610645005
694970434
276566267
553804174
132193124
913422507
173678228
851915431
531475280
565340430
748622284
89387640
574861236
628889430
388302245
825620441
55590052
805831521
431250314
773443858
325274748
628466768
708043631
93996592
842876133
344412854
859596868
741133804
938538270
995107710
505765836
975297801
25909280
622370304
54339718
463120409
326198907
827628898
498676865
262824611
955640203
218934657
768764698
176571159
228894955
608423985
967467852
538448820
685856155
363564351
388503764
849561242
766185551
626833925
190233554
322157663
98211492
836055715
220695805
673498748
994282737
933972443
474687007
707777065
811979155
541912371
558642707
122906279
415028278
718290265
855335639
134263692
940763631
961753107
244969538
580950810
628325860
972793293
817465924
634354185
356351305
825479693
237855091
297806579
602662602
995270930
855420842
64520710
788388559
647968686
797442047
317746563
678743434
982092936
111347436
678391065
814714273
800130965
592199054
899896352
143565174
286836993
886000600
590815851
30585861
298964523
8482221
15682960
412915157
294194981
345888917
715041441
284399015
31514056
88248315
521302123
897756027
612101711
969211890
135264441
486108421
870512268
757441386
591995347
932559021
815703185
848553405
825191491
829496088
284870756
214057114
422337649
15339412
602953390
748173519
82985429
612873977
493233182
978044805
283312164
561262944
48789629
678621897
531768995
981232084
750723202
186310359
628112421
680934201
526012693
96643557
95757007
176390763
372402215
336170648
342465119
533197214
195437219
281526212
143261330
365884068
118428940
64948087
240008884
379903536
720752560
412183916
273339809
600031948
662725270
3109412
968231555
854787644
89582700
963987761
988509934
584204530
798073527
610107454
423477582
954872695
931254056
178031059
920148277
229320029
223770851
599807752
32256373
392193093
269193672
474826225
481870629
285033304
314574066
623632083
735741647
837346490
295726128
119208847
304054089
278099802
615033059
1635432
832926037
923355266
839930028
294759461
964494684
233073916
219230602
110944833
199550516
752984972
960096716
985973808
776842735
687058410
431742541
92542078
870721851
244094014
253348146
656404052
220267336
177386951
492937730
182993970
613766082
901612111
329670408
839687587
999758716
612420575
601109756
721247440
913450392
533175222
221249959
519712329
404098608
325197054
811856480
389482375
200448440
992586885
119196307
300019003
152895790
154156218
579977325
770849046
791456416
23387300
976723176
789499172
871316549
149294847
663093705
549940574
446030233
912054099
835016418
826462038
518786493
657264491
898021848
949884600
966299143
417498389
165540016
525552222
955029635
113045650
440019717
164885212
947655217
303981282
630603756
841732046
809156027
409655049
913707438
624000099
890948828
210575750
258859672
209581968
385183277
155829371
57205373
267820324
71310418
4247135
939738113
892635324
373167951
488177397
24183377
28117184
989044322
227389355
738567983
626057074
308401184
781801021
23971124
367982748
745460073
51786703
481421143
854993505
576712869
656793888
950993726
273759361
989961753
268894297
114309075
768326870
345262961
549551869
428268988
270391523
847972361
144731715
105538512
208452370
323061977
437079410
331695742
802558533
177061624
337377871
329230520
74787837
316003902
694619583
527149599
896432721
675447243
269176552
288800882
740686467
398880842
850754650
553401749
546760843
339782651
957037939
469362599
328959362
688873089
349122223
441639726
163015248
58834866
817939848
974976163
2955885
92003696
843905816
272387303
134839059
68924024
489158366
157965864
634437864
292976591
431183787
360751253
805590530
751989970
728523750
274550206
855925489
720340321
938631704
917615609
10333243
887363298
999497913
30953255
641888735
689812292
351102204
192121525
73886243
885591673
69309022
107526783
205183244
240673618
572089828
610064287
702065731
109001016
47800897
48746819
226709339
706849719
517274627
27307568
844119426
181870004
709884527
411123871
367988797
662324227
26742523
447763349
815650079
199451881
277924828
706269388
692326946
607874866
970725916
283718868
25494646
755690590
515379821
917825828
244296701
381368175
481428102
892361332
599959801
788595934
234613253
51707990
150202315
528010023
467538206
984820655
957879300
226567883
206148530
63674097
540933395
555595821
882375921
240531863
263129963
775890265
386822128
985542522
627230933
293599277
324884616
928999233
521487030
611043064
7316963
831592830
967673061
544355349
750290059
558768378
435826950
147410839
192878986
948689907
802060039
276963865
528293906
945650873
878165178
550513949
370470670
153440982
605141416
412388834
88171173
959430511
950607410
435027959
977317268
687477140
119895216
550849697
853401159
800304692
408650666
304148723
433861703
672276112
503470748
93244362
105404517
493373238
782071606
537235351
999279073
391208222
823834538
540565079
983901190
738936463
37240087
192208084
597964361
860730460
777425840
287349075
107317060
218773155
639450742
995737116
259121581
216887825
481281535
237114168
298515108
200688462
9481551
133557645
332536557
653484519
129875810
551067103
568176832
836457158
330782115
597073224
81396653
171751283
987783546
380535005
965350168
801145535
428474634
73275424
642093651
898845298
930311309
630106535
597509043
520046990
916671154
905717428
640798832
51607760
892375067
532263191
611482806
394676579
254022928
219576433
715266147
284454654
39440276
447292452
860008588
990226431
694603909
623681398
439826905
834589416
28321937
129212679
780268314
586080340
269384203
111190714
558229938
46229897
633022105
745782237
813700541
779400200
231537250
814769252
65924074
474117331
261656331
729886340
413143697
679289423
188231570
724164988
385984276
348651070
596322549
290633033
580192601
334395041
660167854
276837215
139012208
524640460
837527166
965450557
507955080
534845066
159063976
324634111
909708908
64224082
931349892
718132412
137488487
398246096
892456411
538246068
793259047
429344745
326769881
62445379
38160738
2986578
220030882
189341553
491971535
611117407
864510295
254808765
442044360
37108628
722493754
857845335
383618864
577131295
953505505
178576574
73771345
75051364
396744750
917839438
908215088
494059101
882864761
576845037
448889132
879938294
206629847
266322461
874848046
794943244
988220781
29691723
244424991
160090927
529852418
883609248
291465604
763688555
337256454
802920897
932218254
656584322
869603672
94091338
362634872
638907065
822780649
247145566
38187627
819408596
403777553
54201388
704823564
50651154
822017337
6792411
832739845
19403620
264534770
644912518
170977152
285127748
255027795
272480154
932447339
727814460
311965716
503787894
165062926
144823715
925833196
363833300
890793986
832897097
888798939
99420578
873732861
102380253
347021730
852947869
385993984
57569843
416496261
188811587
11372724
112832044
626871712
269240028
782029986
487172788
447318652
406141486
160953070
48656908
754633372
184965709
418806968
229907943
963363306
91072663
815748428
176390748
374666745
602865496
475493716
597893828
835559486
863098677
357123211
758746209
397339997
407435660
417186880
809428971
949780741
638744122
21062998
271797763
548966575
680875137
315152580
666636743
809166569
666189662
852205490
626393478
886539983
712116348
167249294
203534486
366637983
703598375
144792840
711553877
147263609
368916650
208094521
889709159
592674000
624728090
238412005
94409472
555340512
796543919
311716749
128391713
238305455
527875691
983941372
359764942
201316704
811078165
87669422
503061141
474070752
92202953
666463226
888013404
846736730
545689820
504408794
496870025
610998714
522048092
273383295
109245536
901441343
981699664
173724477
608545923
905795101
739822036
410474603
13698795
772574283
628559733
990856283
425769489
450574178
817974489
229057545
741412400
554158744
841943470
341097083
786558302
229593376
736239552
703220726
58428821
532908380
90637504
517376046
650303229
947650873
238026068
605616880
652606961
988346798
983619425
90691229
748297927
865248141
523195591
27240008
268247371
663685847
714660501
912977748
919822253
383544158
933482011
724620979
569340176
954106029
875896876
497671704
456788578
727368082
334974488
783053204
48706843
815554026
945196179
524156719
819767104
307134763
426053129
68776107
278577566
27681318
237819288
887788054
736574095
797591492
268742342
155860082
355021230
228633911
864747616
303496346
157275180
550184175
968850473
735927690
874246548
883001179
992827799
73875803
909941360
514721137
703810663
812171113
169789639
486451249
148492396
376372884
604314447
135799667
206907498
263746366
287345007
147441288
455213619
62720189
182348776
219828848
967692137
621293371
876177873
446517123
450257759
726475283
959094421
843234288
122328287
144787248
868201038
569903858
50077379
993916633
24473875
430894967
168887880
297165742
505776861
660644219
399838415
392125169
227785094
840027003
204967699
347940910
778664974
267255676
664717725
178652212
132677352
457966822
506910514
595108535
552838060
365644772
769344110
486681895
926978537
878863224
589740134
395634413
72850657
693437831
422775275
453919300
650537858
749590121
807407709
374507545
131027540
696136337
75841667
343477502
208418324
805833719
733846541
647929564
603087944
853563159
683430180
122718238
820934706
867683791
513721610
919412255
120524412
138154705
373452846
147363159
951598832
93869105
93819436
256417215
870001504
96544679
666512431
533626735
655600956
98779466
432828106
209150950
375730535
641589201
626766710
792026353
557714219
875612372
111334272
799353571
668802914
929970540
748957554
213034190
732906471
342408014
127050996
604504789
336714476
435715458
766211940
960599408
795118559
19764786
657617166
222348921
400737359
722631752
622904094
737976131
368392811
823682488
760148985
13700035
552033345
110588768
951168240
999234017
355952484
260999537
535930268
387398319
162347296
652557624
378963201
370972262
723116110
37873293
171660980
893716816
795113648
523337021
779180745
369750771
940336278
157476073
849667190
837202770
765007621
680415159
94198044
232636988
816680520
567069544
653972498
214837460
336655501
931958971
883229429
498120490
242245546
76627506
486771659
542551933
799887450
953071383
333463557
702756641
749280349
912755050
409626923
43303673
508690109
901608297
612862969
26552244
332893821
633953086
421023785
69550075
267259708
782592908
129952923
816676835
257856100
65439309
300566712
997348034
320859365
791343151
739557778
835901581
392888307
248137078
449484434
931671632
879111146
47210528
229476615
680811621
288884219
523754398
731645659
250294425
279862798
294591616
43119813
979783465
130541372
16426715
776753475
759479638
635620445
374371350
566167105
101012826
677331130
778857899
641655358
763057617
880787735
623255431
929239985
480273769
886976917
789294659
719854691
442930575
223230429
440230479
437268896
427187696
926710181
315420843
725015666
349346889
690755622
143869781
951099570
219749363
181819102
814983179
721164822
923031752
938432933
32236754
662350431
549995104
619962236
8482474
687494028
101141202
428393016
719418522
781913941
341764247
947164422
778124496
648672984
675898730
760524284
933242606
603080622
482177007
978125139
800777057
609479418
792325336
419682172
540880475
527567562
274465522
857452335
212870292
381213456
400643781
990253330
42827853
223452095
949149638
284465535
530485913
250529352
755897203
307640565
685117915
586883637
536747672
376666114
156689029
771572512
75237217
246202781
572061013
97700776
53694790
500753635
742209104
523324815
934699803
527104927
421167980
719386722
505784720
630943257
69080983
650789023
962599051
389469861
968029025
701712697
551110279
747441055
474535825
643075669
283316472
500975231
875202274
979525386
932302348
440831113
720013579
253283417
606876423
604500335
121091098
242117975
696278514
369268107
439808072
858488487
829779355
435547186
293514773
443932784
944271950
839352821
273861919
766058486
440607968
881655003
203157848
434634483
439080493
454566632
822376390
838636548
493020240
544708204
271446584
831878571
525719052
415299294
625356316
845977409
592241031
147611486
917400817
784389935
434489045
395868382
184020493
365236456
601706770
144045916
84165093
357069455
492620859
85718452
78206596
647473565
503189673
805636914
586862015
893786678
499171542
315591368
433711870
538238900
252427861
946546610
83928228
630746448
643789695
744159222
360122452
838449952
634260743
880243136
941595855
941568398
388977045
945604272
673222764
707145585
129550626
566366637
659140394
98126098
533156664
744219876
42640523
244859173
372962838
13150852
200390456
342151291
653248470
595571573
525068451
682925215
257645665
622601043
642076831
252893038
322177512
858019521
386850996
222704080
126599606
796329321
882768336
20135018
69130259
146455425
206234303
619471702
78539473
571379607
304044693
103068453
861589216
312218850
865528021
210109669
317457529
89100235
522550046
990603415
508820452
662117675
737252174
140044081
735017211
342498602
489308609
301765616
488372925
710038405
502424786
432647819
149570393
634259958
232319295
248294809
920115103
195565764
287557314
786018224
128502101
722932780
109056010
927475976
414780234
937369524
658102486
746045640
736257038
442712738
820908770
239353795
132505553
77099201
402568102
337208026
1305268
877355150
431426544
647692679
697329315
639449178
255308024
18504786
140570441
460576120
886773587
845203523
208638536
28424844
585847041
117165721
146792778
669472167
372487900
992069676
251332024
156201301
791555220
422896140
519069881
439227039
354877797
660665270
779279769
382987027
864983156
979014486
162201217
590819529
899619948
554469748
533431038
380992047
873760361
484433438
317213784
648216236
916857799
359455832
929808589
695907255
127214344
740337767
708326793
819259619
137786617
612530376
635541830
310977035
965759701
509437749
339508072
599201747
637822643
736879761
429583895
302278831
655615416
815324408
7119744
26646149
629944690
316518111
686534399
857909442
373876224
268372177
506575237
680525923
107509742
782506594
355155860
867428542
89570262
564929049
164563604
112680064
111827136
26544927
167873161
293040130
699484468
254300572
734407421
111499183
22277459
120021886
242267105
32887819
891369853
17851641
567610907
822748411
902963188
883766105
806038102
213439568
403194308
990267667
96166634
114261545
850463375
239744389
860513649
330346205
463803873
612550754
319367337
840701363
757976617
684014328
262877071
937328825
283900669
363441227
5389211
374507797
188616162
70171269
997347904
270200295
994953929
81157969
124425572
635782020
436791375
612329580
760805769
477285316
166403788
862930019
166047102
939026516
52095954
486716066
789782217
585457383
56688763
515464333
392202792
740892604
628636938
792855688
16138327
678989674
744363311
524572010
48410053
729326754
466611971
983097425
888864808
525609981
866141707
262877071
937328825
283900669
363441227
45267144
723927915
8687222
492279938
85713044
148240896
996783314
36730080
319151924
652667736
104557672
165592950
834680605
421414537
280493110
806494071
738702931
197844655
11167990
598874405
135388646
423436350
292800381
812366865
971620118
638363046
183016240
854313085
359003715
954288665
237265013
700084343
146133527
403995208
257671595
187685405
309380458
83404674
364239978
424538251
916088394
503006530
429518945
96692833
69278284
745694624
225418025
296006226
52225053
717715270
418765388
720635864
944738478
991310914
408362576
795840302
581706529
821141579
366045921
238212159
363676683
142421463
415174298
400875257
772101680
528867927
939015568
7091374
722250736
280921697
269199176
690157497
992137159
86681379
775592504
452754625
614260332
644183873
756373206
902908787
866810962
720963850
747638550
697589376
93897102
406422327
314551829
2762384
388435445
97936602
907876030
367132734
101051083
653429922
198445002
938462253
821639337
473944303
549756465
273195766
255636397
699649772
535425527
569081332
633906868
520204958
333952691
993120917
892838346
437233491
267734926
507411114
193023959
855484040
763437864
425929286
133046800
275615268
104682710
580431465
854466673
387413070
617874434
788951662
120412762
530649468
296419416
358702216
632310637
473464500
230945394
121498318
111316613
576450379
75731196
966729422
639067774
802369255
683757657
772066658
742432207
566631267
672563062
359811273
932838397
836225106
417669845
930132030
868016224
912479051
988025001
922239558
543859452
730858024
389068083
921947490
237207993
140113344
562009999
898078388
171533816
543908594
798024366
538984584
251921336
425085809
227628120
793858612
501431276
334492285
128604191
923098449
842044307
861174879
68719457
956243554
433763694
61471707
792388359
102504339
468411447
975585823
902069126
775840863
466832508
560677856
725881411
92485028
285487870
531780967
949083043
375638682
406445245
101845259
816222267
931357036
623737986
204517590
322818371
527360032
605784899
168163778
149951957
804981828
260927380
613129558
262100716
236329814
166143015
555561585
400140850
358132874
900094774
624336210
563918009
318809637
481090266
433563657
142466221
79364271
738488852
434421322
34077702
705652230
716830460
739140046
402604893
85778583
923708841
844360505
880135673
427423573
459626067
720800373
440012924
704120355
821785016
669888688
255442783
145436959
718148468
215190349
321747171
910920972
36636027
709284274
630189693
324019821
920067690
763013315
910922074
582409966
720705559
525577689
241611674
50478339
721410822
538344142
780984660
581190134
998959625
372218830
263922251
175532588
341925323
61091405
923246840
622896553
141656607
523843780
198321480
240436304
126769176
268311118
77904112
717984923
381405582
916059163
154061231
567467728
813359623
832889830
339400743
869848017
950013364
23146612
940620541
838986107
206996184
288734648
685367598
32962939
453232092
679959785
850317923
631665430
148650264
981515627
128141717
885911756
474675760
501516024
553370186
942709687
277803304
647592522
45261783
214912298
544998813
781576094
799213551
620264891
692965836
463540883
810810761
205433037
68559020
448337316
513980824
790999701
524631118
568675157
731067621
326106991
379936338
454608307
830347438
446765551
636392738
531335639
352578269
716493419
264330324
982376222
402358762
878654474
829559955
435016868
94138166
418563074
771794208
704206181
442765211
31597338
967262720
941184144
170757789
970278923
387688883
776462432
978021237
678275011
213452504
672371483
539577004
71849330
602119799
457138020
953405913
617221435
811185808
127897872
730586034
363746398
607058641
850279450
504568646
318438482
92562074
35402678
322898744
901919421
70820790
645519392
510269598
666828413
290525448
50894913
46003942
5174770
856814587
347919199
17268648
498992505
510770658
702144123
553134985
913860351
584387917
860625523
260435931
400994928
273540318
340788229
156120174
66113709
133143107
19487173
941136751
959978043
156526373
677491117
769638926
826625969
933933068
810327596
853975587
132596549
337203612
887393442
338687792
571121980
35565620
593780903
197694287
522173340
528908847
967515723
850563370
702489576
290356776
219763483
382928119
916710087
463536223
601333709
182976248
805362985
540603455
363751918
631127682
643876708
160496829
688994564
703806194
76484741
466960863
816101929
135472613
978346078
465120876
359060898
382607835
652549871
7740923
592485452
286920258
706167932
122916646
985839357
930431186
715222192
259777435
391084051
952273863
366775390
988782157
152661659
337538276
299900147
478114943
190164600
802429554
776553443
296246378
513241915
459692546
411947240
429832490
943552083
408653762
341165669
277200015
116992348
31014299
187938177
959651776
319769357
91011591
586847588
949509981
879753838
523582108
772676666
301997655
988126577
394864108
938593377
666402368
3448118
169130011
134971358
957648494
753764515
72539329
658008271
392310194
923029783
721175859
114449424
794349623
969812996
461446529
279858121
686534399
680328846
868894682
723704219
621757784
427155660
782253068
594710621
481961094
972716193
913563430
651512907
419875621
810874036
84268526
723626399
950565598
804072964
683496697
450015669
651268716
423881224
898319267
846376805
595467268
427131806
823998887
113960140
740798164
350505767
596128478
477480768
21741164
174720019
301531754
914406522
27182425
240418319
637789205
63650973
382564017
637086193
470282605
105886254
537250078
259686137
47225782
151815858
580730335
261113573
145003494
615400284
949243566
218779986
583473663
818129745
658700445
207853280
735874698
902127769
188936178
467099888
676859944
874599141
223780798
9004999
57740909
199257323
314061991
109893031
298628195
251514713
868867808
932363586
296921641
728536688
521512014
515296745
927797371
328637262
640209660
70804811
213184186
128475186
205706631
175927181
113190951
474198547
184028811
905299159
521694686
777468838
308545410
171218330
434366054
382628777
273509078
733505331
259512391
892610393
294342272
724359572
631059536
929464026
528855530
306562701
856078235
186224055
628328884
203941354
985093385
764313863
247567879
524304470
147799149
453511877
590420097
149423013
433294420
319083616
114678226
584127794
819449689
247760878
481895405
149661470
258250725
594403217
787362329
623479739
352313394
145201709
610007841
890680107
905044833
535681298
645311938
467631516
707410750
350213659
297159718
827589446
619536242
202062090
616855623
713800219
775294868
119224561
278877391
635428320
843475412
646889283
950431462
54635210
441667023
176765861
754102838
614764408
662735909
929505208
585223764
135978745
906173806
869977254
270695424
462887700
90427960
22162956
446413344
908418443
7363435
989097323
503191100
710131294
140568410
139401624
619591177
503198254
732361399
465860721
16353942
378825200
11201494
344643794
637724328
895952315
298131751
764315876
153079957
312397652
482302647
681937446
137317978
397670963
321848187
768973841
790493564
148426767
849676265
32760284
983775825
924177611
21700987
860885622
292387561
916317709
399791015
264924602
621948646
172351928
432612214
206192998
331441373
238494967
184913906
237096609
705284997
857773995
318996261
764144744
579609531
89992492
783706503
518250224
935374699
808003636
711023619
264707892
22489710
103099688
308885427
194362092
788376443
621512597
404157939
474314219
809930334
137769277
128423769
153466823
777894646
901301387
68099475
902779302
986805075
103256490
401039013
293177483
136074049
659884590
682953442
469642329
401372954
386740372
862701232
390892808
244289452
349915251
729479227
177927580
771121440
425497057
53402167
530533012
20302826
848177819
516484640
598420526
908613691
924370515
120327952
724202384
442765029
331347657
616750786
591760559
132716615
9626819
797599814
298699480
597316533
785571717
637598125
983881511
726318771
906998820
191877404
363416226
258381687
131181137
942068540
70546657
730362384
432565090
921926287
858250210
871152671
116936853
620619709
21393373
190214421
746466064
137704716
261331402
779482978
188380571
544923697
41166691
62851298
796960747
356406122
75689830
132952466
232844243
959117151
614455696
421955789
792204571
55763766
755479424
234331389
455395554
227670487
280761121
924706237
405094248
124844238
711879046
940108273
623590613
546562666
816355663
592015138
711490491
892422159
936669558
32787824
361391356
660785283
448100032
403415902
724559958
251538601
675088854
58408924
668273607
476987137
231545805
13003893
136941506
864031484
976098461
989170805
921281047
431453519
161723590
772676666
301979527
881237671
673977169
630972846
441947334
37656202
199506937
499850899
567010695
989542448
922583699
360374697
741950114
43619650
792839079
878550959
853917858
428395310
279749590
6444225
505963331
473114298
812387675
315239871
653318656
94048903
764921955
65971865
691943432
397767645
553878537
763950898
390391517
822425165
347579848
467783992
311231679
361771966
64636978
337976428
475574267
493420359
422248831
795476426
770976970
219178011
560557171
674632220
705092355
138248334
538038241
675126450
155541631
415612687
665828444
706439170
708206986
155073821
513127986
382196322
605321126
614796501
52630637
392910963
556223379
207397733
281148940
130833815
383213014
454583308
515854551
689619362
30007992
939555068
505585254
691151319
215463130
801454347
546255546
64448927
739976613
658732192
987731498
308658848
689561523
602618183
560656475
725219569
878648243
26328107
937234379
519056340
854545102
534513820
11986578
687019051
31719005
304043505
44207691
241421062
709149838
855535211
644338498
893968993
322189162
859961382
753665358
20243763
35128685
846323960
155913349
570776545
91835405
893902877
605501013
242575109
878889140
607770663
459635734
57876300
558486226
102723293
834199934
731936031
989793608
870634827
698651111
392068677
568515652
695885077
351026554
346156794
729240688
969441964
790184220
696012417
33098942
897808756
200239340
394446519
977258140
255073255
907723571
133373328
872071365
794378251
116968343
748112539
158077964
331948155
180725117
256795427
957949150
953914557
799583008
439746389
503879509
321705851
611940806
227674543
906381611
617591789
647858767
588501522
734776599
441085624
896629818
482871775
419288536
789639475
247208565
155710011
919999228
872597228
970384674
545574426
257270416
123444880
399899943
530100965
702736585
624865330
362726394
52688297
770257448
484014708
930546883
429969339
275378020
103641015
447492451
432885700
627380271
849398309
669236555
376473052
107541657
704349971
244244121
573152528
19448457
724410591
532090965
273508795
198229788
629000479
750734588
299872053
86209529
163631931
470352421
806755686
672448600
703362256
679526896
478265363
658584016
761084749
83758479
826457561
840690063
983047283
822979449
931621883
806469074
52858438
34412917
935435772
810228285
854466591
144335213
44651787
175900602
582973576
666901872
477278978
359810483
2595645
359846960
700442520
711179640
207351428
138563047
722671740
973177664
925738964
547839809
765436722
47980364
700442520
707660474
141220861
787241873
995643300
265685103
727374330
615265494
946667252
314304949
258843287
64228736
988267451
568267614
398529912
487523090
298238685
284892413
336427265
780736378
200416164
973066977
418708729
977147135
496029402
577665402
44372855
290201291
35646411
596285424
366995447
595010539
906826026
476573901
631380231
712839296
228419195
872326375
38847118
951308736
742390515
411962980
787565964
195401163
481197674
703798850
422797506
945986739
695160359
929769243
501699876
339263425
926565876
406041685
373859478
999043510
862292867
588561256
70766154
603039829
972161629
761485076
950033692
517118063
43124804
588687263
453773478
353293604
367476214
249954967
688378779
830874909
908499495
604956276
749033661
837822524
155595828
389969374
770582420
736258376
642931801
780303927
852332401
604148238
396789764
33595640
352224972
538868610
559790733
829783185
214656169
422156193
873525450
265550939
799001669
561953626
77063163
403941945
822291493
362888095
626001007
25825976
661732943
332743325
472108609
349034523
158073312
424838509
907384227
567042964
69468281
874416140
668146781
883953705
192687599
150567632
554636380
281529248
614202290
955680807
556640193
127697867
940177600
932178662
339394545
126264150
205823147
281886318
517164810
827433192
211404712
503597082
681562284
918189911
814594472
885098320
484953190
908847102
166645328
898773463
844927954
623694376
524524314
344438923
464174277
128149120
502549103
277047382
901762146
99579293
82683746
742142896
232545295
462995600
930865913
369239116
840063241
715491016
81158721
38343860
976910832
625484576
616189305
922120172
705589691
719442481
820849487
438825192
724605930
813223015
70951671
936892192
879593680
2705270
204165001
899485887
222051013
937390695
182627080
903984185
881092172
51354408
773547339
565706629
683836057
988676874
989720141
422746739
338887676
740761383
915356681
494065293
408738863
162768341
164527874
582296991
460628
267536654
197961940
622360124
853790323
106263350
395573387
581892764
239083956
269199545
82672500
222895991
69676999
406862087
231469932
184810712
600980694
510452960
612181134
959680319
356377431
385520948
309538968
258619219
75074602
200562856
595254792
865220500
388863449
710226398
139115675
616651978
735055981
727824727
644173151
841219547
869169635
130022048
708411717
837861482
252462783
563846899
223219268
791644718
239014408
952745904
395708028
103259071
354661704
127711735
553658965
495058446
135061675
78745383
322417091
721647001
239710252
213487473
985108333
491340500
798586961
104484642
165729299
961760246
176531561
800995176
536630126
22020444
74272501
235700977
180480407
673250693
701581825
93905685
836777583
507126815
129919923
419863183
518143391
273373717
211975369
798887769
552088213
118127353
641420719
845824025
237676122
934993445
619119375
746089000
810033386
774040420
343392400
983946508
732286208
937694198
509929800
998945802
486111731
998597443
428178684
934800117
598598297
417585476
380310305
206568930
456289036
821643947
7891715
32782432
361235816
462294889
686865247
684460253
813029184
552186091
13749300
393481752
55417238
401714526
850356214
706021872
389584892
753692151
673862292
812950377
480218537
408363058
644069309
181389693
843590911
694617362
453109042
370368385
48264423
631374680
949157353
803687597
931716622
229663953
563291779
802485216
335008444
281850313
957617117
618595182
963129328
624871143
991308775
496131738
610801454
580444625
115880406
449886851
766912789
973384084
988068020
714293683
488072921
890998409
836191730
679783955
616701801
684255930
988109643
422950787
579709511
287842597
275028840
354745755
390769042
22742965
826039314
61184393
492084553
217802245
543746933
644294046
918363514
36305079
826567528
73765716
877899520
548998282
640747694
420055557
130043906
123919243
391852638
406019001
249593345
960366109
418351689
904434420
526121156
643869688
183035057
90401677
10476016
18218497
436626405
314662406
781631277
895677706
809616321
443073887
919276552
494519246
166313440
934302536
743800921
482429997
972413020
987828534
845761270
400427831
405400730
442206880
771785514
144528006
202137515
44852289
388074505
390409641
214012220
398082134
907566548
615834630
551992756
890475928
587927022
753734828
131095292
324630301
169670724
962846419
975574050
861875139
895610725
706533114
324717809
626768506
278294121
208995143
766445319
343657919
622755486
442074539
930550823
200437290
150767794
967607033
915800264
330097406
484832994
89739687
311529513
2383496
33959711
846973526
954207673
414849950
898469281
822189501
648567827
768513374
367118119
784789779
342960407
415336801
781106442
705535389
586292058
454553912
877838391
294413540
605550306
84819241
13176585
195152022
146753512
6699082
354688319
610861701
797554889
760046432
569942527
72251565
859593592
709154215
961588449
392157927
776790206
637382495
103825848
612294798
747815747
968855549
215439275
604717649
46901353
32253922
569810318
999223371
534976250
816074196
750787336
392515673
433838931
982262444
130521327
279408358
545114748
956981246
16952617
467607363
8130587
447541427
166206948
940665336
327215077
723179884
178176773
17633327
407672070
658332580
339017251
854514163
872147598
462556476
184226044
319987208
198360433
767918721
618967570
761821166
314577893
301868417
229662202
906195563
676697013
769284942
720621308
903314735
292872424
821655330
186777830
961920999
568886040
658362298
372522120
168080189
918979243
999320508
724858213
342445791
512714600
462783051
382227784
364919366
99067619
851681090
617261262
697563058
746696469
955667672
857408679
716306211
354274713
518364374
407298648
498110978
839973851
708982282
969833785
687147533
646548233
624067298
210302625
490932389
726232247
979823244
224970631
358170353
889959701
985794145
372622578
214325049
419492566
442096246
194078390
824618626
245278913
522578658
36775508
355288357
521703566
433480609
907398444
195511365
798353920
698675695
445513946
682785207
366902672
19582446
830957801
326709977
194934459
411209602
151530972
944241876
959314147
880670601
170824792
856081414
136502027
39640124
484613284
326022775
329793116
106826850
878647975
690386221
288186002
278734664
113273461
302970979
783996096
325767430
836280412
546714789
541874581
820631723
473225958
881483603
752810085
941566965
853529004
531671879
415076468
617485040
539898684
864738639
963380512
875368699
703457618
15209482
941661564
763914203
573384232
385851890
262063630
939133066
677287329
786030006
885062854
591224714
279602098
882812650
940657653
383473202
455466583
686386579
44473285
812630643
49125926
91022509
696994899
672764528
745859454
844430809
796099649
629848231
178612987
559053892
114234773
101794094
116382374
271004837
19591651
394008542
903394563
862825502
228679550
160866497
158047776
367809604
94183970
792499408
137897264
600582672
406313615
204819869
697931251
900674491
491179698
992713719
53415119
871116436
791283799
735190582
294329469
932678764
472487274
406357873
311925355
515971982
613990424
468925141
991922802
354540291
481984963
667134120
486985851
37607908
732872462
598516165
205030806
360134971
952423344
185457143
138970340
932275874
276743120
774732113
882336836
983192416
220912520
193267332
951942415
897395087
627436035
223750814
433700907
641491731
796994049
51789324
565315818
95354946
954489032
377299582
353607911
450007083
76812186
159767134
828055431
908883733
224356569
559987066
23226486
725662988
87080787
141411756
286689445
358617644
84052840
664431620
982508069
294072720
609503653
2938438
427437195
648415418
879467329
759198630
435578915
395996261
62451551
767861707
590394238
66506237
574912904
132381785
950227262
78981737
937340697
387114661
600698565
400337915
402971150
228792373
826650697
458671335
254764588
755185021
923007007
605713819
367988876
953352552
216939789
900628095
264340032
155307368
432751454
587502008
87373040
873262802
416015373
226219238
322198115
815115271
997092989
529788569
903033794
241123155
386907453
610403484
380474806
119093735
424839529
960239072
97723170
87796377
412934172
491800084
92982992
227435084
949144811
990510994
492514773
351397533
681574378
589960774
921561387
154345642
351747622
249144866
320329212
751602314
176974612
347251370
801736532
429921409
789525383
343828434
885485295
270047611
217861607
520197718
363533495
701765299
674595488
102723802
25444072
201724159
626545633
294766489
511315995
246687852
258143557
875122624
406730800
617939638
371376225
799104960
363541721
885317584
302327723
11627561
565033347
435793373
79721777
691842948
768334144
599244884
867798431
705075691
170148775
355611324
779631667
79332020
26320788
164368874
224064530
8338467
49648441
841820315
225257770
840573358
543833673
976952183
98022324
297186773
950294221
819261809
183683444
363800806
69602832
776543259
943054171
801601087
636312329
784824793
187051401
819973508
408827679
722136675
591468800
998226055
418774810
931173941
47390814
343873242
52597449
813422227
73568400
436674230
655023769
125211454
108640604
590927804
693551999
118967256
962449047
640385531
640204921
738297044
855014787
693625863
610837063
774736729
891771829
612206794
442161401
564597606
445277832
799222111
893894043
532240649
873009002
840406495
818190957
275991276
871663049
782393996
878765755
851690264
483821790
318543041
760834357
808840947
281733108
670233484
359399122
311215761
519529896
60282502
944490159
274091595
791975207
341146882
150766727
789229777
794108400
404039032
909914501
995488975
92083399
823109488
164510272
868205032
481377863
685761231
361052791
872779135
662927143
340325120
887909967
713446680
544634082
87884870
577028329
647438917
234791334
650095468
24812326
477552123
123557077
828649360
981140410
105370981
801175943
41202896
878084321
7279332
307194390
144842358
835077922
398286341
376537502
944983424
776978705
272973151
269879128
662805828
872115318
626740177
920174895
776705167
329092602
69433230
960507444
662400529
606328214
907382183
805538287
538708648
342236195
340562522
990048279
685439258
989645468
873777987
105489641
948962785
191665651
275391486
755846436
129268016
550608199
1319064
267694969
994953937
214247027
211873606
59214680
718642480
832587044
921405633
919737640
509364700
721370414
141068576
782415292
45184314
971080062
939791972
127490148
148957906
795335106
434093744
245045302
590452738
205932123
294764906
248919566
898630877
632514168
284726641
393553982
691309309
892087815
706141128
210198193
409898556
298125346
576092661
317051751
734491503
154866928
139000862
249306289
153402664
269113926
110656352
775321787
12900241
66374161
953468184
214982936
360785398
976129038
801725748
443164697
257871191
442185710
958966422
650432479
111594221
352911970
76867681
171037607
516267246
520595708
682552153
650249511
190252783
676530461
514985531
144508669
566614188
82473666
214001562
885768255
34114194
217868042
245045302
590452738
205932123
294764906
347450077
842749369
903819165
698626661
224453616
621387968
370287694
270593967
877208111
439407783
461010411
781987910
20307681
762743199
966852697
629754718
815306873
484122630
786390782
363848553
846227180
31124013
411930972
447110062
866356535
932141370
674971596
902331606
337961487
938328286
438833048
174106116
977320111
454077447
123317626
742382995
75607786
207674486
710477043
920654072
292488288
279808095
467520855
728331407
804389145
972585634
715451401
698758601
443661217
427148122
45429617
786261043
452111024
585702053
268064398
934599729
930054608
914580985
15032833
257803511
184824667
674229690
692451204
810949494
797832424
291529728
221031528
106619824
182734554
848377910
508630921
430469282
978712717
602317882
901643301
718331590
34513133
965892793
553963996
430488001
342625909
973919994
302833001
459734718
621311951
180541222
116649098
394827685
694854881
756032479
508906675
554695742
306881910
247798152
172878849
782362659
200792416
711240487
31575228
842214186
494270074
940968949
383088403
414497468
271347337
705405038
530467445
18396335
134358138
458218167
542883656
704256919
23802982
964719227
115791572
371203822
237798779
452771113
79513469
320658192
822575232
722804452
779133121
642725028
385896187
815198730
265102948
979268495
14479166
415521232
361274029
694186593
291345729
342533851
145674916
362324886
777255559
329366619
898181702
524299734
364495905
223578166
305020540
214881885
593800163
401847114
351030938
370754417
385331492
939218464
730678948
429760198
927020558
609484510
30310700
270493838
382897812
267594858
494473962
321077863
760357458
786323479
374404195
738656817
588987205
592833321
96084630
976118957
534051964
57809134
903407174
437337890
481676672
302649598
369841733
689703171
141057638
366729590
987358941
504710538
585488427
941356510
941413266
177858034
45350030
203826872
90080180
903791329
590639443
477560889
145839016
12250701
340858415
186405277
58783274
849378257
101365247
861993596
312966681
137578633
261897019
516668395
291201027
99032088
414863833
488816415
90161696
906326930
762405673
432657323
950088212
61087911
51357706
225287383
65653033
1243429
744215493
724085045
42813649
138370147
231404139
309802752
123551503
644763529
908194697
337761870
421887379
995346791
483327948
387316360
121659556
123963525
934248852
388095083
142260922
278630871
133173537
315811935
940103083
153943654
644089356
428674105
322086524
609168247
777751861
715240851
283779640
198249811
438766867
412919814
752721193
376494115
761307877
475841247
884291833
795745177
931718014
491684688
752927639
959594974
842604527
687662239
786440519
449347191
718018787
365843056
416126844
776139781
737027236
962243423
227308851
463090112
551234566
458927956
797795533
603402875
899591439
510304400
101120006
864838943
301143212
643392605
755212821
872081792
386964270
515657758
275056586
840214363
526581538
194580755
33795788
213576334
409122283
676733337
379571841
160483423
740681588
72336515
40514761
31051147
741174885
268607026
736200433
766520685
980844418
404556515
796242592
874092314
7515428
152963450
360162790
356169113
288134456
18767195
200627995
862111384
557316305
42122393
114243567
50204839
285572644
153338314
77981745
112215975
882822193
629808280
154272232
738712392
635101224
569387477
74673485
630756391
8294538
17296848
504128271
626461990
713231944
187609500
622191255
685784762
41205320
410464097
575576536
409371547
592053768
700710742
388292366
244074886
438156327
510341272
692432295
845836680
472657160
553609319
221726731
221757567
887721112
86276267
496176326
238948584
226169845
144462530
98243613
180206242
209743659
664110496
628074408
996155351
987965151
546790251
750092342
484573503
259243579
28456831
18635480
216793395
592336753
857468436
926390457
113055508
691453913
397564996
341646477
250865607
614854417
248160393
131104290
65761197
427267694
372727308
227152988
938637739
141387898
887890291
614025629
853100175
237415736
564001090
221423986
927567235
252516061
614565245
76827536
176180067
233029570
84693005
148893327
2356340
151096605
648344385
451286017
236648167
193681872
524003047
537624083
681129781
6967686
867583739
203148448
520682612
478446474
703582135
576852828
817539124
903677741
265726587
853060620
291025316
359629652
730178943
858622466
151060267
287907664
948511035
515159854
707438915
994665740
958376423
218946504
644824768
777707085
292622822
152847537
622240930
161209995
410211731
919810855
625444804
593095591
479184418
889086564
644571630
635369939
6750202
55542656
421446779
856545008
926442656
608600829
738366873
661826936
549907894
751344600
636687361
138298739
792026470
492282231
310420528
372276979
864982272
375066188
625538656
324853005
959219892
413375823
817493088
680006707
264882838
259829889
43955626
690336541
145169912
636514843
45218237
918153996
670697375
162833396
94571114
280111714
682451998
819715578
684473406
144866488
207116033
186685889
274682198
919288516
284511334
831388048
922965024
270824708
33414102
602873559
34055060
117945017
528828935
889807517
202875997
985502440
426834189
243396508
457200072
113152391
788458950
839990078
384661005
474323998
696539705
352996516
424161856
935684664
668162469
570519557
427051903
397151594
204269703
737307201
728264441
150102730
316209824
142114809
277300605
784831390
576554640
492049163
193085353
651573467
744403857
968463869
879969351
930479942
962886768
11525906
927637991
339694080
668393165
287210040
113126392
900568457
849450164
273454288
606779545
615232084
205291825
465000772
985320638
436903842
873540390
106491299
646192601
383399295
635906473
909087616
464658858
80268821
337767906
775377334
384049325
879531748
995316362
898308856
285345910
739695566
512211690
93810002
906600341
400656812
292102782
801350520
628433494
339032435
776482541
267816714
807995700
728107085
967717159
323142659
21141697
512872195
442640371
862271633
690005112
328399485
403473806
715434126
661692717
892702051
994881765
676354717
197459289
909377181
426910906
906356477
424768630
7396848
743871661
495092826
990096940
528963808
471137230
181689273
199387911
751385446
637817374
322282809
410403715
662830243
334398127
957507605
27710077
416770280
558605146
104899038
852113125
18193805
897043252
350306407
572812997
686331451
996276265
352706103
45674831
30064683
239092532
159346000
785642091
527261633
613054515
972307892
455138837
910263584
389490236
724482998
52788824
71664238
234054839
127441514
868561231
715305611
913674905
939557393
620610744
268307618
833394385
705351073
210752248
231966448
694891221
731567214
573650953
124623921
480534449
632135939
906845492
683385319
830166613
441359483
430417490
960012428
723159031
340995597
359003237
242508489
347039194
164492301
593545924
39290810
490542614
785787676
967934435
52482061
931401524
608907245
219789102
476372980
795246162
650092515
317458339
133631256
737290089
846899369
104020890
71045051
825718022
823969258
362080795
300967329
404187777
469561162
123318355
167849402
465614468
746739676
73000428
830052014
79673072
143789199
895422688
771029614
16644545
607527388
951354238
186138159
246562583
400675091
719891740
539616227
667784239
488119711
645019725
192371638
960655145
177452760
460339534
517307208
910872585
232884676
917263613
728704789
84332738
888679490
535244649
115282845
240234740
108884943
942448858
560883158
378519935
14114882
398704898
147991239
374407221
816810507
190179895
997293385
579100335
297095694
398852281
934835870
994984706
449455877
47412203
674357043
603021088
845623932
169619418
368276671
914095747
571518198
432801544
805461441
196113281
484483929
801083850
503602042
783631824
229456174
974041894
893136823
747589082
766455769
104997810
938285611
220067195
313318900
122906490
281287452
550660396
591204756
638475552
676338524
423950621
805380031
69488331
505188143
126774767
451242704
125115861
537448161
649453586
772384710
49626633
236357572
664552529
258449591
389512145
472193424
524751183
108816609
940348578
350264404
73344535
262093847
582650728
407038143
702458380
346544188
596226119
351551516
892036183
485359544
18257
271876358
922389448
680758400
939723909
203075849
831434641
9218006
122555463
793273774
803412341
970086499
346532857
405429777
314442574
493693116
575344688
895746426
106144198
120810769
93351239
997187654
99560747
129882456
127753012
661927395
63165091
135020320
179572763
825962177
524698334
469761763
466449370
331672021
979764528
867391773
734091474
628573798
856460468
265602324
156546887
721593656
366758290
991391882
480685123
918321926
286892998
287330147
584152536
359322644
10743605
919378681
723812816
682817302
694166647
89650759
137989756
698521412
27956466
977969437
318847755
232787748
353325052
879164529
599083269
586542917
513031379
695649327
562628237
60336669
325672915
691803636
962301255
815408718
388994062
405112629
753313609
786432795
774702042
127087115
734688594
372410915
904496569
37948188
768013030
328397773
882071232
406796791
958765005
666740070
235861011
495301319
806796738
633272651
250197353
750159282
917848844
358893428
808263010
931533008
122858580
149645007
143231728
312023306
407771969
427440844
320191875
729803945
330674322
48876397
225684204
13823538
773398853
539934986
731926965
520031929
633385729
153030211
554825216
690717760
440977789
458450609
516806126
810911389
881275534
600668130
211877255
421165325
652845076
490615275
193909555
55792919
184508058
736949124
60664056
225455057
553806503
827469394
762858368
858211976
781823139
147469390
190403160
689062067
698644501
695357782
346303414
73123337
425242366
974083074
362857523
117218459
627711479
583137529
415152325
364218147
844779912
182119690
322404462
489386207
692180690
802595935
251029285
444818637
976600360
225758850
763266443
658397144
201880940
813978187
144285903
344710424
893347934
294318406
80886634
295624919
336323302
419964987
357027094
78988971
817603853
936125164
586798853
312780172
489881410
345911312
443349530
737882475
376867095
698375921
567875190
897153181
149763067
545227506
53917003
455104085
603005007
723741964
671451701
306138751
66965517
422804289
616014985
264640432
341279231
806366451
840883423
294096259
928132978
19080342
447131930
928964551
421188550
876576014
167892090
856987771
559005931
27128206
18295852
358866379
901081447
5419828
949660065
410789715
654352238
396126753
294093993
463207554
574582158
328665547
851636352
763225125
64743034
573956751
723478117
215961280
706478028
792856363
70362237
609120
890735727
362321358
465138374
963742550
542121778
150760436
178860792
688539812
911749635
259815726
165611463
835286890
745919655
911645356
362787689
361158637
996599023
814556983
245208542
747468455
42980874
830228762
735176318
519656891
471170053
414523724
224432619
561478290
389868684
439212973
29730200
219167017
560829730
538323083
56736785
421380878
685916256
450457241
235896412
241018904
875730069
299706660
822452715
302748669
256752966
820058846
769418398
587433769
997114237
561790304
456438971
450201659
584012109
872859840
123449196
498712070
454016750
67021016
815038441
611160129
742781650
593153419
498963517
956847158
399651609
408160648
103967305
21078667
811608249
751017828
794436501
577724842
23847150
765102736
944872112
183065234
611290698
85331431
511590463
46526939
686328412
867342925
690954578
72897072
704848706
798391559
104073068
17834577
643523380
554274604
985542084
562713148
516019203
24407323
870860940
673383023
634728046
134753680
749286907
937124061
826854729
977362111
753240376
695436920
629947170
187827364
426673698
422692845
218045605
585734108
506219548
158902226
931928282
506970644
887350579
185870019
528113751
662676285
842022013
863529768
781540445
774401579
141984562
611017016
386472266
951817565
204489320
344444578
485858730
581385823
428525254
395590261
346898383
373644487
391056148
1019142
875619918
951834849
318603572
396476125
863264165
384841136
135679801
421221905
126499185
858326480
610223524
417722330
516314408
1832376
845054610
892913729
438483868
116411519
109445541
737792177
53800411
648955251
332760290
426892929
582145607
75502360
912480659
906800832
225571503
290957000
510896498
525724060
76134602
309563372
909490402
982341734
563800796
218747559
841521838
604689067
236592014
954147314
547894168
713910295
242426276
75574182
569818471
512553464
35156540
316767624
770903249
113259871
393322263
981129741
60342270
204838128
694847651
804982818
524928095
712565322
496616961
389064933
852678564
921936584
110397607
268612184
321030447
563163830
350069769
718953220
159291190
438383748
239139531
356164867
649070680
612420479
730177343
250291014
166992976
379499680
555672107
460279561
840793114
846788198
247942114
811891562
758935489
286338548
324995548
547958141
743933860
364526013
91823533
695096200
67840732
326038844
552242497
941234682
364905119
103810788
717034177
441193395
177660495
730567519
92631305
279548051
999802970
785409029
574052665
189737827
627895161
909694762
608403087
153514696
381165010
329156910
698652406
288713921
173107221
814354394
652949913
750016166
61597827
801097538
900688190
858206173
706937820
69749813
154039045
446643533
377620796
470308275
64424597
868904250
245724159
819001114
602026920
502162829
900743807
241045631
598912681
84482417
244775047
552290467
332391873
900798713
889118299
368768474
752083383
687312314
462744876
46912861
653293251
882841389
494996795
682789592
800783404
966501723
484970580
460848150
949203647
348315581
475624714
773454656
127661709
620424072
546818873
481817257
144258747
182437115
547760447
276082204
952315284
122846767
941442319
296045538
49152917
635041281
999087130
158721585
885666597
50207577
894103984
832077151
6943212
129245208
438795398
694406863
715151998
531027725
159987866
798888374
920609205
412026468
270749000
786262000
245863346
739288377
83702173
654172500
577666474
421985208
539508580
461762513
838989880
382289011
303301717
348771335
417680352
524431262
20430441
299271680
934396018
361005417
686686616
380534968
397877794
828999799
218875377
8205856
851243303
637314067
588876006
369652266
668715995
616329697
673143068
787416272
757059406
146401042
349217893
697496001
119907293
65354508
405203643
555348745
393677685
93321492
958163353
792959542
768669673
222547919
754785062
630304154
59287324
938595070
110708297
550057157
605929178
575499323
553614994
950297541
694302482
90404936
588375492
682024728
931000453
349024570
601843765
492828548
977750435
915193485
75798180
818548733
71568355
996169022
875276840
891699533
775900628
153663328
426473997
238007314
489434404
632179431
591501467
131761303
811106499
714865994
938507314
87665750
823782813
531209521
593989922
452224496
12901544
97783192
525507031
513788118
863700260
504743783
870032998
391241756
736983316
340704458
919859978
878287360
532032158
412868010
978574321
114392996
431505153
463956702
606030292
527890929
735270802
240314107
761134524
165730948
235038964
512318617
685268963
555373906
996166203
104635928
910390866
885121025
69502617
334458824
713190663
360492573
509476680
623527771
277430070
650400933
467439458
371665340
962990812
43254938
777436221
691781599
16466591
30226420
487624812
276296708
353337391
968438972
19105857
423541901
198310774
638769931
288450150
864917272
303669618
985881347
794036329
377447128
679720932
8107119
477656406
989080839
272499930
14531475
280486582
216672507
850040336
959100249
80210553
740571922
951810474
942305363
750129198
232742796
559988972
437565498
842463054
80618501
771964689
722600366
9564328
676553021
207837841
777180033
608823737
391568769
275375748
235734225
95900536
580658646
626249643
754439133
584184287
480387994
665266559
20475693
629984179
458599577
327887803
841321831
937255208
752939788
994756547
764409749
475291390
444089912
433253856
261206487
966631408
261827330
589073682
355604946
661737256
319671964
225667408
584067053
641892157
892598984
465750600
168420148
943081893
916315776
200907480
673188198
217143074
379831128
646617867
111288012
794797342
456064246
18209796
6557018
679919383
743603682
748884214
915442005
843136198
363932527
300478665
450115735
520603311
639367960
596415679
582051049
537527150
451480772
682841472
29810066
497220962
546945613
80753639
565004209
134172653
500796747
521727211
621139319
893548909
352692788
964772351
978019734
97307789
619655875
335275524
452332046
800342689
148455432
716085463
686317800
895762838
815044462
611247272
888489588
122980375
623128280
75451786
905924378
313684475
937269889
635075967
479032525
843950678
252363371
792417314
184731036
445767420
806576150
226836544
613810282
164710734
357148882
819911917
620691761
235386751
706750921
400414576
628104192
925326149
856008871
111425730
948980189
994853801
746444953
837641965
527411484
892743215
736681261
577326293
792270068
905241079
465036451
436336214
528357791
106732574
532193681
905980245
663450134
658600124
779020229
994667902
815264731
759318807
105916527
280006376
128287350
200373779
101678090
496889938
1530995
158761762
131110558
791030151
88856874
625015731
163720361
834576524
94678172
933496498
231298568
961586938
607282493
106482664
89216395
759650610
541660023
403434386
738146080
403264485
576339861
67632477
41495329
777491542
971028271
101306118
796103326
985223023
339889213
448809640
862299738
301769630
649031775
639746953
378670120
330045116
83307187
439729328
602734666
830680600
945898031
288592805
489080856
923831677
508859039
555498486
407380602
687529542
315683700
691260496
518971048
959843920
453093163
13764499
422231007
580391873
511913611
203435225
751436615
545651336
523484257
419993281
152890780
965273966
781353575
290201862
515972208
658049184
135248078
378018915
667291799
455727175
2080502
171756419
522277925
65479262
709875512
783950396
700225068
741518747
822552258
794955468
569808771
535924746
983653806
209265899
73378666
214523728
995197873
715106967
615644804
424246680
250297870
547373173
771673961
199448777
409137933
53927953
712008121
295224038
726267905
63757153
764611248
318565934
873099099
527097133
831240558
939629027
462609970
789045755
688176247
880237423
347462859
765402512
120632869
723119878
170318786
965895823
287749761
712209084
566981057
355030650
842167351
647729421
314356240
86487890
825202932
456058919
209720057
90818291
127055903
875001471
875947856
946041983
229571297
688836687
490681125
461005121
48500343
802474253
396560294
719282795
498176419
126021355
740184154
279822221
877182942
278700952
707068251
434016731
120505985
958755809
323511888
484915829
46558768
476924240
392939041
20141601
673228656
437007177
548793944
34216605
422595978
611846777
65083255
539256256
627796039
823883563
767100609
105444431
621733950
406851807
744116790
658786041
158845644
21130904
526892948
329622120
415049027
606628865
990899101
506104732
718894659
849805993
308342919
981732835
225499405
283800764
24534568
206954907
514291054
194138875
42470884
191693163
653206200
577071097
456219497
701400710
340694857
346341907
8257984
44133753
162669469
229515320
685509813
778218580
355605939
93498495
243319055
910942229
110950751
205085832
981167249
410234091
308076300
868956506
70750807
376885382
874016492
913510049
849080842
888428500
413024593
862759058
567666997
167936937
578239853
58650941
621208666
522711182
632881096
631945599
704563570
839744477
402634070
444729976
658465257
534589698
403714384
738221227
653487098
863033145
649331047
244065760
303428468
760137651
184062060
770760557
195161031
862271962
145984396
494694869
428724241
928675086
577818590
355689280
213800023
85193429
605260506
773757456
774620430
554980872
776044047
932228981
869833424
856880371
77572756
145701219
132799704
87293196
474572198
700190450
45718393
455833747
285694801
793390531
818182129
156036729
707545031
481331203
936050519
785950770
724550112
259140475
561351826
318748041
400954555
20756447
988315594
375466950
206397632
889574191
295624517
158302661
87689999
261423159
545875164
67353895
654893195
940352894
458718586
851026581
571662333
288570925
856992688
187090257
394518973
33412783
138449249
689782711
543475757
288693836
925141208
524721703
54511932
565207373
35533696
833708622
755944142
570980070
858018764
218470750
210671180
137096385
695038737
7885267
849475019
841652780
964196191
668671038
707181437
859383110
989238150
999510883
554881549
772981822
831778152
483075412
763477001
398376390
40343032
860667133
506927336
351290060
668581312
870242158
365879068
276304579
772266597
861892981
163731616
524965700
718881266
283515243
601931982
675282604
929110520
935525060
984515052
395320593
867153560
193674537
495047152
866226719
950224688
708179446
337388020
330770282
497313959
781471252
162367184
782817449
494031412
537549162
226168162
581654484
809240197
707475108
871470558
360456394
131239498
635440000
357660139
682974406
43948137
60230840
227901048
569426061
917013499
994446409
321991072
495318521
165767936
864753617
699269413
798552129
300658029
977720021
705100586
656309336
441865456
451745748
670221060
711979363
63154331
189588317
615949055
14677091
208797380
67497008
430159508
315894283
493224346
513030160
348879938
766753875
31101764
225006929
699225529
13991719
859907177
118013582
782352728
52432267
973802087
215162818
14916292
355367279
142883919
511826699
881761857
997628133
707608155
273742031
145466996
370515283
227006348
170623726
161188459
646407836
268999728
465601115
40961235
614667451
433292303
175253638
777732072
266508544
828780444
217638022
566905815
445922925
824969654
362198736
418259755
330126365
169920636
69807506
734601327
431643121
874916834
179142215
645889430
241213067
921847678
925342358
328301409
744379995
652529692
866261400
346158293
580486277
527386950
154823667
820249224
285208753
179153901
858875205
192163877
274854173
87401914
347531595
565265233
380704678
795577050
647727872
995002765
60333192
825754744
156261584
503561109
597188270
713286767
48158310
64396554
46149542
180333688
946892720
16678556
445940549
483511073
947779782
502651083
961596087
688169517
205106875
239728383
827415070
177374565
584661079
981976494
446476221
677584660
136072488
74516775
95364653
166233287
498200535
263347076
832408863
799534164
856767805
199269950
57981538
524058207
590673027
783256723
213419971
110330575
85492867
273716063
377142359
112223751
426912553
223584329
167733185
399640714
444211473
642408772
47771116
271224690
454666195
442720176
541841324
367558639
157254941
87788105
290562088
795674753
585902309
385947318
235062088
874236586
830660127
369208891
642235857
967689140
221434678
298631662
824617847
621707322
525739381
484554351
878767435
129404896
294929077
51925007
285994000
765475934
870042871
197950841
831593096
125896902
389501160
277500975
585588492
24984426
79131633
679791570
648721114
388365175
172416235
649892704
21763475
933140945
142517308
644068352
506806550
275986884
14810430
330865070
245010662
810478733
887892442
950131574
21000992
957842344
677951941
361375711
477673691
678053957
45032213
935759167
235155999
583215230
852918531
838233625
372916894
930565269
719264641
878362377
455401064
92466759
676210787
854478717
564579457
417752203
687005016
140883850
934321610
295937230
826943067
207361138
709873167
497299087
36177742
637721727
389168288
434854620
592270964
705268719
577469478
111214914
867791251
887481834
177864180
24953193
376061606
887640433
509238392
904510093
988229596
725781330
792965623
142446995
153585161
566568968
363904325
847956608
509730183
834856397
546066409
716309480
583628066
879034045
246355509
207355612
772985967
104674359
773609000
182539839
52490138
293925965
195062791
94611288
804802908
471929481
549778213
662002764
136032390
565303145
722434474
183719441
606070224
323597281
16240350
590949192
664293792
569144116
791049130
783901635
440640409
289941686
635131967
804154927
503913507
188240868
799727478
816945055
66406898
411079184
263331618
348325711
231324701
738099621
454990760
426809894
728162326
361171759
2094038
239435116
13171016
976087531
243765054
425825047
118692721
590226077
920041421
496302354
477124713
631293620
175135394
275590326
793424546
374855812
976340515
56678565
94753091
680929578
890575593
964006409
804069236
679677152
629268009
639516384
40152388
11277207
386132891
79557629
181676361
858074788
45263299
330120013
798701271
454888797
328306651
744532882
911676156
902797922
754332230
982831916
384175496
423770363
264473350
169102815
24963799
210511053
943228652
585050310
140485607
579284794
818949824
4117105
666101426
892291861
451170318
283921276
481800085
343736655
963066309
774926384
880311989
800749519
605739489
427170499
908180464
498463471
391060133
994698948
968763036
460608441
150603293
633134703
906482908
217764062
418032923
296909578
662163810
862577119
803129230
654096395
939899499
890980870
831885758
266955401
405648364
427957094
339530492
445426610
567642557
566246384
54498384
615864077
611779891
929616728
481122792
616379222
931418098
434591068
852021781
724368867
245557549
854997562
25644222
315478602
405086405
477549691
612217264
269031410
279038430
323043934
584360065
901729452
521262057
492228378
440812148
22281711
257655500
91420806
872851278
866559891
909775495
767418302
377074227
287103099
688428868
163606634
613259810
759315530
14113386
225654786
124125034
636012268
559331037
961562462
571326244
369001473
703639003
45188059
320812550
813731130
415604357
406318401
940849795
256977464
740101254
140777422
405640406
435385900
172887376
541103931
119090462
487942786
675274245
503764185
647803596
701706227
339909936
961275613
931087221
852074697
981337487
509060938
552337196
99353089
295093842
459411934
966557047
755054074
938072551
650530574
748586096
992735948
993374366
739817925
802011996
924413571
754278864
336411545
464380257
930884098
202275568
412651904
667052907
985058900
328113560
732033177
562628061
196872631
355012839
386427203
202312292
529918410
603474242
728525043
196405292
876703476
522776196
106354633
249056540
380207757
998273782
683877528
40843339
127293047
287981778
501981674
244784844
705350894
971181289
67274879
960818377
667332522
134912545
75979615
25025883
346156161
956894752
635955408
50969054
649877587
344974250
763165676
466212652
314570285
947213579
761999728
649051726
711768934
755334685
203514289
355547110
715881443
683461094
977876634
77227319
558577639
646379857
22614925
488031217
473936538
762097699
504863620
310126100
386589222
301943567
775507283
176722473
58630658
162533493
592569681
936581991
379007663
820259072
46775802
838511367
756906980
201800228
484408880
577188052
137293284
780390242
855008587
843387634
637150142
781761753
571392868
280097776
816178504
766557432
228241751
790024744
488322074
653898865
945745063
241613883
588726986
698537435
413497762
670737164
191345016
904371160
715253142
113800846
194382571
861974833
419362297
483902677
674900415
944161206
904356748
653897308
377004970
869265996
676714808
826168525
399363737
799008992
438765676
457597947
973672489
750769025
520727244
660644219
399947575
392431583
237179302
131258935
310179316
451402957
517419317
563176666
902494051
646388945
31999658
984374821
909270081
751528296
220602195
526780592
853519028
254234967
14383516
359738068
967016823
72813584
906583986
602800690
752916945
619759479
522539510
213714575
576322809
267584436
781797301
71929796
451358966
199452692
324671893
808971700
301098398
128609248
209962083
47063804
236714447
905070262
593532951
136911533
7194718
564491488
69306677
837475594
693927608
734731410
40979851
313877490
562761355
481813784
848371705
819284729
378964423
886796417
676340879
1142366
508936227
922929018
986990593
617816908
940579969
969090076
612360745
971226956
617579434
256264394
702574806
998171872
579227344
522957411
343409856
642839858
71865243
923997223
934690626
415546509
877865299
331829398
792600775
358763323
115808098
407658555
175551425
212134761
99589021
748095002
252954657
518213912
107911037
3208113
789476247
367885367
194867880
541565426
397390237
179717730
691996804
388189211
897891483
828056829
150853728
285327707
711946869
986790158
197728821
908288506
124036258
635374571
27720880
399036532
209518096
130311421
21719608
252199593
481098208
861628933
62321364
738177344
495958286
507911819
763186501
450280297
567662359
413706377
5966691
953352318
354207802
325404122
798781085
99107479
989805463
94033328
706513148
710375054
331065954
412052338
873631318
382347804
66832141
908623326
609480248
605849568
4815964
647116198
530386210
313713685
658158430
343959341
425785871
554816599
819108943
608572936
879925620
374849963
927947058
135304307
900531565
910525310
426945227
488766394
409267595
910382518
557090231
466560789
102898278
753895772
719193174
885194008
105734641
75749787
49807045
638859425
149507732
453194996
615967196
814633256
865413334
825293867
576495248
68116264
116650044
831299026
351438008
461500781
104603520
929738763
550063658
239047686
282220107
427788337
986614689
382717148
214141406
910553796
572147857
134719171
743216733
552486879
118981101
650756638
347608887
342903588
21281949
600374211
46777634
563837394
715235265
351226252
785159343
179425426
534635255
51508292
959849106
331570612
621676390
193543086
560078099
224463394
206242160
812076997
962632102
335029635
87592018
554616722
268438244
100269248
676522762
219098643
185832871
888558173
100553582
109546548
740811715
419186455
870077264
841765836
468796738
155990767
711100134
896072068
812715944
961535274
397949042
583313404
850477951
162792017
821412302
417716822
297802120
996238062
497139460
805085119
389791573
377472727
39375296
672010076
180529603
251465496
144439794
415392
348351811
496934821
157811053
203449716
845958101
743646533
619961338
523917859
31256859
116542540
704464690
207753596
8100240
233529444
898873588
384846344
784416016
739585099
192210669
899595905
305052383
679194467
547684497
33347388
779791417
565944037
336050872
127069465
204459045
1141797
477664195
120174909
948398075
484008299
176501709
816515293
495847456
936115525
765719886
393489987
986422369
802185388
210027666
4770145
387658928
198425533
262498725
300758975
651282189
181915143
933574086
392471101
436327196
274139751
681942428
42066450
251820549
917644511
830268381
752091592
223556432
28455932
262216563
595881185
999123956
486964806
561671496
316913308
447299086
56284804
18455943
226970038
547148985
48851700
354652246
917503217
158062885
506142503
858511975
78530088
828193743
439565791
395162836
990686862
649998800
7442208
324974922
596140567
462435098
792518707
791160071
930282270
405672399
798321890
81503810
884888404
270390751
48037210
192838823
621794004
165635693
252827786
104591220
95388764
301920832
607398799
839445329
371320331
471925341
196604458
598316308
777624385
321615087
968355150
344952406
384610354
489954592
632921712
631291673
423786605
398361319
621258319
331769238
854916999
859296162
709202406
991606622
695525187
70426365
726778910
401999010
510835185
927634169
358171551
312731710
39551917
259784249
977586208
922243837
67491256
755139799
754313995
34028699
621812128
378098892
422862615
671272373
417686198
515294260
281508329
386821781
192227740
125724708
108537906
387964918
698924586
396849665
519677877
153615643
601101209
759613998
876123059
898758164
648181689
231179768
514633617
424863015
737675980
212935606
829559428
708727639
779019237
134647994
519051331
589652876
846161289
575868516
826846464
340939737
426611345
84821630
189986678
495478620
895079280
168301779
454805204
761965683
581696883
978050347
837640566
994253945
31285744
666115269
948653504
168685139
930608137
392151924
127546865
68262250
214581561
164447514
967698696
835369562
342255521
6954922
330158576
832352779
473696931
588520414
544026145
566182975
390936636
958937982
498853312
685987849
132435519
856974474
562102325
211739676
244335777
78475934
91610487
644798424
959108191
9977693
19724703
403317060
545524888
93004158
652831137
900676190
513699732
692781801
67486197
516979871
689392882
335430093
96361727
830189499
255746109
710357363
319215322
876812950
364811022
799077947
434079722
450414144
112084765
607826698
338843240
296134909
55570029
26003455
592674673
529033634
602834497
906572635
674011873
91131633
814921853
867510926
812820974
478148704
23018123
65370145
593393507
740067894
278635584
884601280
217502629
740168813
817091041
507717714
850456896
716680288
558613328
431932328
653420402
773723174
959296534
811152470
332889294
989400259
597392330
451743584
900946156
857148741
435748052
428060739
381201783
930224430
281902183
69133627
713413148
485004661
978486913
10344071
749186667
384965
851198324
381201783
930224430
281902183
955916519
200445545
671991263
775074781
594351721
940256728
492827482
209747807
168648664
573082048
342844271
198739850
475175439
27606411
428907813
295889280
194702004
174497732
12490002
258931629
160085515
622112747
746326744
59354083
422725041
886413802
581205953
150483723
575759391
332102532
103534751
52195636
892398213
247260807
679364416
173265963
281902183
69133627
713620161
467090530
423151958
684632871
648526724
15694627
722832557
479709102
632257142
401502571
211321709
69138637
454806145
210870980
211970231
333462073
398965840
939218593
342487087
821680826
277652115
101907153
222416513
766653836
945379924
217533445
748750228
53404017
214029683
783974478
545231523
207293922
340117164
51426941
637736898
149542142
328614015
885062976
276212967
480284824
411948843
549097781
684938921
456081953
462146153
928444464
390267111
92222830
934068016
802189079
799917549
289008269
767333404
305368356
599613032
81044670
274529361
402354783
281185588
730920934
728984365
10986660
212328200
79693078
346736200
814760524
48880048
82203950
735249531
222144356
477747392
144282849
696140876
343307472
864505688
382592519
416179275
272116535
886870803
111739993
630573316
593620711
373144516
835040168
852834445
748408274
120527127
148706764
153309149
802342101
180964189
851356513
490692367
419481371
898277163
800706756
622931073
728253073
180778360
815323287
514248980
463396155
639755606
965618891
125413633
726928368
781671459
89411985
339709894
309595581
542556778
676743172
470511267
890309810
223043442
83225486
451827700
679236745
789237677
716787981
78024185
891429480
979275996
460027493
591052935
38034421
961014123
583109883
692031616
872684655
463700857
5641686
144331199
407136261
467064704
189351600
651834788
56164129
527766838
750921160
938697291
889531620
922845463
855156113
998843377
51837855
172563101
193486363
934188619
417285876
755455930
805029996
363322748
478153363
488818203
165099133
737867588
935537033
833511406
217982215
50457465
184087586
826270503
460671598
381054000
894225436
65857603
458949647
794361407
411882249
229277449
72073993
669715630
102447965
520756041
993535208
223367017
272586733
841495608
283232250
993317356
415109473
380789620
142478630
77571303
855951762
599717785
143276019
786539666
776379988
110300032
757301483
424173564
768125555
474902936
647262839
410128262
526408734
885692586
542620103
278323483
972897209
387550533
751456395
733180735
644302011
732700712
570484918
25748345
670033619
678406783
593129306
173673948
332595843
132563634
526432085
303667847
350461776
161966143
781216247
17259713
236215115
520505237
87159983
442988105
803056586
681432798
482593999
928320186
111301567
319001008
135875188
70351151
400127073
210884189
395003136
464878016
763216964
496621166
3722283
976430414
888087916
766821640
697107972
612448949
265470267
101419453
80271903
291401208
690758912
709606506
738747169
192773535
484765988
899586888
20808404
565042065
352620497
552558450
829446733
809322890
946585613
81544134
95579965
509149778
350676700
58002154
364989224
885037716
48606567
442911454
428061085
907445413
166073525
18783775
713165304
900692511
979660148
648126044
392372368
278638249
610703863
355342616
494295394
656544534
12230935
916706899
646477345
434869914
793765382
832936478
588788654
155455866
638147758
723533627
358659840
866297829
459461062
31543741
29451160
206962848
228538243
663784568
922300900
22369449
128474962
475603855
350572421
397386552
915402695
178049331
107571461
935158235
199964161
883182204
124670470
431818260
844550377
697664371
430804008
20851700
991371521
671197050
217026248
465297156
542331786
623248181
95289057
244744167
921293243
908492100
868685385
976303935
52100563
579034285
919390294
409125435
602859129
143622691
621286601
135181609
576126751
597425912
310523219
358214471
334914830
497311803
74501433
904058446
235899638
161452909
875443216
895974114
476764555
445340749
593702457
398824444
158242321
397862913
438016497
746161195
909582787
736305380
395843482
235505079
89559545
770381901
562145530
541361113
570440438
677596304
214980679
109452971
644158419
623338757
582513374
191013624
865735571
404724522
891440507
519972718
720618084
857193494
706208702
350653998
827064329
540528726
419301481
343320693
578542377
875104950
477162754
366742564
147608343
802390047
579211548
546723606
337519672
147893156
436800983
731127115
235574406
707778210
894550617
981408985
734681536
62400507
975961443
152592203
931590561
840343197
428395929
486552161
15234155
817127988
70068972
33176675
236135149
489778699
521140052
161555283
856684749
542067876
587312135
551656456
798265410
359554530
189692922
572515519
92960399
275579839
28566166
408962622
484691994
882934483
989824215
524331660
683975243
188292226
246348042
602606240
444572131
276011885
954127769
638310135
882888146
814473959
894984050
738547668
763107773
153859667
763690390
346868744
542928480
465296180
212435079
177223236
295044457
131214251
159021349
548512686
804214170
974140769
543232558
27641598
396425264
160924753
401078783
325386798
317060735
394541383
601338282
449938942
925316206
746443973
989604722
995569757
799036830
458939200
178013716
366892723
213537601
398371251
946402614
884020513
401753487
557121256
381966344
677173519
984761059
337880886
320475624
520728371
662450627
759038310
495848064
592817473
213674924
402606346
814910278
671507714
702288636
882151814
165365593
617469733
91605332
645593799
236383449
911004077
808045165
49645307
410851972
110161675
270493838
379251629
154656440
589928987
280180593
492562905
992978641
969265259
199887317
287073159
518106220
765351817
488796303
24543294
311387836
441162721
376182767
530321777
660944165
409623100
568131834
461544756
930187778
191454293
934303736
571540960
628750012
132042563
758962534
99964628
187912708
170256253
226643874
991182013
489582974
247476696
460016846
483608320
734886825
653332763
682793145
682486389
17920190
901940658
746820929
418421490
286962239
546106380
109283479
176038767
705649777
678566970
357379044
1637786
741729204
55843325
468633104
413819049
946399393
405326632
125641656
681552083
786818231
98685052
101255926
633625354
430525318
895120479
32114976
590677594
478670809
329931503
552490217
252365269
770262633
705092893
487644544
277192634
838704445
841111409
731977600
392462973
235928602
369239208
232980968
175724384
634494642
727946284
895837758
765945385
751108397
632377518
753033146
866080946
178021093
763367289
983020942
174713120
969783974
939321898
907211457
253583792
524120039
36526559
148743123
399176464
795551976
35660058
363955126
910990878
21365328
448892758
676533166
770510321
832432147
80082689
9607695
642707542
661041319
645788780
422895958
956060820
789875869
831114082
26303572
369334498
3349918
960031726
549234190
928953269
662841619
151769974
396896198
652293487
967120109
864937228
511082426
354537363
403201207
59846837
423038150
870057794
196702744
58393758
598346340
889668077
922287609
546874764
404375821
410954515
861868212
499188969
185274302
476310594
929924683
278600320
124714353
436599948
969343747
394525062
734293960
847444474
379209418
252127277
134221718
125137261
280711718
12115411
756779774
429299646
614690829
795622987
118408972
762417439
466804037
123125357
572031665
227673128
846006429
72584803
347306881
520288961
48940149
11635024
882939438
876107332
299936026
642997158
639943424
623636840
792122780
313564978
466597386
400223231
261602874
884264643
248520325
674828059
688147939
91785931
336500057
168991577
359763937
944175626
974178691
694230820
610380397
134648676
590191651
81314638
612513848
773720548
765797096
600708563
337539795
179915623
925393246
278918235
213498930
352019848
723715708
112276865
287686717
263157143
435497745
656000005
534526420
603398333
177590972
481219379
144622673
224404699
362770460
497261538
290381856
350239462
904041708
224554855
395688520
364615991
853409936
743617891
306806267
273935037
495515167
274477720
741832167
231652769
165877420
487162334
384399448
723491738
776645428
435591578
291478310
348294199
738166741
994800754
355166097
729112351
63653587
761497516
98765218
811742482
508186822
933719821
762572954
583383099
679054055
273651603
585758629
46121181
313817171
868014876
743469862
392434512
487226271
293013546
808706477
598825993
226516735
119719439
586116737
833153986
490237791
860382195
16713531
237727197
253532126
404139664
269132305
566188564
337034816
237098741
379525701
158947555
272336519
757937886
471357615
390671871
258921934
814812762
750331742
366752373
691762049
381006177
599331208
688013019
53140999
765508967
420028363
780223244
546997054
857891459
390974017
514337934
190045157
285475533
777208107
939737168
712070053
292874835
250158323
414878977
352484073
887887428
447397546
913085554
624769633
105342028
470071079
690310175
159874708
523149629
9271415
17532640
480384366
139596380
672357083
467952176
855525331
143221594
744880087
409870352
57674433
46651696
960092873
529465670
994987651
676837626
651951187
219661266
28084964
93707832
480516167
282917308
340354340
520290430
65872071
777869843
824380903
142255271
526979509
196995912
96492582
823113437
997225676
617277531
179215541
218236725
223445952
83354989
646243170
891017695
822208766
696478674
329876652
596851381
499628728
280160222
268610133
931844321
1576665
401393521
214848457
609837382
902093092
466931756
966020466
147853256
981213526
522400958
564988299
37244743
91451336
738918116
113544576
289294197
365993167
124476964
651229486
85008714
909239342
43898946
101330118
856806986
361325
849044371
314423706
853653750
960691574
642096709
194496412
900721154
59010413
596310543
433697184
476787727
617216439
637157710
742626442
629999150
524021918
36248738
18963314
581805277
236624143
114043472
668443523
511082195
548410199
524036842
27180533
65572374
969119365
515093279
305374412
210699445
902347431
811047719
709512790
313536302
424335838
847112928
83921746
946439837
232158190
412145121
535740609
666382937
880846790
533824841
435753207
454961703
396235504
735411599
513315747
525750390
628129265
347075668
878032523
553235740
666206870
690092701
668206438
95049819
565382734
597579205
225134682
750491832
285885559
744204450
771518102
13025407
253149586
6185926
213044010
647866847
881848162
219464140
653386096
970525563
606157252
550225786
739366046
104073734
133568701
452138111
797869613
292647078
183267070
306108667
409239668
981792940
418653683
24766681
127347113
612612184
821747036
769193695
546474042
790305492
926600780
636047303
546852041
175494336
732747586
252161761
745989841
991499004
955793830
427695670
626040623
68554436
883534171
34000596
398887215
744953724
765481186
336426556
423282157
322202030
771939008
398998642
988863068
769048598
165865109
824221062
420573983
722844072
646552678
831365718
775627408
707477029
578755234
192528265
756627115
441118296
785991088
142104235
896367601
135648389
852310645
441722738
430795155
152625588
979089198
46772089
101348819
744383132
873966988
867717132
745517045
321384320
988207088
256630152
308051718
347579077
641974511
13238345
674004707
806217571
790720255
848970356
454719776
214734726
738200292
404078838
871309607
607726458
598810927
130057596
373442603
574017291
701073820
835940013
908182658
280254885
602203391
560529124
947036739
102969761
810306586
366379077
785055844
520451267
319505276
770772225
685723226
174257967
9750238
811921544
329567389
85127692
632900722
296616639
14651412
788339544
868743324
816225144
62224815
491078416
165844882
87761123
741875271
869986201
143185420
948594400
128023370
538880831
50274429
937751086
645150961
175023992
351946410
210060967
170709367
80130019
699178814
19517628
22005500
350873225
444102641
621352512
829773235
489085879
438497195
450895919
507869012
442916025
682017446
544117824
665744639
412874857
500279538
325665821
167557167
665472114
496331043
400430224
314823828
874392511
411283320
886437703
145505936
283519100
595478849
301128647
186991630
50599622
141795219
523081837
76211225
331986663
469026427
819913763
373380438
641992043
359720126
359011758
474347512
976546271
499184177
204692786
841811098
215031074
943276063
307309238
677968960
477269638
46547341
977891731
755279707
44421484
669600511
486147325
532596873
358216898
915208364
822762014
155118483
375706654
396033529
294446196
190070587
656592859
796001637
461210433
452170689
683362100
947258781
806031251
242283289
390249231
89004693
547285316
448418120
132169256
860739150
658059337
224358978
796302621
813253287
948242206
244945387
746829438
891064285
784992083
94092953
113783936
94324094
379086934
269222202
134127523
872532115
720251536
409326675
477266668
585372204
325146104
94664418
225972074
876875980
898618220
411341126
619502537
743879465
627278860
936891181
633042052
457736712
371570308
306925775
372181978
422528538
688132977
955551500
205012686
35413469
433196448
620609347
928076378
337289925
118659645
23412847
382679469
380277835
355531799
909467174
207761604
143370521
63261915
184194916
280082039
27522600
609865799
472867790
625765742
542070480
904024175
860966309
472100120
871253481
508861725
289619412
573804011
358296050
332373637
948332363
255500009
684784775
573193565
295144485
716515360
376794080
493516516
853114846
157069574
488013195
95804696
338432119
334173122
147506201
343384660
584831469
858602995
425202132
844279161
107771661
720299871
941981
556245774
778855290
744275155
199865126
815725041
9407639
204470368
26509073
958803674
67782627
319725356
478408010
886378519
353742207
215168023
188339516
890870614
619835545
134772790
296650742
928015741
214457135
438384668
252835479
413373666
438309737
657999140
598634215
690759804
172799104
156080249
297975904
101064014
506538775
500677845
470962169
691469825
323910871
710435308
246863568
139813604
328163999
784232076
234424670
264461404
431792350
518662261
837775325
35752419
773259736
882765737
241034618
270049202
142972521
156992859
762987460
744371141
947243467
269196672
682817800
736743748
360444910
356889929
546734749
515792843
938281653
671592724
669372074
864817586
363990146
201769766
102782035
373408557
347109104
949750453
182478823
357907842
15130543
463100806
259390110
206959852
753641180
474194204
45005660
579146873
600653215
614192046
475043850
837566784
573149969
526894235
824968794
945833908
67048950
358819846
973554256
525162099
467514480
237485815
538350259
393886315
579672928
417848183
137170764
438927531
529935371
23248861
159394675
910413518
318972796
549493448
856854444
106711580
591084396
970830233
193529553
632786720
301361923
741355110
600749953
181583303
435932961
68588478
385131970
936679877
37435609
961671129
655309633
876253888
379018217
461469040
463387685
848602837
262293192
797042644
114100922
325379500
681565376
122562366
237765100
524363726
600244302
368197223
236206405
523516100
147096037
939785866
479139074
613477643
656538811
459249457
794612496
378789219
32863971
256429225
881882390
937153900
898056878
598521275
557004505
32455333
1650159
621222717
509576507
733729816
706297796
945631688
327368266
715338788
962162959
908575079
66376726
887691138
390266283
537077798
857335167
832871697
679823469
845870655
426558495
531013854
247993482
508257825
516270267
387425051
869869908
55751085
984108557
357063140
766986219
805052542
887463838
633368714
853229965
319949791
361685477
963743772
664289542
593445645
381250851
801102730
714732690
948408168
258132543
550622750
832262098
743341265
966810055
540216527
510010347
993930663
896598438
316230783
977722069
758458236
269964123
620665916
565310439
311187600
644404242
812841588
81492526
155707028
924420549
111319456
785016769
945307858
201423820
139870470
906247426
51690739
361421930
50362523
909299076
253053753
573372034
389220905
759527602
554731056
934049546
406743067
792750912
810150147
267435022
687969026
727993849
350043152
843719780
269712376
371494183
355109310
255170036
2839523
324470328
542075557
798281400
541586376
491560133
45729593
412880086
793330997
949207400
30479134
938795485
666769571
448445856
396964956
417237557
498072200
493671548
98344322
145148347
610806282
927376738
722316877
473428507
243202612
33608992
339119622
359702653
570192953
163494031
60700334
927022504
995207272
910200809
284745081
490106765
650210005
657359280
176207821
738663142
224002309
288937253
67641210
582217757
850264751
894078116
710363664
643537476
227672397
638085910
138547769
431215831
762362877
761964427
360650962
29657650
91992561
880832983
610927743
254225958
873390231
193105310
115929989
391248455
296255501
750953215
137841204
110211545
550661584
125065864
734636049
319637782
105640655
690248517
327666320
505716702
349748345
678045864
518184655
935465910
994827465
182080326
264378167
923078778
747915841
477231054
459468830
126306928
459513613
728038297
189081577
562692854
696581497
465878255
164413226
883491498
345532333
792926237
438306384
783045820
896811583
31461988
956701624
748307041
751821041
521600338
507064477
229970789
935907
947767022
252612345
130853146
980973625
618199040
348538678
592952553
531742805
140995150
158989301
424145698
770754516
947486200
741306723
547541932
979144990
822299995
822585817
332023737
738300701
452306092
12541383
89946885
634639226
891031987
493847032
803991357
858441852
235047380
144051397
97648764
431238652
746111886
162657645
933663850
809281182
986179700
491944636
155410675
22199367
346840336
467883572
221594965
584291180
604260847
537686796
486889953
850823092
236352634
266978688
845644934
90088442
217923438
666283899
112168199
600054585
610209828
453268917
621450466
229228314
649208883
258760139
125830539
814920450
353115749
602180954
238051376
509867966
586586314
281856420
750528670
152150926
407513068
977890160
493182492
718860270
985838271
354925857
17574909
538764851
620289518
11210212
723596197
922618437
508692502
877242487
499887046
629692368
425518329
881825542
563302188
670547914
146302724
794009010
589911458
882054613
879137753
337889357
955427951
942720213
848758094
97292102
605615098
620354106
71098885
396111743
382356410
320359384
498156591
694638122
474913358
423489596
801710419
62518612
596188847
537819627
17277055
463161197
924919613
944210945
284707240
959023689
144592033
314216622
708229697
299719258
772357015
755712346
273365311
140529225
766052982
184685502
998824085
871056417
355360140
507300883
127449867
918566248
786364610
985774434
588665575
766665751
548567876
381683611
547753122
969767222
725691475
561118241
17998734
494715904
597115226
508160719
544658851
640985980
868150206
857180069
675333195
933537207
263674693
445117325
769137015
838357683
986672945
931726762
84433899
184373310
608529053
104002673
331340810
904863480
962839471
306210648
174554825
346803917
937943993
91426801
235549175
369935303
555092899
357809080
248144283
544303006
629037389
902977057
457327910
712288108
145734895
38419948
333908464
974311253
807517221
153594015
607700659
61789311
509296328
205585796
157045051
435418650
981080570
758459759
530799766
55667965
512374142
384849903
823195882
574423579
570651120
674823594
683833035
403292377
360626899
90202403
434184521
554590024
855198454
978895465
694166814
675433353
707672993
77614980
197748128
619087170
879930381
272072911
692767182
94527205
720449421
370636776
707672993
931804905
509287933
280367580
918222005
665640828
767964809
273921164
710134038
128881707
690114788
191534139
782643554
246768174
407048543
667068147
480643600
614799754
836865220
812771062
905780958
241437095
942737199
311822382
151583708
362104238
740037651
452024234
449005337
997308877
213325745
71239777
381916097
767258563
994510921
537204824
408298507
602176565
112757053
15230715
778344070
438759748
984689883
233423840
427913922
663192343
337663089
653667333
926594998
708380857
896564788
141909924
143213157
497128659
852669262
95657776
549299113
137600610
688477445
744096023
134887447
121447065
592299237
663379959
126327752
231357068
203263300
992392912
57829505
60442188
527270664
875783999
895576252
874187598
621208355
724189176
314387632
978717069
451433164
512460797
22922421
571741338
703099098
790014160
291440436
523448859
220857447
992486587
900289015
219644265
700913223
223926662
13621347
200850731
121690756
857802180
606032112
501325318
674183683
18642519
222918677
907977175
293198116
225464940
394132753
823045505
366527387
882220168
880278710
39876526
230115176
444558863
559914014
521084054
831376633
647973712
763879443
250376682
480851905
554214363
936550248
552907757
136045415
404573328
259961137
213764957
465977841
806127946
909837518
923141376
675447890
430125130
454287824
954663995
987351765
306136535
63337974
959156145
224973182
368443440
811334394
148500401
108269924
350310496
8945524
481891161
119802288
202367097
148415057
496735933
747328910
431502120
370619576
937178200
543660334
54131029
811157808
669817683
164446172
668309282
977509006
529399610
910045278
93620364
843445325
922936384
479683751
571260685
814641386
90680204
302333950
721523285
238963377
642204392
133065964
580237610
411124249
311888008
455203589
419697757
974991448
820259072
46775802
878500730
347583375
627934017
440856265
637689988
113372774
772205421
231390615
46485182
836371201
734520102
208717061
244048414
354018649
182611990
96578382
310842769
706371014
665700463
234635202
928008053
991939126
897206158
659771263
600376314
483513036
499336260
859122746
237848691
600956349
408335681
120659379
612296400
482026402
730957845
446360233
271189933
28781273
289425587
226343128
803315762
48787354
662343720
102915744
716616015
669375260
957832410
930171975
857927838
177736838
5438069
204381339
73921434
603243134
492322870
106285259
851889101
815580910
853379856
924954979
1590001
317473346
781987513
586481644
671615991
387017580
334863576
300741781
3677488
619842999
806404302
805181779
168651859
455485286
359860243
937448518
358363608
897527430
196433136
487289514
98360177
167280002
203569907
989140344
713794577
935708637
785668131
931778214
874659148
508356548
319668968
257738818
880687383
369829209
31627621
301698135
292455780
759819652
474394187
514296776
268151119
602096027
913688051
943185775
49921870
445969408
129612248
192110765
300303000
532841938
78716043
229940017
921431128
460434552
265853144
624505843
262381013
986234464
415536185
395879870
790409089
291684740
153550888
780352264
815489241
52048089
975297326
272674762
448319303
769640180
815198730
265219416
172096936
888512015
415711996
692185956
572491237
646902062
813209141
149595716
797468111
785433662
117191807
829808757
745903763
309667022
948587396
815609767
965821373
382931173
212401706
149295965
973149781
917019499
172725158
573183237
768134305
508507455
972449691
498738484
552650277
748221366
321453684
326888345
66665039
411485366
483759015
882529506
21436993
815320159
844989349
679810972
207529744
198735234
133029641
831948844
758464696
169840892
520430203
100607673
909051626
47475282
992562996
896065118
369457302
671736810
525314244
76519436
892838527
93900585
450378524
833476031
655603511
820917748
933162710
186553779
655020102
933546119
773463650
403823225
809499207
439442401
326754339
502654973
631750813
555333013
152082002
682070426
147159944
404857658
9974856
181055150
36650557
208381560
572715582
370346453
247069989
623526841
679252023
767456552
707525331
709086861
769832385
280783309
787605660
287516984
736479499
786473352
725542467
988221808
201798059
158432823
555389573
27383789
816760406
982483826
565752670
970536461
695369091
290446950
875703446
92753873
142073731
723793541
674811870
23223476
18631144
248253803
764828142
697432262
212610885
782321012
798543378
651425853
689200548
931343052
730279461
574624272
115246530
466990609
874578468
553397317
147803343
598982528
572066741
678336922
876158381
122358902
632387049
725002571
114686675
623213838
83907978
206191218
57670458
675072275
304886675
423916523
231968506
977702480
494751658
928467043
220787572
404927584
900917535
133488341
705154187
824154927
655509495
673425181
232600925
998768130
306677480
850535647
985350011
509135997
446127064
53028968
778936079
580013708
627799125
41798125
141075288
596309823
123698448
405100848
450779342
954472299
238315703
970703186
157011459
795695352
400111388
494832720
906847911
981291908
942260456
9978392
577983226
262442149
513410511
575291602
550450718
836827040
279398029
753924865
44111659
306490699
120068025
940631222
946230905
215583680
519891645
980920785
799950660
354958153
859676280
634804260
332255011
86584099
636492117
456952461
22700096
622863888
653760790
423055260
637369264
730702528
436865657
887700979
678783865
884045347
750372723
162597236
263601452
351384038
122190948
686747651
626033643
755000298
595033248
770976304
588306321
476669972
191168891
790739283
33768308
266577693
76643623
164203240
189748606
658887803
213760908
71931767
875484481
407559118
543254778
688042408
95140631
356886152
841808213
319124670
450433062
530347092
909661195
128402520
698506208
617082142
472928772
348607863
162935394
534135556
397610916
251887606
941615065
48972783
512098801
157701817
626257941
756569461
786688403
50251526
949626048
69111557
401061884
999840337
662935320
901593952
998298092
735380091
698676038
456125961
169172218
945811468
986152287
534984852
934372196
111443888
685720345
740912745
840147895
304043483
333659778
579711710
97654393
372155153
720793327
793502956
555161332
998254773
749712720
358310961
754851131
729683411
242103000
802755944
152960180
485914199
867523215
333912370
782264467
807168792
913292871
17841522
344734657
393966531
718122810
259455671
201119650
233158343
769659614
815388676
66815244
20415222
998390839
254669994
740932000
14222489
678386294
804336411
728651010
445775404
430251798
741839432
334279856
588825576
18905918
376210734
339685764
586854961
849926895
25277100
998837856
432805225
983983972
189512462
454675129
722435171
863818696
659794654
844120762
380134262
317877211
642444405
4112599
119876165
298863186
107198050
627535120
387575611
680914700
136153529
14314479
179961261
640499872
961585714
428015990
215633224
903042308
673655791
377541466
282652421
533671933
841838957
888799020
327292490
995348744
447069749
492988793
415304204
649237384
685820084
48561698
280200097
197278637
633670781
848279356
546212579
444985870
781395915
981638764
395065055
502114498
255766827
674905399
547847382
574434469
519258500
33120858
371721488
160460071
544739898
591556340
434809073
352298177
832000280
883760332
320083396
168621256
455315045
262786207
839188217
265950816
449865887
146963239
951193055
105729405
474481033
258452241
951861907
193617941
810233399
920152627
918493179
772949176
707777087
939469508
56433711
94420837
45188253
362890608
837048506
127396008
532192490
65000763
473208069
676861748
539948344
401416204
792111815
776526646
677259340
474386696
675041165
991070334
843520474
318075106
467527998
69801153
512260427
260833027
997146436
335987367
439701008
671687265
77344771
19988336
38450721
780311784
125933997
321619369
61939683
865489306
327756861
727499007
54646537
485738899
789544100
108954317
109725211
245191615
474784563
559593554
999920516
502940405
522797597
815301174
85466963
42448538
20607209
475151864
594125190
36770466
176596640
209545224
840771015
994361112
213933018
945685506
62488104
935625153
317830353
257687315
199570755
538958615
329564351
16562475
385178081
243942233
367448189
256620240
854071119
36834737
388658954
623547362
320416929
108663924
172229412
83413591
722562949
893320327
767322578
956152914
628251365
633888635
626365263
553762440
856073765
761773075
554938153
233409065
747983664
6260764
812928518
424984697
45942842
90701817
471110294
536319720
172404462
33041111
185010095
932076845
34264275
308365347
786879483
471313569
425036981
787387542
584506749
156902526
627012131
772905743
555574347
434048716
387387722
905437535
878271410
35651003
269467294
416187223
24295291
87275027
411305506
983970607
818917867
524778202
125704180
451513582
400951281
20753103
101220199
875621642
714355157
368078776
928229487
743062561
476696491
111097175
381140790
495372153
823445363
157668238
458568833
688205490
22423904
398992255
713735548
583393298
652114366
164374135
71632609
607160366
791572071
201644857
321495787
326220970
335822457
21889500
273110435
252991011
577954540
190766843
481603926
563458194
946785985
280609422
956637234
447098625
191548096
142343848
142559141
6774569
927052978
188686469
708299715
743858566
524125955
305237458
810872574
454368640
655614490
89362234
34649899
200744729
603079370
396271043
536223612
603769787
454253791
569130885
521644342
468522564
754106685
446880998
360710876
389960972
441744205
565918370
379671070
34590391
968371957
113606185
176108171
710469609
358689216
958729652
570759634
501625646
888395409
446421810
625640145
420042433
687282524
650627394
130151944
28769239
379714704
989751013
61387108
616144292
211677168
101025785
342864162
502294703
178508398
756736380
409998611
62900432
262604450
307437911
402317064
679268452
351101187
127871548
875548651
102584968
524999710
509346999
344255445
354193199
144587891
495468227
616691745
905689344
738114836
347582039
433559695
586256124
706661070
21219699
751031928
485263227
637665776
340649243
199516478
31391372
873941252
604478013
784727242
594217883
119788207
137203162
479920100
681264171
681491822
108632155
418877831
203916281
879858138
663790222
529066024
192257456
811984929
159798271
95532167
733345437
531684292
938053998
302742784
54783116
121404865
330472915
969514397
953413312
816680273
563870018
555119176
344230132
347919399
352533838
419685102
708266651
795530370
55566525
475262076
224257178
471737574
824166943
362245143
704030368
818883762
176962779
978254225
322998562
689756275
873580399
304084345
981879813
469566785
139486272
680995044
222050470
107114043
40279906
809309726
245138943
593249863
278965068
558786347
593846306
209969883
705926012
80329912
365090985
819172964
521808623
863990215
898436770
566037204
754481653
733906850
737578487
836339771
565530514
746316620
718728031
887057087
547612545
317523949
713867220
123826501
238300542
98437856
252230962
80838108
377839054
973874999
799694620
654384919
430457437
780542380
190756443
905834880
774840986
203780215
27602823
54869039
834132748
76818462
168056190
563027294
181302828
501135236
76916818
307171028
516686701
221558051
346946868
543602605
201069717
456253392
873334853
193479621
495398267
899089192
983083700
938748712
596732045
75357668
236856235
687518973
692516285
35031439
934445866
146507203
928272770
938400096
667038472
177356780
102990396
190291124
103609745
344816980
943617777
610872165
39685288
344531625
907102399
71498513
990571888
812201895
733974842
971727808
821696284
15883905
730226294
428359475
797282169
408543326
908266215
795250079
456076775
202412980
556548776
701563267
268340776
617528454
862489929
31395036
965382803
447602298
532991218
484012824
500025367
73989528
430329994
884218424
356964665
844493499
787317970
419471147
997547780
69998275
303142899
632174329
434198037
407044595
963344696
601366102
587056726
425058336
876896572
971933013
356545003
146535387
837040659
261959184
615426425
278994056
950959309
351596354
273582864
25703836
31263609
44296449
658112965
276329852
586863695
952019586
306740128
936172665
955153569
411786578
577016413
765995766
685915636
26325204
912033496
837251684
474660700
573019017
330508395
466364197
729887214
440822190
144601165
476578616
919839640
393259363
302620230
872479740
712974695
328545252
180110217
430706786
463211166
352024746
826979691
587901605
91590793
819988451
753752150
256057466
29424078
748597647
170298812
273205842
678387584
495347243
449546023
879148704
820531876
384569790
439882254
427664586
991094849
243799964
336504495
828481688
630908371
76325042
971010125
215880624
684684886
464056855
447497402
635220155
753582769
931179797
290495928
793513340
144077605
577610014
898295545
584660702
925750916
751676627
299236153
348237468
573950798
148067393
486093164
158877291
36400263
736687788
612109028
627444509
663593664
794379264
807486313
99831028
906019408
179909866
947761318
473158790
777517446
502965672
988761575
898979847
50107952
496685079
457679676
136042527
87834912
597972255
672675572
457872813
297396101
719760703
10703549
171181636
300573343
938421957
349553379
524280633
190044638
689359504
381523303
421712134
305776210
411633373
296509989
715020855
460089509
154719110
588192066
988793784
93956609
988101318
429116127
887200952
294540781
47605882
676553428
106371739
742562180
930293091
810287619
642114988
20120442
436201485
607634689
199373969
321512257
664908252
561041414
37190055
353662791
742135746
139307285
818662627
250388676
282042523
113970225
153064958
516554345
795386449
248243203
332807898
665951277
853984828
28095921
539623277
539579105
865687773
627890384
842069379
13360957
937739006
530740914
976004157
530493184
894647243
653935534
666293714
849397106
129285932
454928516
669702892
848895442
135731622
723032156
19033829
813024559
143442450
899152350
334666018
198293249
517649628
440900318
963450182
211821109
30610793
515960534
339645522
343570987
644642818
348694045
488365701
513213767
303370553
541232617
264997879
208873454
568291261
405261809
778375339
247244085
662058135
613809296
819721074
756332344
491755033
307067892
863970308
47785131
814343155
241752120
282455508
753258294
142693031
706974808
827199264
518437818
278994910
760046433
62056640
268621551
761133332
203415045
324137152
40753514
486428032
443368874
552791326
290662173
125094301
758962736
525380511
966844029
511155942
307904421
308429950
236086755
912500167
639236253
808118195
550540036
643405154
550489864
559444017
896482824
701624676
842104101
99169191
690212305
247836131
643838335
747128065
780874839
78972791
69852276
459545184
117735627
147335861
915621254
763709607
23904130
953817242
346923576
819420834
325264964
169764435
615214134
872878668
396959483
874082251
390082422
653067889
278836186
840685302
972007236
204024513
318816508
374448217
39383169
999467574
695399246
7992901
123166324
813728691
23670863
406638411
820938680
695880764
894242478
500105953
60292504
239626396
619070956
551853446
674482633
144040675
988438872
911500154
334666018
56669779
127318656
343847244
651760170
549430827
168116767
205559001
472058394
230701360
149104713
837394134
185388732
881223004
807006233
725905214
301033941
940286556
937115801
297482780
223008585
719268728
234088785
504433441
982302273
716076019
306114536
9316072
593805921
405101246
460412401
761579915
175899574
675969599
903126708
485466940
616507770
909816159
542127441
594086768
415183087
728272784
313846631
511194144
70105501
949366870
668429789
484134186
69798032
618935728
250673589
215942597
277640713
600804560
411959346
860635478
790903871
870104894
677255912
343843058
179006884
775715810
105489882
374500679
947409806
952620159
286834856
240888456
481803482
69007179
336097570
803752539
853087059
846352023
687899537
669854156
159172034
131096923
539953091
508223537
62882466
437043349
307585676
458218754
553802473
690865896
494892825
335726794
273538942
636636237
635348220
262823979
730557767
172152452
441038802
749195401
269673884
296746954
170800467
82950681
553540412
862877964
565507602
457663656
181515747
401832942
804865411
628462731
273555636
252532245
933465505
889019049
749395785
726791526
676553428
106371739
742468576
827381092
818240631
885453223
560257230
543107413
69123193
415916524
384658819
447831000
139747237
120417936
750144788
111971077
718290411
864994152
433563657
219155758
456839507
41819403
834113368
384176131
243673431
959634856
363972582
158429715
720000465
106581971
157815262
107514371
51946752
917785629
435309863
315311723
323643100
748497299
426491631
980042307
253166925
787779059
357909365
881757411
499663565
108315175
59763369
724405992
589784689
388208373
594975972
97096728
673003026
71127665
478534820
709324705
831322393
559233410
193718755
46118397
953388302
996490119
270892067
269495516
699337026
591739142
573105453
333284533
539843830
656748758
616248817
474805254
338222923
384575911
837397709
731205987
312985112
994006687
473561042
635312099
317920409
259666046
140421134
450919299
165715281
708810972
765507572
962415083
678694423
551829792
591784174
585905164
34801484
970850574
293224489
971125869
400929080
91712280
841571920
273374433
131928723
382812464
945472616
751408013
276170691
226829286
376690916
236759200
541402541
551974991
413071243
298312091
147340128
211004671
999328948
825802716
48309286
386388260
42718915
930582423
417993597
288148090
41142692
941890141
939010857
230467115
59840104
415659205
155432782
129608077
633910782
430160437
125096300
113221067
742895877
817911684
689487069
984367002
742201531
53863257
7650031
582016690
324825114
688421666
621166109
34225749
681880652
338812285
443585524
96016847
629884188
379522289
898587064
649908054
373651945
809619725
449477629
278675548
552675894
100100680
766125538
760464753
141440853
927929633
730158875
423164260
554596681
540541275
220888950
414479683
635551593
883832159
306894716
380631523
294067528
709044666
785036717
182535499
765321882
909933293
620934363
652143853
659943916
302806765
514345340
639243797
259957041
240401146
774974677
591248497
112740330
36025870
988639622
988800520
1217589
88894846
688205250
22283877
675707258
949032266
717972667
920169504
375030869
918867833
345940885
564030663
663912162
396053903
149507003
385668652
295713670
399552320
879605973
872718628
715864531
406870335
465213687
605919625
445278394
739591276
546529868
86699813
437941786
919776620
505570861
546260724
145197739
447851908
27683074
617736165
986037862
563201221
429740089
701751596
78582163
819286735
648156050
640169859
702848257
364068676
460696734
277000941
494212023
700271399
923661061
433370543
955762395
525581872
164872812
319080524
475773284
746576320
60707465
670164223
561769581
786410406
107037471
189901344
984940610
107047612
394297598
800446539
783340161
226058968
138009361
845212445
876557420
619755444
2628465
677019032
654113615
686693333
683294374
186579766
543332051
219004393
907371646
991107951
784913191
951164190
941364499
973792932
319573743
528964360
255377666
944580637
296989965
788313500
365785288
725568994
453293422
595495466
45684331
27951355
226888468
594172736
627277985
917057645
44404250
675495768
559220446
930112255
636804217
529181501
707823975
525569780
79514793
31881032
333280804
754510528
976640688
818519878
715345677
61748907
565252557
835631666
119356933
764748037
679432843
644332306
322725761
621922847
846630062
35274390
236727636
258527543
791820485
454553759
898115102
811170139
45939472
249543888
966170010
888134361
940545460
263112553
647625466
449882423
25674912
812804218
723644533
148891489
239401996
828843885
768246210
481691838
405129894
793372322
292570536
613097532
49620960
883229223
179703409
208233507
800107971
861132035
556222076
904612977
484367158
676705021
94442686
142871349
604317098
452785695
390095680
619680314
549890059
984126363
810436306
669946991
640098103
583359730
764886010
803112253
512443419
561760108
865866177
169836939
831967040
118663230
574732437
878944119
247829893
420222734
234389573
23311912
674399808
235000283
120949574
867445407
759695361
486824893
910008448
411127462
506477984
715219071
738713635
963550999
697911735
816996379
107297930
618000542
282697663
780852424
72571984
457754745
6715974
827500008
610445158
397394126
56706877
878925667
472819600
456767524
31534686
85927965
680949618
152940087
137831314
764005127
741687895
782447664
127618936
203699096
251536234
131736610
341433759
135184384
124134222
630305513
672569878
810435166
434585366
851283027
309738031
921449723
183779524
215700754
394833178
31580608
392923989
968887570
176219467
685885079
800047588
557119743
158738003
704465467
617116700
317362799
405283085
790300336
130668113
632259389
408211395
347392501
757138846
262373478
755210441
199768875
168261477
698379436
332554141
145495179
188407678
977375666
391169696
432873290
626995636
884322842
711638752
631361911
521263712
132394192
40978326
56995458
209183374
51718257
364648329
967119698
288094424
391758805
492702805
470738272
453561037
565606887
559666043
11080655
575322507
12479903
504996108
729213728
397177494
864617806
555149290
67210517
919850072
985078351
720238815
199144815
245061607
934742052
537995122
378913004
84303534
739281179
265747423
631139143
601984740
364972463
909682566
83688592
817415387
537714095
127876649
906658200
901901492
293153016
495573647
663792362
432537792
134930637
780957767
510700962
702315683
509176540
78915726
484296102
361247125
91407300
708923549
113069279
950092564
434249596
253415078
993601287
313942508
507891242
80207954
205258063
191416863
500955464
20959199
374239392
398598206
906377415
955182478
348146595
331058
574524963
377196323
355996874
822581852
610675964
709544100
867708297
70223019
525428937
989225087
236075028
504370554
120935893
866284855
481332396
869379931
813273714
86872840
473581138
452487184
884175591
946142442
545563715
737576406
17013186
968873956
765670595
607529806
591919855
221362807
648814686
718282536
757894392
117026404
164431185
966935964
788202134
54060838
495487505
61287183
248926560
339080987
802944140
43412760
206364339
975366047
681391947
226503021
534813152
629821518
947655667
163892788
868930230
478567857
607168209
903638290
908446852
682588403
897747001
689503884
418985765
890811876
490442226
712823123
964495820
55907812
609481593
896019556
629718750
664502252
879570894
825771627
390472037
863878040
588412625
682268015
777973201
71031504
793138948
698514573
998926473
648855715
301160802
330021874
302478296
155512385
318415350
633643904
247894374
495977996
432988436
201330738
981237951
81287503
467981840
876742759
947410223
26656578
506591636
948353832
634047662
318388600
664246349
527344561
30024847
348234599
593364718
753127196
25796867
280589410
597970378
648389054
397272202
187179851
482345370
479750698
362694147
80315695
287762297
806191778
838231132
837587991
887418088
29722584
508420306
328057534
800401972
399481232
380982790
302528219
156964086
58139602
613960256
648734839
961855757
388095318
401510275
366799761
890557820
402742692
152066614
708007713
445780937
630824285
654527110
975404848
804572447
522702384
919237179
793407618
450449474
732411867
795674077
540986003
954172730
20770449
401893385
333700875
881181811
310689871
838968265
734488029
69398137
459389743
585950661
758284810
232248692
727073455
144207168
976988132
223506706
889362850
226865979
26787597
428065931
381349511
664805902
6745781
244342664
393221942
126638619
715123517
813448606
409077789
553246275
361402962
418639661
106778111
174338136
192621454
214078615
130985834
725232564
353951190
437917876
783470974
684591025
219870636
786774995
19977594
407441663
933761986
317180246
448641848
417561328
938443540
444263119
968920021
349993190
938882506
485155847
33773837
225720537
775922533
246713128
27805335
428887671
596413381
486369875
305650726
283354071
307005974
160422354
421650554
959343317
627672135
659056825
115919186
139739797
719431278
872933991
440648697
557645486
229413861
970623815
344009749
560368933
517343050
557628402
58420942
150524253
443237138
721489210
740068259
794142238
958409847
206338479
651093728
328905071
769677518
451165184
330989514
526793173
118833630
201992056
366897319
783106112
348086328
603218360
810976559
748684580
700451298
773087053
725970073
105646758
893910955
48693496
118668027
739200413
800887882
938731859
400464373
129855263
248583753
735760771
375622458
48999822
513031566
918146283
958252273
928203081
82899572
174820370
584846759
912451265
231613541
854771803
295901559
931005708
306238097
204787594
288819895
751392212
402780963
695033149
2439834
276402137
701658723
753416954
163072425
47059341
113155911
296078625
532820784
454202576
163715997
147090241
168476196
942814381
826326424
610168505
92394916
98092689
325240989
821675445
495912342
943850882
913440304
532180638
117229485
784891647
532298294
62416257
305573012
344599409
844901497
295285197
260455714
571652563
329775510
326393392
264212352
282902844
149793379
88634196
162916618
659433713
314297921
686150975
875706928
958547137
61804763
426828122
503657231
401510275
370327990
999933301
781876633
484957492
27621394
263190761
141830405
977790934
70863867
141872898
544065689
343431316
984260130
130617048
852798358
464392828
383329765
755075614
862176183
168094150
975766321
489817553
529312829
987210544
291453352
813757156
920804561
441832582
457655960
47833945
101597443
927579238
103865906
957344718
415584278
71945613
999129399
981071766
758093663
323208900
904780049
615214032
153154573
971270107
762461589
534772592
529048066
88399568
625907057
58862260
283963596
535487203
787141932
815063087
505660606
639842358
320524456
281237518
58478020
680717782
888818268
737498406
723579613
49824242
714310587
986646292
169044413
455524484
466239311
738075988
825661259
383749749
460277583
453683749
457889231
586171869
519545213
705766740
125044998
602614799
467935421
204026291
871488355
180423545
765783340
710185970
241974253
362451151
22553336
582640267
431441591
328445428
968487035
894935249
880982389
364948169
98424659
799007290
959414738
784645424
83508071
339872074
675154558
270936394
363406141
634446488
629386713
305718090
23765572
355588208
932065583
198493472
784048517
639944272
695853329
190309447
494128747
514754803
470770665
534261588
482773129
244496258
261471643
328701107
638324421
967532578
520394129
529949772
319995081
844059850
23431334
463875897
584727067
726948648
539737488
520001835
751116407
83744142
968150378
666686010
539007450
673594632
947318195
322962296
375530130
232692886
596300047
802289676
52712342
641530570
679142466
787432681
810390687
717138091
658435532
331472321
266214590
67354950
319814147
936082146
818691587
445943336
915989095
606710319
889543338
191460601
598303816
337339706
697246829
822668445
327671283
75346808
249723031
941578821
977182657
610714680
836540155
192148031
679485601
174620934
47762345
364543322
571647431
314374338
327245956
874994638
756197919
130543697
628020620
405503361
990854845
667083560
822722196
409353306
502494660
970985061
223024467
99438462
713437634
879854794
581065205
380845511
201441110
948768961
142419406
461171998
908875755
93753719
208477554
399673966
195109272
230419093
459818978
297994480
582697570
405132433
608465098
542264048
487184876
235829981
448981158
157467268
358179667
335280522
526895221
332063258
161536014
772358381
510131709
193895430
218787751
462428409
902199575
758366683
625618618
176054874
24729232
181784716
80271420
14267284
661253068
255108809
980646005
971504565
589653558
570996344
286819741
236392323
563152667
296509976
46340575
308299152
902254064
120989593
433371136
192617788
214586681
868056938
729451652
311548809
915981698
617909493
959342794
402647942
466799662
436857707
103104740
244556703
441974693
901872811
496976402
539460875
346440100
778832253
370421497
43448322
135144052
306287520
380735870
113111009
255468744
820253206
191059022
389015778
145736102
364105356
967385742
812728901
758234168
878988960
815579985
998535770
720671386
578539804
158199548
476521570
962651349
79919005
139284335
652022559
634614928
702343798
339690227
584891642
831921612
15631688
788232665
525868839
285265536
177004091
725517508
37993074
385626916
101658357
288340177
488583707
448183706
436994663
911211182
462694282
153694826
814129255
109748242
739771390
741089980
151772329
307256282
187856086
744388850
455752380
574375693
570718333
451513582
401065985
121648087
211307000
35075573
75539254
689628494
803519924
148584892
396716691
841610236
528343850
966701624
301895846
852236929
525321998
346723404
965316549
870230976
968977924
40727694
336996431
550062517
69114133
789695571
479666538
333693290
914854153
148714090
225766801
788887215
937907218
510497536
513333126
692019522
515173641
231962083
613568818
811904424
258314975
245774942
275041712
149447716
843648511
172123234
37194808
400035158
662967275
544370941
439755105
747503087
741998071
36738413
508106394
537865833
131730685
891728695
336390998
66960130
947505583
193489993
873136443
275153241
983762995
163119264
213180076
749506147
896460540
696880624
176751456
51801092
749598440
596755663
281163012
708538542
860693953
955887230
594953379
941356742
821582892
969343733
549772191
487996820
758120463
110272724
208161810
579858179
50526041
133322905
329920851
901194454
359593983
17302038
434830444
337226509
72763422
304776831
323147489
424880946
662445604
758789041
970610311
387007676
565087718
87667910
989032288
991210067
596053542
62946951
802559401
119719258
499436274
319559221
915942315
12956856
513281102
472230185
614672716
682359439
24983806
155694907
721834842
654806996
172501180
137295822
17010178
427725626
511214767
877452899
193424801
183196073
758112068
486533783
165986439
768728523
137551341
345515539
108744050
731719131
277009465
200255711
39790622
95940121
14099714
482548196
749116820
69017740
452355154
156033012
267692565
221688948
150284417
277657982
52448199
118033615
357070972
416267511
592108774
134054340
22491855
663926131
926019800
297893257
868387308
264875488
357760560
470219736
301623102
788441798
779584564
932681260
757758396
887207299
295277293
306822700
609311295
707678471
958463578
895980704
856821983
765435494
510608479
393957406
665150918
613617555
473809495
445429063
665893970
936853895
39968479
803179063
377296460
825648310
527656983
277237401
402550620
408841463
269018461
944505749
770914118
517082794
584839163
609127464
545862342
301427668
735410142
474408281
273689142
733523035
912824894
492910533
88396895
702027240
464018914
440112958
881892282
126898220
755244477
556343177
478443656
934404774
903306157
333411017
346054667
332726320
122703450
436890602
349542630
200775472
164391353
953708146
979705114
149447464
868894682
723704219
720919013
897401257
482443200
304127234
363648564
575681945
673367473
982770888
223132165
685576880
700997799
667316785
93437079
438651902
612488307
996286947
996102820
856995123
801465766
222813045
596162743
51611983
993664691
656834071
395669044
503831016
865659609
907247983
235894781
179539965
780986941
321802515
470552302
106883327
92079127
815040635
786025170
82242896
670933685
385505155
22821255
579311903
437149246
106587112
743185007
558500720
658484201
810899699
735144923
861650700
983682823
505783985
354050420
377079713
912540111
937119758
263967433
155026600
990315809
959713038
884186434
8114852
818573982
903207215
323101901
788188609
119291512
92067970
990141613
591377359
579479741
233647483
376171407
30957702
353985347
636453521
279996301
439236395
455433900
877812491
209685091
572038524
511876778
704890659
966430484
584866533
736631427
45167912
738091085
376734627
142013587
558412762
251196160
781023549
48556455
616454391
976404390
629290304
882200319
388262936
30093787
690908424
846924785
599779121
671202401
44148447
887191840
266386117
331504506
737641566
52498858
899062381
212375549
871770177
610754240
538431273
909419092
225593546
363955388
640122868
955016138
472312406
147582816
528727631
242863073
600650088
731476595
880095873
148630706
191908211
554088195
288052883
668415881
499481337
338017774
494951897
688494143
791135365
16329039
710473611
981210164
202036434
926133885
508288474
295889771
319203168
436722489
371636329
672868834
934455984
306024481
709734731
321879626
673597700
751355708
488790190
341328867
72327735
388065456
808724139
16964559
414754478
854886823
293057669
866789482
64785348
263017395
698882215
826512462
15536781
727868291
487434227
294071121
340375257
353255011
185933897
287046593
465366934
512989675
360184296
956647460
123862235
711470935
3574922
629340597
628371696
883570262
761236664
168433978
647419897
726525825
637477845
424817446
117428102
158570934
522209336
60342270
318039443
164213713
534217101
127745630
53600656
597317941
363253497
158769821
312785281
440148396
922878868
64437675
412586745
861210638
932361872
115839004
939918886
756330164
782525826
466562220
951192829
149988376
857661405
193811129
670928592
540043692
297163706
148926577
965148306
171964053
606585592
434972588
275637889
464645864
502544976
257074366
755983170
3550819
872333178
104068148
149516378
496047314
985282130
573104993
812651357
194189005
206509833
954801328
470675831
229454644
529975378
414072730
618526846
962585689
148173743
323757190
519614241
965635628
665832197
514548110
98861284
625326427
927856669
893512506
265903086
944170067
126854496
450696616
674078290
105840529
6468949
987105182
818578076
77317554
39185179
316909758
453967467
481414376
494205780
525888120
777870597
211300315
938497567
883404352
623636915
120883881
385698018
888964704
884883611
896298264
447016122
705970255
186211099
293496640
757749371
424811235
760408326
492528722
455040643
239473109
532097242
207892536
61014010
382668721
245360590
542157751
612828795
185390765
683971904
84180907
961337857
662568851
575360655
732994574
836452149
593027332
115073798
620092189
544837174
872021569
819335956
944457676
366978132
204780560
782914920
38861348
695838307
62181708
527243738
45620264
128320518
737274627
655930035
870443602
960202469
935515648
789224169
157113575
473662992
888021287
46150050
455197791
679827379
352263155
522553269
807729556
676055258
144885360
572969729
188871590
101801125
267142542
403366662
884064853
559839733
725590533
360221770
3092062
904024600
701556298
315164070
336334112
301647970
660483030
261541504
337575673
222847212
974387618
746194201
3878060
377823750
50425339
483056340
517531083
154671170
511562002
118162689
813132701
990671327
718009878
441912801
989980068
842140610
894497951
284098901
801008531
967983448
612520097
753295617
288922330
754679359
943268368
449239460
114458442
211229894
893095358
406517908
595997733
997316809
258097114
308960160
761843245
814003934
906041421
275683962
540145629
262377959
2602086
19732904
959250974
637201525
98230208
517650550
617503505
522814485
968095073
471953092
393602699
100846299
509819680
594389972
149951040
810669507
483271186
815223904
665707831
770135254
544891539
452248287
626203760
410295151
928761717
387333621
612275678
978101082
170354198
392187648
268009221
828051153
114530450
544959207
560005851
320835997
828869877
214731095
279977807
740953784
471688308
194464293
161491989
643893259
530753004
691916871
321164148
89188026
39193005
315159538
912685352
429989795
73985144
426638974
165462240
195291836
922700290
801874490
729850714
982909421
990050511
765766230
890776074
180980674
469095023
675234649
244961786
579711077
953112553
347813086
284073465
800319581
14134719
114870562
362782044
431712699
691147506
986088672
786331218
951387850
490389332
196205270
748479750
59244878
63662268
322041747
319931200
251967146
155850793
122157006
935114926
767249866
376855658
563498193
641113513
422067462
20942923
836269396
23914189
426323667
93203644
223521147
277580067
688421289
963360367
69611118
855486274
61816971
539623866
955143820
428380745
573429511
879207173
147964382
660202963
429933512
308397957
261400620
301951809
767388515
193077140
983045590
705392301
645843704
538585378
287311918
450271845
291012627
809531216
184864551
522370646
397718026
216845322
593943222
931434928
2572342
596058674
193281792
214711378
893426503
817761188
431663118
859680715
448172252
458320652
58648620
939307726
534785187
183385610
792211839
956329801
638719509
18391290
918554563
410909792
610041096
451921635
362324886
773702831
219232071
487086347
878265837
450766579
486619686
81054502
284137051
874100931
494984646
337025783
965653632
694607704
71074908
84062828
812915159
556442062
18085437
719349103
564032359
989768536
606019659
780551561
698046107
346567591
458237875
499911911
117063810
736238940
571200100
543420052
410523348
534417299
967890666
67179174
282541997
966762172
80834577
259203813
232081849
960127110
434424791
275345492
141247128
754648508
388046193
738048328
259295305
913428705
409379485
780933353
997073401
151304032
692421889
951503326
478271347
23175567
497031912
219257908
330980848
18413865
697314836
417848472
74346469
653761746
888861986
329296889
992284610
426750089
574121981
797095200
518028307
895187693
304324970
305929667
160619615
549685768
828398133
671316937
646916260
832993431
838014544
786527744
305536961
514685961
827005992
876743794
987134640
24512032
635152764
981793775
650751427
547415352
479639690
584293292
427435990
354578976
19044921
973703719
786321005
113455275
307434191
514454318
396622015
65886341
489544869
47632544
857151124
666599865
35154411
26656578
506591636
38450966
526106316
975346508
919485124
439736206
835229939
818380908
252976424
96202744
773980131
788370906
325255904
555980410
107956111
888270472
530327082
742117126
354540480
388514187
177134965
688053375
312108955
567322220
557264334
963007233
665766244
546433033
983684550
546075535
149838391
405256192
324153840
190401628
423186321
932264441
279895881
908479745
225536575
482875881
202448284
171552830
315156139
802806064
665573708
420924028
235793464
81044477
707120751
917877504
248788477
210670189
338852942
902200518
960700919
899847141
209032384
372059608
640894304
717877913
894783158
973021769
508543877
450057099
291770876
38839617
999017856
728798635
873480868
569136369
270937302
205604620
175365300
921596563
778989213
954593528
635494230
915562253
270781569
359585131
358600745
430864142
254473430
545472969
585341176
861036111
915205228
604951995
46631660
598593331
553929001
726483115
151727101
650054603
774050212
314999742
745437372
561424982
924055819
90671804
857021645
419977371
546187691
975317603
231860547
380040038
892473247
353097464
812691945
300069184
799570181
6950719
613329511
685681365
635820610
373455755
537783076
276302041
373440344
96416059
877264047
786350994
612929160
663711652
376228610
14303628
33664737
946822209
345524117
481712892
159200315
854851917
971793008
913826997
854619818
542710407
486933592
321529651
859090772
744906012
568453857
141831513
841721554
348022779
572275288
597265221
509264169
581844959
592549293
473331579
837580256
347979723
22115677
658116927
895447436
873722777
438034180
357136004
53801494
118190942
532565789
857963899
890002759
208678799
860447264
843458907
454048083
319173483
117353970
865477982
841361988
85270674
174184549
460253550
72532286
93230439
621535493
698621168
921673798
193921174
228995811
863275220
549771044
401081700
878364927
268877042
902107252
365782510
920246332
277316835
490951695
466806429
431809340
363641428
231849916
185820517
861505295
325409090
575520423
742566900
562381668
993959073
940055524
547223377
77214225
782949709
241631085
130226989
128501615
602394988
546096729
62097389
614570062
923413079
833728730
624703032
985588348
522672542
819194115
203094827
871615147
153168506
134776570
998329027
891881193
714033803
626295348
625022360
789084434
187859091
159618110
280170864
577950216
405102603
754944366
307847253
870932765
870656795
574575124
378751150
491002963
767154200
641474683
311588985
974418439
798251057
966686367
311096056
735542254
477597971
926914934
200747189
111573949
77345680
710901387
978316295
859375876
899745345
101510672
208141605
797352060
996686628
763847466
444246214
252469623
592372440
708526386
148596109
283737745
269423265
840132055
793671456
486802329
417012737
583042589
598024037
10740752
169180417
950960951
142253546
537195378
695973025
349169303
735019616
971175429
914514977
87454192
349128705
288565465
97996167
711501560
665266625
936055997
691090712
270097692
927106427
758266104
243739055
773964905
612706770
104625633
275915657
450656940
411391415
433160273
350917198
596735447
987443852
219747412
281772703
593647554
21918837
717335247
730446981
764786868
272551148
493451916
378526285
739482246
911407686
262777669
720344882
189460258
636228893
570490544
520008477
523306192
276986167
288044082
692224393
776201731
778609069
631536312
855414357
966436138
715161302
120919262
508863700
475838881
990481391
927998297
757948494
604776712
391247235
78652564
749701596
464376831
875204088
658216313
677456409
892415339
439765019
800874143
484519235
69001824
216045580
60216301
461517253
93598869
464648043
398031590
732629497
817525277
337332716
388378955
111653731
86860595
757674248
73966171
129268175
786019072
745964409
35553661
145665218
992752958
886548943
926311051
607586497
646612550
620505233
43832559
995489783
931980075
805111857
519093795
880046979
845618406
208211101
561059988
890284784
410443878
924420783
597162403
505976642
476845169
636128179
811404434
671674818
958164093
220695578
27078823
670999260
689003003
581813921
536244032
143330549
141793436
618572411
977225853
782634981
137137515
679878279
414115677
692968446
844978655
378041599
434026625
600300257
380871475
508079660
960070897
41758486
4491448
442927745
802676784
664691457
233642416
11299896
289641424
90091624
408807391
970665984
888621194
318704102
371070394
39937657
16653298
857787658
389491141
415300285
27067490
833031467
853877227
409968548
619682419
815088122
261785530
977118677
844185628
637594650
898533300
202476962
876234164
943628790
967002577
775165912
804676466
787827817
880462902
784752431
938372665
320847421
620924186
14729826
945270675
744756030
165598219
945435222
115634626
167589826
861513915
51898331
471196619
634667645
241619110
931174086
803151564
259917460
658905162
945825388
861444308
698712591
867852155
580227162
658673629
676391887
962090989
180413206
704110258
32002755
67531853
771869934
702554675
571046003
174270909
603058847
969299983
78897345
629427724
132431425
267093644
627907506
691480595
927150947
852636736
581877283
649457613
69940965
394542879
693049231
688994764
947647017
600032768
894154558
693807007
267262056
45340605
28908948
109585801
606771948
370539754
532158237
419848856
650995219
295704113
954967068
622249658
399781305
890762379
482175624
948899957
413191849
636303936
836735302
736873572
614528107
175825400
522494734
979001736
988029284
498628614
213819178
626606244
199778799
459690148
810910765
677951948
583532190
770914159
133418150
137955125
760662573
888608988
773688053
743571410
376065174
283953642
913770345
679511459
58794309
100342219
39897659
45009066
14119400
660793619
81611811
715482221
71053961
990812716
826494968
973966585
990939981
9997281
805532323
184642289
502500106
449361187
122549223
404059093
772610281
747560109
97630837
763946103
533037520
750330596
777362830
205553192
183872412
206141529
386126923
228505932
318424932
86320485
774637543
924420783
597162403
505976642
476842149
274256122
564324160
12186387
765620642
957310331
380664017
196272409
972474203
921275766
598044794
219638021
869123143
509739326
800295533
648425280
196368144
81449503
95543289
955884179
534302703
454869530
706005308
934887123
289546872
439025225
448209689
5704520
637865427
561967917
466434342
771062265
129461331
138716804
175608819
625997441
652809379
567877379
654216524
495974112
342672206
960558952
704251707
738124835
500611428
379639464
332952140
786461039
778152012
116765168
414845289
305148913
961722146
570720867
419738958
931778998
683124297
757841218
804389973
626402284
290212155
68471947
616797476
940386743
611617183
68940372
151319297
309674135
304517750
451928226
523655500
813237182
192418010
812079702
972446085
859321617
581027072
360842221
944226488
407413595
852797197
71619705
4901050
263140447
509870459
180081542
837199382
31227400
843150426
547164620
561602732
442873925
902384244
35553088
14905589
950612516
866856303
321019162
325791224
590664249
833711085
727708797
907396964
530492925
12202927
292218533
875374603
817416892
340553759
120210517
917755429
41583818
995483992
82975958
511715224
908201296
721255576
307967114
541030037
650753823
84816627
421003954
49811581
542476509
555566688
62196739
88093104
678945158
739998197
618299311
560925768
85110290
608715422
96345531
46530300
440028166
595982270
254039154
867599264
78674759
541685589
664798822
641097232
671989901
678079852
551828777
99188788
380055588
152393341
668471082
249677681
967621503
717154498
691506670
731243299
962982159
105841847
30675077
513053722
692805098
703363718
545146080
823111160
71090949
75655854
474386682
638563494
171612552
401528891
461679701
31527949
958230210
423855788
186551069
826690713
845831879
797269229
177672557
265194505
881584893
584563334
716133825
139332911
842505961
43775980
380999166
917064319
301463678
388725618
247369089
117483342
792448954
505078780
992960926
130017396
370394964
765754489
526639897
273765389
4858278
405817101
691534310
887420791
653708979
430142147
813754854
760767240
208888815
285738492
84143381
739619420
669645068
2914079
111617089
301741251
140000728
197616824
438691709
471184602
812665206
447485400
217030387
627498272
22781157
449542930
551271012
206975485
121285686
153600150
134483996
736036605
257781454
129362659
798381669
728697271
450472601
415852475
677993786
646441659
4048494
825197494
871944968
653210687
799471625
571760010
794350587
248218183
310841145
853280777
323543627
141334608
522180794
79040408
856008862
573920481
18043316
944174070
29662022
290846851
857519686
552551418
889196098
776648737
340528410
347874335
816218642
349684750
988699881
994563247
425288083
408028587
590645235
639515317
660019053
805459646
757137058
318087430
557054059
995832864
319031352
238378023
868963187
433142655
994437840
479036616
366523689
416963217
953543295
348092829
868581480
417275970
507779703
877802595
560305975
30821917
338826717
440386889
767088391
926512377
897637329
45934667
295712962
786498104
326875637
286667325
105026801
478906373
233055618
334460311
240122549
495786111
156033924
309623525
817009948
672291276
390862078
857530661
455793467
12492136
100849117
879674001
507720890
511805302
268835833
558869165
977642248
203230771
95277143
86987610
232603498
801988093
403087148
440835327
10857370
198253468
814092631
903427408
283946127
590583490
664538440
815851573
160051957
289223232
976482964
71292094
240046828
786418814
379757188
730988657
797392186
513033606
140915306
622332636
606124535
36642530
754125994
193976114
327058178
660192357
337815885
193012569
855131334
404006045
494468537
772554584
824562701
131706059
880644239
938631792
506094604
235662235
817832112
721614114
168629080
921670869
556521606
929866198
878990420
558317750
389232834
49565323
782187645
514270960
721332507
148893572
604490337
476590273
345729415
504289662
879860847
44428987
510398085
302378048
231202020
904653122
844166394
928403223
142306220
419974232
291371339
55182698
373574743
212920723
23206535
827650694
262104988
881780681
299502249
629538578
767479544
358899374
545722745
397173496
692176571
506432955
44401894
473923303
677878351
800902018
368641094
772742812
634687464
404392335
341869042
911695627
925575132
658258285
722098970
216254628
492131135
46187920
868348040
577809316
251162024
722781269
326190031
207682265
783133274
541837111
367410788
176298473
844414858
795605131
254924780
623548475
553072855
398441400
839088388
883481365
638919669
351835244
843161383
248004569
375448237
96862212
645680841
586583886
995754085
994426752
486693346
483116004
828415269
819692931
915136815
539294552
622115265
983701469
178948734
254553457
352825788
231457858
930598276
145995528
669082319
232684649
832064929
520179097
107918690
478578705
457191025
359654841
716332737
750246120
454492940
452842000
775492097
897737784
965400652
96192205
826256124
280406185
694319924
732968486
94764791
454197040
171754264
22510555
653853074
367174751
172255193
561810659
206291053
993253257
848358120
490223660
997365476
593080566
948597344
777330582
661406064
851652396
139022213
876607589
45427304
900628882
414869876
667136671
904212544
427712560
628353787
576287969
145640057
84866421
975821392
228813422
830606584
866923955
963561473
536501089
84364968
785847676
709282571
324384096
696027032
519248904
113390744
913735388
117290491
472533483
16846903
652320113
775023217
622784219
754289661
447847636
854074659
597929392
233951018
802411660
284774355
777330582
661406064
848572963
43445809
927052852
606301838
676569510
17156981
672080290
415477430
893968590
621442091
397915272
942808687
568602949
498429568
344148504
13469254
220061413
179310779
552576601
806668305
232709430
327452710
426349169
28434018
78589493
14384963
390505841
672603213
429938510
618777638
415357754
901420266
752198510
226870469
904726007
191412291
425831533
303783913
40738247
70962798
719612088
673009
33886645
301602495
869541497
621902337
501944761
552319382
997254949
266447678
63300544
956259398
439129899
18093752
163704865
11609172
851017289
138870312
253466550
374310116
397635834
721081985
94450723
710037102
280895015
640210435
838317584
351395948
804844459
493594039
77644508
169920003
701580608
697969744
861587750
110323162
553117296
909493955
786153703
768527235
124232504
50428726
8235602
868266039
821501789
811532241
144207530
40893304
54260169
263165100
1643782
387030963
307081473
391381260
96509636
856015420
199036758
120316298
613951936
78004655
249603683
878527658
576391686
345718550
32982271
755564398
989518245
642975577
486583162
619329728
112580339
276557854
220976521
58196003
415172258
630816148
363470924
606378279
673110330
900434123
381797304
623852574
383595849
142703852
377755247
377136290
69671681
666609541
779814904
562038009
82087342
733461173
403339182
715804605
2898476
961708443
999842112
553740626
926705953
725167317
99043066
436361145
572803975
628664391
788489423
791083535
476866951
384317857
303339838
514742246
392170094
923949986
893562221
523101941
776776341
417539473
522555426
292309176
414101280
605524500
832901005
3541097
13049392
927644959
444232865
262354866
89806644
981572839
961925176
659044366
35637849
752774893
648712934
998363463
157290348
347252429
763315642
534522989
332207119
609399829
13049506
840071001
368019312
856556579
618889274
288329402
433833138
347077416
790646218
129943760
885739575
236855586
176803787
508014116
48436021
842554145
307463010
972672016
486049184
331831027
333818981
146364221
294851206
498303278
317799090
771642533
722099131
13551555
33478566
634820534
270601976
191985705
742901462
688854176
684143900
871483270
437645096
707811407
632172765
236112791
73493499
656657159
926489634
215460287
467408530
450319451
658271762
898475857
743930283
739084887
709607069
356331392
432826168
668034361
57974906
514822421
264505864
74436344
112924834
966076512
3610038
869250451
974554696
56681595
700188604
205014951
277820947
610661312
376021788
429032362
515151043
810221415
612382428
948679755
267070414
770413870
195637344
287733355
18342579
706657556
262790178
257703187
651710190
621751145
410940215
955829771
968611900
216250329
847420365
118595275
924108569
217999426
657745
709978835
801129574
494152608
647133879
821896427
857678723
803184851
82339948
893492448
840425906
847197048
260391280
863810703
257496198
993140299
659191812
959675765
208135762
980648705
899529120
591049987
108707880
864595229
885805340
762109096
368602111
301962356
989184053
327210916
809987639
137300243
345551194
318703066
510000009
525574648
25924125
672976859
640868389
807108107
365220095
257426892
381410555
132406846
248644874
199243713
737166115
748018337
197933176
27873066
58599157
830742261
889755421
22152516
670683612
663993186
457155997
390324202
323026276
708394543
974082118
724419674
756898176
337130208
63899327
562517366
500240822
564139032
874973592
623021551
327947372
49683456
651394860
501807142
838447611
443489506
634517261
237052092
307327920
798116053
994563102
326977733
682178115
414285537
681849130
572492417
307887987
706198697
728007098
516587635
950974717
478544042
170684172
858131582
669519856
375003462
570385365
202056197
783507577
957690651
585945916
4598723
652542681
425586720
956362040
796655623
829423625
964563884
13967293
523792805
302895924
767840944
147585373
643835506
65921900
932492153
376921498
395145697
656922605
379120211
327450932
277477359
625016117
900699076
709810964
627006444
797569460
773909632
134419767
620665414
585596484
330161331
904608805
332788135
163031614
935395310
414342823
111588471
216598258
964357529
238694425
841003914
640397514
785092245
808415610
510337044
165317559
868580167
492907535
16571063
355772521
306290193
128138853
734741525
328319943
85651767
200745755
594811419
751226545
554170444
582690501
822743974
890506845
463400460
827820482
747711532
967290165
267916939
967969615
346794169
485930627
3275066
732277829
13797637
568633479
246482521
545912512
589845211
779750211
960507279
947843066
370940580
714305991
540566094
102511120
370204128
689654924
946338861
153330175
639738890
651186149
79100020
184242013
347975723
704904044
849486884
534864358
328269507
979679014
624888579
128780525
849785006
403069980
387113351
227221136
118728072
459269683
849432329
955842843
625176311
896112694
698193039
870808759
195837901
852878890
686266784
888199281
441110391
952701080
173247215
742467594
436122203
610822238
813976327
24028634
934428957
152906731
320087666
695952444
555625763
616644460
904217556
239784585
507024440
326571828
690743759
766789771
485219880
824079306
776815253
95557127
224300355
825052473
561351592
617151643
248708534
751946366
121562705
264059183
759054776
20093128
247076023
124132636
182339450
520946274
505385445
410443969
267062483
897781735
586466833
793265936
759496075
207400668
90346731
6206023
972697179
941748529
539171042
945542219
531475077
384119946
195848430
739950426
745763178
389859650
209318667
94510415
449604056
899514771
37963828
802893451
179299911
790997555
918798091
667347679
32746543
142727256
755352527
679800366
980775809
141551459
668383996
662318243
862512188
567214174
928601600
315979984
362396260
515536273
830268621
526572440
348935355
619466497
430171859
862198257
514671186
500363056
881244744
351352347
118525414
314920494
610123902
132635092
159893355
155143730
681296980
919120542
707977844
20874914
330883047
43941965
468390577
311565825
952741871
308194980
895138431
535858872
976590679
131893459
318213817
667952760
578370304
676965495
796825851
136316480
224190852
738167303
464917721
251713625
61247707
125749967
243118280
202958245
862183418
72654398
831157845
344904282
824490822
583111418
816979861
528227698
587832923
187084512
267966485
537743481
866811548
502422057
290994796
478805568
52687050
203237277
89481027
357908372
864837036
547435644
88606813
244203127
298397938
214599674
959671623
537959739
491390015
897978555
506234486
490115238
760494875
496067710
454576812
260649418
763596185
546778795
341370499
598468519
215540943
479117184
704658862
145251146
118409321
548738607
921652082
822171574
333704445
770885205
399639728
419204872
950870389
166193129
661083258
166569510
922199880
153810163
349658364
359341954
533387218
304648315
786290786
38018626
402588348
747958533
679675254
115737352
304220893
498356351
150619542
629705500
392611685
100871228
346268569
520893139
825419122
245945790
858370410
551253372
535859206
398313129
531683443
775886647
624909260
163197808
303510258
259302725
838722465
813783970
250282422
725466954
972716709
938863349
671785672
456206250
408440617
399149057
33576437
827536645
443305098
987879996
410958454
998871278
702399740
216545526
852194800
64287080
126294705
485193951
434685110
126385217
700444234
574270376
974954457
198280683
946853740
89855899
903652927
833662698
715285153
792345156
53949944
17317585
763094777
272350328
143924626
80508195
367495589
525459078
893695293
576406838
714780974
824676706
787953200
140610462
796401403
238369535
616276620
416445137
931933886
725416610
147252055
456249607
112864386
796165425
817349310
725816836
767852319
370343963
147341074
57113558
956697306
372352863
318947744
342572736
42138905
349700277
401225005
97328650
140282111
533572810
159616083
819840441
548152406
747493005
963515111
328652058
60065745
995251388
817056983
326020829
637267452
725778715
229309915
980460309
530887792
397782841
302862870
447651460
525311512
576352025
291715033
258424349
582649552
752483220
796478953
986334336
433847344
692935906
417902772
621390489
525764863
173955194
726838739
876870050
447677156
726573987
616686664
736031601
688720747
576037274
202124153
642409903
481727315
28203851
516596199
801163562
456144239
77229693
978508066
871164190
624934481
51446474
257850011
574444492
960006017
296409265
805479996
777187828
395126595
615220872
672148451
719361648
454972274
726776752
930564150
305455362
212234266
246494543
976694342
944831492
952269507
728278371
124646357
551946685
69064067
481222287
789743769
754898619
190089853
49332698
414524675
195245241
287538251
701825408
798181348
513514381
263814842
761287744
929358746
155089548
631339659
138549751
643251844
447505383
610053702
665668034
576113622
344651926
652158496
439888715
216384988
814141630
854025895
187482950
945070769
207850527
538217566
29713076
840370443
618517452
182462929
739036164
647609312
697235276
460438503
520671175
962961074
788665559
314185439
598345351
567225523
432555200
28067520
675083553
656569287
568895473
969873342
510408052
623114390
198341045
938569847
757435388
966038704
765594352
143514911
123884480
893547728
488118586
552633799
425831880
536159200
576657911
639335929
833839676
637270491
233900748
869769386
837916541
111584166
294033244
670820143
970487600
474100042
926311417
132575568
975941224
239713812
361730560
1786544
476513947
838803464
224748169
947318057
500052054
918562161
356842051
301074527
697126628
802485064
734631060
612984754
781116590
708065505
352615214
116118554
744021268
724806449
391480132
628070958
633210968
70117245
598193890
710932815
605945439
547248952
983825228
804491472
344464789
303850258
799676120
800522348
378956552
667524390
672308624
126536319
494752185
336560821
767071407
715482319
381939913
400650102
768227101
882207661
915470974
757891665
717617331
49461455
844994005
539682692
912738826
78790510
27563559
426708294
467911575
264504111
846646053
537402264
7751643
872860375
642583855
923615202
777199117
486819701
553636010
315380715
826658470
121104140
977303744
251878967
683015944
836009997
143020452
277955457
844951500
424074647
29729300
210979456
841376163
46924858
360502219
742491322
831319095
393192173
496044623
64296496
864933107
686433890
374436975
575452469
741615292
240638779
139955579
403419992
728782038
937112319
150104609
510725877
454595492
568834265
505698180
976420755
707978679
649009912
662706477
201480726
8703144
780608814
435695263
976763101
555996189
910071203
80859499
968164684
179893018
706535856
986708347
448996795
439723544
72795282
941909007
657270989
537676056
603439089
273530610
137281980
153018298
943960786
380792503
27654666
845784625
423876788
725712728
951636226
845591920
400100927
40680515
619040957
675631574
511612331
891792901
700074219
475588057
949368865
775303729
494436078
954042310
338252034
972788646
121151751
100573420
667605684
136404575
848396449
310549540
194069376
570843069
539164622
256999193
747344860
512556182
517690605
337138084
804029803
143658074
545302402
883487320
955140403
957714780
25803257
80528074
137489426
607041345
83088850
977214783
753593014
584755705
694345715
928628711
464325026
115153575
232783348
544263470
856961493
78750053
484753195
736437817
261247139
886800933
389483570
567831526
558935830
474694913
282461190
708334204
291323492
943270335
456528234
473211531
194663625
233113196
493814962
968406130
157429986
726727493
147297276
117916998
508950066
697422663
665707521
863309298
714396979
639591328
953459114
753288116
369112498
758532615
304633722
82305918
252645535
617915330
87781840
812993469
519385743
867044349
682119392
689692724
85056186
658022224
586121335
41596147
422580076
396888023
870549107
835592739
720620507
210976838
857207141
9950138
187927474
437714386
667137851
538862874
548067083
958019279
43571409
509852801
391879671
748007697
672158346
494230082
109019497
444817781
102042543
815760624
160414043
169074250
464773869
279841850
885561260
240535058
581093382
600430301
603811279
887738630
463794328
953236104
354174864
514050294
502481438
525627793
653622261
607252270
361962881
787871326
915147449
225739175
174740575
844623750
970007091
942072558
427338904
670058998
367349593
528280140
725108898
925345749
557459664
127624464
411845575
619202721
715160023
967936046
226003547
641712305
653402390
112956952
121456961
85495845
268617162
561987749
855275004
849598611
230825389
741516625
441682032
231277116
828944549
155308936
854711290
473430491
657710133
955936239
679452375
730495200
236623644
220543947
328109947
691287757
149287585
772695331
524032793
88714692
200250582
57696500
128778322
915015761
47184893
512334814
11963234
827768229
619626987
902544913
561808086
636307657
45173876
462321042
725738919
343342454
306627237
666205051
888286899
325132821
546778968
124198453
698579056
513433581
747446092
291836374
126370315
194903988
369879231
125161668
174991838
179620316
913196960
739251741
499771936
266493615
749401657
837519508
720126796
531677789
241256395
267193593
837565545
791929041
65058444
189499661
656724771
495099729
978310238
31876891
832804699
17606283
518197960
106121224
781813053
586585711
982132499
217660297
509094505
639412491
252455817
897927328
954440818
264358971
565687156
251764525
908082692
784509685
939595114
144616239
616302502
379742185
21099007
622398201
515223091
464932476
284647966
23973493
541837961
288112629
209660819
654334105
265458604
492776057
409156592
958330132
255481032
415434154
450696631
211439423
899584418
280061213
248936286
61987278
655628255
112615576
24926140
883914635
610848863
561069029
268053311
603743649
709995500
801429967
627901255
375914520
220272480
319694470
422182164
607519089
725197766
48052829
720017694
327862235
601248231
46494549
213638611
884267938
409841737
541800961
793126390
307540017
981757027
109121619
605745913
371955875
178268046
454186912
649908311
638405114
904782813
194172889
193827693
107899239
689745721
906469251
763552208
468208335
52263279
492019676
169146034
848558751
826150435
823870688
829939899
745273983
40248416
457196308
356801365
925323777
450000013
295777766
964092716
668588188
806585934
940921922
65360293
804213604
980234305
908589815
303028030
180960352
206950221
637289678
108493478
613271440
234390392
13107418
938615106
94655511
926706376
347466283
627809569
998451295
575200315
733080890
998311830
157158861
634864905
55877071
963026677
508139969
716151398
992259539
543617679
593425791
393496102
275266153
436078630
310007063
955199305
318209891
26947200
490180478
858505812
958548940
531027866
5274690
294297092
617992357
781425668
498560122
800229376
780393921
517113281
252663688
399493286
641220585
971441291
566324710
161099064
96347621
746942397
430994502
472037342
374100598
692282408
123665753
371994011
403649166
437329808
927779456
274018738
538177948
474851348
479636901
862683074
842497853
722366917
888963721
77637207
629843260
344826751
256551607
203324972
300211682
925303811
990277024
604507896
293824127
716684116
214792216
396060292
194024880
251220031
282512811
9009967
627369849
242946468
51205490
435837745
693703529
500343049
705021250
593165249
611193193
310000741
653636102
984969998
645277379
128490760
545416614
180034249
680504201
402240632
325090627
71751730
982410776
252709325
547485834
619824583
551791279
887763536
653863450
29011964
293842343
723932056
688769868
363634060
80849380
257005495
260703271
686734864
898710923
974440992
560280744
179882448
96121202
688751148
963068022
643364404
762624015
307190127
777642046
80074630
593626540
617570645
816218474
34341738
769213771
906121570
981359194
46567981
160964803
849587637
857075243
228334481
887752498
967723562
633149682
419421761
336188128
341804195
115809436
35131972
700199717
369098884
567319911
974036099
382977118
76518694
703422754
850318573
986377078
141386152
902732784
785569817
158492450
536284676
389799787
171350828
304261352
389168840
829827052
291560673
338129368
241353764
276393772
59443017
409103942
632251429
540090748
537803113
879816664
600613847
748887250
934159495
492330095
485301917
269150966
861827078
709119158
548970150
806213767
486968080
616833370
726767789
371908659
295121899
483450293
919540473
316993640
975335115
263183633
81917823
969199551
572775948
135752665
556721259
852075456
685732009
33025342
20653752
771524870
680071455
745125999
947376360
636148562
848343883
221871477
686209352
892284228
714434197
767348024
303646698
524371586
25113784
671965066
564161778
408886031
786785844
228383530
287927062
281196199
380099116
127941445
601314477
87718835
507423718
426431900
27565877
789090365
832453246
677902241
22180481
109060044
427752739
363341299
181267100
953394051
449586615
504107540
540715402
997256449
786691211
502243435
328791926
558048158
88127757
354993636
806303094
867230568
483661749
402814593
333538505
665478879
232575114
554797292
455930859
700778551
103568620
466070979
168098951
409295722
279432691
221309459
83569089
154470437
152253695
506432099
404157423
129674550
744276799
832746735
385395334
949281446
938695254
758554858
178222941
701168272
52109854
401973055
249403930
147020360
262799945
188806593
419926961
338074963
534918059
198426502
220963101
721691022
553284160
531507472
96626181
870679861
177999535
749655061
313846783
940767130
228994115
176086604
530481751
944703050
960562288
422505507
970355707
78524759
638834204
422601886
339455070
93299960
462659117
165712136
360052031
602550942
965548762
140046361
57316152
147455342
442857306
964588216
187248448
988672071
835467194
466405412
879938878
42970056
120210988
451982760
883207195
760627612
953332936
316261260
807760823
267317738
936096317
112414172
178818448
745996757
643929088
189748634
884310484
116594554
586734687
182714404
610691181
710015827
6431315
80908680
731261281
463603776
938732582
20580604
985039218
650545212
523064630
3143237
717234874
294293159
739051657
665331697
267222512
420552444
554877980
728371029
173653304
175546541
361810524
655246331
295471823
26131481
503213660
822599447
15500316
99787817
534646221
163170906
830097351
77886604
79467170
305279097
794767979
573632147
590673323
558041774
316471100
240492173
973287120
432672660
746962737
944080248
700145286
927589804
168468635
219882493
507728970
631291153
114414991
926657729
510245534
737598959
122755121
675911147
558277110
540445615
974660205
389045574
861332996
662476599
647981944
37670193
460425912
955342315
486129273
733014314
327486820
539462787
487901112
213460623
803909505
104804222
281986136
3619080
893576556
694932004
334554947
287849544
415773675
901760665
65787918
827676394
145133718
629176156
533215799
94678754
280026818
644754430
989495568
960478451
707390249
40421550
405142735
904293666
518668389
288325863
49309233
779702387
62832219
59006637
326628027
619677551
86773260
308814255
332598494
307813992
648753020
420695377
978311729
599782697
615825011
657497466
752976791
339149267
564674171
16467998
95259148
950622476
327525296
409091040
763261782
320123852
138987011
423447141
915000529
3791468
673952163
515867075
242995773
156306104
193480345
454092589
996839420
400683778
396840591
509264171
812387530
120771620
417560133
861424169
281773257
318715207
400034907
368381173
244765329
239433147
715960718
131640419
741353672
213790865
756726941
796423820
113132877
572332165
853504652
47306662
599605855
935016083
546014665
724430242
515387115
173760764
897205312
414239792
332675552
810055211
105759753
990385219
462205895
87633892
625367921
222364318
40756591
203361143
953542059
126722589
273268971
130930174
770890034
280844775
700130450
887431254
918595184
386127967
249998702
558135056
978080357
423600380
318539016
647801286
21614551
599347128
683779527
688301551
645300985
125865701
707661627
880805847
642969782
730150272
268448783
319078756
95910005
710600357
376925775
146126390
295611102
730866128
151518800
911788262
898606416
236592014
954240486
554334983
804279016
43853566
373722610
373640269
63611138
351744949
898035712
16383976
719120371
883724512
502020855
740542038
735392522
535318017
844980646
188442272
188184799
709115117
291916991
352547671
308676181
405783456
875524665
135321031
61644580
687211405
648528265
520006073
997452326
914964551
761660227
735205583
549754968
82154574
871737554
246836416
733352246
304380381
835344224
596851381
499628728
283672772
286293564
483589391
102478533
529348136
949584908
798575811
675721169
839407198
15669942
325339311
765768129
506484495
283935484
690135225
304960419
848666261
636562572
253319036
24115937
92463170
549477187
763536871
288504269
539033405
508117078
523076253
69067868
255957814
452725365
813072138
265585610
974016821
413380871
530515222
534342016
322603916
196586861
281162142
890058096
223364545
683639437
637883768
839331840
312820269
177383521
396790282
411705963
294142877
614067324
182108973
1662331
184628179
547758344
134335128
207985005
666037193
873767395
894531107
79480671
673396631
786059625
25082971
47959305
69749271
842244267
107783396
190863
77545103
8832038
760577106
369459864
450274139
89878005
658071135
654363999
192570550
741134543
821456461
813574521
330971663
940847006
692975927
744827161
12956303
653257737
460591239
78648995
213169462
136149966
589495470
980198988
237871846
133372346
356890795
238175961
141455738
611326846
263765107
506734171
496899017
557436013
454984309
418420419
521079301
25199754
915561421
876582843
952897697
459699163
773977967
338182498
703099098
790120288
395529207
750317215
253869378
999678850
771897766
865135315
930402201
29395659
726832658
732933410
690178503
766092375
620716416
506883462
585222111
922402772
932371502
251577173
941096454
962126071
525895120
296690870
193335129
598322232
541928307
236278346
944523365
438342338
208403845
488414760
838696036
207497187
700331775
513267218
879749061
230141640
357459884
526307143
233910353
599266850
64817398
797590274
507062798
791108334
388169209
475102850
76702043
329381732
777872366
999254349
916961686
676187153
245458836
720547882
211768347
913923741
6406067
328890105
309827244
39711956
775179088
250093212
745275269
954622728
163765260
188025126
923942721
513965666
66140590
539150436
748085937
685355515
769432269
150400260
885380501
539951061
58309777
8357144
2122312
288860725
850891023
296311258
973892947
614453097
492483521
186860087
36947196
814231760
467941555
959174055
254157543
79059979
468377888
835670004
817218193
438034052
972706231
671326891
12254260
310946909
316154117
370891702
995433143
666504443
501165463
314834892
755193405
47335328
265371039
891397835
744540375
862267525
326369311
488100823
888827771
124138397
497533748
44197058
683370517
496772232
56260415
741727151
543159508
489145045
845206369
182839334
851629528
674145472
102978039
230171859
518581750
869389100
713085510
476209154
636233995
575279964
235097147
555698970
910480844
96644214
915841528
985281524
5754304
887599689
337109309
525833652
83144026
533679260
415891840
213775620
873825940
275770714
825020055
363865501
473931005
357788598
278190137
724670690
37899927
170300041
499510728
818946429
304810455
968886124
749137193
769368902
803503053
515104857
191226479
867935660
460141491
172215018
562144808
185734134
64079678
986521864
370317209
62749991
468184843
348344495
187504497
154083887
648448840
391782571
55917132
614962663
155488148
403143377
212297897
453080827
953079910
596001618
84538975
731912502
262395845
267481745
660741897
706117074
883571642
182401745
112638475
153133153
528645527
51038781
990545210
642598800
902637863
661939136
23138425
351062265
500009628
835664027
140663729
47867706
617091425
592327318
668759518
398100823
280603468
590613002
427251872
193948242
259293696
624314324
928970812
381115701
1326031
155658548
178043279
105632415
265575161
944746600
565273494
961257479
190382906
29350945
246995526
71404151
294723560
86513353
584599169
887411981
169603770
441326872
762670693
727666492
245588773
694254336
13136909
26082667
446376204
186176026
54757293
521395402
372753123
340243906
754464843
751708512
923268139
525354233
940642631
6207110
836958525
826810882
24830831
82546692
150109767
100834706
10778163
205962827
171508303
310811321
146228964
311686822
599161247
11878197
713093282
563977677
616523494
460331247
845388405
533937710
585768881
270159178
304318945
200472544
950320077
396029628
480734019
130304823
286231097
984477392
755624822
641306084
987749290
226789517
809064288
757686829
865940374
242030491
315515943
570216562
339717691
129961764
237882861
463456582
741944503
606052094
971224928
586406819
182986359
544318606
529300919
206304245
822004756
874303563
911601693
179846292
465942347
525729601
85873470
186106986
865001841
238718334
737652544
978435978
783075719
236389501
461290128
491214434
150597086
670313846
95713695
81976904
481598003
854003567
379356389
112564609
851450053
621766657
940018912
277240784
185723312
50445367
887577857
845754210
445184261
846007612
989125812
446469131
252585615
618293516
298148947
881216893
311662709
858706565
237529298
597852340
64738762
229877691
357888689
231389480
306169735
836376468
799528319
159229991
27772388
178347914
819469027
428350251
631374742
287480664
149008547
420439787
28476036
542287517
759709535
884638550
541937097
408059301
445426918
142347832
647967784
884976672
205723785
223720065
106763859
91817828
979451971
29574014
139868382
327951987
232635607
9679511
329170014
141122241
865925652
763677707
664568688
712833435
406973532
279206972
505113959
415427745
104554450
233220440
701473754
946346904
932496035
238251961
367876321
199382969
585575717
999301649
106183202
640589335
483695438
129629574
829664047
929080659
560856847
327576652
713468052
890744302
232974968
647766552
634779727
245090387
531935774
827729672
380912169
600029338
703360260
9998842
121236842
278107394
161114079
221343076
799698976
282612652
572715410
474499764
914071421
901198402
745224104
302607481
162959702
531866671
491619882
234159118
726057717
743459033
314790087
835578292
616559054
472532048
367154263
925181439
468861414
235768082
111414962
310124951
400551287
473252523
12249982
686899885
913790948
440275872
577533332
853335194
668824859
941587384
464580962
210198277
506091986
783013324
174650313
578444441
19786098
411418580
625817377
59792294
737565584
914431379
573763395
126485635
238732395
5027882
926041198
219683572
656587205
348544587
50138701
207062205
17264510
392683008
9389863
986714332
834925796
460311275
141391151
516224625
360996240
857241527
413489197
41651584
350544526
651594656
376099940
973453891
799334658
223102369
702881027
452337101
367318848
565591725
372244328
919933192
172634463
426702747
338992730
940309048
865043296
51417799
614890927
829464297
324768893
358804220
116989732
466192156
657787949
482935526
699740681
803165217
254284740
406303994
607954074
472859973
696131473
686282536
571686788
828379896
802825438
510327955
740037651
338929775
739070698
99965656
39338550
590148717
92702304
983053128
326953690
382345920
870537816
171586533
311684370
534061576
630900919
776460077
66594291
175747032
786266033
440339150
220155646
391747678
258577340
202930717
360891040
79566888
965287441
919420881
280729621
702505708
276368578
559811641
640544679
641575091
115538110
367741244
269696491
126203704
99986408
171477165
542502699
811522802
948776047
18739658
521243395
652821050
154798678
590328943
841997308
328626937
989627655
327700503
921606871
327883560
170430661
654023353
268663040
532420024
800999385
287184903
349818490
247011794
798278745
598124257
434111987
568778978
150826569
465396158
460351421
611908060
348941655
811239654
941494125
370033560
625246063
595477612
238395321
640243325
540356087
958611954
627627688
215700123
993712304
244573919
21979644
358052912
322615918
215051124
957365884
198219165
500791378
187537059
114695734
701819655
562582963
600861922
414952237
713126718
43290153
296225443
747251964
498924509
613922600
914587847
350506491
806654587
771049247
687516569
152785857
276546868
864564339
852955627
60884907
807396536
790196165
332396060
507102119
556451315
38240596
581582013
965801034
726492567
988332680
495906141
332912775
279169191
442489391
115833073
321166779
638620362
603841910
376514798
964967502
395914851
995647653
769101073
447066733
570235589
525884413
3594963
870868688
179449474
305972732
342730829
243400616
304778383
231702592
816279926
92817332
668009131
419635986
768072128
471558440
490146438
609525618
188937500
306015297
768679141
617292497
31534342
835157933
598615189
603920912
508215346
282159248
604529947
312668840
285373409
633242843
539718816
685654318
100461374
410137625
504389137
366612549
730726314
259737603
814470836
173895548
177429179
425727747
47206064
981531584
152118165
505316696
545700177
434832978
980486202
249289631
962722635
25361216
391242880
974908595
58488157
39134664
99896893
946411015
67025738
735119437
81613333
491224639
879918723
802434715
834289738
734833690
576452271
834383955
394035898
518207716
922028966
465004066
201804768
522284521
844881438
890301141
276019076
81128742
797693947
254011076
996681700
253416643
810911282
386182092
669582691
300473268
533375236
699116603
852600473
118430718
917576552
643299961
440219997
220635674
77716620
492118362
127524765
145296112
424050502
846731795
795631341
41339844
254188505
300778194
530485577
618207612
865599941
576426817
570295368
173298475
765923056
123411211
815359027
937962848
594881457
675311774
871537340
458193684
41934740
171811855
170983756
630102739
152979239
78036027
967231436
235290755
392531399
788367838
336607556
170389120
156979557
173438969
163289522
189440027
96106623
927397415
670503723
404471670
470324759
368207090
539616891
55805495
74939148
218680183
346107586
696615414
207035452
204776845
749701384
736156408
938956776
8125091
112714837
641652415
592388706
213030047
265189538
131626165
170412836
69365594
764689094
784979940
226593620
803084728
654971272
365856815
832962810
638447590
583656909
419389622
779667132
684353219
83626762
843545949
218496018
785816316
705274716
855871126
102482411
874907046
57235578
542793739
991607389
659799804
160414737
505105413
634691839
712596
233183821
908806225
19275507
56786163
632112784
378000413
504580458
865077818
379578578
333858286
840842817
36570351
562113675
973113933
504514043
426614046
158067850
801340799
505106307
992520699
305540876
900337134
673695542
339495043
313067773
978961546
839146141
245340846
788192689
294555081
327446796
87720432
41269394
67490892
882049541
458831454
797049513
259838631
622025681
487257297
496652797
622584652
991496038
907056653
418532990
639196942
144722796
334987947
730201182
179269652
765282497
434271198
323038298
681198853
421624913
693315360
582987952
116128132
775894091
672511132
64963854
608979352
369606433
329640572
352062730
317795889
791986346
409059326
513077112
537694662
364236083
211289489
801837608
693182759
889386916
464781077
616230196
225472182
556659693
245494273
719731322
99910117
667691348
485098969
275115436
935712396
902018949
882458016
567734515
684785661
64572251
270601239
191047452
367526369
970131660
737086869
470105708
127941097
918284452
209805499
109018052
315828316
89997881
173548821
465377753
437273061
328703645
707246905
957840621
501236084
223543250
606535155
390920255
250215784
964612814
664029691
460308172
689136486
758575612
178751611
6698241
422793581
85698795
214045331
616404440
994813672
406146021
861460632
865504634
622967873
969838611
736628440
46421461
517834032
832295470
538642942
902494095
853348830
747292164
736498339
21716251
698398683
464521148
137656151
124036029
909899521
444980480
852944786
298770988
863145716
495000538
576343503
620475571
897653427
928364447
660180341
863446419
974900601
358573252
873116098
903510197
800127376
478602656
688646593
784994554
953674180
235701655
181595213
894250995
6898358
83932297
938430631
419331767
787522085
203923839
950629012
352964754
164976382
743039263
947849142
821461398
254432734
976284925
111118799
582378312
832416543
197317447
615722336
959239718
962871281
140092264
103706321
111958742
249421611
594653219
343809490
444761336
979860498
720658281
35825763
69858618
710208049
678673480
657622453
454936374
720026025
25515714
452726550
797573708
682164016
909106076
725084566
338516819
48704944
406744432
619438654
636703880
131470658
623164835
954532341
848995651
62422190
972877
630590546
139789003
556831713
580130207
376396153
454848367
359900424
727390793
978660270
957213116
436026859
819519880
736226367
560407399
967656235
807385377
525292833
133688256
635468849
39579050
219336137
969645062
704071834
49202591
620444344
804252241
727665379
447386023
92339243
432787065
449367940
658153711
574941837
494828554
3817817
777706343
857260493
425783583
623570536
897898803
273744290
418637784
375628409
219381476
972866432
747420436
383296501
317214514
674930869
231280322
867331191
142718121
657997331
629733442
13998939
426445889
956724037
881417363
391627768
894689023
523593535
21794664
858732402
667522665
803192753
503908648
807250073
416958067
227258392
891179247
336072593
632245622
107363318
26104436
362626053
476719679
928503204
854163956
870923879
225450572
995587955
856848854
447207940
336567498
816937196
730401336
405381717
910752135
509877767
21451927
902431603
638402000
592687851
547107961
748597819
730376456
986539277
539522732
244454099
427548859
529052450
367215268
516772169
561735508
119469800
953883757
410421937
1557144
598407266
111241074
192616365
534843580
764825946
956385651
434636448
137120039
87037946
988665818
997829178
646297149
616860697
909248631
631657220
282438015
591906778
131128965
198207540
994998148
965080730
262465913
280475929
552350699
741613258
604798693
353693020
962774205
856835640
897978327
279383106
322646395
979662281
715085796
187535302
760767952
420137370
802958998
302677115
505228779
503376305
223510264
372299566
675574590
254595336
447232566
835146797
110541026
214911466
292574332
618877096
457034121
90055244
471945128
942113217
542040471
591035388
667065549
752318296
553677678
297206875
833297522
569613513
857273858
955187849
397504586
309138640
455039073
958868354
216153133
322935523
32240147
183659266
302065550
300900854
855940476
4874800
362971252
518607330
934409900
688605456
674142548
808108842
976205593
470396510
355053744
697852599
412133696
620809369
934267467
170215131
910508731
430485005
568104145
620717662
147941995
376415590
639729943
256502285
809053806
840933883
678921622
312903577
995372534
423470565
445153715
504472306
282406319
691464702
98416373
134108843
25027103
22622300
184367103
452770362
553744709
48316708
369659450
366222731
15929792
838692860
783841441
510654397
321523168
336294781
184383533
179749723
547364399
194827419
444524793
442038647
143840463
198202466
80883564
766087483
585028658
7697589
913279320
473056051
632419007
88578318
596377951
114478177
39959846
46932186
31758067
117599011
38186437
859224425
422618909
182609716
284050055
28627055
150628318
689626994
270492383
393122403
927544580
418702544
182649463
7002296
203970105
636040893
709763405
628038419
132101726
881717623
175745065
240237566
591538934
258570035
996670255
64936717
87434170
268254529
191901055
653337337
820479381
314648151
935265792
784934514
601752430
501626429
400964057
996906161
687219293
73452794
416471561
515551994
76260404
438482759
358583015
733554095
963649049
224849999
592078905
628810687
779003000
935656937
900508447
265801738
206443268
9977280
583237688
642434811
616543158
952610390
587636634
53557418
18905925
412260346
628541628
410751365
499435414
565342090
848106072
858310112
47109842
379799254
776753702
663810140
367915679
210399046
930954073
823840236
895439901
791472757
837043443
567088241
451574787
64459731
633837143
812663981
475160668
569676653
266479754
49011569
320043170
647901700
468299460
915046142
54484053
519049524
881893882
211510534
428675167
919775399
366001536
372255257
747936127
523740350
601817603
354187535
415877792
629601836
411378393
89261257
963976668
826581482
190948340
675707385
755006078
24044648
630407273
414367196
753080231
912409204
629668185
581952320
433512649
732982662
533552539
162518515
869937564
19985242
214263800
669961472
197602213
972068726
171015562
153293481
538775762
723468557
46270412
784827666
263234352
17747882
479277235
235628534
473520187
222525172
935906469
474126064
412616213
761863649
829044924
352516862
369000199
166004415
82995173
270879279
652318202
112204453
899419716
368641044
59588926
147033822
681914267
928995161
968322882
753563871
158569675
71177905
155334893
170984190
791646022
163327043
38679259
297978370
303994071
235430469
843171355
372756122
625444677
196862117
727512316
44919612
200699224
352800289
133572805
523837021
27087194
566782160
618857865
56429762
752723152
414479598
102861380
878050333
824493456
416885669
556840420
330628041
484013515
76219504
141393745
497417463
614055429
613251592
882540712
877805534
229165644
562319553
487144007
913187361
24404663
101511753
841413656
574959077
27702899
995334964
665138288
999085170
562903805
111457864
670006603
539418917
101778115
91978160
522407557
535874220
565699424
427664270
197363733
43459951
303689253
289754449
480209400
917731952
704314577
5928922
394290857
978670809
525539755
591509220
716579028
351220540
724634083
71795039
36918931
158748240
913580828
517769024
195065585
16168920
289376371
461803411
845103025
691005174
54781120
570049635
808156890
363545165
568863638
273053326
252792678
938957409
214940275
454824023
591986357
149553012
717566844
645890090
804737395
49627098
413827716
324589787
982254325
991515431
848185585
497417463
206916317
794104257
489079215
570744604
854869199
856457977
369501294
233129330
818174761
98547544
587157738
61953709
407770430
532827886
935737235
765955229
475092296
894134219
825748692
795774512
48808069
510548125
822725597
182447231
682964153
436775826
459921515
57796298
47050187
978321116
342978179
533008708
158933679
177085750
297735124
749654080
532916416
522244551
707614181
69138559
354304536
321267281
326001983
306469817
308641351
634546527
542139470
253765841
73644846
91067313
345937696
17707417
79243192
302936422
202535955
345279233
482245338
351510865
241705848
982063470
252150347
339981511
999031121
768039947
893783981
489454878
92972264
723314492
730796568
270657210
417473221
315767191
548028034
593802436
405430580
671308768
299460413
91443354
354625789
441882968
439704668
418984105
198002943
949035852
4666528
635914747
236735034
140300428
580993453
515562690
25945967
949007022
954617918
112920898
995032467
64426199
228892557
330687318
156920594
107533664
585263871
370107892
174928603
32021501
765947334
314719237
326556697
43234485
305448301
813877683
377759937
340651060
338768710
103293885
546979533
159284706
842354891
549226518
702712763
344800782
528088530
768611453
435527836
166673994
180898540
147747566
471544497
986782786
718785280
842971093
112982737
738922649
689770273
949800570
788686411
424312426
75072535
840048294
532747426
35030312
434149149
433545973
833572336
598365721
523627288
711108751
535605512
826846297
426527816
68741593
453858669
764400520
482983330
846631445
33808626
805299047
665334180
148663431
548138549
524478767
256128202
731544191
403552784
367717264
157346813
744447087
953213750
318598257
900887256
784987891
854389908
276181394
623375278
223344136
798426179
549187098
109548040
257118438
278724407
761587354
381557366
83506098
901274019
319297447
514281198
834648313
100808227
721658193
683453440
975310085
493566289
98641064
662001798
81296547
19060034
581386877
880472622
271150740
809822975
412266444
706461398
126638857
105654501
474080019
48997696
376511366
189882066
70409441
81414116
395579145
642651866
919474705
344072462
624616671
882975360
58298629
62576123
75582739
184239086
499551286
560038748
599500565
201585557
872126502
232684922
995146221
927022065
960766325
758782780
112427458
834441204
86471391
606658649
694447354
285869043
733252474
949529886
303105467
891051738
759842540
691425404
354058712
836945119
146065068
60606187
130464363
807282741
276880670
419258675
112725623
253739366
109105950
394777307
95690701
797427771
795420989
546363227
357045165
413269387
671247702
519196963
629994336
312325251
747101574
489561149
72786288
856794668
787256588
823766197
521351867
8193631
745747548
303191670
698596461
767697968
874049822
877492912
495694223
67585308
854389908
276181394
623261543
219813541
689153154
161723506
914572703
345696264
734307578
262212951
325459568
857633163
924611792
586548124
670250833
386053196
214430734
661520686
792951994
663035084
180758438
499100686
280293167
324658578
854327281
219700055
57583365
83789690
405673991
442683015
283686246
5809807
766097269
646258095
243496186
771354188
356921288
411807011
986912647
389506268
68633477
125218813
275434067
688672871
599203096
569332907
946850879
224235024
87797482
748915480
824958034
645495901
121675197
165581403
860482663
921744435
571572678
733037053
857244371
593620133
273965834
417244453
978196995
321409084
643669182
716701463
854240683
691817071
964362235
947483033
654732380
528383573
486096940
870533874
218230073
871222242
627795448
333799639
608739972
362071918
448889648
260564433
414025322
113541304
517135549
975988531
366851504
369981343
487231841
497942967
998438184
542749033
76336042
617533793
204042057
9216142
776940289
604914488
624183836
581503517
113529050
642757498
795203895
985433957
170737242
229612661
277332056
393143442
320545785
569267320
207914369
813667928
210951075
961326654
739561598
271278463
811699621
372183701
470156406
878586504
34250508
543618103
480293921
112083893
240357247
354379530
977664359
105256700
486033119
16928784
910422846
111134097
366239143
810355175
862046792
20695105
893204030
657366587
850935592
594250751
707584022
695950666
122585065
488336227
446375617
619684525
996787282
635960216
19327119
321136295
249768235
366252247
165415875
395967111
146428176
329373583
481211976
143378849
382476569
280539775
698729700
431251125
933749924
689859010
958737618
857676841
879735591
819352836
965292462
515324962
162239424
261196871
43819522
401906700
796759918
548024814
520952982
143579391
242530740
7354202
225634557
765982958
661796258
128057281
748364890
386007076
547313593
708053970
246844417
890187653
83755932
375023416
433802881
748424112
902527794
521660915
46941541
877787570
232139784
685129015
240581915
641649685
472228441
765579688
718030003
17311749
408405916
43357675
155513500
243009395
946099670
226226349
784463961
19966872
766624663
433021884
722740370
71574144
767006396
965318042
416302764
842260460
293789969
339168948
301900632
124513543
436397332
306999862
650211301
379631798
453523956
328845941
596205053
593675699
182633485
746407554
361609672
256488533
797312708
70573068
585527942
959543143
523549302
358225956
990215604
37920966
417345774
275537951
851499724
623419146
24121771
487051325
35349540
222945642
934028606
741553770
217591851
253257163
442137588
440573039
444331846
722262840
930878282
376991643
80491207
755706864
473579278
892562325
976822579
489341310
808244374
360586286
748616137
908354512
702289181
946717794
156328688
237306063
750238272
19445916
77031772
611357734
471954894
420581615
147764744
341869788
469704694
822870325
905743388
946586728
327355688
818870170
648535742
793957537
420865088
804818647
629610630
3974349
234412334
953209350
682694677
655522105
241172615
394755904
635195588
469648997
555150324
320973348
626978102
927457054
745216861
302382971
606761599
268370179
391272549
911331662
387935914
656348700
738965997
901888557
311061673
566338553
894135249
927782702
520508518
726929273
575763399
950065589
56966276
899170207
494165809
255525149
554690422
815197838
478111435
835622563
15618210
708747260
338625484
128654643
558927945
16784683
763533034
647928049
681371659
265755773
323445918
814962892
116769397
384153087
79980152
9166508
880007444
834889872
898408635
297147511
922132442
750198423
273912297
545159016
489417698
742209094
221323063
513343454
408338722
578466231
129216376
325810955
686165795
297577535
349395295
38060157
746880635
343641134
522763728
173041223
466676221
676458152
483545265
960793228
226841741
425787063
819193931
830199474
845828903
238157327
681987750
17006454
638407634
439581966
979651091
63569418
217528605
263151834
201267270
27518187
99962036
113095627
639063370
866547277
654660320
405784112
156062219
75737409
793670345
523762981
925634956
797988016
945741592
502939959
38208444
578155478
504362786
129822487
486587079
863015415
734980860
917505990
272961007
631933232
376590795
125564838
764251473
76875130
489178121
873236146
97454120
829260749
618276945
785122348
959510422
811487920
934714464
477615810
693270106
66860264
942484017
25078143
981695835
102380108
305395230
472614272
877430666
645292071
419408537
191387738
826946057
28978468
121408193
535146110
82714788
371723319
396790201
511952518
374153987
165789141
311540576
861778460
45026567
838330474
776483927
4046739
643575359
605517238
646421903
250557962
630311194
438110117
977184167
493481056
754386247
522718761
264394661
426829522
997028298
426049713
408198431
757700550
189874393
137936740
216443439
35464655
416749539
711086868
246325119
840159418
84716170
900950921
400259312
489560438
882039595
975203804
741272686
709470879
76195094
585023797
324313393
29475572
456014177
962096761
21862610
201689663
27531074
621604696
101692518
889969690
620141997
345771270
275894862
851313095
134467149
850601192
616838293
689015107
331113459
846497704
593244774
980885124
521414540
138661812
88377090
59752212
151392900
144870797
309758475
955127756
130253919
901274040
565054665
920827919
579725181
316442808
333192605
602425
805242938
451423039
782253912
178302952
731860134
559516954
528012360
220371477
125338446
783635659
637688326
67587121
931997813
177328619
693496359
117131941
194221833
867670148
234829085
771053281
599434882
656383792
783508984
582912371
527916782
876291141
892082285
2956784
753000426
135887566
182410682
597238828
944359743
237645654
43147499
729929678
614031124
339975972
982704687
49877739
923863540
25820390
675514141
191924167
739695370
110542232
650181643
844518644
67532725
922579334
170219528
304849080
100533459
957804588
68710456
796289447
634189443
918107035
249557166
712469685
680374518
55177722
26414781
994167088
855290886
450887078
861503780
980876273
68793312
358431160
555383435
400857754
637748129
337113867
240635409
565784195
370676117
410944710
263751348
891848155
873680623
731309548
292502875
293599067
992870861
732759779
576178035
173536953
166306272
696922966
827697977
5557918
294231894
909427975
149225225
483559351
364768351
957356266
538705760
789999594
95014081
100912421
365028284
291396645
511682918
926378749
783386610
776232347
823139672
499301997
501299352
636439038
74479173
459217553
193667642
794968269
908304839
724476559
803641902
755438575
291734144
821707793
46050216
560749235
204734117
769067491
95354946
64004681
772284953
601478930
49081075
763176926
184225431
695834113
488215923
187795261
114768837
726817846
952045
980829633
437996577
366030011
658498078
300240901
819863924
202348831
495900888
654934127
698967705
569242410
59272457
292638911
886764899
56733593
231257160
949636005
571492615
54091589
512090122
992802287
470977037
825724386
387371592
563078231
709575020
981911924
764741071
133403731
678815192
838972309
71915900
193656522
601909399
153969875
955599595
772065937
557251199
501604456
679590344
942684109
351262251
285793310
153498456
669209121
117795969
318141701
890182457
276760270
366241612
919913902
87590910
411155781
143591888
322840321
394094118
350116560
23202568
938534695
790459826
277397151
385989496
837529955
369401060
119423488
185363101
603849218
338170421
743653551
865312408
612935359
629297445
902065717
694423516
742376563
358647838
529499801
805693131
53397439
540503668
323466156
318234173
301313469
99962692
916678973
336523637
218799826
356164069
703997341
444148322
185734629
377661560
290424841
80087250
827687845
551086607
871824360
785906062
990132461
478862512
705865433
448864631
801901051
363791521
968278275
263513931
881291801
445126770
587069604
355119249
897609594
487981365
539159216
589232572
981569669
393034788
805368351
731160648
585962392
925182180
28656297
278918235
213497969
58153873
866769014
546565113
254627237
750927482
475535964
49722020
533867972
694081439
841139631
129338667
227995012
507145525
213142343
305963548
951210052
295093066
701250746
168315217
8915040
255325623
705344686
835112171
602319581
607992985
849873902
22774676
492692843
303611687
555281207
821799215
922028295
440359507
272992010
824667974
703056645
453776116
468007476
882822430
203342767
139954108
92574353
173074838
417838369
482534220
303529506
370175090
297099386
699999322
352813358
112522876
548814475
610254524
224884789
462675088
108447345
219456426
947561280
451928171
870570844
219506373
583397184
80714415
675050616
657683627
125582813
750649981
739268698
556941462
925333169
718680776
645857420
61522968
847525867
59979530
456157706
106411866
944494357
199295821
41140388
770416219
700068153
490351887
797569838
286084834
247194544
230052906
668740670
474333954
9363396
162106662
815192129
713995588
338431197
154388606
474741962
247606477
611803976
314281203
600200254
236399776
458567998
931070895
55331894
53275990
874631250
317213784
350942676
697920157
572279820
753674383
239202686
526879207
270127799
596934174
992998112
702922743
651223542
75832838
687907152
855645332
386026124
313000038
255232047
502506982
144744490
202642361
646553229
939687458
357864908
872401264
812923702
615953088
474190712
571759410
93200119
675770877
53772541
968764363
156088159
491642886
801556942
250898880
265717488
744049418
996651139
241164728
937632562
633531245
847503433
582593475
447692316
982925581
31208665
312437552
571515706
528708827
392295119
173588393
589163469
386418027
850543362
67772041
644343289
565921497
312851024
432729011
649343381
987238932
286629726
691349795
343342722
616866775
641639175
487198707
58823528
213456737
335347418
468855065
724255350
113637955
562360777
305039612
801196712
772887590
916167430
466476688
79632678
352798937
374244397
823477640
61418962
855901713
728394510
984374681
697421788
320199992
999233928
543273728
408029788
321753148
702859042
173368882
585507291
151883601
782315643
170802365
155790608
876566293
832577839
506498863
573306004
559053383
179122284
175148449
821039831
924855672
333530056
562517866
886134471
310116785
431527982
165605046
738113818
472391335
555195526
599939671
537872038
371875224
74636540
626522050
81192202
694944475
415020058
959213209
672367970
51430403
404882553
359436180
467881706
376167684
708299049
538364666
352308999
209997472
411159063
455395470
895948477
961329891
726298508
178162837
618854038
152402363
387384509
358134294
25382350
131722024
69725172
745392787
418990565
553691418
453473389
498311506
603645014
411590606
323016719
321375295
342443970
913699321
147815311
574660201
932574667
618903323
658119216
471174321
173440222
584681846
178734598
747602975
666828413
290525448
444772806
813192084
395604769
830769970
685229382
901112898
338013501
141429241
691690491
903237358
788497138
300999823
71368635
714626420
28306015
10685466
843671593
745835972
992756439
694376241
312341169
146131367
196143183
460237047
984664850
495191188
472393308
221659168
368601719
556608835
12693393
604921786
333657000
903454337
359235081
481156720
808203843
846100886
959710854
453599308
86252701
735585849
24507195
597379067
381362894
344555562
649029250
69438723
348086705
95695445
262364242
594697889
867921278
568570637
851837342
783775021
278163484
577003391
659134845
344165458
663165132
704118158
960868465
655575573
351296391
99683870
522844114
862598018
85513214
58971488
395149836
983394958
506977625
495006792
285259956
188038988
631181212
793353530
553015969
904289325
377931182
489458085
708826736
957844985
25381011
574951192
168355561
179784407
310706964
844102586
441895385
831855798
732038271
263313795
568799869
764170554
696652858
516109653
424130148
701136522
982353798
979781411
940146103
803545825
893158984
434018368
834381886
136859461
671089745
141670988
643195856
516746439
907157213
175924627
116574466
958791532
516508491
998127005
601390663
451298237
609101667
974515498
764037131
893074605
72718732
532472710
621730622
622497438
960184622
110699058
282538694
487768474
903054228
849667242
583792591
713094655
454843835
226656942
248842458
525356777
157901454
17087142
195952942
565777051
327228248
584737911
349713832
948188565
417002331
689872845
581275836
535015245
913938703
397124611
233925774
953230562
389411725
469636554
337415610
452269549
912701551
165603507
674250560
588334871
997625876
991599252
747432435
982127381
997554907
555104203
56800796
41182315
148749197
419412691
821115296
244674114
911273160
169338774
492535071
6077104
190494302
238464044
684004148
186125561
650074760
910569194
795490296
865413819
871441367
76564899
19795967
557939238
813446390
561818298
811698828
753943161
971021278
232588241
555215841
542284183
950130591
249996877
428112585
616469412
333135484
466889434
261823273
452837788
131957532
744999968
799262379
122113957
867156672
686143584
933459926
599757012
20785276
171128520
521836417
988837213
8456554
92075824
421269539
647110139
470329085
850088406
450663384
197078733
462398569
901389239
270115194
733352740
223995887
565765865
886623729
546033444
493958675
606915597
726512747
552812968
9055328
510568545
922795872
532092994
790828349
440880738
11121701
891481530
674196895
852296450
126004496
529020054
626430365
136209751
269352460
116069395
818518837
313977974
948465201
944019048
807983150
908606659
336506578
496077774
64991867
802884109
108057673
515505594
90669359
377672734
930930224
430536831
836560076
593695727
178386952
316656241
383262403
603004966
609711764
833640039
558432457
534493195
366570780
172042743
190808022
239677356
504198632
291590953
388791708
619558492
234101614
573487456
61926631
856171819
231543679
344204258
462721954
975131237
223488538
8414600
118335634
577118468
381920474
283869289
472887730
226441543
349218586
600248476
579846673
823394115
226706964
500921568
451506941
659626510
107775233
693027902
102704330
488845502
26048808
669943896
341815368
290069756
863997288
798779610
167466905
579714555
598721326
348500795
650041547
448195357
369427887
101610950
870819131
515386877
368411250
188478197
629391474
304241503
1964380
765890716
93832252
571822344
482530041
118464798
541556298
664938152
603900850
158776464
716711338
6191100
801153183
758177570
237061198
320928955
708136120
564622802
360539157
13537705
34485470
860727633
705132170
950955358
678581271
478881124
636934805
977598456
241920283
668643610
682856547
873615884
66434666
189202535
829653859
876972360
417469877
883826014
109735772
660245417
367147196
188453687
255723880
465895691
747777563
720849531
306987007
60001189
864302460
433027995
179509013
882378818
245365871
268070828
484028013
597698425
591120497
698202532
775605647
491249042
181283803
408031913
770355655
940901550
786804235
21872309
282975278
445847688
220155190
169779773
31485422
542970121
680137400
299518579
493100501
231549742
769300903
505401739
105280582
10439082
462970892
140348471
49213649
750415412
729707051
215262198
114885382
303475282
923390533
471392323
479436031
493267787
938501208
4287746
222527020
670315209
594746622
816955035
113857280
485213135
916582728
148607749
951708938
252310167
384998082
861143146
914615852
944256940
103110618
323878775
483474924
214024234
205032945
155395464
396126422
391799574
868574628
987454689
229951526
657853895
807960420
830237432
297976157
995981499
363378241
170818508
862295993
517842910
557234876
441134649
310764343
296717102
409647205
412748612
589289218
569502808
999567328
251388827
360089971
510797732
187666694
162536417
225376504
956537060
426310234
3856470
316365618
426078835
466410045
395469857
46244307
224377487
575496544
229474336
680738079
684894464
209560071
116157019
797777251
895683953
780818537
887462148
513050607
695759803
807887198
531632110
773717528
265080794
113373496
172159273
583828867
885262314
250856345
367708957
747286697
886033107
34048179
868393684
177132788
96540073
780882096
730570762
831570296
538939671
325974482
365634498
178946669
38483080
570787207
883262051
812149244
204499393
966005156
822748287
750890470
309210673
546291696
254964336
685992163
951350620
328184120
952396663
180563292
246708735
975769015
125989760
692250123
247889865
347594773
969452268
695972533
239689140
954069747
248457649
605092596
615353170
271500998
779494572
379479205
161862889
680657369
538862249
498700250
82624528
348098970
14040448
97775451
760243842
294151220
607379811
51849539
55836085
146171958
765575806
45249938
189426917
94625873
668303117
511367365
471244617
66767426
625189340
363937678
945072404
645258989
625389668
732055104
127775475
752711958
303584185
201302035
894679317
953745188
568192096
923942721
514079777
69568861
744578811
686969826
164713598
191651278
164258671
505058635
539804959
585765562
860930602
503167182
455766614
35611462
372403320
370693450
702448086
708659539
129494935
77639395
156035182
809346121
684451904
804218786
943344978
85503508
992028431
939629693
526394324
269539391
473823051
766564826
949785598
791864734
341888892
489662352
22227089
806250953
120277843
76836378
239116635
842255337
874545503
982763357
235434350
152085151
452030201
794717189
981201589
378011106
924453532
533115033
519062733
298982274
609726862
607668288
884925830
77152243
838689625
229735133
961108427
786746394
830361919
232352204
639003109
137176490
915493713
322880087
232258530
590325734
863961195
127761889
230298081
706256046
141062864
166920008
862447931
597923905
968915622
211282195
421489864
914520754
757927320
8158234
966220884
101176384
944445335
762933923
108752778
558363262
26674162
687744500
493904933
186349925
563415353
158997456
477550360
395338063
829152895
925529125
785953937
408073613
995265008
246865527
793463468
726357089
8206111
17927671
218768858
572048325
271302817
285684393
339716358
911005189
456418812
937122875
596082429
686572072
563169286
595559116
316003487
47224352
252194361
902023111
649461192
790088516
484701751
353791789
214569295
166208763
883154647
200821231
72163470
112183656
610792837
334953297
576100883
242472059
908040480
21110306
888490915
626769085
604314942
211322168
169732155
436276249
982748036
203028239
864513802
462839084
789768785
524502782
667376025
947871240
255849427
562188853
825103129
418957535
381394168
560609665
71701033
142710176
305674913
360718802
147639327
384205499
248090981
370003073
37017631
806555384
956372427
255700752
657716774
727208720
33895804
781219537
374025724
345730365
504308461
416160493
563886467
963912067
646248619
176958848
16247622
74091548
31416855
465152075
737286504
475675927
123632767
784812079
840735469
28199455
886837213
787373672
880908185
298613495
776333103
391257553
937160875
809221930
721414131
719573800
209293437
225598143
651823632
287821015
137296253
919194754
853216611
482978159
252767597
132049387
880191765
16343355
125388764
684806846
541797709
982756321
861550342
302781419
720337336
938909920
834714269
890403627
522489162
330379538
2646858
928438483
765686468
514869506
72267999
458810043
13234071
707538669
453464044
839179497
925218119
776599284
913370345
582727396
867873267
898013715
830917445
620846792
178131292
900918513
839547401
363690064
5321986
261888121
31897680
651330330
711005553
700859807
487782002
484556298
64747057
805134658
680919241
896635805
802657339
558938303
235387036
483748582
625592835
36766145
106282269
643659875
721939094
880728085
413774687
345048019
709994420
56206792
662281951
627525608
70953827
474049233
192681555
821202852
958821507
905807709
123639525
437858593
625473166
576637988
102027108
99599042
877283194
306986504
34726058
302202095
220241673
647616204
646620362
390100381
111076187
867020234
539740944
30109395
805244243
770629505
112489936
329325230
96582409
342283621
625218209
148317496
228957286
67890167
18876074
718350842
717340012
992403186
575767516
509719867
589451983
33858901
486057155
63381106
458683210
442266565
247803445
642378712
679332780
629776953
867951109
924102294
518912429
219490243
292992908
76719336
373824549
108433033
246757998
143904682
687339237
84724412
13116335
150481866
948668294
498706070
706763296
492694730
200228915
500629691
841330718
290841002
127389972
797530239
598734213
922298828
108346665
707153795
597449508
444450483
1047409
429582326
125123161
498717220
476752191
365425939
668863762
28306203
560368743
943485870
486438784
190907752
141214215
692949572
886946981
928750234
850121819
290534745
220728700
270401778
170700457
779507720
674399832
640630825
931355510
635262493
708349864
914123355
20274313
874921209
948635737
40113635
638926268
458778940
619909680
350410531
905638908
115821989
401628918
113507165
968300564
704985425
148276493
87800817
33092660
518733719
198851997
435711036
295274870
305508878
561771819
364787786
873510219
869968610
510658293
175275942
817359153
325938395
182837668
539802608
480290792
658963703
915854994
934499130
156400272
695380651
176595161
455558979
414632761
53570952
835167898
565854445
687500627
91222570
823519177
400832556
582263433
143962871
864608850
728965177
821007470
699622218
743685013
891991596
212252131
928336980
39189546
622596166
288934908
179958154
669482111
229957540
264799292
663914674
453207712
34980116
82595367
422819648
448801083
987034115
977630887
969245373
269582228
532056700
806543228
864924589
351540110
121115563
327710301
767508229
907607396
653858844
517888597
908307210
77394329
267765958
712430335
482128682
4292885
656078910
898958937
393627207
777563609
921414979
493244051
513651666
467482647
939290956
164027268
524900648
132551221
628964619
775761021
414935387
521329754
217827146
210608712
797131680
675528427
646678666
939691979
998483087
179793146
643478266
288275481
808392837
123907328
178958469
285396554
581117746
71036240
687571737
209109198
2261879
155166729
890059866
152372143
883411396
200371218
970399174
38389906
238601600
622965884
454804690
912311096
73017340
231477330
545172378
31705819
28389435
915602237
150142345
959702869
955257349
911220912
29760949
924586392
409780428
19173733
841608897
776509174
636773316
231203724
460964893
160700402
547283484
898249634
606902745
925192245
592089664
73888615
513628694
425748214
821337539
163270187
262152939
908975195
361957308
788800407
570958488
810920530
10633893
492814639
680775874
813707597
887939767
829358107
736852079
996854326
133009120
914834817
992019921
705927840
998460298
167417069
583576384
828434859
378871656
763790218
247967858
909979280
198657199
444014802
749092919
287659773
584010374
891433413
695086547
234102766
40064671
559892202
734123707
578860744
801307253
460430807
933508976
558572926
846247370
120423519
187771057
83961610
487752905
529930305
297680288
929279450
31031899
519802416
685656630
361908395
949749721
668928593
252203992
283270859
489451608
951705396
686477236
386978530
18291603
987523965
724556102
41360257
887101830
348627434
8107808
29930999
530904538
329882235
705312258
862268471
522008491
837357380
726574919
56778644
960798846
899683278
411645171
105962543
768391368
390700607
295445224
389378949
858992731
289142405
800343446
824956996
610696330
817489765
968258604
779452034
483837541
225862820
153636033
367761944
909126777
765846291
806444757
905929438
432011520
69612988
725036336
805168374
118758819
913090262
738311172
345613098
107699476
217319663
292211886
666637696
325215587
281866789
756599994
351967065
806959557
103886974
926165765
59540202
221509529
710407710
836671371
315970634
800732671
349497682
800686922
693771603
825486776
794306002
382847554
660542730
923135904
728420101
503877988
731425390
483899095
783172777
414580110
447148359
733340580
258653874
448285765
946355077
383823706
792660191
732343766
382949892
125975053
642869939
152061784
274547908
694595117
92484242
741094086
311898903
875928634
816695266
499383533
724534003
347973699
424621086
494501621
1911258
192542544
848668882
180587145
588569889
429392912
620223855
870934185
375853301
620186959
337114549
722321758
263716040
367561470
406871657
958006730
119055435
257640744
213851090
832659935
923758677
348401788
320337171
624032071
37517460
954826894
923135904
731612202
599845862
99127226
265289216
509949171
803852201
146040120
519997909
85021644
201569594
370934754
675205795
55040320
334205381
212758451
453106219
531779226
239150435
195925095
951912559
582980070
182827940
237912623
161858419
827835884
25994135
428716929
584762929
855828700
445775438
484023523
787382355
908696113
82401265
226689653
415001234
80186411
843710316
107775784
455342793
178651722
246417895
77769491
762977082
965438939
43369852
255335376
130644217
271760843
850654522
290161194
486133278
799358660
976981986
788213432
947835869
381291505
366606707
136511132
225505312
842161822
626876172
624283547
369936012
50984436
853695550
69495679
645502363
768571075
29930999
530904538
333493854
819779622
407110599
412104013
624012145
564889049
471125067
128287141
759046120
648225167
238680521
650212597
496264561
326261233
419213602
807106121
892142533
176599889
571205355
373206157
813001908
551639678
433704973
138090518
704467932
98306455
231204163
699795282
793045988
511903432
213875587
896695401
908858105
375360581
696239814
455273514
477650589
690388173
910220064
439892033
305302476
436632190
732532465
697524999
228208059
160856454
331530462
441485968
14251683
125699341
930172367
640314180
835362193
509661929
82677607
749807715
473942675
640750076
173680509
51031650
574366737
67627123
961019625
718236055
749676588
806896653
540768069
523055571
491924102
869553216
428786165
291503125
908439616
293141797
435910748
349957533
829125772
635779447
649773603
602577088
234480175
1365684
946510184
800723735
288702464
251998195
269910946
684355583
713131479
674114415
555879378
751110623
945291042
795274732
630403722
743274136
605609134
453887880
181731714
670818480
676880930
167025499
282099276
264843021
988834224
230699526
737955681
528838757
213537007
968071612
858737448
535011402
581730209
502525728
610335560
265271528
662014222
992985381
824755179
210252335
389564204
678632639
221218393
986784445
253326851
760915580
548854417
237578993
15694839
845822727
381912768
330525279
490961458
424177534
22709357
906903050
902250290
804353830
118578888
296952878
819861527
838700289
911820100
138161142
503379612
562648804
922119433
9480368
520513278
417329406
352464810
177586996
616404386
309307944
353758818
189499315
872074537
700583626
62960962
329255987
969256829
268798266
280184074
958195449
575893582
986225854
733896470
345786408
639787272
624630731
705087697
91877226
150287738
884981548
748299891
401369742
586113612
859216760
959640822
410787114
128144337
184075798
539980870
42419660
806426170
880082138
505518512
514168556
706092845
596546562
916604992
976699430
949977822
471642150
64671593
667730488
471895485
847099467
447339409
971830444
826212927
796210559
806805174
211617614
795541630
570668084
185349689
671931737
163583568
761844421
135261594
82095337
741830695
852417461
757402229
51595763
732567676
555742915
293210083
832245992
675011920
997275574
106114811
41924866
90981259
165564768
911213446
116158899
811770372
476389723
986730342
699847892
567022757
803102508
425914030
948750240
908697228
396301319
12585769
410232094
699728598
210848576
719916021
682294164
286654807
929981346
896304794
456266165
760457047
343094387
757409047
617598392
508480022
417197361
162012001
133579293
629357203
553575054
920071920
789049259
227113437
354605985
192783146
176596780
695253132
367349376
210713378
458299293
92307099
555832865
360319685
125456615
965454326
953451517
347792248
631054636
538837039
837476498
274462320
452579557
679212878
500650782
357721070
862588225
625550121
54964468
286811500
838614892
345971207
641345334
14801092
681907504
471185143
269650599
320566617
160634144
648307812
734974898
461471795
850138081
313037316
367068007
605616614
692497455
812290091
95360055
523178524
330855104
773550772
460563521
483474233
592727926
727031038
196977903
411326074
414130736
112315260
330357987
182144169
217103233
78379928
149894535
339182233
999457396
166905512
278595710
655943092
822357150
383951758
13819050
933743511
597085038
736242430
43683474
692019983
927062121
15678373
203498305
194722300
384972001
628014094
598349784
437829101
899924341
322424293
44646048
687427670
700061011
798457879
340236278
866602249
524822879
437921627
609015126
866837868
595002903
49680688
150699728
617066880
646675278
329120304
892401017
308883040
606880620
611181698
57839816
530424253
301932300
338484260
30163440
499228931
752177037
826170619
471488758
727358933
203309289
935957480
131932332
57409674
270929455
604723510
682432059
438622009
265248771
10949550
666138234
579933117
338008910
651022782
41868243
299912675
389004495
285397868
75733617
996985578
69214864
378136805
27251982
780120742
406718289
614481143
294012765
681317718
225506349
581859090
87658445
244031213
125483458
370849748
430599057
774769524
337926741
242172316
903066988
153295451
11131752
449216074
509064066
868914185
540105390
810793161
628024906
990078418
314634021
821983902
636391526
869438750
272707955
333140791
546224121
277923700
675394363
586705887
812787015
383199156
217011064
959905509
364988028
435995777
342203743
719523678
426798353
534688569
450642950
683079954
685142147
708830973
802518952
443319256
223579815
797589756
651373665
662194211
166119858
236409757
320274021
65220691
370422158
707131311
173114181
119689202
86691150
871147109
504354081
209843923
118638537
340822208
910357355
123246859
323949046
182435515
766708631
430878624
666888942
382368518
363198216
455908511
333569599
412457750
564779528
5685320
34651229
325418373
497370452
759732423
37925764
474662340
333388851
48716408
571850260
114420033
464080322
731359195
782025115
53839483
406414520
482399868
826137350
154596048
384494048
885904851
385291340
633002634
65797052
62330515
760532414
773268408
532851265
253522699
901412648
829096075
269014497
903090585
219180703
822256367
278186485
242526306
973564669
52345855
522527163
82103725
416957019
995493645
47702939
816512140
115391432
243697160
859602967
376957573
553337670
523464836
843758107
2787313
580326450
524782758
9575947
980778431
110042855
197896232
704120844
615985427
120383822
534502819
281538612
573877647
172921829
377890103
230492168
388082227
336516490
939130632
104361027
907875353
215281698
764348653
978810524
910048224
585427117
556853404
898877522
112095179
283141783
858330211
419583219
655088712
165340758
744408287
568686229
30573813
152253407
81413131
310374212
547691718
694005868
619845975
444881653
411239986
556622505
992687483
738705212
632060373
212616150
373245383
164860906
448175522
984098092
126932532
161619257
534827219
805571994
317700410
932200660
465240701
386722220
450664424
757164617
978921769
884873004
657571377
888443765
918959625
832616914
420860617
77782297
597901765
664923284
176750479
113531756
131335710
412447266
996424654
334202293
997019479
573531417
976274131
731803535
477551483
434960737
477791937
478107404
564376168
67454658
709839732
788120996
646895324
578689786
711360692
924024076
367186078
718636676
513104045
476325455
808625771
734514955
707146169
488450063
924536658
362987700
540495790
644179172
196176266
929029733
370154713
193422303
113000874
718286435
611859171
214621206
957030983
877621470
278924360
708928026
454261744
748224162
852220096
898327602
186139048
703080058
913727747
799544858
647970081
874975465
993238448
511876550
556099673
681577232
718354023
463720065
331751265
141883417
692443010
967890501
709212668
280739956
150950650
864436826
916297925
975770402
376454629
32330985
702949879
865646719
350622587
425660480
765519218
25186196
440891496
662748437
626634003
159430818
705401723
988886735
557992980
155364769
43954806
249696584
660465449
331911369
961290996
987042518
830739012
624764825
500805322
416763442
524600115
615068915
689234930
589258564
801281408
615732522
936289327
935840054
578063389
591757006
581062976
870435301
161392265
718225074
241103372
382921756
742312631
363706265
918591919
413256088
381000633
334725985
668279911
181635419
505541915
473991804
97890858
253377192
375969156
983029650
136941430
682648411
607138850
653654422
830209503
140468312
461849694
105476629
972965925
24051070
717053640
196602876
320804580
325678966
445468336
659182774
94480555
702460800
644273882
285181456
531302939
896424203
415511715
810788934
701378776
929775720
170184175
407674693
424593262
782299874
737983938
668965636
841670821
791727367
753532060
138181065
581594545
146454902
372307850
72358141
183382229
400312300
634626686
11079413
275741554
629951203
95509227
325890878
616174478
298209010
658959715
214416609
284029381
317213784
752651665
74204258
220912647
634952777
652719861
145261292
152446568
484419082
805131111
950487179
406569688
390227810
369859694
803645092
367636610
765376331
293681697
890810422
182975431
877406580
516752816
807588106
985309046
276217769
292272978
286665432
235143677
377974561
109360406
12065981
935242695
416525754
887839014
848251062
339395900
3100277
707396602
548150910
258465024
464135184
110462770
991367819
80393272
178326946
690215176
184810118
466615263
198748263
712323048
420003196
920520560
881099467
981212769
309865260
396032851
528255850
164071057
38349391
149585948
492994197
155037759
678018872
502914789
704445677
150507083
905115737
862574326
164270156
294006101
681111530
427749197
619037067
875542848
545861856
145183244
87026922
852376588
447703499
529179059
685093034
427747110
730977888
227348047
541713486
52921937
138250603
616651439
461163121
215945987
916288534
749813641
12469691
124062071
733945301
413933252
703783702
286889465
238442673
920626257
106336002
641384718
3633763
897955739
736510733
326524185
859636600
310638185
606335816
494348913
416555502
206825795
949198110
442750576
90416214
700438574
768090300
919223941
817947759
304466736
672396518
824416798
343488267
793264062
558078846
922423190
763998446
495842088
230462753
293951788
784906211
676961500
437981927
451161497
774256274
712003260
639022904
936255373
507174111
579880168
595144172
997273149
929893965
870215023
827794114
280362310
473066699
629404225
644724546
190799360
616977079
889229543
580652339
803024483
859942390
799545545
409209453
230175754
573412989
15565730
827506451
415392280
64871793
663464177
82591437
347001765
678647866
98674969
51420866
988393380
426876038
578026058
101476151
490741087
470855487
215358334
953078436
879545087
836931154
986568689
371880034
768861080
514710148
244253016
206459823
322365570
724417798
33029650
994525495
567773651
790270601
592046444
750001859
520073376
20775142
199351014
682762112
732547915
802042549
985866327
184247237
966334579
828113428
1236776
10966917
199911862
667336627
254450900
789280301
86633339
212418283
226122265
798041106
32310780
592822445
963259740
428085396
339187589
70103218
935198403
526932484
877644463
72592742
118396188
811210098
8144090
837657302
281672621
84871188
665012921
662451210
590481861
869193741
359976554
123483662
831283559
447036150
120913143
584609576
696803498
40505353
222972613
389682263
999098563
190517910
27777001
858735790
844501843
194530020
970104378
320017564
707111589
343481189
385418419
603071158
569946387
801551146
703992023
171767143
223974718
238612203
15837347
520223480
149650884
206099423
962464659
969632981
587280745
440843654
799366459
510843988
993573588
431532043
436412722
147539577
435939366
174180603
158843634
804369983
807812467
895919424
744703946
848860839
120614668
966985857
482317715
454140803
15234613
656083296
116224801
386344374
42612053
764276254
273736609
454453534
159664235
763353887
858225475
181274605
411264908
955974719
980196461
809223051
646984016
501549391
35632036
449559652
897118223
584371527
977514796
89526160
725374508
105354729
910953577
887094236
371662813
524948604
843831900
503751025
611247422
515592379
328344038
353672792
865090565
547602891
636226760
67996589
683144808
660743244
473328519
335505452
337427674
843631735
222395670
478033650
623323297
786002496
157299220
427890980
819495774
803132139
469992284
489631744
527605154
574852933
822543645
632332075
265305092
533757489
561022405
153923285
358642497
639073466
982249451
8812010
439428426
494022829
34866717
425737215
812186276
377655677
688099885
914119573
717574
673384346
743456489
37581764
215398110
885265271
702563132
587534054
252048316
387933282
405067543
979943997
718545252
490050724
731695536
102955261
341389341
386925382
565261093
196627946
316526076
474030578
999938862
124711667
733714656
322515600
789126877
309218817
784573148
147075215
600057239
622395354
854768710
409399937
234697248
154596848
508065144
976550532
167432479
18293938
115003665
351681342
822104014
843196346
499820003
635742931
579772026
895043764
639009361
556032176
394849539
409993097
618614444
870952673
293716884
736408931
126904236
282455864
133593406
929531800
136372108
28425859
107912421
567034068
801138120
571653430
725198754
51424059
730175759
584230810
773849388
354262322
391993324
217221873
525610883
358616924
162128864
12879048
262471905
811283052
372856949
856535382
53690760
954460735
926168338
402411255
539962186
325729686
835103761
111192108
426048639
729219763
141330754
169504283
851835356
25640597
356286153
495857702
676579697
367763485
964596726
768023284
468075768
193107730
921598405
966434968
146130860
760140267
377296052
214086850
984057782
728870371
803731892
848267600
997558074
467596308
565623612
879294178
403902783
924268619
875303024
367144768
169737693
496553424
633668829
515475096
130374764
902414915
372724603
360301537
660483517
960188331
743039984
824362176
770485638
761313390
858662185
44954513
505946262
557475453
679501313
691757486
64276621
928943797
849908746
900290434
225828588
663594020
377496678
854998739
834482080
87486280
935050749
704536533
262057495
746082741
206714648
584587844
570699694
541589102
163649411
859810553
19131112
324907449
616236840
68153686
558329192
891121419
377010035
986374681
315004849
982367351
605404176
190274014
685061807
797546119
68798255
485461028
719980080
653283807
973282325
732361342
51251253
781382493
439303886
278586281
899160268
537351883
205872196
763146323
777374972
612752324
437714301
625524212
724655112
969107529
110873559
96624912
231590792
665854710
386737380
850932844
508770273
207045782
61488450
248792799
548424386
911924455
426070760
393457347
532556567
362197233
993429964
557061799
44412994
721783238
40270853
275727121
326243995
325275548
428504257
252360837
918591566
95194731
477914650
603493711
842495310
908996924
103240884
25414919
357933191
256498430
840537276
296412876
883877792
443712843
410513263
512478643
996483350
628857727
85865434
463859424
717531442
95269736
622876217
170202188
674689961
361846378
737194380
49789354
653524126
922158606
125266542
273455067
154381086
233369291
854354147
751589232
626543290
768958027
556600207
599575085
646512580
271715904
610234415
237242539
141192628
525745902
852780586
382382906
599201103
229643896
334219120
695020400
33188080
126420094
818598995
234162912
980769128
906200920
77067806
861140093
578237080
25071363
454503219
749051713
565571717
842828923
10283365
281266085
656106797
125975487
910639129
622970872
180639030
386374029
26848772
410285218
212088034
695333523
781327315
881206590
435542934
109561869
812967880
231363132
835274969
120026256
999504897
954477817
809900580
689945469
562954489
18511465
918724418
214770751
2862039
698651864
225223238
666565531
655414328
107524380
232859740
116558904
15986862
197065880
798275473
604022303
195879530
354997576
455912091
734734974
492341708
347509129
290316718
761082116
54951502
468375058
697131336
397635379
175263563
953041678
306207968
348291787
790984576
317769851
629454257
892717352
389700489
715932587
793233187
304647545
296189477
944909105
578262870
342283230
215549372
320630086
953700617
55854848
760147373
802208342
758627532
11602039
492874058
116335495
98344962
790790419
543862006
705773590
498882894
357314079
732659249
584174823
246164662
575382041
406999506
233404611
229485530
318356911
161487237
932300090
903842940
393335798
443515686
243356464
217677874
551288274
401138756
644061548
891999076
778769615
396678881
913640511
729006245
491137854
146456529
56645588
629763163
862765858
543827604
779849137
748525132
768934207
777913516
33647505
827873913
452344703
879588035
852898385
22466582
298559023
877721011
779806139
952668162
630777571
778707187
711613673
154628742
177902363
209618468
289460384
762504974
988690328
872375829
424586502
133060118
579486652
897228037
152069413
940646809
586236688
84235692
178342831
266149453
849670876
192784185
921925264
198521079
76550003
991676145
715056975
213910263
603365606
128908206
608928932
614480963
357487560
429977084
158438209
981492991
907552410
162190412
599117803
139573806
252717551
484967373
982794906
918235478
25815918
802401867
561523954
405093713
346155940
68826901
478617026
798677871
831194583
46592879
31284615
588679502
475559442
261994627
90493660
471231296
956459126
828823713
134448773
14292535
131100924
863413030
259923893
111822513
701163855
972174203
799955275
965792748
811426964
444569869
431018452
576719827
141463107
332219665
135136949
971397202
776224121
689791505
437017289
408329659
11195285
838190394
189732988
226588303
685669073
520140779
996221739
19528274
828352245
702228163
557212147
211853610
490445902
694959044
119412162
934341904
613959616
721977898
735121261
708630301
561259981
17804415
715061517
172079742
206213697
223266698
118031170
285573928
293515073
86027216
780463683
89963110
59626229
3312706
797268889
275851515
801370542
611678584
714064677
972333183
54738830
702392279
547547989
410073752
532441549
49101543
511689296
875368157
450455940
639593841
446247263
519587691
757964649
31074414
802555577
667473616
259897508
271970786
475972335
218375419
114617398
367160346
948892675
760634969
715229294
29591114
266063644
139869210
670058886
524142445
120156970
173228952
774232351
113498406
252992241
126018718
778420005
172123388
824008840
759422089
235645678
241874189
248923839
378378362
958013845
332694367
100196477
124705663
723456289
326963739
480839372
492925539
507222777
618988040
964683373
913597194
660318776
389752700
729545031
841957469
29810024
273259513
65713454
385326325
165472935
483469411
335899429
301968218
876522407
958855157
36958413
974765333
941735846
916914552
672089094
136642673
826383916
290918351
113320824
996959570
906945953
23396860
883457930
737448275
479641122
567003072
592699129
477086673
600881182
187832824
609497649
524013992
119523609
862659312
309454081
83237992
412241369
371329344
561911820
207505600
48197697
343454592
741353637
325453641
875741638
748446569
906988770
906863870
984631764
974548747
353904582
537964007
19425792
459775770
574732287
688542130
477905027
429464249
101531289
767577155
932579499
532593165
527519894
116939147
415236647
438728375
466132834
91550916
245594588
462002821
851548162
999066021
774248429
760076748
349046217
977312490
609492152
600291364
616421151
895721143
492142400
927805873
540664373
482310962
891523159
427427558
632713716
405281274
350286984
908504173
561722813
766045214
709744385
17713592
893990691
189838207
644322968
318020455
476324766
58256016
915937456
277551640
26951212
736526654
447846953
967170986
424971912
952715096
691600361
181666809
278881503
414828295
82758675
356785836
126610210
888818438
392736705
953538392
782369244
318129069
286377645
512447588
301373686
202523651
869505546
202966747
422538738
153294938
758534513
97585789
90659546
125278631
670205257
583499438
599251627
485384399
708656620
73404232
522492897
388847499
449429784
381082977
705349314
432750600
625978893
308033941
7195551
172422778
582096061
881839614
318729897
527820082
777074312
564143547
13366824
235900145
101155377
169885325
834048530
427730558
654141861
626821966
115279211
190067962
678673983
803663587
937208104
567892494
816375594
868159364
762727849
446115929
566280513
141600899
473069899
251095558
434708598
51648655
133231778
776579924
502612548
608267171
704846333
535545560
948474668
717848532
415432101
402984824
279196672
839222108
177746164
277609243
697564786
414088135
623410925
895694079
808902196
786282539
404117726
872618219
658814118
214502040
533089804
401141470
221953052
58173008
965958062
229932820
420133807
463630244
621510783
312867077
499875450
448839996
1677443
505573035
263461356
853091786
28761401
256174796
82781697
911212061
852342757
127655965
66135278
113805885
389111633
681316961
988242115
67229595
575253822
207195201
771565123
105743902
503521798
527218373
880850877
175018751
12791814
33460788
400274590
242594893
307120468
814921060
921554880
736969742
573330241
482326216
950495266
253492672
800643936
642652392
878482660
695301291
970407520
137126955
56056471
391570900
140808881
172375316
199231853
623695187
679767160
691526959
72581817
985839463
905892080
541460862
355433098
677331554
707520691
599607804
347087001
198244461
689544746
699163124
688551941
864875355
34217409
754196672
770168570
483228895
921135197
333779812
798432372
695809513
205566678
915866531
11750315
643081013
353603494
757564021
975732097
134267869
497564471
441581368
312333216
27198945
475207253
222661064
425598891
475669846
617506668
640231796
618586888
244071915
184946700
224483869
269995475
487868635
615871985
957853368
184698365
160716565
857510746
719435108
486361756
508847284
437282685
404328506
423166503
115295888
926795303
509343027
394567229
329610382
171642393
99500078
855845696
22352556
113721686
25802733
793827034
368804180
924178436
881242030
697202719
749575113
803843948
247034307
321086004
917864687
820389880
220225570
911987371
620032704
486127036
140231838
941979383
721125986
747788164
114202523
477891542
815271276
768101006
293276696
554557955
87165654
365046375
236308350
847660708
404924291
43789299
877345064
788976465
149287585
568968085
204932919
540238717
194468390
273698538
315659822
982217762
284371860
297856159
926255789
372937905
155416127
771759889
761854738
264847721
364846000
875527341
929598282
256436577
975392603
57704151
7325034
993219270
428980097
240751134
850202889
57453416
324355617
744214941
715992716
982434781
444865609
360947609
848281395
720933633
140637521
22783535
670583396
32810416
407322818
853717625
883098679
288154595
983110170
591968905
114074604
368185292
613607372
487965033
392952356
118392774
357089953
613187954
740471423
701840628
102028216
926693587
935517880
329493316
877204015
401359231
566792696
805559232
26830498
279958276
840734046
825538052
173346107
943668232
221625183
494864014
37969057
485177133
3232559
315357035
773919304
983829079
106053174
119512002
471829279
964596363
351580192
194684659
885156805
66480047
652047001
667974079
410473986
939951663
801285023
648006004
825185585
368892419
76232926
105758920
155491117
94203853
251783430
28360215
472982874
876383704
769785316
601637437
587625549
357767288
534098981
345319212
767419217
806436809
451492415
311866583
12732737
355369819
344150301
876582572
137450033
990384469
510106850
331366664
863532274
556167621
207924685
790534178
865379448
393784884
212440407
772401165
607347333
55570769
453099275
514412454
886676252
274888833
68927355
268484103
424049952
85469181
410291120
153801112
389727858
668210578
659125987
110151729
469016498
583118990
174389245
377451225
740294642
567976917
485515049
395835381
1903452
450983997
917356756
390213432
854375307
830609182
684488427
824167886
395589158
102900818
968625976
587576301
401225147
679902605
853279591
730477080
422474497
51238952
155329784
869714353
644398460
763012863
417161350
594909588
763788467
690262675
487012970
218967327
14518406
635445651
21934222
472623534
525079191
504276836
433885325
299065527
908593658
440639339
939239861
516125470
868524780
269133666
834170996
723441495
631991098
379963200
1941942
486924555
293707663
671860104
720766721
681600451
22650496
488846904
25992183
783446532
635214303
409517558
313789191
950541836
694723231
425406499
701656550
417623439
64120651
120197794
601428601
867373650
950331394
658309907
108383127
451635620
345666453
319286400
560789807
10985647
410266517
616178464
956580871
813303364
875408544
540558684
221637121
437787094
950380078
253246081
866209911
511972272
880892205
612216562
463459462
665254351
967868027
985131773
678084498
590895699
167608011
716685448
211382492
489219291
76566519
725807860
432812944
299544136
105597270
618384518
388623838
640446169
818205426
972279265
800485233
160010819
902534140
836134315
849256433
577379038
688963806
37882533
966110721
140639032
619257092
122978951
38878648
650183021
697008730
511562110
861172361
719980080
810518251
621061263
816918187
521320537
719878882
833660592
959790919
62951247
739627914
831336416
388101465
954554592
901894648
578528346
859618962
289231684
681645160
244040075
188361288
436509508
342938643
548972875
808714742
505587309
347860075
6744788
613886572
690655038
177581920
124834397
456100780
706046304
334144672
977296216
866660174
393989850
25122359
878807773
373392703
498640688
315344391
297068583
250617047
332697697
611768802
836574390
875530063
120371470
861605566
301052021
94877729
812303288
279456466
515457152
477999115
987248754
321397817
886310552
477360851
589518519
91442546
453463666
938702207
10518715
417836612
791827546
271157933
69478785
941982146
161668599
749113479
430489153
315666017
548447385
661928823
742868902
921240180
178351508
60438126
539668331
605123429
454753190
442332100
200146833
152527686
851462436
620663488
583707343
714722184
998417742
7518298
61848626
183425645
886949073
255693086
417622153
347389781
902295045
237849838
155489690
692016472
755880807
502119487
215952808
264797380
879721964
56358546
58929283
699492458
495697314
28877555
244113985
907939233
279215335
569745125
452956890
814898352
531494558
43253563
614593539
990658266
674669819
455010725
107250843
115912890
78747849
415271936
492175087
746334430
657965884
533568798
231471842
689749488
824963594
47078854
112341311
718921792
285978595
998714524
288841219
683162651
616167709
413889924
17626310
727075616
259589276
835407180
969661522
825650128
209510364
670257984
663459106
936124695
563164851
673372276
939594652
398827058
896030090
857103728
192515793
321762160
640673835
68923714
333597793
674160668
748415001
370553613
196809694
188163522
376419183
716051926
987299094
959115428
540232342
477686300
82099163
275557889
48775078
279670766
346035772
550810465
707624793
720809882
980015566
523468991
794571342
687214298
547255574
293155514
876060195
904530653
876666949
856382372
844107250
953998754
868291054
579933732
99244434
392914912
766834017
874617360
784874530
990133213
312174520
247781901
29754035
532262817
121908639
301567396
693457950
48393464
237699025
599782370
216550595
304327346
727872360
909023395
865306822
644327668
868731031
585185849
485630528
241196629
824987624
636947895
821530999
90557598
258543801
286906757
682359379
737965579
419239139
845890825
795188243
508318515
824765765
858675538
289605903
984261977
383862757
244707998
146701416
766536741
368136607
78305560
199449649
974567903
188847483
711751516
568751578
122435151
190243948
961647951
217031560
147330888
228932752
445430615
836847323
234147483
46708151
657969415
615285578
6117130
689328604
592273716
776140829
284179403
982705844
400749779
768226154
358879851
311925672
589566569
226641453
644746152
301682733
18718216
773983293
406362417
644292992
779667167
296180486
740466433
120786014
971073762
296189925
664597060
389076270
888284775
27569838
790971035
44115133
321386794
110570444
755132048
869391534
772813462
974082669
856009669
255300783
975376244
203500082
136921468
32798343
735565907
968076083
119006582
352225604
875396829
731017725
945041318
168378225
495069379
418839476
647034586
231603336
945003090
535468919
186634264
970407333
160598870
395502758
230419787
902258919
985654783
337886859
242408925
149851018
517123274
661910669
644500877
361824675
470882168
395882106
212645528
343435877
945475968
50400184
736873748
964739461
300573539
980790437
801009983
494320195
574263142
634629941
410918214
765561290
618432918
91291664
986426730
242232836
732193909
39022125
969041584
736231355
614503191
722411508
238966503
445572171
648954323
109969593
117609183
517719570
306460061
723634227
304402743
443909458
512091899
106559248
246922455
526337361
103025451
213087894
225619090
992694863
393435051
88537900
169029208
977295384
314151739
528827317
238729313
462947773
942646263
458082342
398978992
236736939
829156070
269110435
907518114
752970151
79239593
643881679
303695026
214353231
267250566
580576968
118545746
122326799
747721557
99351037
873676577
630421626
295453582
552711861
976753923
814989289
311672540
452062440
885673817
373418720
472315353
629910579
742469072
239616594
202766720
349799133
843681301
121586099
555736248
176979435
650329503
348192185
256677179
517505384
391187733
579204033
885250663
13052055
530088954
124257150
79076054
223261756
982866518
529209351
925365580
34574151
829033924
557645711
150938903
539948277
459818533
126116301
257614024
207168010
486989774
265414023
99679997
895827915
993641209
29617810
86920815
827022567
172508385
219501452
797041812
583093581
814507039
578255283
588936170
614993245
239489949
297938361
570296808
24069640
638812313
16017795
162906212
411511604
379846235
537494875
148555587
133123461
929936120
820498248
557009679
722436746
270472365
456440307
428645171
829738222
656982950
853039490
667306518
174132047
724791210
729097695
335857034
994480974
402348650
237773147
37050611
363713604
498097121
189260286
410051826
622475472
294326829
915701283
306610592
799019165
289359264
217018563
221728062
396653613
191738968
541110582
821008012
569253527
736754885
841504112
483614161
403397133
499253552
552198519
896739877
256267158
864152658
455198983
826628164
943296504
855171293
884423024
265682545
230101495
121603869
762199886
222390661
830869189
554920173
694563347
246721120
341056409
358057666
232887075
801187154
185818155
280238594
190275896
878995070
671702914
409209453
543087227
857476743
274692314
249072115
610221687
488386233
370760888
15300298
135937953
790555145
151011252
172596420
143717875
588353453
544079274
475037050
295437924
192984987
549568269
149851378
300079428
297764146
236992908
691742444
227403408
97051463
264945557
671485050
869023695
551221855
341947665
362196691
390119569
595345957
288522723
167180255
330469467
209909951
353289799
658874198
609633145
733528343
401389225
523615735
194797710
887221872
308610509
1152250
897737233
891749783
952776771
873969064
87499320
430508200
576635239
224434858
414213658
317056796
618519633
91722388
181394519
855249898
738858191
25759104
963221292
893386065
338145229
652202410
676276141
388055497
441925025
318135975
207083890
422542391
566115066
867166858
343475209
239007457
186635288
175250496
40568745
880981544
773683949
319576881
924072029
419066085
839620610
645665285
634479140
450663269
283363765
879409932
428723911
147924158
616933736
473038881
422619055
479848379
535834588
377458952
139774933
755860549
318860092
336221481
638014095
762252778
524282896
865730397
724663214
336411473
760071961
969813243
1068497
299738890
149498840
598408376
613334038
899564003
373864956
447406868
441835410
475592695
738448390
295933508
31531998
668950681
516171567
2178329
262719902
1800120
182301903
996339381
647326377
747255090
120626797
515660114
330438289
732375879
308585946
423746925
537057081
257448128
393987215
172735197
902981513
215975143
928968255
195888785
579048488
821144001
75369986
298245647
103098010
443179673
768059731
154830917
995973663
442105564
558999888
752769543
196478339
886636576
151724598
969525058
400238887
591076197
948556010
86659937
703652362
604379437
585478531
204328830
297365239
566396636
79477871
448638536
244060851
328940933
147106567
223214997
816560022
337226681
972208610
187198825
674999136
605312102
331597467
330795289
180741868
152333765
642426698
361817317
575164951
56592094
189965547
350349116
996180588
226466740
909566507
111809227
84831189
852857242
2289535
672548826
404249088
832273862
136563209
772048441
98738750
231533186
783929257
140754198
975454960
902114299
293228241
198700368
60638491
213117143
246099608
907650629
572100109
521770587
726972765
468620737
502780789
288702672
891336285
97237544
581400243
368276710
292591918
990796040
247737138
298595974
225653742
900509699
77668748
201172334
827607726
839809509
548702939
199237255
746448410
926467698
422205410
63884165
329318886
45102331
641595469
194584432
344679622
110254084
909012800
528420453
574941455
918345538
351128912
597619408
769219550
20384362
858453577
57105404
134626429
211415898
609244246
111602283
246237916
609574938
418592377
490924483
326034543
698342247
307953875
563218850
951013776
103347023
982441451
943285047
117172446
521375645
866947347
480394406
944086944
986330350
572733630
925489044
124249154
695431412
554959817
770676221
235942107
170449817
631087860
279103651
272119289
853905019
316750885
609457455
872628576
396466046
119745225
449492340
382382577
915612885
728970894
79197984
22059767
294451186
475941643
802605938
499639338
151830143
51600117
312041399
558617201
174616276
153819007
994599033
588685753
668847539
197253980
410942775
665428620
688000595
823669363
661085734
344908440
960434318
860527853
912183238
844716532
806332082
649153743
728805889
176850144
104744251
105478063
714864548
650902120
601627272
6637170
504826616
481863075
695096002
320406269
351407610
751229151
124420109
790978558
149675616
513694376
366999929
114499350
333622657
837084863
807491418
863780504
122064564
760086358
872444887
227634334
607832748
180815535
828359999
270211591
234038837
692346237
474860153
772178012
152759450
69144031
588410221
840761497
184650133
512388143
838365886
329794545
563833938
430081415
198852763
928458706
700292022
495725807
554779557
860093897
527029358
942843490
349866406
515040947
823748810
493572755
795033842
