179005612
942975521
959339830
503175750
210252533
352635444
228111903
841173879
749949203
861378668
284348543
244446380
511285733
986228948
149329132
307680759
995270390
182035329
872573199
149004527
609127525
72468963
38323713
951627695
821516343
777361477
538434895
737707223
91992813
541858021
358114467
844634256
157033205
640931037
609261657
822931307
477691506
438097744
358926020
778381596
838306331
483583687
550076452
630721009
314265025
140973045
238155411
122786276
99284986
822991339
321953810
529436006
203966342
480092960
664924239
665871367
780758050
671955494
666222415
331325035
585722073
122697665
23214234
345007966
358265066
155549095
389044139
115403151
571533553
185918970
745553649
847816038
231093775
250782888
232349775
755194207
195530305
31476955
708940091
583977280
678312175
892807355
950480040
143308061
435570132
190931364
230095787
546072570
128899943
967537132
781790134
359927424
110290125
203002239
525875491
286620280
950629995
261224798
953136898
163465234
405730657
923241129
468945336
493394289
568655470
500061321
493894698
930623618
213758489
246401211
510179040
153676235
555145585
634420937
455299821
777311350
445133320
351989049
26383279
162864966
827496597
97450645
463111099
695053551
67507220
726183509
84963137
205421321
849155060
668672355
388141686
920873640
41865165
346546729
76248276
57153530
734482446
987457720
664650763
953083019
65339029
197475307
35408555
115322249
198339888
20278036
592994435
907052467
947211054
565522057
482254507
294872908
251198817
457245878
509889368
651922794
730342129
434400875
405344738
87538159
775759811
609070105
573783650
575432848
230480890
636155180
349084175
991291662
916943406
668672273
73709613
410419671
514704777
522440056
986852322
464274710
871497748
689429858
160558280
640333921
74555495
755219785
546232289
721340514
333672853
955515533
274669093
27004157
60501110
709273365
452151589
414461977
408831973
901629464
145954937
504260496
198997700
393919737
474832226
591647259
205934107
950990989
40511202
886598378
70998495
767987053
937330904
561782563
287094224
990755745
58403376
366938133
210400816
313496147
894453955
603314221
999826858
906753983
520463285
889612667
555697293
979673910
488974831
406306975
940486365
57256709
406842752
864119060
707655054
870177040
163923169
694115137
208419475
252698638
766427197
624796878
792364969
196976591
26142065
380614983
353357014
290537789
672591897
170761430
644137582
631175990
385402953
296006801
927590306
358613806
964100100
272145794
651667474
809473100
449177723
583022370
815168437
933132445
18179414
351801044
67982097
177306581
256358937
149625589
946439489
850292160
167952397
573940009
873299213
497606663
770768777
757023797
400618240
48245884
335057429
35889555
420846922
391214762
999488628
940340495
307836412
788511384
265394390
108215773
733882961
541773424
722504
810648578
190060202
101461579
614690550
968689572
743830386
724353225
927338309
919558572
347776650
125424953
768207138
645438828
105750107
842182080
552916035
585716298
38411365
175420657
977607787
470126029
230943181
554856996
812429743
825765069
982028082
423212569
42652463
89290256
813972123
678080516
92657320
864862006
604058758
391961573
235238279
103817891
501154224
653905612
494160973
985120877
806741114
285024450
850742749
726311039
581209482
841695231
135914583
558314396
65157166
589986293
996386291
602485806
435069290
399186020
962891874
167686464
192321088
167886139
536765826
642737155
13460305
356957711
971469968
258573527
821010285
506053265
42729060
316489925
156056588
316579991
539836630
508098951
466324737
947202623
949356727
799886374
97563896
982795249
251211679
979815030
501600946
572342949
240779664
64295036
673386708
466246669
604803307
103858136
534989656
851069484
25283580
21983848
391143633
258663137
941026428
618894756
801988645
402388311
819017966
215695858
614631129
841704338
195352927
400806412
329187981
162475556
932034961
634007083
877194921
626360282
353927159
786482806
775698395
479348615
638396317
730317413
128527899
207433961
35889908
612840745
229175612
157558148
184548210
37821547
642553960
489208621
176237391
861121747
104174666
734079934
372747201
351336481
882514453
702928233
992166148
787289864
316754201
485591486
398304614
258099917
559852082
703840162
484563160
758949299
242959703
880142629
827931950
236166666
253936065
133870426
233801241
473670452
594540769
875208321
476426529
113954569
741177964
714012802
787308278
196478020
47753220
95967318
184354129
830991410
357987955
80688204
289473572
535800714
911096451
959452563
599671608
204461509
963585697
99509583
816022003
641662301
304577625
199907725
300881333
882667115
707660755
485965250
635036531
731558252
16292899
849949001
745542272
969505205
51749239
647916077
883467343
389218942
136192302
541601792
199865360
983965966
266540651
701073619
227772414
141949380
272283742
814708921
31623412
574153468
34428747
714833978
265638014
793550164
945025116
437295173
541658653
341213651
144643584
420276077
176459760
863923183
573296158
951233198
446334238
861292818
362988243
933965347
934819525
185010060
355103299
298056492
403326817
374873123
995151603
771105342
560530328
868496112
892557867
76000387
790095898
460593089
623254636
504874923
286614381
128646374
842164882
598247667
479133322
986343478
543008437
893478750
569582569
533078103
967727113
827005654
233117135
893154934
716847021
517235305
923197722
374451027
56571614
760486120
250781178
67863600
14602122
579627767
86936050
89752422
401184181
222262740
361056165
532466960
997611591
478237684
71445759
632145335
902821659
681378130
454494010
91425273
10898778
838854383
45703086
206446946
22012888
464134457
475697120
522438614
881098586
803161024
11163834
908111557
84028959
394758665
87041638
692233297
534588055
853684192
816726796
393034797
944682403
133718426
312110824
437152792
896605610
82078286
332659719
209603744
408177635
775016811
964892358
920424767
881354753
64205908
547077300
526318211
860074652
189839629
85924593
13027216
536942882
739358621
264986219
821925400
495262621
16051987
167125866
857135087
947597506
34876369
700962189
368523106
108268313
228152546
443399084
524667474
545879136
631363055
326815022
476240491
31313621
315591244
671933828
611147336
720707158
39746584
220773835
218955316
404143569
574510784
817098153
951591563
324895189
389574414
746538911
112074630
966585673
254885210
737658738
631293
470475305
897536881
509314402
660488067
923439960
206485538
459634445
203242016
867530634
688216824
126416322
669968653
103056861
973445235
266802903
897645979
393947124
881560604
116517826
419256424
666487312
369062698
401179083
794643307
287824667
923476184
97606744
514995288
627876343
749427614
493523810
746319515
460820322
153797051
410643918
211055504
980197671
965992644
60077415
654185734
817490978
696946684
950309320
520619535
458251117
44303216
686174926
605536349
119746854
200392115
176913250
993809253
248001134
998390544
738246231
581702211
377748812
646658854
613346926
420463013
752202480
836295349
760499853
447236798
974943181
568218774
20133875
976766819
942776798
15108914
225051864
265522814
341494237
191254934
379555522
861533161
56548973
863414327
294168267
648909771
820466299
779324041
214992022
717348920
933036610
681177172
499472554
828611398
546815926
940092385
183384667
899093812
755818565
740727315
46565197
571294637
906897539
745199453
203508547
256847423
908605903
41449004
96083721
651960615
65499445
646637527
414675550
92737537
365996577
8804748
496028835
582533827
718013749
255385453
498818179
241952792
180786064
617602945
210373547
447538664
435009021
408499039
734620159
595729738
773313461
722170189
85304431
39283663
508968369
705063446
65228458
864100214
132075212
971446513
461983599
980956717
415090734
654380236
528318680
310916988
983388906
626264147
394988343
589507864
627651978
158941914
524515456
547908208
856995567
702977984
613201178
101187698
997947845
244447310
457137673
258659701
912802762
390239954
442307257
650704346
685986793
628635205
269908464
883666911
883921023
317150886
984341395
795219089
358507869
298418970
359424449
621619765
473351257
465674719
93186520
707446257
365867417
528493257
367713081
423970059
548948973
76885342
728421686
264059875
600674310
506365230
500154715
842517234
133279375
178486858
804482400
193065642
856882321
359618371
87041638
692344733
916273685
186264809
126726103
3013503
951712753
773517325
103202982
769231160
194345376
412676806
207865094
59878282
991242196
725874571
696508159
895724292
555702596
993931650
952192711
511916323
979567509
864129503
975651745
250466467
362534213
365164589
58628660
141398733
823004799
759848918
334003663
765234430
328712030
622254323
993310022
729480485
362199198
318442728
307811631
995031578
692138060
10875932
418254392
290329640
936977170
124786959
175615273
737663376
475838251
642929983
389016610
697586148
751774484
817311283
454613929
490794133
389179424
843151423
381126737
192935619
541520488
78392636
110191955
859585573
576973738
453107800
422862811
964410245
694379393
107199677
883817571
118480183
417849357
613442330
86695612
916328332
86930737
712433171
614037399
430501253
50151861
145872960
586156107
99967126
864296719
909045714
895463571
439710700
515512197
599925018
560954477
149755140
846424177
847039272
257455800
257946839
868093686
48674219
604102210
414414931
949950174
15483316
859089974
956421154
129247445
526547563
428570103
633711364
959812789
23881281
460455436
863665114
330267451
805319751
309881002
393130331
776525456
587184072
914091249
548106246
813465092
71863956
16033563
730347708
234592558
869860494
837528078
311877688
300093202
249403690
523299961
675535157
239225252
93238702
622626773
922537348
396425319
170642225
287964723
135939562
829650334
497749485
339828140
243904287
610623713
489847839
385659166
578869247
512899367
617911739
583563074
535400068
272217927
904701593
81465981
118669619
341669466
988262609
159078655
311013993
455869835
355337415
413123303
408696480
25569003
527772709
927969433
665781596
984098067
570369636
287768943
157450310
934907594
118789791
445420725
296130390
243830387
442594843
812179350
404097880
755258071
278373608
130787274
228028817
95993296
646632089
305545177
687141700
465471226
92630430
829608639
14270668
233878656
143113854
781498136
392872223
838392643
587543203
608681073
177177486
751782799
968174425
879715344
212235538
315988455
378845047
845070162
134026560
754746425
972193429
799809623
94997045
733047892
488176404
847556457
445487972
705716168
371860128
215480494
458484575
240362364
701627684
790125295
365625669
708302864
849482398
867736940
766079110
315374662
474742857
58777257
854273536
226542627
589857993
72269545
523488235
887722823
191797940
886916223
67622836
943461636
434160798
915328636
627000962
782005465
657152867
29171802
906999956
905138244
752525355
696451401
336110187
331571451
150456453
628520707
797309428
896688128
318160979
926330084
299148621
785898138
537403602
557412694
363349684
926751570
751663703
514011837
641226642
993203035
664383816
101325977
926984487
766079235
315378670
878202654
168703680
353210591
162579350
802760635
440175855
834019599
178956142
467604731
832818279
11514596
348747336
5578470
510601676
322360911
412493605
659136571
24258505
843753010
602800852
335294015
374456672
199322668
365929775
314270586
651250046
260912593
429781070
857082034
612507867
458973100
792237854
739117214
810824792
7310231
285151308
688158040
137955657
226698123
899383507
940536362
492706724
14115923
399327430
717039482
619454953
888683877
420941848
969161629
716998930
133781711
238990413
723255294
973554261
573875380
360614613
622537557
660852957
699416021
248930179
997497885
104166939
777737610
540016344
88932284
898601963
929875713
30784472
489170612
935238640
559413356
483923659
508947739
352747086
621184995
466341780
585842840
803970076
428684960
370369355
826424805
33602400
703444659
782922464
340620354
337918296
577585635
508411837
697521954
446948192
937562482
239785784
52104242
838207366
534628448
641934181
605308085
430712796
897701196
566840499
470518856
249109640
453200886
907123151
159281179
289985757
611858854
583262573
240518443
262573951
201545506
877933752
834691257
42026211
428076649
615244999
531555949
143772212
753804568
962118313
428727463
732786544
898115449
720666155
91563738
455765043
710801430
712313904
130707668
934988141
564996553
192356099
99679638
245174132
822668183
673512370
624123617
135971470
939272645
738602035
863720406
987480359
131762120
184265281
563313669
632094212
168252033
994402193
916099393
622564845
940708600
649803417
745375636
626524206
868594014
698182134
858794239
479393556
382047438
106550044
127536374
825369307
671720697
171856784
275647652
569321112
215876778
708845827
189479807
469214503
814331365
814542819
914981452
712940126
202953357
664012098
282403628
618111661
376702614
992035415
458064724
770574977
509484800
689122542
913614282
153828889
987398913
954334854
681322596
369015339
834808886
716156806
270394058
370040539
726021474
208053552
986781618
49640255
854565536
936476318
92407386
699747112
707127080
772029104
599161570
461005224
308300750
345462683
792701040
271757348
969967026
417980687
792429090
180825471
603110210
430054596
816084516
868079147
673393822
161663339
799796344
765413324
568573794
288695307
681342118
909741719
482140387
901960610
183865839
406088483
701020051
479214427
518558403
360571501
275981988
954372567
857644734
264037811
811836346
6698902
396156293
132626308
745932225
829939125
916033628
32409852
835548230
564906175
952731396
541439110
124729156
272036111
629882729
161271260
697437373
564986485
596022592
209813254
758518862
525786544
89098553
871683182
840202446
38660767
122221040
21144994
374106303
832485856
945037371
400237659
671673664
868940741
745494127
768546430
496284632
51380940
563970979
175858859
423251873
656764253
574932903
157144921
59794545
466256070
242188989
955287687
958887172
430364381
7852740
588397299
176020308
253694461
183191272
405116132
346739835
960298511
529999687
594964347
823687630
43166400
92009706
581535095
303583197
16123983
630459856
236902770
529288774
974988469
76875694
293574330
771389799
904167317
683291844
896877190
164942718
816337946
81605736
669048341
532193358
434053562
296900352
238865558
228111685
716232283
14469595
5589208
122503482
977218548
924400974
5675655
297308105
398495033
913955452
501461774
874494607
922304774
143456789
235411368
79629692
259969630
690783820
576285069
322804226
500116455
70643687
538487023
224963011
735094263
125807768
355237526
248821896
837714542
68766066
511634287
537356879
259530141
37819895
371206638
722344755
55705426
18869331
151871299
406138649
920117104
861351012
417449239
779213842
200362909
644981201
564759420
164962885
555443234
58788329
812713394
903436478
224899103
359166928
739215016
764136308
717325476
405018903
929113280
385427697
515292225
204446682
629624819
422041284
749835759
589777113
931987760
71759824
924033578
273129401
833251958
53786387
391636341
108840538
429764282
736462225
397251063
648625868
790617958
652050177
813392088
735013233
949905991
883288235
253771160
697284234
449417291
378976004
663826335
569040532
511997893
426037174
99057843
171214494
524530905
152402411
392300402
842498887
465860966
734672260
451081960
328409809
574508806
392403894
608548564
979492607
931304273
878129854
6403200
45593596
679175167
644780574
51179556
610344323
982479968
669929866
14787544
736301217
463190048
147136773
198051587
14987074
463731421
898455864
634276446
728891099
196715516
973478089
71735950
72389765
377275245
476557058
315014276
396193254
170126059
62044025
901432768
465265786
946090260
107492901
558298445
917224506
958014062
765100383
496697598
492787050
5133984
486623287
748332586
171617357
936832932
77743011
930862586
164804299
627013044
4419836
655139404
97460858
366152300
381464442
613630474
549958747
572041830
65592130
242060967
180646317
838109451
901377938
85715996
355334925
410221981
894471521
350553784
453099938
903687634
587425141
940774318
140211272
573877853
376685017
343464928
992381499
469862216
708622051
789469452
563559126
260462775
412066567
312918782
870312243
837162155
866654598
629232803
893725544
546252204
661881160
463912316
47844860
263540453
930277806
908757631
762751735
477232252
981536893
44334876
272848413
244978618
461129100
87431360
707870384
365554636
189769835
570677863
753582088
209621255
449347191
717902071
248999848
790906993
410021422
387358269
599371657
914733071
701593952
443861468
326624404
25234147
832115219
286818247
511274445
240074852
417354250
598189371
401451407
63738516
581853011
382311928
373964268
529741914
89736735
401633689
213684574
657827559
532537509
873302513
332847726
214400202
426564314
205843314
644158689
551606381
630912918
866352946
849186892
394872830
160928688
27513646
160987411
707853341
830622135
412197080
410762361
82148440
921393727
876021626
647806558
833631642
155152941
154703485
977164839
859131730
565930289
154944616
594978027
252396245
135610418
554880029
9631866
121102831
249809605
456147761
554692567
604759082
329186163
991431886
72109227
936728001
581624235
653017192
23591519
301599859
576126998
154380051
72330972
221946333
277056837
437233132
309584143
518696059
885518615
806035811
486185067
261084924
872221781
108690947
872257932
719869742
425401511
853717819
508349216
144344439
617571104
666270421
172415708
21687837
898158835
409846101
263461356
174678013
997934814
285476943
416800804
334894950
159293144
505121145
113613419
313710923
347573308
306274891
839390727
414899067
953517119
126052658
175236378
655793513
516522810
579129007
161028530
338928450
158159587
900445156
705365983
36752318
134413667
502516218
497985125
435133346
303554181
667689252
242192648
856487391
580197410
968013227
671420714
799810294
9266826
73835750
359706526
937581064
940944440
419468653
226504049
359282746
482634029
881920423
478641777
404816999
899255418
396682831
888444691
600691481
241340968
531679476
101964258
616308450
694264327
379787279
840166362
823852099
679097722
599541692
370463687
172190823
222929813
521968766
585064986
35511959
972612602
298460041
249759185
534214797
434095663
216316572
197800976
329498326
75575703
179174199
333085414
318139064
679097722
599541692
370463687
172190823
227052150
649764479
546732307
847092784
234460324
626304260
910123564
733595600
332740906
49475998
80284325
809156698
746768714
367753694
845309529
712459878
770806888
576784035
857030554
477998498
111486519
678665277
604015719
515980796
866528780
72844542
297780642
292952007
738734222
105722068
287327176
96914458
430479397
264969138
607710606
19866244
326508625
900356500
59483666
394409346
219443596
997068240
564686952
131495644
393192080
108925262
876567567
1170749
547381994
631753209
374276692
744725135
998269719
859504083
210653978
400141295
681770957
390613070
28975952
322272482
776127025
514371255
413328155
715515710
709163747
551109685
432420289
750499819
525517473
671328315
265307815
843577419
981561323
464760320
980619198
494686315
183473825
256917877
715125589
118174303
451636237
774312542
734172601
698073612
155142556
597559051
224594613
834285947
867243847
564219780
365903028
313474954
62706597
431131246
346037847
428371414
19427079
220984824
613469989
666466907
944728945
174468242
364123954
950865034
703348314
785274192
23198888
313973472
81059085
702716114
652852764
956498017
898513873
993612742
728200115
919069096
89688736
769997423
331927662
12393235
913718870
93287323
594460379
197035147
343445218
842857806
496335006
488960357
139318553
187528526
542652819
751365964
467062151
867467319
333657177
489126944
840181184
885521196
284651890
206411785
377631029
816203711
460484388
745572607
676370771
931850912
182387019
428580984
620386441
103814424
364513468
764659318
706245754
208350994
373649060
164176670
868173427
475229336
655905609
359445664
636826192
531475918
646230130
993789061
86735405
783791948
724406608
91233017
54684517
556926603
966398090
353186849
907942503
658226176
673733046
754366053
839626164
686184255
974159032
27157668
628565595
580285099
596963312
503145319
274195603
672413475
245755522
975585339
758570116
738649134
811501479
198337095
504706047
379299343
421190640
279985292
600510864
966484926
250069078
647698366
557287630
680791235
726566338
302257391
235185348
594638626
294692715
408484152
511231860
83378078
244181046
963377037
646566894
679237418
401340202
130528834
665252944
686244126
61707412
257910187
486346173
698671305
438979146
41090382
618776732
369295876
56305034
456654026
992591462
549028877
740118876
127021392
338366743
279502028
2670852
698420390
979532491
575096108
301075424
121589008
555933387
768162438
119629099
371412913
858669543
5401865
310351160
86974866
316115273
776024423
947440692
821872878
335641673
872707859
258411872
968594536
991486846
522656100
234965044
916779645
992630364
643394012
265382895
868665949
587998192
228684437
434193586
277332336
673884126
674676399
833828110
189941064
954928539
895300911
2093253
970222195
139567853
634375286
852557786
43128494
241350693
826833779
948020640
268165455
703614344
244166584
357303924
826826026
11305051
506410894
454519835
45723676
660562683
140350839
184751748
881694526
899568827
245449037
835279656
537647503
978269378
540879030
9172747
303241131
805357851
175589004
852978893
334289731
136651109
8144290
819490171
760373454
379650744
737845219
997986159
951845734
303512969
631989139
63962077
294022367
59292965
408352626
892417189
929750127
663007500
83115197
902001119
849364119
769248045
764572297
922814851
427179086
439610049
994891328
710807152
379890516
757183819
476161552
720148764
317315712
360197299
983351945
792470008
86446827
583341797
955163909
485235095
104856580
739181072
184396956
919126269
889912914
588828334
974667159
390937153
456519225
830178327
779134721
365846404
213094103
94227108
678859991
705120592
283782794
416011968
856135481
885168813
666716873
358677386
727839243
774361743
257977930
6920718
642633393
323042618
6706614
262351704
822950227
735105496
310825774
727468706
575032836
812197783
496602103
485795945
253031420
242247394
206710474
547890287
651065325
625182125
863020406
273397505
565329874
780441932
760622144
607256501
515218354
510620789
83763959
969832762
558162813
213511768
824503317
904564961
574184127
205018048
681431531
963584918
659271463
507407916
409757777
558320530
196642144
107518997
824333107
130783261
942029743
196864066
678286357
455216661
919595828
902205309
591691831
207234993
296026048
952341541
188690499
851510407
960542026
396597631
334831202
372152590
898123745
719693464
849586514
974422516
270866752
950282864
224692922
598948743
708684469
43222498
2808549
832791928
69415121
620927451
868545563
416159863
942970238
229019169
788938853
908967023
522957894
482304753
518369626
558085381
331159071
754558230
484245700
169862570
82093030
546191657
422557178
622593221
834995438
112953161
218652290
518524298
46021160
174518335
313433945
332517486
464722640
710862806
218577605
963806623
225393177
608737723
94341421
864358898
574182161
198432906
642556405
227308150
167683396
955534257
544751158
84149291
191638828
556770683
878747466
428504125
972516117
752932847
6773425
558163558
487046954
78841229
252155231
531723269
828264699
59258074
648570415
629003505
502449911
564232814
508805824
929708716
912709278
705505716
437599466
96351352
497960395
225004981
481196861
129079223
484666618
130898989
234692216
740529209
365516346
993917755
159808818
384997747
680749944
594384634
451333896
653617449
256083028
487292064
977795548
902909860
910190599
730418188
435936932
705835842
598648420
176957295
304372385
658916510
401065985
913512470
523318959
960571655
344643330
32424817
480762573
175734799
938915366
314116815
182566111
911876831
191571872
727211025
606722860
471424124
462618324
446947521
145317255
126746456
599685906
830618638
647569396
297626593
932550805
202724524
639159730
37423871
923080500
952422656
195517101
628063803
23747433
399192973
629139949
632364713
342946324
495845772
826411825
269492739
699255270
605945444
993804277
160254712
576021123
294423912
828162877
192814326
374030452
433737251
446706592
639165909
333905099
713132246
130003406
163204864
933592534
164344043
792196514
139917819
335925537
892691801
286111211
808515529
484072182
794475237
567893499
605661906
109744932
719994372
256583749
396543946
666617348
774483953
358023552
618609503
272058276
753795365
30563954
155589780
273779945
150182699
318371622
96051389
313279688
776883636
234840781
190814707
274391885
893972912
643391082
8534153
758933180
226415305
602913431
753720295
525485424
484185366
942616775
65461589
575328296
587836024
434320329
573300723
587270716
257473377
914545179
746727197
513283901
914717461
373237565
646810456
487953813
62983497
960260404
195705345
800221173
800905501
427623469
34916812
269273290
139356030
902953350
576990044
884732879
9739776
763962816
941729262
42077871
787323157
693789799
30895308
724809157
36099312
777984286
674673303
130126038
388863921
842920953
127832448
534932568
471822726
257253569
866898260
971034316
669079303
61673442
628709973
281073202
743849617
8281224
877963399
162978229
153189027
188576689
471381059
182926859
672128861
553732571
115849011
277765658
603120736
814851243
195081284
884278490
789903480
999143283
181365378
749850566
982757904
244183897
101824397
545954639
146319235
407637939
918789474
827435801
507040764
288496331
901888084
383481466
587827491
789685785
496105505
228874958
453215605
680044540
836879272
695354104
648889345
47321201
188341340
123421883
244355326
693023688
496298928
600411297
585391968
593250570
19929099
609596765
60596517
323535157
392859336
558310004
874626817
166196274
198153855
487638790
583742865
704574872
430146986
125912661
778156191
493506395
743639786
415991128
748137412
33070986
721457771
359133246
318249179
644313442
401980011
381251641
313076712
503910443
21812825
511586170
131682483
884455422
211948853
269800248
547252217
847441945
49289018
986141705
137314623
308914645
703967530
484444398
752048138
936462144
691504837
56444259
688831564
880822658
253474844
41834748
31520356
807973648
893468676
16779449
706656867
468506972
212771068
788143085
607627973
304808125
959932281
907196919
770772535
785892452
147389744
411963158
279614316
238462892
158614335
954804261
576763706
418756108
178873656
839620009
969173665
708921467
972327682
171027873
90003705
59841379
259151206
163415221
662513900
217950977
232792966
438921367
25665035
825188893
240209044
351824785
243099595
6188402
887890657
33021762
960526394
774697903
535937261
312176901
75340899
127055799
66653572
979864872
167592731
925855029
399533990
245123256
2854839
325325949
435907170
307883553
342953177
503389902
281879156
964103882
667454143
28967504
277791043
693658699
848388426
68231667
682218065
986590498
769073866
52573175
236261953
946057365
702766028
573882920
416348103
219485845
799592096
905456762
746647869
951911884
748884361
828913607
484560925
535718825
825990300
453413320
441776323
481633464
154123849
173176942
717395124
857993662
794665103
81584804
470186707
142710250
24473739
695537681
183667963
581830755
603786969
975043952
17650172
232365090
914317668
795558672
90696856
858720422
817096456
723683252
107109186
887307371
495917170
284195000
623535410
225564947
864254617
808153276
176603744
896740968
886890591
305422324
370095949
261225265
819378243
469396652
344112765
430957377
704640929
275014361
674533606
255504081
875312226
926172487
953017501
922648074
811585712
504137280
875103501
841161249
21495839
329393559
559357923
227179390
43421981
617545712
492432267
612549798
796626156
194054832
55379170
820519087
214780373
313533503
453256283
749084684
720443252
641693750
320938894
875197078
476077996
169278621
814559502
438271689
626356253
203611426
784498967
497803941
951687364
44155228
243907827
305997158
563949676
120999595
270753119
987162835
313806673
596548955
12052567
106078396
496353950
256817239
221265125
727860753
269674054
358369980
827318475
351036554
199376465
416446905
514898904
420050314
982314339
454133812
648086791
544067745
801704203
693217946
50155837
672951014
81015505
177881294
592166652
605002221
99938019
282066864
780599969
410167345
123767638
125580090
241271830
572598753
615783678
946776847
858821318
329129881
548001120
976858901
80715548
273629508
557853218
123995206
679002231
496142746
252166930
535842978
637883161
949575192
535945728
484142380
149227392
273279099
976503122
616995881
805722545
850054622
995378845
994646083
794625437
627424230
375531968
219626952
153304788
91118683
72494179
395635919
405012738
427136674
449271786
930642452
710616258
648898681
131358615
417085727
727918340
394526457
228699638
810766745
441721622
295122260
226186659
634891620
154064825
336630217
830763996
625518737
909030104
136543086
53746526
706689899
827295398
723698444
896169119
294948867
375084649
447115247
130507011
390586492
297338844
784537809
26078160
455523132
936515677
351254360
344078120
361828465
783716042
25468503
831743482
248623597
920175553
417535694
338306454
146965249
586221448
262693847
87948908
478959442
228982645
38511195
451183011
334678054
156854787
364910137
131188908
276351960
846350515
797382084
532577757
477683526
375111886
404110264
97535952
645256830
791101246
715032153
739105041
407756312
303715289
985232010
98363961
669188953
131188908
276351960
736499809
498076458
670757914
649810462
711046610
865629221
201372471
891447412
410711740
396604757
414574339
528127400
938871724
566540736
455232928
817679026
802173781
541240543
123419039
331143311
737623670
699724383
280542562
768085204
574237319
461575377
426845207
537709600
521773210
359762975
809718043
592395511
475218044
717400687
131583572
623371836
662509210
611683742
961710901
106454233
962992319
43244671
546294756
625591795
211944978
236397253
774565769
668859584
159691555
445960222
817152188
769203363
439572068
414873842
352335480
129365112
789018120
214964224
538986612
319700987
305136107
316702282
340890180
675229100
986900391
718711467
503539193
523891342
483185133
451835000
72045707
578286074
207515824
6192582
428510294
41148454
842524361
136641101
24119506
636042014
210871251
31267100
489045637
984460260
149132893
401956116
194315027
599756156
14657279
978649760
337453845
562948071
599261573
447604397
591199436
7974211
619199641
549670160
657898762
852458897
409080347
518892082
995676284
436480180
375004205
353418672
506101875
555368386
4383988
480772383
533983740
581970888
611008247
919824329
109060266
99679726
69594429
998191913
269217822
217280980
437053722
49825293
272983866
252930600
66686911
709824497
180241502
206364822
709278921
295599653
281697626
463215900
487696363
340447148
425714496
987269968
384052494
948666881
71584589
666833893
720127102
39207157
915328188
504488722
846566546
400162444
740303266
86789663
285516318
719288657
55665990
724025880
839536975
683286426
489931799
188784672
722046415
150013141
287275260
692100578
864867231
504797277
288874054
538123307
318778637
880517666
743983966
675649891
290108791
203445823
52878028
927175619
695562719
350583787
995375545
356222032
904961554
859915137
227615541
533473593
643360885
210839924
382089520
234989495
25190883
995006307
88840238
950905519
509764081
283285417
573328090
119876031
677950759
8379294
395625213
779049948
769404618
80808654
849937431
87917866
673251320
215659728
478375340
77734635
431392212
206330920
59169585
754127950
485844103
223078413
879578687
786810324
982285772
643705715
811972449
713092727
884460280
399406665
889093486
433750821
409444083
915835572
640596002
653803740
612878119
540462605
542480298
43135685
559735736
143235859
562096429
995557805
198365397
502342652
84750565
231602183
538573664
358782218
705275412
629683558
518681385
900940443
797695651
792821905
182115370
990442162
500412856
83367020
830399393
191570012
903894421
818388867
472817692
686987024
641566238
151063385
253235619
83790008
177244240
343391813
915850226
522050081
578380622
805096768
513345028
378514157
499055212
258847678
136056892
22644987
655854585
650232284
383619822
855101416
918542722
598735924
816900500
851926678
964244687
775562830
14682986
160935339
333975897
826961996
332956331
150949351
762005380
970384009
904964229
842123727
454052739
366216893
962514820
454083792
578450768
630095609
891166986
116272654
918167494
217684706
265697003
947188885
772268840
442189169
837269782
268165560
538627446
927617717
440604755
853713971
810101688
298116537
164913645
728619026
824939697
359697799
689098895
665748230
446204397
614171785
559201968
554766266
424256544
88221656
72871827
607214095
391199135
132527177
675358103
378168229
150599835
254524469
645648868
740402605
3864525
639565643
52598892
743492228
815869091
224352196
617922498
724686116
745905512
126433777
374824950
407713038
562323575
730318007
481950552
35631009
782031042
940990687
849850873
478433873
513537645
56318737
809649864
129895907
241917745
792578372
911303483
327726925
592652140
989481183
452505603
92403622
504026252
930724954
858172294
311708433
323342624
593735419
276706886
950090820
875030235
962264475
822583887
12519138
584048413
397021741
878870552
768397068
835182296
669240156
230522847
569660379
906353313
897099114
333484019
650692347
852122448
795590419
66473368
74878325
544203992
564558051
151043898
275913003
197189534
336359414
653313094
786708597
929459076
718780091
627145107
647257199
963475054
212595743
761786795
379566113
360259128
836672370
688991542
880578264
226269445
64832359
317755863
124893893
533451033
411740336
134602446
736546171
274852507
865296820
348731933
146054148
195604836
312633028
261958683
146187666
228033401
861872999
162092798
839801470
463776723
92461141
525204232
580295230
927771148
230498029
522840543
731377515
431948007
160050322
746384090
407844207
198564268
646628477
486947674
951007266
407312992
297917842
729605693
37276214
956779973
654221388
593625349
520394302
641024232
791621845
845637619
515664920
505478995
65733440
628995586
785481212
12828470
330553125
412229782
680360895
128948200
65766299
971524564
450024354
708462840
170364723
253866361
532874144
589209719
716162929
538359850
301663792
130163411
255883767
65379022
522340694
29470083
109902481
120966561
159359776
172291126
685894036
115370708
283229007
117819998
918182103
30667171
402482556
924028918
310823775
22629845
909448773
255073162
591858332
465710132
933183878
448558687
757954755
861516677
495156036
911287832
373482170
882957865
302341561
980700177
202729357
741500253
582364771
727770398
574922655
396369524
949193508
357682480
744974633
75364639
867084980
224237433
142956778
941286982
37383246
725803093
853394304
245991477
447668282
809598306
766348346
893341779
932718461
844028505
579165127
889329482
874224661
861308158
431129690
366586035
693566137
259678296
770224604
665213462
465601811
815335155
993389727
486114112
414406092
364096020
257378173
912923883
565793495
130875221
184704252
654960486
918705868
142892456
774535057
648545545
671830737
170964076
40722664
70479910
302882564
612429068
952952314
171522498
644460673
204448303
153987189
455813605
512659251
235572350
295228154
683393736
537843670
882915627
432730787
622689289
880283760
512268481
123308998
601457998
990166722
920898028
902702376
242246624
958819394
972243254
802095856
300154111
684038928
814950863
494291113
538169032
28213337
406790311
753720746
932376645
66800386
68161156
403135143
160206341
671257950
874078497
239326517
73317409
51522223
976161242
279991976
345986791
340447721
342116982
254117368
634164461
910770393
857001177
633338680
841522183
844460314
841180380
331534418
750016791
614778515
166458996
780135020
302771186
148847362
991303813
300798326
669616779
714860638
727701571
478619747
690502696
754347199
997636573
234786391
302262285
824753971
899423231
449152674
131756042
311802609
160196377
359844102
164789589
416430172
479902336
519928417
896466455
907051818
781617053
477017306
830245398
680081668
957214671
848908656
653889142
612426786
393543793
900239404
330078646
799453588
703037980
537192099
717735795
701134575
526459566
102184041
279297883
627614410
759111448
579148332
654762573
692467838
873854808
590614880
234778052
447708520
667103517
770101434
577188260
990806451
206136261
909989179
435775884
303818460
644111203
839188458
240785845
763494114
759963477
371001297
604196195
624211979
826576910
473459252
323015777
454016827
522099304
156146998
559613601
907869711
263714344
689947608
958646388
951523658
427455390
698445998
37301771
949003843
813853943
128492012
257616788
800441219
213146279
174556700
526638344
988793005
430988392
232493033
996991114
909271016
975634124
666573353
11842081
140668124
410320042
511616161
83187067
140965375
593298825
138379185
213115488
572430443
482730526
469976951
695087738
404908164
349928973
70879711
921774555
49947091
336499746
53432118
348552364
342676225
597723622
128107974
178769854
846976210
644422930
326003567
881921028
50551557
672846100
238288168
401049558
668568455
122887542
937261740
622036311
628098246
839316662
341133846
255881007
897667718
148101385
862640587
452449042
812487597
846135601
219440835
853691230
221964806
547375504
2497295
36890626
815137986
836199631
842159226
246980885
767473069
956839627
324939468
872866674
717873746
744097916
994294097
919985213
216081639
745520010
445327119
591819420
745982688
997204870
98401378
265450876
703390098
586233121
743318651
829445153
806167240
463634143
390001653
872555175
640486259
589135051
886626121
433495940
58168772
748300622
404572598
410402888
684681755
24718940
127149895
546690714
909604325
921153445
534894528
373402484
432959939
626337909
853135614
795183770
652693805
106430817
644317659
161048769
156891173
430655425
99290329
866251601
748054396
972290176
820186470
988027472
374870483
583226774
291446927
38366868
446861718
75688882
959079478
777026674
696405157
508541219
379383023
65884904
893554642
35520417
958615540
437297784
428084185
852691956
23854571
468537876
191231513
368397052
715139094
968660064
4457488
353330066
957923223
354973255
524047610
802529275
369543695
28092411
871574270
363671302
469070605
111137282
790218074
606650572
373201287
11541443
745115166
785515081
17524778
891447616
33429559
655023585
13422869
437514529
397255314
161312341
858275866
126316976
293025606
386687475
346518335
602720806
204220658
556901741
203127780
554254169
317142421
989628551
745149723
230065358
823689781
577995237
498168629
622588266
183353128
577800736
182166079
144303869
180042624
189162193
384974319
645159586
215094712
287842198
261530285
330525944
844904085
756098034
784019280
266854084
617345707
265031502
534740006
921902526
267652620
864153443
212389877
620435414
443091545
50953302
99317890
253434052
925913502
643365407
448022963
455634173
565299361
706185904
560505185
631202192
767385544
567728534
342989013
442617569
329094498
211735106
609292497
123132162
813037865
322289047
74323097
941391369
97345080
112956114
88257304
934234034
660600301
327194312
694063854
575801761
896548089
584887331
652243156
628361469
353975868
969192688
258332904
205176917
55044236
450006062
41945204
24093450
538122376
539276710
472839213
2977827
257970407
998151388
923844604
949538089
223931443
290237218
130795652
204278146
217467174
85258388
911271790
557687952
74893771
214471481
923702403
483359195
639299173
481296742
777947429
441186267
123837563
505431245
16323100
789983564
459848261
589509443
217883741
934158615
151357720
653751712
52870061
381986790
441093127
177604456
470078595
192324371
504211622
257166442
291420678
746777084
484203051
28842851
904590790
34109098
828018312
249060732
65851441
300613188
190850133
233476797
351082331
183274518
220858402
633177998
172513029
999281590
49014633
137923836
383936121
124995388
529617261
601245869
83666528
922178703
250544017
785394579
159635603
735364377
118613216
468704753
615201608
321403097
300626026
886329015
708423575
358986935
120980482
868514991
761896909
324993500
92257300
426991871
581617059
286742256
615201608
321403097
261739742
680947582
196126532
477684862
800727450
230228738
925230511
464537656
994954977
702125388
534892336
151732974
191178714
150576028
542413825
722323616
439180043
873017728
701550832
819832160
407245521
451643509
305959788
186340713
512136962
660162949
402117079
32651446
357163515
639807145
51300363
887489113
298841108
575044120
613048436
519413504
348705849
268060642
834254022
150002339
449408324
499489765
61287270
892287511
621801326
825353015
377231170
734730920
2858076
324473009
372504093
591233185
673202082
728951964
517481576
376042358
998883289
472236298
763692155
464579468
297261910
445475877
693077113
277176192
512432770
479131987
57307762
793718401
240864981
253487662
750061781
478737063
957859545
189118953
641370060
165276308
567060442
309879337
463566330
158695769
729321078
337611551
323441003
439211865
318677865
8417661
603528894
906270591
891003686
917742249
30713468
678833827
388810807
164170043
656193920
962233741
968902437
824114795
623068412
734086978
755923768
850710006
34921377
35719492
34664983
264894339
830580883
373325567
909741193
325785365
314494347
94305100
667511773
259787254
639347604
43148200
792787250
912614182
517967326
908187259
720826768
807141629
144930953
542274590
998489856
471828336
405362046
78522761
906655502
877341254
629651269
124228591
845140267
857521373
409828769
700632607
498310303
905806575
400293009
664054046
600897518
488576351
543629169
744577967
105414269
90382218
992970877
405538030
606220882
105631649
970533542
706448614
115149659
64268587
758140378
391005411
645549659
26313177
516686815
603335454
857947311
699423910
460730221
84940735
75464412
658617017
92064809
545601972
258529733
456408880
171738537
86331711
47188611
82642018
788724599
777637978
482211959
463131679
339147250
858540762
438863358
136869588
210308175
483817100
339375109
707262137
713377003
201946272
715184149
463131679
339151385
861485349
622781267
838324668
558631595
900304866
49873869
972926982
494850004
638162695
302906945
735095647
95940043
541063774
124515750
796746638
154338581
163160732
628547397
915840451
20138905
973215844
518712119
206683985
913660907
740698317
624558921
10601035
427381241
713141744
191833403
513858980
868006901
366177279
619836291
781847145
170136485
446308280
318809637
629564785
36273701
903185367
664968209
713551753
386817042
668574515
70772260
858889035
93563572
462503740
801691030
246527079
397028219
795434562
225393493
384111460
526051716
522747716
475127277
220082011
57385034
912035231
499392147
45577038
284723218
275497062
306162656
745854509
474045730
908558432
756476499
181666581
414509000
64927157
34876369
700962339
221073029
533896070
532648598
882758541
961302436
688499537
913603168
51974614
399352845
175471454
558364722
811445757
659584045
857296023
646443347
522770756
317703956
607307183
1347595
212379462
847234491
649271301
252143526
382030060
570087946
238516640
969279859
167663289
988893307
203615333
10069780
306105717
64728168
2604977
158813963
517042439
635622242
955958344
241674169
67163249
980527976
262939413
148408818
647530945
864604783
482634031
786552912
515509402
591594941
253373553
847060054
257317985
103806391
9783972
848303134
902330792
947659231
704788094
63578494
759178716
409575093
403397133
499346935
551661999
880111203
636075386
641353590
68983348
724456143
28296623
530672198
567659938
627591487
72152502
926328300
360361562
389674904
6006992
19610143
20469098
392957142
742100516
895026183
484695835
765247165
806331625
714745975
702638663
164103822
667529762
295631337
652646011
107086372
482028975
847247256
752854798
494828003
900097514
403269761
240246875
55308952
202651757
156988616
199140545
167299720
783576641
99064236
612803395
231646122
52771409
156000904
181002009
148869357
183492543
686645350
77350313
55181007
221742718
360328700
167450524
331779575
283543246
342151679
807474108
952101749
6286858
648921787
811618172
505028836
614827837
527267392
153364355
638499712
16578073
790989479
441288041
818051511
228249074
420590233
210333387
247490151
37648370
24582659
215152577
647110818
55411786
490427561
74996160
587613020
649878126
55310906
932044042
768518928
969520119
676986951
183276026
994246114
244886590
931824965
27822016
114048621
671609340
487300405
978054333
582416131
676663880
55423906
206326807
718650011
607557610
169355157
300224511
651825489
274939113
90132924
769999870
106798406
533724574
827550619
422214220
786667599
811758067
401993749
914093313
402808858
699380439
25659140
452333016
457388974
568888785
377571329
927780207
897992818
170356399
931918497
412784794
584466344
189611824
623989230
450215209
759777127
55311090
202718231
156006825
169156023
921436543
265254839
419757027
209229687
309262027
70264768
289526781
187965657
327135415
178362798
484855774
308722645
794065964
58986486
601243261
510282833
81499757
822561536
169362144
22888623
581289217
282697643
821771607
58986919
480684997
776531801
401892864
483602459
806250916
739563337
846332741
328979792
402842285
119274112
849362382
55426419
490881184
89058473
23544714
851324669
58999041
317155992
149280445
957101226
425094694
182288764
995819093
664714781
173080654
710479608
55568461
563388910
960641283
744364301
595332273
704152094
600162263
299101129
223370953
603060093
186475225
656086181
759840525
396451880
224165570
664701586
156354778
965698110
20125966
143670647
119150428
525040043
246743823
440181524
520722895
447165131
671387961
475983080
384932252
526616315
406678854
189278997
55473415
211305737
319543656
235371971
725117851
466073713
959583510
474245892
979816312
218946974
59047898
818329723
242975296
865287771
807314411
212550832
692586234
499532298
633973824
227139034
169856032
753611561
237059210
681567229
497498742
993446032
556117377
465296418
675861065
743192316
469859146
684737413
182584840
468252587
331548592
411215923
347260407
34679217
628949785
767640857
766732205
697725057
576975602
109219587
37061433
282550307
169856470
38212729
56336494
9163374
280822894
59048393
760909927
460061003
591298446
48246991
162699189
356803524
806977027
243306215
765086389
13756376
45137799
894000899
914688454
466594886
722914741
198607718
79304766
829052030
479502445
202576178
627816422
442732185
274554392
131457987
423712927
355469200
9653662
962220192
443987493
938882171
453735209
684498618
910555705
61167934
840855989
823770450
394363313
959761465
745036793
489053310
531211602
623860052
989163503
59049203
318599538
853036638
786529454
932814113
165303311
936035325
221609548
602675877
153998879
764224657
261324529
579908418
606617703
665049054
310991904
24138113
169871285
38671994
70573709
450517039
136807210
605354990
95439883
830377711
181439861
365733707
929089270
562913925
144879627
455532658
769467197
614852361
398312444
358002759
168206937
605355428
539097384
884491047
675818044
316322305
679857163
89229795
103482040
220848024
605367578
980746069
12408404
714067813
340212857
418173696
368748908
686376120
834165136
837433520
702232719
977184083
728317915
320957457
990964731
787841152
326103900
454136221
520311470
696677402
820396898
575525168
813631386
449376747
407237860
320028333
792719943
321362332
149159974
584123824
509767513
571177696
347746239
560243276
577037415
17044764
191299261
55474127
207768962
312579081
674336150
416744267
872448249
149476330
425336022
985737286
855067304
378874224
507127709
431733139
721879634
340033806
753708068
236495733
930383
593116217
501527009
794459259
645431146
620226932
939384061
632951623
667190139
27809621
163239217
627337729
792338767
290322002
295939628
199398515
85736565
529575401
695031073
881153617
169500745
742597695
895610398
394060100
756209554
208280220
328521636
483994870
293063261
793073939
457144891
614127876
116695532
917173223
992886178
57665025
943953435
169512893
742970681
907024350
447267789
847941172
838315569
981725293
429193631
83638928
355858685
710611496
148499906
41234711
240423626
908325105
949232550
524475442
626300839
985691707
520753876
534475242
761537964
952542414
452633416
388480128
914736867
253335695
847396390
546261184
11493231
634483947
54775558
169500962
742698636
295827773
500184645
709792747
335158896
994859558
835933523
25146540
177352796
587943922
565305199
222406366
570343204
350481655
213446572
667032971
595130001
177179773
962011383
37497275
925355775
233565975
30905895
597324486
511107343
828352451
167768643
58310872
590804512
97175279
794695423
444506325
781326989
546721649
163519240
452119156
379584815
77532611
23808985
613144344
299990935
32187614
586153729
828134845
69609420
946031655
116624373
884012470
2724413
80215351
394289945
994435734
821566495
766140396
906681541
865509785
635869452
823264582
58691331
400237121
279088937
90574390
117931692
334497421
793176249
811545153
573156133
775421612
630856117
161521246
699971773
845921180
943772838
198010966
903776159
361977949
694116430
84531764
940027308
788751653
575171319
297191953
84803460
428882594
933522364
918954940
503975304
968103628
357327574
941475332
58693378
307680439
409932296
37356714
274024865
701624927
95334898
710072698
930984551
538947919
8284307
44953031
157136544
311277490
826082265
810547545
650294496
382101673
613745402
678624519
40106830
737623599
89307285
757721069
380557643
272258058
506971977
283053207
997625090
877991984
321970912
499128002
609713045
155254236
302897642
58949964
50536047
211707489
690267823
446772088
628651057
836589803
77501604
626026685
782639696
828752424
406788173
833508949
824243652
941820291
329524678
238795404
614136739
332752986
982813934
690207740
981318281
366779656
746064764
647884281
947555178
625326602
376547445
237875677
314350614
970481976
651863236
552629138
176376080
575715908
767175497
264786292
600700650
328441004
804998538
299930267
378546876
828530570
251369904
904787699
344187492
893184775
85497071
217331592
603858175
945961182
122872095
583792615
95951067
399534271
142904011
638043741
613297131
884068935
884983782
20968726
77627302
402261847
581324709
585325750
64968912
69816355
406694203
29600538
770185834
470481698
246272585
632929580
45873980
849318493
248744121
519144838
339266645
295965580
779964641
670144905
297581481
367139591
242080677
444275789
433066131
719586662
615249757
267427186
408251449
147832771
463563478
227950554
93567271
173459153
714687624
448849340
287620765
914623311
778379569
642185609
108155809
448666092
983742609
274724138
627755462
868071086
781945000
687737208
840689109
372961035
72153119
819329122
929860796
33608330
771497940
233176125
873459215
374763231
492593499
194603949
605662666
563682335
753099753
338477560
674330082
638116619
656399221
365119465
809839875
783576641
99064236
612803395
399439899
255890352
452594515
420793267
560165815
601882460
215213541
637736462
506256091
54412848
535269246
215167400
215846505
772651633
189938340
686169293
46019337
541326676
302715349
977655937
964654985
308868487
702661685
702379844
941409542
703565410
600848050
289545032
10931766
635055605
574864411
492722869
934469023
958269941
753425144
701048214
53899775
240901502
769793244
9922550
115676195
21026045
819874797
754100926
43360316
7081243
442604660
151276859
584466904
231742799
55882384
252348078
171018807
768841590
625874961
20868627
409728129
763213512
2167236
285978617
356473391
197140084
813238125
182119222
860843729
684535192
214709569
753707162
859233693
346399409
528627788
259296208
104283769
296409269
121252249
644616407
771341442
913581810
887957922
734618912
558526023
623267953
193047728
117690136
311402509
998346873
437575847
129009369
347804231
519615131
675091156
322502760
576036742
103920619
741304490
812068880
807875136
989138246
183050895
875352965
430107644
559785242
342541211
128441204
974414489
4821386
313608282
593702724
537883646
265927783
278797056
635052913
574669713
384823212
642576667
24092702
863750865
3293881
775641090
971110344
437723892
629360881
757075961
790690699
285075015
628536425
421487553
64420519
800145096
447245013
627396095
217663837
764822836
200644045
721683283
116157501
398958218
142797778
425211043
606588385
231486804
384014208
630527462
326361454
131489484
190741495
49379019
293550272
149655005
750512425
658445028
764312766
613666554
353083276
737257933
750616571
839591359
235255473
284744023
410080859
239146304
983795796
37328431
80248013
655329460
844603191
845709949
117282475
127817824
336332606
740555421
725697337
510785281
945551136
318987708
840066889
650562313
658567700
26439291
267694938
370704559
415036789
677863865
977729062
758678457
185498649
2223700
953392570
138202152
854548938
173491324
166470451
715148153
284332922
332353346
898489902
327725199
779272572
126887168
553297081
650683489
891502505
634075407
176447792
666738472
947665436
412747035
715133555
283522896
577465687
246409644
445331082
381927730
386927168
816939313
11325184
20770484
217791555
312054091
351224433
449810666
936023259
217381238
872033984
385784601
19670086
191320579
550732405
184005340
913661343
946851709
879187641
960791622
75358161
906343649
667029776
676414134
524165995
480856645
996563160
111099221
788944956
981551654
995139768
904673108
107104625
118215853
11301158
280361941
335005799
755738599
531235565
642770602
309507168
332206897
96386222
9260655
854108497
202666641
887599689
509532427
790709205
878031596
122653012
677629856
139621265
90816208
112980056
198223437
796232031
619021287
164692666
519520895
778681990
993519268
25355855
518041333
354789515
870316261
762415236
242476428
412389873
354546446
871935850
367728701
477240259
457458718
896789111
25072892
3594852
988297794
945184644
189640660
710120921
75484570
304362113
310042901
288140441
502635852
297368963
16413476
280358314
802425599
393226560
128510143
396748662
87347883
322618237
2779186
638577337
350080653
660577304
198112554
70934547
547395388
550489864
552615001
650928458
89435955
750931766
272943550
5797429
636794424
738281268
445652968
929862061
540984917
398746036
544736801
579950613
372119405
325713893
343912141
424314992
85752363
149459621
34566447
204769553
6670764
789803324
54135610
351785038
503229796
5215434
949818314
275116868
198855837
374026749
398705284
248595441
115846127
634269819
409381344
610809096
91039563
762540432
413878353
790884003
628717027
782885883
606896945
409457904
893318491
260611393
807243
877331198
312120575
193770597
167747132
137017669
741626797
191091555
169151391
62392098
870913431
592094556
226672482
622489087
676976479
878308478
342190209
6507088
384206562
21607609
882404136
60307662
13784706
928157730
770478040
991337978
232515286
209525628
47605882
676553428
106371739
742562180
930293091
714473256
672187790
949025597
208030662
545866919
122534843
67957658
329663467
774987987
981203937
977838130
424189450
95321326
946852007
732110777
262456119
269593118
647667393
336199236
240141120
652298408
209630869
641390856
691190250
427761295
937858767
418490513
330806084
252106371
336982586
278674154
301809951
771569447
969614710
87041179
594752775
235428102
238185955
379522594
759143008
402524235
699786485
997027662
979657589
566254494
269348961
141122624
273059018
988150306
411359852
263290819
417086282
990019180
782240033
597848476
445454484
597228401
508128708
546751029
438077489
82674401
82671529
344657790
523290296
984435841
44295898
317920117
165878569
81524162
366136556
109594845
694162669
19244029
437402539
255342197
26927026
576285566
142772423
787853739
7911209
590116654
215034652
896144245
772857112
24313365
324192171
793933146
673568931
755933830
128078486
540786773
300957238
137844804
992440455
978467891
772684416
295521767
949408770
265019543
305601317
975668272
52179332
222492982
679588773
378760184
836829283
31105977
531207696
392300015
253046468
631102748
294751104
228277758
505273471
431969499
563266473
572468065
172342529
526225127
650813777
618563171
841918279
559808296
577032768
810177135
226698630
90342583
644572513
644659002
491449518
605493894
881518242
322894130
452473200
322049064
175125101
226853966
560372985
807939003
157313163
280510023
66366149
858525476
562338055
426520301
218226390
233985429
375245978
997358456
854870411
684699302
548160863
219693963
23200335
616334711
493045117
309670832
597293823
512140138
909073224
402801309
640888248
552644376
347123193
428626400
748824146
974699614
777720467
700605765
452967381
980348930
502020855
37987572
956298488
997766507
180748355
597257971
525967746
910032377
208366051
600160903
716288748
408930430
918766542
187542343
308289398
460276193
596021936
348421594
324208925
168156710
505877135
23907272
311103808
760627649
502665376
491243660
288375465
201758674
180609881
943775419
838386715
481124490
115520145
714223646
771691872
995700763
130282779
911543503
259231148
797316811
435930118
86065972
38732374
983092227
546690814
151669159
480333099
485862375
635069842
858461967
290619566
610666713
728737193
796295422
605025672
627983778
928620790
295474
770287823
872864971
161789565
611126892
515194227
305241053
460849116
569625915
277148391
458789419
815488000
797894857
649771835
886135698
191915476
930215514
878639001
270098624
594108606
205506311
973063601
199690860
535385289
640413583
971994160
138313609
853095189
183440788
808318955
303628523
284325643
81882044
837197003
682541939
995624535
75598683
486303287
656463802
289458930
592082234
994177027
361331499
186328233
146326509
396948631
360427593
588716331
169371930
817545437
711849936
428305467
217383040
481567124
716834343
16692844
832725619
90075600
950557163
711868834
759428023
866536146
684023422
608859350
116680350
962073936
541837695
363989547
70343094
420902917
290441635
875533426
781632560
17290672
828049974
963808168
814196761
327799577
780531935
319621612
598724394
35686099
786211448
370934288
201778454
560165815
583088964
632497798
171152876
45614475
860588789
360328700
167450524
331779575
451337019
545270627
104049791
360933780
560165815
531651544
37941042
721450677
104846153
512905542
229593063
16377334
186239140
338478
435444274
227851050
140407108
197179176
926272381
281365968
143792650
978307975
206133752
608442075
727573753
107097613
240317175
187322519
501809330
625830688
272604155
49575991
796960926
511681300
733961676
101326678
806022571
261063888
940806844
373041378
290369360
921414516
375483641
212230737
470506439
87720365
507582242
721013426
696399121
931803288
309673874
944858696
886155777
839905507
467394863
346723489
485818289
257244543
382900720
364642424
795051262
137836550
725354864
241173430
518086335
723687313
167859577
483325444
698872116
366370317
314103063
168119289
680032847
725863597
911588340
119612724
931069986
146139481
338397760
68309798
126000373
778759189
360328700
167450524
331779575
386532660
534823912
780295328
279156709
144994115
490572467
703382520
14353934
226854696
528266760
599245289
109754133
377090689
45847323
789337570
694488119
57106752
374065978
353280545
738357704
806035938
55217848
602800391
182428562
864897521
616591362
89731989
380747110
537637849
781536188
339107566
12432140
145975403
997787571
851285255
885476163
193458980
142228009
792322180
153257990
99190889
557739521
947973894
307061861
441640528
985399550
855335478
205713010
248950720
386581038
363815582
275549727
617487922
920714466
748072811
851116347
789377632
671477564
887704337
705873462
846820400
42643065
179517686
873108284
812489434
455832428
697724164
473363087
888097751
501823195
76377631
590679028
367945025
529947059
223001541
701187404
730851696
648787952
312544095
456800544
727735768
349895194
43514646
161926208
12191183
371865950
285079003
839000846
433977612
244585096
579635908
760399119
483241297
852327545
183970727
622963744
423183272
253846053
647933254
253777305
107300459
854936900
34987997
195835795
731571283
103754227
345647676
493761622
632533648
908320258
490690737
891674476
340454718
115043151
438186033
610996313
345018989
429721664
61734446
499968662
775563470
829035086
24982809
825067805
903704499
804118981
690125304
412267106
909523890
988419236
594594638
424819169
638361524
725592278
792176509
898916220
664378684
335578220
616188915
616926858
694993018
340935263
278444959
650279620
407002255
817352572
675701
697168346
398896424
119476958
464576147
188528839
425379138
44235863
865126403
484026434
238120277
375671196
717714414
559436292
675459113
978047363
497101246
751504302
454950615
534311263
585409690
72923418
129168265
523981321
530016951
24542142
160392475
843908014
294247697
117436738
925417230
96558267
441425921
670092511
264097231
706884490
443762971
546305048
852403656
215708706
347303572
64410741
63509111
747467495
332043368
322703520
877559050
552845429
324841426
754118530
137017669
738783744
102956912
590165155
113818665
465235210
208969271
353435034
655830690
713743231
62898316
108061359
554118391
956259312
999631228
368382742
824003048
88917413
554526986
260654402
191494123
513138256
928351249
123850817
782409148
821605790
739569547
687402450
188545354
295714116
165517465
585667499
779003241
733806902
566609583
563276493
886628310
483208461
851650517
395208273
278872589
423739526
338717511
715507157
560419922
630527462
249814927
758427440
705784553
16131889
767997471
917803459
424021840
166350726
340482507
678417399
257527614
608052989
322320920
438964169
785650717
803761778
852880365
22311851
809661061
452009571
259078143
254509542
777922336
319820517
434198037
407044595
963345890
601406376
213464140
840363877
365084729
644693440
557821878
289076699
36824045
920227957
774078438
699814894
383599790
95578342
751161455
709766454
586153729
831446612
179042127
448769166
631738789
852655844
619673947
117466559
605837660
852023960
311209792
202067928
883900219
258482439
213616428
581305449
511604966
622810784
136406217
795626417
881252439
210766428
648612894
954711783
940934015
232881090
449102848
122960311
972698626
47273265
803360046
271994688
790014745
293670922
339951469
133180214
96263096
724103468
263487580
596711017
255371157
310156127
929195706
841715228
339953786
556290760
195525410
152717249
68294144
684040696
125132299
527854619
447884083
411537615
663358728
635920898
508238414
380052983
126622798
519630491
679022825
121334050
552805667
481844707
936564873
953381634
233554828
234639603
538967083
386184512
684273948
530382982
435931309
4866624
960338367
700638043
935043550
100898070
790060058
738759830
399073568
482484787
586861964
132789633
227686320
270847566
635986325
8595073
100490261
682213716
430808794
615085530
155512393
173494400
169806353
665524555
816334356
805618490
762312825
931584645
447265971
383525939
880577194
169728889
762314304
727012973
982447040
862335204
340665337
788178991
438172948
351846023
764980471
229062620
779536630
783722187
81955370
342116762
413697019
469052407
305658388
345127973
350003273
725369616
484837898
582285966
130987562
947109569
141438304
955155610
608200211
406517256
238676111
606883293
542663804
646609878
836570253
430852859
228276164
284005635
38019390
787087519
634157379
346695172
760835812
364499157
223675967
304613385
304460950
370754168
388682895
46667879
208490001
241902985
693949771
687402693
158060028
773459040
898361111
23662428
131397868
851923087
402000886
364031700
713329034
492992891
773915460
511141152
293512379
642698681
532022260
112596096
596635540
488087421
787368391
839535980
370595579
232988030
718256828
24074159
696361962
932089808
367466838
268783330
677266271
112145022
47062767
803814725
342209440
227237729
235596949
452602124
239171565
539406858
288646171
608845974
719623144
303756733
363615774
714394959
843342807
759151115
402328404
817163529
519366119
631980242
251922296
495490354
715596866
892727526
532035925
514507945
825132553
974278827
122614119
869415993
570733858
939642655
99503152
822088047
396621661
629385043
855919275
291205516
795872326
620017982
714769405
776596495
639717246
942536566
16605790
289519918
973493948
995081239
876582036
168101884
438711746
597317507
88965824
952057417
628525893
75584579
107622377
333947955
69491886
643155543
52671489
571640860
519861772
922362017
439273801
17592755
420759248
106382254
601948306
423334563
595942702
725433129
256811735
282860979
766171024
542867919
620220174
721226010
877883143
933395725
158359433
248936178
516485532
860278421
592057588
489388168
743252973
137936853
86412057
527241313
218538961
655455350
523584157
991900385
971993315
160887099
383089692
367033035
251878503
595783026
161975148
42975146
443436829
319766786
5734869
801094864
895582357
285162562
951340267
371868967
285172739
948382890
824820567
360891263
807535243
845172492
924930796
484577938
170459792
472147511
525559078
176479637
689662566
728053185
969933806
2640
221315905
586996277
446858074
713901046
319967363
500087081
617551880
136604963
40948788
26761436
690613659
277561963
949289624
648341129
720613371
399941814
392255137
235355596
77734782
765635613
503188667
590861957
517479430
657929204
978084261
700310490
374199527
529013157
607429508
775529504
478512967
204460385
223589796
871598808
939434058
598166824
134336981
162657982
229153689
670686897
566502333
52705118
153718899
547427941
729627735
445411216
801689890
80002050
404374586
265576006
201485986
379260561
214972878
231995852
552849758
878290478
413638506
541045419
709166101
91162745
198583450
651609087
600968676
122275960
439917935
519638523
906881279
358540640
730280635
752979629
34316140
408669456
928157730
770478040
86685537
188323547
836526208
484623107
224088331
186024638
984924491
643866686
554551860
639417570
703263105
814349489
754497673
146768459
215987354
411210409
161911942
810836556
917445691
531473196
405976312
200789708
218534867
776050851
402556598
655972442
26685965
172245339
317488452
187125035
175220835
998768130
377914738
55457836
341470730
548764311
787922931
811400870
921811810
517359034
958421118
108910416
331664985
283639216
677407424
986984104
384739987
862585722
608699473
59661493
406395012
748462355
582142713
748674274
628974925
176652814
171280135
654549869
249979815
527267392
86690942
568079878
818214019
535375497
620023678
553696594
146300509
116061087
967721768
337134561
371153803
498971229
893059420
812277129
398878687
422960983
560286195
935887706
799086232
445318450
534003393
390436104
938034269
416951502
273453857
622327514
910997597
321988437
853476411
381622197
154064778
562575672
228502790
356694015
740521147
396456178
857163643
570452521
847316663
497165789
776555095
661514748
872640218
5439408
764871892
926269739
905655981
620503155
116838798
928802248
575874950
170453452
713674465
728841925
405732197
157467828
226464982
395875704
842711466
694315405
861201981
906932338
341613191
588009806
819580862
89895516
563883358
352125685
626932538
802812795
675211581
373737263
152877159
63898123
825434422
496786216
178482848
319646174
750151367
873536866
299514668
77192745
994421676
577286091
633258842
749146687
798396943
80618367
459225790
688866021
792030598
751114198
577655731
20254248
249598332
31227347
789264901
255351184
891394261
823201117
864103173
469222931
354099316
526944210
382448531
992649917
363309482
710202318
514012416
557852746
603430805
929330312
472653612
499363731
785286825
180108082
719595181
218107788
175209374
303346227
536828874
231442561
745178937
425146300
203741205
538953046
46448605
664036492
176785828
645451100
771355541
163694006
862653787
858900608
995901331
949344597
370790226
492876721
108366700
465552411
558717354
200961339
121852594
771373102
926734116
46543662
147128954
209068274
48038479
528131904
598446799
396931260
812815405
788443274
494310242
840062699
699358000
105142388
131266999
144004124
236795374
132438321
63407884
310510123
647251634
160478563
139519090
619257933
194584627
178127533
514338896
249513321
606752357
915047327
303225423
149079387
352823294
606171536
256368704
58023628
351136947
27369591
939445247
3949961
567130495
372831070
198434318
444996842
544719588
640503800
70765512
573529019
816496249
618767565
819770154
314566696
183983989
584117092
180387568
268368772
978340921
593922309
398498406
761035927
92288181
540960109
16567131
806603459
623403480
991578560
211793885
530045263
239480114
161383961
570471624
746373288
755815743
238476407
132062109
491218361
253637926
447118237
598531810
173180941
498662896
844268300
83085699
234694849
212298844
562256926
170503188
630467532
333621506
416400829
711571792
102227090
935632341
129964287
262704324
66760776
877754554
214253160
864820383
490562333
785975060
153365905
40503383
478580951
969911964
90674837
577393250
133971045
449332471
364710266
212951070
570910072
31025795
840679426
434525266
672246641
729293793
268984037
767098813
569133824
988017234
206855449
332390273
430696380
661689014
587804535
877683848
962095750
71637575
518113579
846274699
997455949
17063146
437883150
319911603
668340602
631226342
902130427
964422590
449411155
554053550
630907841
263561302
303595339
74459904
815822606
89551488
258589507
74410943
94990160
377102325
157005066
849222337
332205420
643334318
816153640
769999899
834374661
519099608
854339177
141945922
920122724
142655095
629350253
394036857
539410099
557929834
169261801
217989253
4448554
859013642
437500124
402253498
554975323
867245932
322993837
772054100
51223533
11684599
570256617
1474634
708625119
689098439
153746387
623620777
457415016
932013676
881811146
279635756
569393613
886061037
742363173
253102144
945630236
951199370
530775347
141661361
92148751
728352583
687461961
99459868
287724322
631180696
157767340
943256418
864053951
697070103
642296784
783041519
504687593
476061436
403276301
74672631
888305145
916135117
626388138
354301016
543947521
159472587
292164098
822791507
179892758
681923327
985843769
431210581
712396685
192029882
560165815
691941757
10112895
874016262
32211523
362329651
891128307
431926617
261463304
40661302
760584896
449971343
191145921
151512068
357027466
130086493
329882013
574744132
824895965
363469657
490535141
411833266
736272524
577896409
928661877
220891309
584551355
739930215
918905109
160885352
574930451
441540552
475896846
962285048
866172911
66619366
543259177
489469267
521836218
890361303
946065879
391750815
208253076
346124417
445414461
34466370
163227624
627090025
58483248
319992215
46368194
884016745
749387643
702655216
718332007
60010732
873529544
73925348
305343319
385613560
825912730
173629301
966457026
771891059
666112779
635882829
303850485
845490227
428484716
841465799
129034673
832631040
959878403
429857632
59681037
638363083
118665123
323545609
818164743
728380951
924678286
857613976
313190201
57177753
551354449
162591478
21849887
330449019
637670006
441415964
3244976
99085514
383172464
86270027
420504644
760454438
919049730
622327638
974244324
546547272
274416242
381223180
685601384
679035730
938230203
105869356
834261104
480938686
369223772
481870833
121321782
569145722
384009872
170942445
746056687
32148914
963497084
627454518
179509297
107544777
545458002
639647283
955657006
398930526
528318098
4815359
912316586
125593645
460325377
466212198
765236724
128130407
756274664
42199367
555949182
277564347
147735613
924673092
170131575
882545132
569910961
428097423
109609623
10771888
303367234
822193735
832874351
61918242
489527507
523770643
429123355
508129566
772176061
816009480
274302568
183515916
215889573
371469854
334764694
644045313
753544041
113862105
980666623
567413219
211694618
74589616
365664665
988435448
886999118
170506631
89549930
270339140
588548193
284702535
392697526
385248299
997302959
265414405
198483303
376058027
717621214
591126207
184809068
523704534
634863149
552499188
260570593
300768557
97500045
566755729
972632385
374579370
500103878
851448544
2077167
451773952
813069668
910084734
274361525
571711527
814817272
455583635
675403452
729292710
514766613
425648006
709747188
685936336
482365725
135181381
983395234
425567146
486214396
531328787
819223334
735920788
553108503
467384989
350915919
761920017
846052562
439439405
282075216
74949792
668410743
894916260
309440214
654354326
487864354
60553023
792158408
175655775
287351362
872241832
172695684
664641777
475729831
973331941
102371525
970076212
533287648
320162355
760592854
237387090
783436466
75968183
133602855
648951802
420277155
692171305
771314845
576819523
353867402
806103053
183606629
926758175
817744275
703358777
27190996
530252138
339936621
292782032
980534569
673401991
538016784
265640465
135275935
326653263
334824663
594812081
650630744
933639514
351834219
638303840
528455452
351539446
410136875
774544000
516716238
233351166
568111173
959818237
454396437
897550826
679516966
409988116
841838202
860929807
404457094
904351288
823143310
84939213
86923786
325499558
329410932
767927184
27194829
859185771
979721026
798431366
547227763
772694365
957049581
867305983
544220021
678706087
402143505
357752225
428065762
864564079
963593672
586964851
950511062
589687899
798354527
28876935
809618076
666046109
894304335
946509836
409394878
277174126
67447510
834880935
92644939
636151756
722730456
17622395
96188589
375590152
600473555
833474344
498374072
783450596
911624911
307753617
983064400
173025064
916181457
813734982
888003601
341592352
570743113
880075133
679515812
895739626
556179108
317488452
187010919
555038182
865713883
182110563
988931365
655203280
43317151
636365052
72292246
130045971
488314003
712642282
70086091
755685030
961168206
4251805
206090940
451057460
190818823
585227306
637926921
875572622
995567519
481442321
269580813
820673517
147910499
340065324
928862736
557116161
619025293
125388124
788489646
593317511
898097185
871207589
908255397
868000576
112597530
752350824
509104848
748521857
727932972
910905047
831877507
555095996
96130282
225688622
615092407
725285598
317932662
609949139
346031476
532290999
712178505
612904683
232625699
830141410
775760615
45299721
847914954
940634420
720183112
533699671
312036807
188192531
319199679
462211935
118153726
307135869
993661823
228578948
522155044
304815038
503707897
175461180
784276053
286525459
449309650
788611025
274551761
51739800
813142411
147603020
321716151
997571545
716413910
507406853
809688243
667357284
610963145
909223164
187671481
427239994
981928132
557880286
350793530
361341834
279643547
634814609
443494801
620180219
847922502
508573201
463800638
963866878
262614068
932323975
900534231
564219386
11634917
795746463
711739820
257948617
232319295
245584394
836191845
619276384
1312540
915694828
24530629
971429167
970401471
957706074
2505180
568793537
894432681
343478167
405174462
463832701
372752882
76564135
365873927
453409575
291725071
820135107
284188958
681598982
647162449
173243294
430602249
45276574
177631520
113203789
172328232
194005443
905123898
48442749
612929505
313367253
885422910
508563675
1502153
43802822
532455665
652028149
951205475
598577025
362917258
18816567
577255865
908479954
833146554
345519404
705044106
934218488
891213515
833854363
64632703
977026152
832853458
413178271
523989367
119929052
427700829
799324888
631253902
238748240
799051530
788885193
508715058
64100726
717572115
454336939
442598108
621991041
630631889
69465183
935512894
872113507
10440945
99898729
441835471
585885443
184579708
86087224
66466925
839063981
144082705
799293597
933210477
804912466
322841746
993153927
695451985
514619859
168363728
81890520
936368525
806129697
123213055
673775436
575410067
457604880
296955441
488820168
684038170
757494351
502409649
797671469
944703050
960552803
578758766
814206824
237694458
820791107
709124259
197999763
897237977
882378238
180676179
404067254
192187755
759351830
180085184
202528765
382658229
854883905
416431947
249391345
522826716
556654315
465889664
679676012
951745471
165816000
251596997
951533316
454709556
9489337
942488103
71416105
300508419
530908840
803154329
294937562
673368308
6532401
960766760
262670226
31762877
741995524
994601837
448878540
894541931
321965391
325906503
434552343
169262544
675444303
91176160
592829220
897467766
169491660
750085484
855146588
271165620
400076690
18451159
202181439
872657909
580045966
680858622
692619576
41399547
972085075
865203151
773047724
199223596
370666491
610260654
29381020
431544252
900709650
367054112
295671853
346304564
729383777
717519730
740537105
401688508
160456901
332245959
978478646
968798265
183079511
458202770
749439478
104365178
44357182
654070650
956132358
497585487
990409761
560165815
711424731
610909645
498831473
206994796
777291816
164096075
267479389
403068502
559687975
138564793
814186952
198596877
964580045
546086049
868982537
413672290
471040700
193524715
471716242
106004995
187509866
599480318
530497561
193611777
943662934
461584741
646847712
950216277
935445569
756153190
943021051
749968392
226401264
733614950
523587207
758081430
578570923
807439773
297290999
335645333
281982642
735404125
350030694
513862880
129682511
714567819
742768135
477508636
859118856
415302905
833846995
626382252
710871873
761691066
133263356
340776144
949667647
902712475
738347134
226775992
144975002
517896981
115247435
320361601
803050936
474436683
252678509
621289699
118504583
959935896
967029046
918215351
579529553
174911766
561742501
683807660
379319004
974136906
441798369
694129272
165669575
388975401
266267466
220138675
952222710
421021174
874225241
755298896
206017767
8061395
725871746
958331793
905148868
504670067
500725840
665833554
338649693
469077761
402539690
604445970
481718201
605953348
911988978
375987984
837458222
646524734
119276552
484137229
491468056
757912313
402026276
313302638
767123922
51675506
184906451
199206593
834869603
460627101
521818623
125206665
645740710
496568405
733621689
882992574
923905924
308503035
946133019
104179884
574545060
496444653
282537094
410332005
942428863
956044179
662544542
325447828
420444849
742988732
200726131
205962708
31540301
322718005
12595830
456355513
145500423
173598478
119036349
140490010
570437892
473158366
89592490
565506475
388283377
952916043
661656921
869804261
524447780
469164073
997528901
233750721
868573003
545557360
974019501
178502537
188942668
705693269
916732737
205282007
280580305
271821968
559694244
95589573
629323701
832898849
239977414
889610601
50478236
833562833
469738470
959001221
243706198
295630728
814888991
665591886
99740586
967053916
69597584
713005876
722976711
757258276
754364012
816231872
395424794
921172991
4672523
726184148
302864354
628078537
255124689
700314656
447144135
84186178
699270576
630272682
523292509
355280937
218270737
82639358
169263255
906614384
723906825
963448375
786770772
619647135
946549449
357905851
269386259
225728345
998683163
404322781
794481634
851906183
425463442
785931620
505894406
36775486
803062616
677461920
63458389
842507199
954442187
932669895
335531746
997723659
159699360
239325536
207342498
659610038
359384102
371173273
730488072
989999159
292320044
105570188
499386798
680078435
80807850
933020982
276287994
520650597
494986300
567551088
800361080
619363771
819021926
425373982
514448982
824965674
362075138
562317947
776721933
418086258
242411340
322828800
220369281
54423150
635093940
631245507
232421008
107632975
956416703
633423540
94096533
241003408
394571026
998180416
823196216
407456284
368534870
213802263
700193471
230712831
173620518
190406466
640090564
181670943
246198623
552028502
447108499
325987871
435179886
866284243
366347078
701722872
929180552
205892339
613380166
959267172
342215552
416858853
891948337
849452356
722643065
319779594
650557889
393465205
642366363
4263264
714990778
36455610
239767035
942441767
13780756
95974933
973714163
613593091
641180828
737280228
582943557
416115834
791931137
830250558
842916937
867811768
128494516
942178872
992393015
104180853
456228499
736916086
30014108
946650486
450431373
69275250
258854403
761876955
790866658
779343486
564851025
129126397
765481900
713391272
918948582
327141911
274598476
606090820
280061941
925217927
439083748
379981127
116711237
509484258
308672585
464934220
54079484
228868483
810957708
929902513
632905658
333251728
122355602
353604135
176876196
99819004
339952187
935244182
669263467
332525016
497882915
235992364
87310241
625468873
119036349
140490010
570452322
470700677
840696431
758614067
374518726
228936844
445414128
205043858
7657099
993391387
139998447
617622090
69712461
66600485
919222867
718977678
719235474
576060081
45087654
67960257
440878343
475419777
592620935
181376970
75572976
336815157
60114721
732555609
313891199
606015019
306559123
883125767
875712048
102681944
398384259
136585235
711803893
193355837
802107805
553251330
40104442
170447878
70546476
778222814
462314214
184140520
482931641
373790227
806649150
761629521
402300822
282653728
423894194
946658564
569623008
971991544
445179074
420457357
987008157
215997909
334932737
413902270
175953579
690583277
167440748
998833659
200287324
957197313
530692660
163327512
851392169
760141466
377884277
502663908
440563218
447582629
811931228
514848751
816661409
707810185
439615446
976594075
23786883
67765540
908902238
626333314
631592406
303672649
678654708
930098334
281237801
464487510
229862568
340999388
46053064
884177962
200907297
665738377
384005258
695563694
777734168
529562892
256893154
854813323
844175138
915562878
984816775
744467679
74256008
90175425
140406831
301638385
879468899
71710983
963365433
696643900
782987882
327098064
796839095
821635978
111053136
229320503
900784397
196924766
915936412
791791497
327484855
144514045
933363105
776568234
832970559
883728921
335708878
688054408
283384814
157189666
69639950
73051087
831505929
984706833
837343166
779905501
189895151
694826781
277131672
802864631
192074251
123814443
501158955
883872384
742750632
261286316
511854706
665468256
400962703
182233140
138314969
716361650
201253432
30425948
749032576
686915156
822065979
508533106
572696658
273461553
415294546
279258974
118624663
578814460
151168411
521379797
372269233
295990812
603941099
716226720
330900374
924176787
273712634
16061249
162906335
810245545
28265607
981289096
511717956
827631820
848738487
308428765
667915838
291807016
394061990
509953325
483317289
640271143
687882607
978758926
833471225
597405600
302334662
870708338
828848904
972970624
587040530
709228964
761258494
786054570
389716368
69661233
911173652
107388715
290924416
487154685
556931786
136738211
801567414
716251767
415408952
448246054
243856009
622031374
71112110
680896035
323018190
78738212
797432249
287433220
119168629
717842232
255106145
877319794
637133574
509965596
14872398
28061510
755057839
19782700
218307696
854137662
495990772
324780961
182502908
515178861
782220137
172054561
329449346
279700260
962356739
838175896
142288607
971561168
896985107
244074123
209397045
914146003
320023577
812256177
699811131
917226519
27737855
614713342
991005585
857004422
345726359
311881733
2540649
799818702
560889426
150372745
890021245
378911977
505516578
898051113
759555269
895122881
867324669
87023694
888202220
913967016
640824989
794821105
750209968
455278034
921696393
395123206
696344723
919411791
541785391
551142915
530375490
718719993
62555154
465991291
527426293
222072975
120273746
946650486
450431373
66024176
161032910
729410730
732932947
168194931
12118524
147228257
435817671
506444860
813335718
593102252
77030576
914613955
536753830
297182723
191369078
671594345
527462260
680961122
1468933
727218491
873273674
634905583
364145712
249964738
59373517
654903536
774573936
138389669
318294516
508601838
859717493
172077765
386538096
100689686
647556715
823349349
212475021
431682030
949065445
419508180
949923962
380207742
45499637
285589764
639960499
603864138
488272987
581407358
85269602
504111099
614541338
430476518
146405180
164421239
288181086
180395133
818743995
600328668
752795779
533363048
859884019
413732618
683190646
576998298
183686366
968649651
915322200
988820135
857892707
152716998
452792379
653072545
678233124
184844451
794994917
372305274
756611287
170412763
518106629
654070824
213701364
562363392
66128334
17035855
170061718
699148280
252141989
186179419
994538031
123700894
722757070
700977090
847778779
152978368
875528507
1337989
849554818
105069652
760333998
778274044
796341675
209969757
372008492
942542866
212770916
214743292
988508159
705394435
945473726
965548762
139931657
345007345
69343157
21376151
898668669
81810134
972842047
348291787
790984576
150575473
446524917
218458054
487779162
344220912
222152126
574630347
592246278
470936567
996620269
583044357
11240132
558267303
473545266
577448867
420680460
833475554
899881289
913873719
7464159
101110009
88579513
20422690
698606787
406425719
163358178
695934619
362112283
348459123
519856139
365877391
178515920
553613886
72803984
766626002
857051787
871376636
631223314
682325538
377626669
518059243
896169821
563495868
63025891
595606478
494032843
426225310
654349674
578372509
699969974
298844164
997274057
828877288
315101883
402412096
868468405
317465954
504355949
980003230
804011869
121229529
574973380
699558470
894235914
908121584
88527267
667829014
346153105
538916672
880881481
830260808
183146224
488488795
931292370
867324141
669652354
870546823
487964707
101618360
243405590
925268438
151818257
1998721
988791732
820212488
649562828
137672969
947998517
159397694
35702331
619512151
316195728
11656588
584446447
302865842
332063465
143337485
301682771
463373375
126219443
784660742
519088120
902989247
655574260
380658297
911614663
816357734
827176718
865565214
932635942
574718551
605130234
93244099
627773732
396589773
507490283
683299648
970425157
896002211
538127973
865693534
995633960
858696023
824045138
109552039
606956969
667662794
930749180
420146744
250842923
733711881
517295307
702711834
582148332
574012696
788335734
935216982
94377785
719553002
60210884
999731137
516667978
560025032
441065029
911874532
873040510
168525861
498662838
220223300
73820485
282377400
430486807
339033443
862553548
680456870
279061089
542689420
314619520
785723161
594803028
933182405
932463223
360548466
694436683
742684690
432872531
437793545
808316667
929558365
949519685
624067
327953285
833098800
697804315
264962343
409656554
487492753
171084326
870536356
838817124
843960034
729789927
984266381
35669269
732249128
260120006
646730948
248302177
912515130
706345554
19447536
937956400
948389900
824939705
243907992
873950241
443709935
978380524
645686253
46852498
797389788
670399658
349311505
54270808
254626945
681668103
431598281
784250326
664397921
656794613
758528792
11818236
671492747
476103040
104156464
282307612
623393936
439737786
660625312
270864597
334788910
489775338
272931044
309449598
939719091
481630823
776700648
149626106
846370996
201764867
684256971
996624137
674043079
239154210
382959076
79749377
650254309
936566095
628326975
909815086
922511369
828207759
884052448
373551561
681964003
569347256
521655205
368699007
523122416
431943026
963812851
579873081
528476308
247680316
549924657
378304244
942679346
109092600
463387597
153151630
789182698
675946459
905058541
844954029
187517627
714012529
196135764
352955061
833547855
339118016
593376099
196283398
886977867
719389203
875554048
850597956
213014904
438210983
371202324
979836232
528551150
264067729
845616823
103592167
830101918
511859869
355378450
981095429
905304204
658612129
439593589
337301954
503058260
373395125
102385460
791639984
416227219
751066010
732505405
668322547
379844625
990424570
617133401
746006478
693123079
825908906
394870822
880609017
262609542
707911382
264035993
276758415
502459645
286776743
628082928
685718323
480336952
589349230
115878084
545329216
465832193
627839320
709345084
53924270
924161866
506500792
721528177
815873800
231911893
957435468
552240809
287413432
483689435
224222706
262011710
785379963
57422139
225031227
451218936
610028629
693032124
801184130
88254310
70849679
64882014
238164475
616452237
431716615
312677452
748249738
653705262
806130071
651588081
858139220
310523268
216300424
932117075
471873234
122761923
414195567
363205257
692291889
314316892
973550649
274975819
749988999
776550374
810451779
242125000
494484159
756633068
858741450
187906997
173548711
563986548
814201322
260184443
728628962
999761186
782983872
808042384
157175612
439366217
381498858
848591622
276530774
46169453
97518308
371491970
664934659
285991866
474843185
630795984
619660280
439825501
233253586
19000790
159436314
109200402
604002827
204544684
907807440
249260946
691830109
394146205
773097049
739247183
551055530
447361205
512486865
758927604
420298228
280361296
546282164
506088553
480526977
473357478
241000705
535575056
842640355
248348954
265851228
569367741
598297476
325385763
749866418
281623246
52037403
139389086
816891151
546601387
100770934
773923435
499293400
684018687
652791955
900551426
191489348
27909068
895375939
721024854
583550178
197291284
836961109
910057831
660131034
201452216
449207523
349567508
269669126
273862187
488218983
568210281
406672657
839844950
906931519
214414291
962153971
706261944
144230032
694206650
923024863
536981858
616727688
29549701
123964637
32918137
541197891
515823135
60352848
742775931
758100960
267388779
602957055
296601910
882475427
135327322
608682641
608393039
931984385
93075885
883825601
59272027
910514351
650820463
965483545
718229092
3151897
610106075
69351056
716804968
428991499
532053039
976784247
903752509
824401413
178363899
321448294
747207497
378691568
912495621
235340134
780989344
102468373
521388539
895078235
532311210
724623453
83051874
65744462
767156986
467582954
369829905
532703151
80831254
95589241
484002523
525360344
931335990
903484398
981378163
93535866
107641294
761655780
685833319
35573929
334502734
148273813
20799203
989644048
547137536
528279115
687418764
803278284
496166723
867940783
694303890
630267946
883275101
951575900
660916731
363772732
360016477
368532473
155056126
3867649
564841807
766001121
682793132
374610425
667524534
456295429
879509652
831721219
991395253
71079331
820324925
49009210
327362403
766976145
886589533
772246353
419467526
623402058
548439166
70137954
976071214
170582633
906806930
432467639
603260053
276281543
710893686
909551539
786761344
980872083
714599477
601679691
488017447
370992047
158071284
147988518
108380092
100527199
822315521
718312123
967765125
570955699
458759585
316859671
434611398
577272643
634431313
431894668
260575977
705629196
86073400
153723900
788879300
241925320
303009371
348012644
279627768
227016044
827081177
637896262
327188223
880336957
183883057
822028311
49799657
515939545
686230165
835167577
758736397
763592351
689212948
120171605
289160176
726905641
754524587
129860009
897401774
111973912
65681120
88583600
231540100
985913553
254370263
177901167
106199937
786525803
170438938
212903611
91262211
354522315
832631040
574613950
830202059
355101967
329969575
109275031
841089926
512759474
687329437
655726186
27654413
229566827
694327775
739308768
165454626
788699570
94700715
696519658
255020329
732217861
252768207
624053806
509946136
394817495
443827819
344709276
65682668
827914897
680817744
175180960
49354716
862614676
185999827
536437418
676878814
793448436
614033059
569957141
977827204
494489775
548633804
574570403
576765948
432055155
12566125
392642319
340709479
174960545
347225037
108845223
347663943
961624747
18953239
712031432
689158408
666681932
87924098
341167897
545846526
57604594
621959696
174188167
622915982
50695905
30930073
834220194
68849302
472156311
424984984
894768020
379652080
887338575
845216630
9903877
772884162
815580769
859862470
353786176
398420595
12955322
968648708
374794112
659374172
993003649
520503241
480569273
387947665
762292953
823981973
930083619
40515501
550949700
519660750
424357720
919942453
272888710
489075987
774343011
623377929
669584781
976071214
313584525
339959751
194619563
230084118
644876076
304704151
50876237
190036520
509988512
580666438
812293346
988468853
698688564
4307645
180800517
791559734
705665902
767003145
985683640
162026341
813984982
445100250
227659725
601601553
900764148
667563723
997574753
703506222
877546407
866949183
568173935
978143018
829227654
552983639
879996995
610722785
277275339
366782563
25541496
711910903
558033187
292646705
826307863
539413099
143060694
292347245
449330922
542243325
641829501
353622136
434100880
251139164
239831240
329023376
862747125
142956817
833808517
777159375
272527267
223992291
168401359
930442249
567163947
564932086
75312497
20735869
683357176
388540938
801409396
157199353
668543650
536100199
845796734
775406067
840796566
730620890
860525171
206982969
461994569
899431749
392949
605997631
243294175
330358557
531981924
363181218
812387379
532918469
395126305
366923947
571505547
584620957
323148950
815426089
89932048
525376992
256125314
112976657
705067133
72228614
573201012
117448646
432209178
186623870
499982569
371306968
713970035
558021917
199713823
30699568
373014776
519807779
876981699
317722600
281562589
330942099
875601314
481526305
946060543
111144860
486035870
37614469
392669533
890158979
161964503
24532130
325342052
107831289
691679877
472627541
587820588
190162219
683168431
378630033
832843204
754997195
977690810
875448566
729617055
293815995
845779349
391896971
497058817
502447155
677821673
640820997
908952702
994989460
612426384
772743604
197765114
64952296
467618094
194189154
759681996
358313370
110571776
695714427
700357897
627835873
67950446
63588265
606071597
634370943
120000078
660289443
716646817
4190980
916487575
121531104
226852957
633339488
508821106
961225957
557349464
882860123
824272439
779255831
140476480
188878048
643458776
870977682
786875094
181263939
520512789
925633391
566469793
693769433
733473237
454722247
620322288
18236168
419832996
36957506
375686842
221772692
653542776
871691010
796477632
43437383
926525999
301160150
33992918
478728459
569174091
202130774
550769936
803986381
491702884
959421631
501123445
322965963
979746865
862039972
892828205
71817124
786847179
107825225
304525043
312017774
443878845
311928568
624143401
969752042
870389980
935537200
560165815
531651544
37937800
721350175
609124810
243225503
978807954
968448323
700328280
926499222
47432953
885674875
799224794
346537048
480031312
166084934
343474560
544006892
384871986
824317516
898822287
466583132
693895860
441312038
353427015
721064889
103125823
760404767
309937784
464522210
626812499
94098372
831268211
435565702
640993537
463738981
996045549
614895325
682577456
382877034
846680368
434637212
261893142
807807879
913785389
672215556
757983982
64425858
812667212
756488212
188539121
215793308
81178610
861517325
594201598
718924775
895020102
54838847
48009078
440839790
674054060
887470204
629684407
788169403
279402994
717413454
596767361
237178585
460961045
136275523
447610284
87729059
591442322
58478528
530379957
229914764
108644625
789564773
14004337
97138923
114324707
238378574
203481304
286188451
660081104
196660620
670385970
633154652
448974326
655594545
279256633
971569206
419176793
887130369
376130966
886184013
695595028
393550064
426176042
526375062
664366315
837136456
482339605
109123990
302714689
571476341
278980784
14288008
173883706
198472164
988953937
334372999
304347469
888961414
25681378
4046076
929934002
540965421
968697140
839624509
588875720
66307758
491497526
631654132
73737700
948891241
187852521
926785809
22548223
27394119
194086471
952384757
464175159
4953954
352118676
476300934
333624190
352791991
989385725
358773674
900684440
577404137
279226524
869101022
280113829
868607429
710098517
319939365
536865029
219285983
523464449
663881793
625857987
29699894
435602911
215741804
447484759
660167237
827636241
864746505
642670283
514044138
875450495
926216834
553432527
668825012
113270394
668853362
568378818
75918501
972218701
475065507
172081420
282611595
45151477
966618410
940092688
921459008
190557155
697810455
503865820
753044504
469670156
872470115
891151519
563998702
299324898
704134471
49239995
263830228
154823376
242741133
716943132
502554998
261292511
783638505
608377288
501370372
321400042
272389206
290139423
316535100
298999680
887846445
880089878
246959500
416584148
834090982
205037644
26061408
490303756
990899981
62768471
647400247
953863778
141900118
546822769
823361373
841967821
458078223
423493894
141618716
33320708
613273844
71703660
186389554
468123595
382349088
302668361
727588449
64626775
986668797
934796515
71845716
98959082
600005357
563353701
764905402
500318200
494370073
149820154
267857638
328386176
524945396
515623053
239077035
701907285
147563957
231804167
614228831
359562233
341134849
410103896
584962358
503550046
160374967
550269590
184971482
732590275
539490031
296809139
357146715
118369038
274473621
705443408
432873904
290832649
105824367
491822955
680690373
161745920
43198407
411693386
629190733
771136452
902818711
179732479
74544060
118943329
137495689
481052927
702763481
122044998
658659374
551539357
586515338
101846342
731685921
408633783
287438649
159402664
719429650
285771485
286151606
963790812
211587729
857658883
496022301
483604520
626401840
516914265
385202310
977475389
295679454
464330676
147196423
639628003
125344983
887719099
319685928
295540711
250644196
636765871
986616966
579068341
234522714
856233058
923028945
402033292
196000503
876412916
856616787
333825837
342543522
902974365
369862505
337579061
576258495
862392974
357017964
686105771
387419538
376182739
469835317
175850119
449565206
75077510
810230982
15627483
669168914
555955759
922441400
472888004
339562717
190220915
136656919
459340198
421390053
131277519
983078215
719319376
961811541
194979580
933464556
28060918
155868943
640114291
987685375
856933773
120234778
515529036
192634506
278619786
731375025
544478575
218065638
424723276
284267784
224609130
307748696
967431457
798727529
112754823
76942607
608308455
900259734
256961477
727362435
788176692
183092990
90425510
144731934
410203265
389370828
745263559
904758585
813068714
658114333
324500861
681794512
580574376
194392473
520570667
204355261
334249334
981617325
851205388
514702664
360486172
748296446
534596815
833909711
60942559
197872728
248616229
59620269
217890588
885817499
590395861
96011127
944680949
633497327
568536892
716289599
529442881
490392380
959504457
940487450
157132792
597305629
572467540
525083129
36821846
392693333
923231517
504973182
525910029
926448961
24435571
518249392
585496150
961870257
349148263
867488078
763868486
813116092
600365659
806103772
227379306
42808970
504249321
746170478
524615555
44866328
819195942
886209968
510699587
407737954
248112660
362436373
368724862
35137727
649785708
354818551
20574338
619302214
6550109
726374205
233063231
561254163
153625203
758355305
428882046
896835121
199651507
322295623
899963431
121841648
475586756
615035905
202536317
205943738
944772114
670944713
561421440
702063301
791062134
893594996
457537725
793457746
517160800
840160022
688723327
694257267
396921961
820479766
375043247
281159823
478994889
183276026
979010086
32410684
348483907
826950869
887146044
183276026
162038330
978466849
672812239
110597224
560165815
598420242
107887141
12962167
145241085
866173618
60877590
998518738
870232822
466009403
584557189
494753190
119457127
55331899
938261345
597532720
924234574
408506571
69410065
481074655
87782565
276043172
555717845
801461698
302211877
333419863
122683018
251193127
182360816
510768246
688423114
823785840
369489707
115614293
352427944
828191219
597788921
587120949
372865127
366995807
213181423
387323734
512600859
432974310
597512370
131429518
24755698
524661297
166192210
923235646
65250043
247551784
351451075
557454619
210074608
387573528
716059070
753697565
391724300
618721456
336488731
744865310
465208223
322467507
201061057
321430506
174976140
942236759
116342748
814548694
920746802
237209254
960972436
185951129
572561945
269291403
182438628
363707281
272520218
519927196
896332147
992127683
982009565
471284936
176755131
970644919
890984448
391965152
46476615
641189894
614276717
273905016
253492533
717096534
938105833
889462749
974431889
199868263
853647872
334920251
138554471
589732060
886627234
479500664
377496866
268128771
83932215
93034815
502824253
633077749
753149297
271145435
320516825
455880215
949448681
391590176
354553558
292059124
842071967
197321841
568027138
109822132
212668243
333429940
903569965
170734890
215937187
351370669
395788534
336202530
200967226
271466747
641500925
497816674
220567704
578001810
789797519
742192820
882910076
648404149
113721862
188288655
60029898
547455396
401638161
444831322
692053844
232258517
765103223
929447526
594981426
963162667
833104689
483660884
287927365
686629482
983542314
942797768
787532702
411102452
943421976
397287417
56856809
315799916
8464410
340159742
639164542
747752
132256838
857302754
458299894
127784367
46191651
829703830
499404445
721092018
569116766
610740937
794783164
635560592
828873104
806378066
376732080
654519430
235999144
868859744
507760902
381398232
231937573
301372198
527079197
318127792
101392532
361664836
694629007
744508253
380760503
835981159
616379051
560637339
449781542
721816642
863717875
539036
779041011
173248009
100807009
425916222
34662845
146641699
938053835
428578419
805803057
670085421
272424096
385460772
440420352
239559753
187493266
329721918
256415861
708241363
404073360
312940615
736194839
594642584
321949333
195677114
972020948
628686434
301080012
73961308
500724281
943655396
825443545
265440527
445616387
381030472
387472109
903579608
4910093
725421323
247302781
988007711
119375321
508711843
184957506
960213844
397560189
199720002
327984867
507528780
782807128
786879482
838205402
552311366
533435494
820611884
318041647
960164780
601324860
467149176
220667407
483898028
920630289
255149762
824650971
566206277
334324360
746025602
778449723
733570887
117701322
163520657
245376555
826155761
14961814
657390459
723973051
31929500
560349470
97549736
137597601
785287703
536764279
84637226
250349079
602704974
677793309
220615499
402718750
821887773
398388544
343987044
872054801
653221115
947692996
372425157
340362107
803660186
944060781
760575625
197245759
801919994
486021386
224480036
985689471
513958264
447512303
392739997
108936138
837523337
835058271
381555073
616444580
29653053
268154800
522408727
639615175
496825540
905582203
942766068
259996717
131698665
506761793
269265111
570305550
996335467
453321666
706317942
964171001
234169948
665177430
190915416
920375014
137926855
970304542
473227275
245782054
842709576
943435104
94677009
143573604
751792089
628365426
570327578
20894747
266857230
556283324
850976004
892998941
514331768
242424965
443182347
690960047
193419288
572715168
994200508
156202263
158315384
566686084
365229597
442736764
372798818
911923775
612577930
988127612
400342338
977535085
554696407
626708013
587849573
580446132
489352164
567679992
590465009
216453272
390387955
668948544
610622857
821252484
452769444
257702027
703483042
565830039
275691227
648128498
704971020
384163795
135699651
499811532
125785207
420074022
849179712
539824672
945531057
42012258
403260085
73185796
47462974
468897860
417536782
113207194
503362256
226404422
12479734
153783654
808869053
393765494
761669124
90399836
141039358
164005751
898226453
68091399
115162837
137086675
989062635
387541520
200417250
853181636
562913948
851449061
115636007
807808409
329888395
173281429
282486484
751041898
393599548
497094030
167146436
842503134
542548540
607254487
716949731
219383758
927394633
620971673
161933407
134692153
769626158
353258657
856695732
939025693
172476300
363942527
629844502
529508759
666165688
387822979
809427959
582832234
146500263
398991315
677508212
784899050
189463665
631136688
437072081
944405264
155596384
777619321
507374016
520380239
476767698
504424721
32291095
379436703
911010415
586192008
752250601
998310219
810656573
459761005
320584737
620089938
67346771
706346859
574008393
527997864
578224209
803548873
360117974
499038693
545508226
963224002
204909252
950868695
99022724
183584383
601829108
285734886
779791652
871569783
899810688
578320013
357366618
819687332
847837750
627932375
266481470
914028029
992283212
428900394
84163042
533726719
97953387
922313013
207227638
768925495
633263378
250002910
945643046
863883729
92235783
90761357
715057247
847063577
948706826
140357690
133323892
854099066
27474794
625959680
806857669
118885487
82465539
215454681
8059254
693694238
719780557
709118123
595767594
724242100
42798178
675168211
516446555
341408012
150818711
989381649
519413117
303845675
285774665
623514054
673627452
337081487
187475676
165572966
737695431
451332090
666737156
223535685
580559028
730746421
986471622
576396409
435310631
932918030
361917397
205597597
104115019
17451360
254963955
112468885
433076122
486450983
169876535
839684184
649271834
91690314
784059182
177690104
818848140
99751915
824073447
37412597
230611692
886352612
699999782
140575514
980784072
590909391
655241664
646605236
122380718
537041116
842281586
801523216
414255877
981485227
773878772
967935171
500681835
139986382
214845810
101104221
495138864
448743386
77384461
318882701
693441137
107381859
1304334
827115891
412742488
782915371
854993441
999183863
593558600
701330435
182127843
565945590
386720502
720178440
655080564
179338552
997977368
855161445
501690289
409979892
446866701
127222866
815761817
16005954
433036346
803939204
965616884
278988863
832645669
600155365
223560928
596912517
730623074
96285191
859906958
790309206
944640581
372130657
202607751
780326320
798604692
614228098
747905830
400334357
56664332
676465691
461572223
781267997
997896694
7070224
204233943
464351365
646042850
697282830
963887747
270561486
53963477
732138446
736520180
142480826
283118660
991823052
90747252
474982271
708984397
186211876
995543608
626831152
406925399
929824419
826237815
489410515
21296073
291171401
593335464
290802464
674341577
525675984
225558270
778985164
506130923
35037941
481644194
501447874
889753298
930319794
726076248
977992802
269568135
228353681
865635981
995890228
570625164
390061031
756743570
10686061
323062751
148044151
419303921
425552342
498139899
314078482
869643483
868504512
795381200
862408175
72538996
596620682
709331108
652175279
932896551
251136078
895260350
309276554
78709643
959764057
550347698
287366919
488202576
6021275
319755443
784974187
284562058
665733161
758077701
727030638
512983481
342145212
502562442
808833856
289108679
578833484
122429082
167207250
227036956
383119082
488532529
711541990
543644928
710475658
618672992
93145813
232482535
694964830
114477947
408633305
47330591
255482377
414533285
427287040
787529749
516391146
613170348
649496021
526856639
204297227
539156653
61797680
961656354
903832932
681732074
481922566
874343863
176991017
6487031
431542790
439468034
70553312
274386851
900061806
333398866
998275885
251013063
412261566
758319962
427790023
855469583
39415581
472544
522478014
68560277
623285022
508856166
861233422
69262334
37974002
723414178
759952979
476393741
446106311
528546710
413134862
327039460
558795148
400797402
29653053
268154800
522408727
642807204
694821114
102927330
60468831
395269418
605729695
883710230
476391440
369207738
222713911
108359317
25427975
134368191
478212050
596351149
149907923
292467611
298755999
202488874
746576834
897125414
857712659
792420228
305972518
545606258
311060997
677180012
321801082
71191182
457268844
710584155
580514298
490261235
381812703
651319393
880925251
916970228
237709413
945418865
512552859
960938818
699870769
790725274
602485035
466798755
362805544
104454807
304858268
229305902
613614592
404946080
891317397
235772771
166438451
229616122
620145517
604309159
313829423
352152901
71284441
829612398
504642805
158827959
533213027
689915080
639472380
217773172
765236247
47588826
265180981
993602292
738425924
611006609
860006027
178325584
661192587
556418758
387819003
874807307
190661205
878833340
158258722
397156514
160989252
246486261
722030778
403713530
372458391
612874501
777815043
464782863
736923339
459480836
863697275
999133147
44927615
283966383
694902465
764948703
688436552
861391653
536128827
491840957
828643523
575978721
788812498
519851950
893999475
139582689
201944617
541850547
288610070
155417936
335989019
221212045
348709541
750948941
274734389
321393836
481242092
810548872
935186517
238585488
560380366
938806845
892830564
286024924
592094604
12904553
188180658
143955624
712240108
484339328
849119972
913320821
854460151
692826290
414372968
913800450
180364512
135402187
988709195
375845930
877934354
593068661
9029231
8340141
652237758
882281446
762353987
274381362
682193881
865579043
744533301
899130986
614460046
679012038
284436651
411412222
890129169
630667399
882910250
554279351
726763151
843366964
716502366
863025918
56771780
107999470
941699812
872714177
685000502
73903260
766820820
434456276
967708082
860078086
676698933
712800186
693419116
738706231
768534889
792388239
87446677
487447408
520241088
507270275
479749191
72885499
395874130
104306871
173630848
355115988
671617127
18026353
182323445
717108543
850159393
212420537
585715675
340902621
347006235
406502571
937649932
928691112
372340494
969685781
297311401
699889553
1698338
532131680
158993228
237936376
984603404
491280566
95343757
522578722
858845861
878980084
197525629
911434305
146506390
535637323
734751939
336841039
313813871
970246281
59820608
612294773
772867371
182371041
840426313
233690295
331009150
367802737
899404862
985817078
132549164
58121820
393801163
731772714
146470519
750081728
31228463
168655508
371541710
334993269
904556374
819952714
968581868
513804184
301482760
965760006
816671578
174301727
161466181
695303827
687517812
648731646
677710241
714047046
617497276
709337853
776141917
247105338
433368060
270356946
50188397
488709545
428948667
154888148
495874900
150948508
14970807
860891304
866474575
178056825
377344329
147926601
437342517
578543872
150118078
33458795
628495055
646202241
889751914
137092891
629685169
202622060
151783501
296553789
510529436
259718965
536736364
571759774
36152159
899649930
253588891
634527793
134749092
392369753
543266616
62385175
424199868
998666974
481781772
713923830
988432987
719572336
146493973
841196028
863643812
609784902
223582144
600778818
402832082
107699653
667243163
306535205
997373860
656079547
196059108
224763005
17147046
749898233
480327695
434841238
711788987
459208643
227849957
908546541
666589055
472432226
382905568
96408217
229676388
322470192
604655121
351314999
411989833
30414753
865722235
60203346
156070256
833709047
458787727
189584710
840297622
802254446
81678832
782695044
836771049
122026679
8948487
954934566
549385262
954127827
42924059
443821737
249768794
738773427
197992672
711059737
917911606
523447107
49230743
756419099
786121328
459751363
467629791
733472538
829294794
878652410
949224408
475706917
542332140
684034498
391996442
545688877
134729328
738936214
904324437
105957328
66282796
649671903
63342160
28767775
178280842
644711437
141715145
647536835
337884907
673927629
885792164
562208580
837969679
563118802
671830633
160973563
791798642
275553848
330309067
131625252
140575675
484340812
700548717
699079357
51268823
874311564
97600535
600918416
305161583
250819196
512785405
614002822
982063034
666929521
742335983
582980016
205665444
995423237
96753252
856933599
659449711
314780635
891295522
122426348
101000983
800762857
95399925
180373398
332445003
439076503
488008671
743708974
508070703
240110321
666507069
661332706
68236165
182843070
846356384
582010154
813567133
787503499
761119531
776389537
277571443
223783637
802604338
131850610
869207320
817168559
947260769
860921435
911936735
889091254
321179767
810522635
298535253
862182570
794324158
402749318
899291357
845851294
353482200
142108544
750234167
991332514
571682855
451049131
720390476
203846462
188612645
940060966
215998482
28661749
415199104
863650896
737441431
881972122
810557333
410671670
522254713
681031933
824240404
611799862
164977086
466806699
90913723
493809167
927878973
81186490
386950834
343991112
232826095
784647646
669039294
420261294
246678053
672865743
973363639
383884683
775507125
166570982
450052802
457577828
296214653
482431167
325924832
140106597
648778002
717167886
726634027
45420004
186609320
895440952
979501122
717144774
726179471
31445236
866709836
83160327
366202665
272153582
551524230
495127765
551029376
883301719
45264160
455486715
567058271
857005006
81989544
204587302
43641042
744111479
26191403
54761246
569437957
442292347
530608799
924878254
290081098
354437909
331807581
288987538
878484424
362095276
843698645
562224145
61533482
670478432
393459334
767286589
787881203
534307520
255124120
253716773
10067420
879111996
460394964
130427174
740435593
849342467
67106281
671460637
999156207
410075802
171643918
107628511
406093982
722012278
295862035
709131820
569614582
172612545
942265888
999822514
307282133
209398995
86089971
17032613
541312317
568821152
699866148
922560780
990790523
884158355
216986249
499949096
89681990
566709240
359912396
29125425
286234526
481544027
124628311
576902611
621371344
481218362
430165161
826356040
579079354
826756841
24802931
557130056
549460748
323963370
965910775
310785487
371740230
965412221
153886030
721998303
304879544
207789581
228044711
709540451
87399761
517583834
386907403
130436696
791597392
30654938
569159515
211940353
850895114
156553007
413759171
174475774
14276228
399118624
943155231
955143313
781961727
293842395
269015505
171961998
289814716
177271725
497420363
332172219
706399986
608716030
485717645
905927420
821237539
638445219
10504993
548737345
45444431
355292033
325082683
732109660
278315531
822086595
54752132
929633238
208157295
141962590
187408008
170763134
101834078
795925661
293703007
976534481
984108926
294037210
722600252
272442538
578817792
906627620
893595664
799784632
25249196
449191648
942172376
394155326
430381031
552161574
147213379
350182303
285208929
64658602
896321290
121227180
325078950
349768321
255472666
965580600
744177913
605842277
102726252
748585665
170529766
41939532
174596294
59763827
701149802
593226353
8761742
210796178
507849008
615172111
857007192
375414192
259925126
861959116
457939043
473954
535521837
113593835
916739163
127132829
972012628
920630540
705071892
591169381
104840191
105559400
62555154
465994511
617492459
14007962
673805058
103104883
7622033
260917481
960183588
868442395
793548935
952533426
439189874
185345577
773440187
352748758
558652521
541303567
415076532
547015352
138197456
499368856
296108127
578228844
873301957
944201944
152587369
342060015
822096846
397143240
774637785
518536928
834003983
268429529
107993258
341656945
285544492
583718775
686444197
980309626
246146583
381218214
739541251
152399150
387519298
75336672
557286203
173188258
619136899
260018895
58965837
419341230
866273731
147948163
443876215
631904245
813986971
797758420
759159220
217706267
550425446
675039988
141384103
817025704
564111774
407336035
242533542
744928099
308397104
101819106
154866637
413739127
219563338
823717102
631065641
168061604
105208161
69526849
331393510
339497483
711452900
965796851
936938199
194545304
205369163
45408037
790992448
873282532
991629329
827059570
158840277
170930017
106904359
837413159
510299691
627464979
759460498
766250968
198721468
80100409
429733066
203477370
199742532
279575977
52744817
649525102
56525635
422207329
750868787
627978387
599555691
580168974
131243913
22650746
568465064
163739899
642859292
374896645
468016708
854898848
566828969
184114598
560165815
598326941
104978285
209666525
243093032
899776583
920202675
154653080
228284186
698160652
612307635
317437081
456166958
346631433
381676113
39121078
208487266
753353250
256479823
517896555
540262080
446153270
18226599
583679609
880631870
566626898
437175589
272595421
279019023
766383807
130268517
39609570
607595482
494813455
433378527
840434620
958458353
583950586
174368279
896646183
657033458
703393670
677051045
368397159
318779096
639386924
604161962
511165318
957329018
622509814
532030469
370383568
405403856
564732564
762262290
891285454
583376223
335893034
538885192
541994569
482402570
948422423
23009625
823184085
188219391
961031101
663705190
95807331
843394898
466833005
481269640
510618863
967644784
212135971
757944384
42062247
21961145
52338438
245913152
846280126
380103771
823939047
816591158
315052760
378851843
575156676
622737764
416078074
111561972
507277826
154431628
660670190
975444749
439448004
755986967
433914677
794977351
616973374
101236696
271433475
284898080
687605826
13809351
884390808
410168778
98100757
776715569
950017356
346523445
90389235
229138725
987238812
392658885
283726369
148030990
839355117
163524927
89365669
979831185
597856332
978491244
89341020
718243365
321169116
403212725
66516990
288442560
722174526
640028371
113516121
742576238
310345455
907656924
270282564
311224589
904841759
838333481
143887765
352461733
921228253
989571737
414230265
744776778
314247531
240782572
898798526
974056174
593503547
390995219
238860326
528450639
100221506
86653830
534265224
82093061
538937931
107924579
451968076
347082584
538263543
230071580
366963054
308319617
893286964
311661628
179543644
983957089
165692039
484934850
181125211
80970815
523753022
584560974
769378047
142631223
744612293
420980433
841078510
824078018
194432978
154757784
654974130
115909003
38123767
432953246
313494837
212836046
116043813
500252904
798375035
240761835
981650038
314641623
656765513
44110541
958589096
718254226
881893974
687729494
225019123
311666471
605413838
544587834
268775479
637799404
371527337
158112138
2668545
606202021
273225378
112828999
187456661
380222845
484003127
58292352
788200952
720575686
524804379
491546972
341745730
740023613
985747042
94612922
678897878
775952160
100294675
586816740
977885993
923424914
348683140
653961472
981061181
973409248
375982805
230587159
65107323
442082089
829598402
774895711
339987203
394023613
2871746
21600604
977879066
150467903
110596281
303781704
762212215
806861899
583167952
143480382
367873347
261670630
22691927
74142928
135227785
49655591
749367419
863657900
546063257
911985780
619768651
636369975
358614825
903626897
385081389
452191404
632284301
655418949
984310977
579748575
539234770
375186600
975764934
655466382
885144040
25573016
455772822
224158006
841644656
784801496
899989542
716840704
347655150
565547281
382756911
487549869
388509942
929371647
792735654
212898238
224642600
701404122
599045791
460189190
101811952
889051190
348825980
479016554
277440719
338152117
689404553
158208190
427837027
754080669
120399505
840802873
851549612
856377470
984218650
44230421
309311126
379976209
71011651
95612716
700917686
85579322
645344560
343887282
887036849
128037922
451208380
713975549
209697905
595383402
314461518
529357967
698049548
115002416
273255733
259067502
760018545
301324366
462418065
736296035
117365283
853577580
108193361
267842927
757227570
93220889
668530103
205165615
198926765
926086340
959889661
544718917
400951281
23979443
593665852
141439421
954716308
819181374
298091708
291769762
663700913
209018810
351324412
10197070
892542574
557426148
273547238
40480230
322368980
956481554
906843509
390137801
362645318
765614997
687456611
881723411
123525661
519031464
820536298
251796931
20946083
651437457
761483467
61192379
633249226
559299785
597455383
744489189
933674565
906467709
982711747
97429408
683222922
263461356
761970596
204004666
157179853
549265206
375464057
531927428
488129946
137538308
459753774
113516173
92799972
539706960
326310508
495382517
235194419
6601430
540384521
87628963
283531552
68146046
457396583
519388182
1881374
403284953
129537477
582695704
401039780
208264291
244332270
193145257
833661801
957803865
733544380
709277378
199077551
509235408
781051646
187663083
142935060
350957839
500528431
270052440
824622705
904104905
238731453
338766166
379145892
351319506
575830813
580882256
28728284
252523996
354374572
744811900
247486153
608829218
262079231
45927400
272220228
872159879
38654214
443186649
180427357
113106689
811315029
760977244
673733890
309411890
925988980
699600843
312306302
270068556
11205437
930285003
523861286
918887149
244540779
926899001
300884422
75874355
286704149
62408027
831319842
562048212
914630814
755122942
753679992
154093294
58273711
373518749
241304798
261463953
619818159
738018605
223556981
683095604
21309193
980626803
966447804
400097993
338752446
854132784
831072349
173658447
623035468
940579597
320044195
572051876
368349992
761289799
453461486
579702482
103289208
10042752
344508013
189590277
103538795
194297565
459739425
890679305
163366078
473736696
30812340
378775105
530284139
432844189
49434045
403702507
434648675
585427799
355049707
767081641
854661297
252762293
180616482
691807722
52549548
722763143
18530417
424092829
701558182
88732186
986720165
179606600
816988880
320690954
153904981
368854752
176493153
571408168
504940985
417686791
254485935
770125517
328103879
320382800
372083049
34748651
149008820
858097050
536978123
882344086
943831871
875003702
909161652
498807198
60823230
70638764
301008995
109864696
397660258
760841657
983854168
632689560
943096736
802497312
428624315
159091942
218956704
536247875
114816929
183799610
920871005
98209099
703929263
922494303
801791614
890803702
486750972
369410880
87229316
596169574
478391044
844286996
853410594
946864397
467566462
486942354
823833629
24290914
511280654
921894344
572663689
200163903
206873077
29471508
611700992
956673305
415081461
821291809
465605688
942320654
778960515
4033888
787961402
408216865
912232607
307730780
869008814
730937206
385559321
519357223
215356797
537329600
370095634
330145310
925876270
480864754
518048346
865326952
358547516
148162283
30659156
778929969
717061614
164790019
506253170
923529134
844550834
111285574
902739563
793003107
121224053
420951286
122350844
509208867
548529357
100351514
564306309
701419341
143349632
62676940
721667693
265766681
110508359
729091559
235611769
318808939
596687123
92021819
772547397
530638500
802338170
464171490
959687935
813677130
842735993
443669172
968888879
384036665
562196802
105350743
770732171
42861371
773754477
19952308
409832093
492934419
182434424
599768838
561169846
182946824
469420751
323596253
729628828
328189269
408311768
962511576
616564269
228059695
246192957
630361541
154081366
648663232
630148805
809989774
483552055
861855483
54167435
527661065
650512041
235236
933259194
328524049
804156656
79082227
256644174
130728246
692966191
593156027
145837679
20118526
499060817
706797401
908021243
842162848
595843491
241768057
254171412
941048732
550702473
591641702
276549268
684234751
112734921
998546413
839869937
157011773
675442414
336477439
518537143
183090642
587392908
899360683
813209176
822471780
17466749
517057507
322350606
937834873
691625818
222634318
937827779
366926758
10960547
833925720
720332440
191307470
491055108
640547496
701233043
526363995
74629121
250706930
884635905
148184648
465462354
30324944
690293628
251520365
497774165
317706262
841279637
490290313
543865305
488418607
84292289
180089124
666202668
165636009
37970254
288282160
819419942
277315244
789139480
383194730
978982053
665345372
474271231
149476342
296674412
709396795
863042146
26828743
772095812
256558149
559539359
429831823
937660171
282612746
68009088
318008037
537315885
528534031
517753827
512854332
243447701
419563588
577001956
803171912
19487117
864011588
447376008
666606320
137356421
598850290
364679292
140998763
168174349
811304828
759310884
129802584
358093671
853797440
254287576
427480175
812517957
492925569
343601606
246174753
986835766
703227467
679044311
812967134
360217058
833195280
173922449
627507777
245706572
694567219
454530993
581596989
549383301
275362998
407994606
70065966
542720187
169288003
801659659
421927199
317712114
804878377
739480416
71117290
53106804
465353737
695833158
915791597
551048585
745417261
270971412
208187585
467982858
503392562
801933232
865473327
823615817
323757964
525399043
162303317
690032374
260724819
114578933
134863170
19644538
467559051
496229449
125530225
694990322
878813407
206506099
269648081
831635166
408971084
486292077
940200849
998532852
562527580
475653666
186726976
182832910
393046301
468635182
225718866
75047940
113518049
277158957
109475909
98237065
524868080
636421041
669348720
270542764
70870010
935031004
55571031
323523391
252294138
798696661
235050286
801219534
412856271
586783488
525654430
750950527
66133366
910820139
972925716
538591303
715417355
964505188
114922606
781996728
651813308
994451710
639726254
453791455
934351850
535474328
389827513
826543169
624834781
540064647
696726137
796933557
593541015
58993055
526924724
393270248
185320295
762808884
388338401
383356060
417965193
925057317
860492518
416018313
890603619
6512299
169663000
958946717
838555527
318035093
893037976
452562283
86041700
161769492
908415737
293986781
988887406
998039253
7437737
813557384
883283164
340972838
608715876
585654813
121377028
550827528
931671632
695483268
351547509
703914988
492996199
469846235
672048088
827544521
32778985
220710369
752794745
967761090
361281263
387847382
811501614
171539407
662702005
978595774
107759487
128776887
117280958
283733682
578234728
605517016
105137719
723845151
250347105
10737038
734322602
209383323
273387419
350307054
70558473
295030902
521499205
742748151
708854901
158108514
775287150
553783276
424970646
116899927
617954363
6020303
690174661
78578860
925599
650630454
83217546
362247989
244711594
580113324
979510998
581464964
479494275
315309448
119458527
151589050
880993297
768028291
471355696
835002195
914695344
925609406
467454935
540595914
736251302
281969453
378162594
192432624
191735474
943361681
112952736
613145198
940795886
865825859
392912707
274555309
505657729
462050238
124407488
194521134
351396993
533874333
338343512
461420130
115411550
975620375
168548250
954235439
828080300
816743040
59962439
722624939
57116703
432891271
108207673
73547273
89446455
282972952
388383303
596556868
610725672
117576705
168773602
832325212
653124485
675158572
714124385
610302648
344332946
957431446
317040860
380677844
798279849
538344454
22902050
826600216
396529609
586857859
123945713
699893294
818146474
81648486
754078544
592862201
166867920
391257554
997642532
718589935
273785782
359100737
400785842
535679985
56580579
786966982
915738334
655871261
676994382
202357346
932525034
902215071
980110663
301994850
233581836
394866634
572120034
196500800
998825956
486518146
376145464
867882909
398830646
624936655
419862403
695742731
600028181
852545722
472415656
122990178
684433793
718898073
948867662
751191326
934030676
677295386
223710521
46335706
834275016
995624449
459475798
614401884
732357452
826558803
607875094
955335313
824886852
440133908
647933419
379580283
471850963
621322021
721363837
52002138
957051740
144642851
106914964
801960919
401231478
732895484
31144675
957963705
919850517
211402483
235686630
162238242
817524749
790596019
151318142
758011704
702669699
915976140
669624500
302303062
715512681
396140669
395214555
460100804
846925545
239531475
212153549
886541712
715110366
387680144
76523306
229705324
32374309
88886701
385533860
355582942
686082175
279518382
775395700
825505826
214030583
842964900
809753705
418169762
749929750
167807474
559479972
55529764
97301650
802915276
383843818
805844034
952453333
106798406
701516766
993151675
724459859
201778454
560165815
531651544
38054440
724966015
213821631
960696245
983550925
938048347
638050949
598807831
444078812
753953909
355383402
321346443
451770234
720785413
107284836
643436053
626537729
144165880
392337484
385537590
724340122
114011529
757937532
432821695
364508929
522615625
918985505
201900029
921812154
550099465
486187728
366565589
775899849
501107950
783382195
415126667
726356475
398126508
306283735
624525977
150578304
283451533
186877752
824816577
355975630
216518441
778831354
671297418
241584212
94044208
148673116
166925012
532854816
861859470
287582072
122967476
699524047
266233702
729077260
719496864
67442771
243391453
208145918
594129293
259144592
83439317
735161697
576679507
990236871
13299114
6169397
48734505
248156592
915830162
579282308
252031552
684819297
455390218
115473186
759668625
70463402
32079423
125781236
122287387
214385949
517805870
16245709
84716849
881146594
88206300
114090484
544865644
300858275
44152042
354685210
218217156
846152176
988860530
320905753
780637912
973303842
395506013
43128858
764379606
62174444
841640882
439148720
36482095
701215434
474564342
68681824
522783816
792568636
464957753
308940009
715698570
409742653
410903822
179614426
628859236
435037015
72343991
481768157
581792553
666641003
792369286
416214642
767584979
385018545
161694163
235891828
425929575
807849230
269393539
843471010
129666403
57927926
760122942
70462874
56087370
692361407
114638150
345192731
576136212
83309591
360512988
676379982
159013544
628638209
832653483
259339279
397489714
28325488
51407942
264009540
532807125
715184448
478521401
622302814
193160143
161067627
33861038
186738909
455459708
584011099
806877597
981024626
744144466
373717663
495998013
177916999
520640411
6615984
465943654
232389389
76251415
668805146
531749499
477971208
691489653
766380168
722468057
645293494
647238691
223968178
814848388
864911752
805634275
845166854
172427755
246164315
31920785
192634525
911441645
599559918
929732733
609965416
188403347
729082411
577604877
317081421
174392732
387561932
557737642
417515561
174693382
651436638
424778972
445660888
915486509
254825414
689761420
145534171
665785206
607160676
473531879
274295997
941448532
40237405
477716538
939085245
362851863
242319008
362978792
467601821
163141249
305620250
607512615
393403801
387327690
510730417
62549768
506076516
596989000
211915938
432522801
71118170
909871493
787363716
12515206
513943400
804080189
792983123
927459710
433387238
244577995
480381056
509009473
398038871
684178923
51070717
551098561
253333179
52909670
297521133
308523020
694065928
288856903
724249565
115546908
926918981
420861022
403797440
856578604
295011029
82306977
359867628
251171659
103766140
285595863
258329417
272685282
908436432
960562230
134554482
959434326
499374833
444880303
837620873
92838374
656578534
836977960
172847858
874448986
896058183
372262565
788452421
114438670
279868690
547671008
808449313
247736028
645929068
591680271
340561423
646216270
123457208
397434189
654673354
332293502
149566036
461286958
171637312
645133791
357144721
196540012
465530347
93210812
144769793
385884585
808454593
288897337
237737536
373246979
137578659
241637859
198446565
926460268
508519001
497057455
237972892
150317597
767227028
347920307
505582105
350291166
745023728
979264668
519044839
962131436
900661903
840485213
677431328
808883283
738293013
851458524
468879599
403809604
73540009
148140165
29945642
567808199
169083114
28912535
389811378
618138107
312122963
258728227
894537012
108681504
333390608
760734435
860863806
799884771
941685704
190729693
341127165
279585243
40648010
447344015
201777787
178694167
747003238
171268375
641906689
459739828
438904555
500295683
76200230
877597474
316840442
673480638
109359145
136155857
787865257
920831842
901111140
740745982
436004896
861020662
673004737
860645980
672505120
881951205
831623080
782418133
657683406
953241009
544527671
992887606
472310625
957255573
521208710
658370010
290099040
884650743
940121871
740913905
494444967
91557468
629730850
917101077
662550154
275119828
173159572
986562830
155733438
614397316
726424462
89285548
465693996
875745700
936355918
813600618
362543739
746170255
769941770
248004569
351148553
230473798
787529655
980455495
837519589
149851967
268580227
158459657
530994674
297664810
572474766
138024106
169897771
138572553
131384496
70381049
973487193
258049434
801063614
604535488
889652710
236554735
758148311
530851858
567615351
278530014
771241306
667832618
29623436
899504940
561347006
585363814
991363356
175483889
794272988
915599271
377519864
754274272
412287882
457618357
622424029
862172920
790986401
963798183
368879755
7505940
602512238
810978394
707252414
880844505
643993761
200578801
109883839
207734719
886201168
681731977
377635589
581052432
377757393
851292632
261812926
249415982
6354378
490364457
768220328
490243950
244620488
188262073
456012270
627516639
748769849
442188424
854485056
826705861
194803752
609288129
336289379
299316282
127272233
175676128
26675495
220591080
620935665
242948406
175086383
685293452
674745336
576455805
365751535
509558301
578451854
862153017
683594854
472660920
154686796
812050016
746478087
946910598
916058196
64074910
617073286
667609015
263834168
175950094
972602431
909920091
569332747
424102210
190777216
25413108
401150062
20246173
568891229
442879393
475283590
910091542
435676425
361814704
942558484
20648480
411655978
765515249
159461991
152889601
257611016
767722508
175588819
268036229
112232215
461263965
304878699
796201947
51797328
176284389
432635484
992787195
564542626
417769710
819496031
631084099
808602463
938527977
96134215
955842843
625176311
597312398
106717829
980666516
601415822
425833680
881093541
607432991
792979093
769275754
51251086
680541065
595851658
546846517
946181160
690300307
744175057
256186370
813375128
444417864
704321811
664484064
770966860
379052787
8142751
697370063
417789993
803796083
676923726
77726431
481413037
276441857
160859820
894175785
940704366
93826608
804215521
156796652
997398235
212477969
309330396
804386859
613227979
625257499
812646129
115233619
795218085
711582688
729550038
913578789
13254963
977932045
113979168
336568664
427571373
400718327
200950591
726890565
628055270
485306775
236237461
309369343
588004778
802488739
546778378
179413175
181183601
61636271
675809708
678815117
436961819
155704267
442167100
408638580
723816502
204663544
552493518
233566692
634788278
209011628
414661446
464509575
47798686
356372704
894799789
408309311
780911634
996399895
586238634
329552404
287925108
707615915
846008429
985506065
385503660
822451013
197654719
120203554
443541958
979553845
54095683
549031054
250228719
941072997
611942639
933365368
544398476
446613038
585598135
548939210
848480727
261721772
776400099
428318484
301610828
7256575
650016539
597919892
599197861
685420493
617832734
501329949
527936568
936339767
371499725
870623733
106798406
533726310
793178196
528430691
320343168
355682758
517413052
538228503
228275092
129095141
790088605
719770670
573565988
630898492
497736544
429379203
410237243
622489439
178302013
576969156
424256140
880227967
484113324
795759476
639124648
431708742
813424747
195405520
2166647
828125500
458572016
683967606
900834208
180124784
897868365
354654969
514069314
519892911
163826704
328495205
703116593
287860680
220856318
96578778
63947302
889490256
71716604
477883781
124752728
170452020
480648614
688246552
263172875
28080345
170267690
379036047
551441562
432540783
903419545
529022220
443283814
443382285
300654821
77534277
806823842
803056455
436381299
228734665
610590799
769616395
532178965
295617023
935680739
766849317
728575378
697043832
817854615
135162191
59804219
387144743
819327539
270988408
956263651
783468067
612054280
828128360
460118444
590102906
788712158
666552643
799332855
548295814
996257486
451015513
821528218
909531763
589284829
307569549
879623147
533020121
203649906
314431452
437554177
478612461
60073812
657623632
879612656
643402779
531516072
952352148
947820836
127226504
151546164
435614860
820284481
651794188
967033038
236592014
954147310
548005055
769452852
964245938
909347548
527662953
47569940
3488878
675188944
378633208
535698601
688080491
121714692
121670782
631805732
241176403
463375555
923387208
46332372
867352761
854138414
877859974
275329232
120661701
396264896
499356340
337668156
430269569
868378579
711280823
43753754
877353267
995927185
521651268
689095017
103797379
142031230
276208552
129492354
150316816
989144064
604419019
497837017
180725937
27550162
773922828
514564695
396561773
27648959
874804927
116146240
592918987
725357567
100448124
871243201
318993949
988075445
428314229
49188364
767340450
486279180
135002257
703670243
343869205
484369526
411007552
232463574
890558363
679587037
942299501
576794638
668866442
381305120
935221634
623221801
836264156
258298988
620231931
534037113
956432197
912041049
496248004
331780420
493472842
58431540
287383351
804383718
160420908
99652188
683660648
113351307
744124284
465715087
218961821
681154390
987622028
885655121
841181221
883588137
904087867
631657283
597933108
329149306
404289451
525358230
284485150
386673669
417398082
811193432
645276152
878493978
371773391
396563609
638341110
594160630
411361526
949070487
854084329
705215831
461417605
297888166
972034724
289546240
201766597
664053904
251657875
149974808
624040176
877429186
107915282
116932347
891961849
231802250
943870700
156579944
202402803
704120355
321512175
758446994
763466
253510246
68313352
443367179
407387033
973972814
292138986
39450516
685386145
287852822
705582197
99852019
273681743
933378522
763466
253510246
71672688
188515593
510449904
168812617
328712408
251825084
746485224
232782265
210192681
530257557
683098976
746427677
747746885
182628650
776214832
184589011
89145671
359836344
152968257
502896957
62255468
482213686
78365055
381005835
11841248
503488835
208171703
313954016
420490522
639682159
491486623
750573775
314844052
546844379
616613117
881589424
263792500
100689703
466363879
556130081
788062193
444951957
103865755
838583574
681948640
595637521
336604375
70668685
620219200
51318772
379021774
536353743
546893260
617385452
928856864
703772974
993217848
10010331
525464925
354189414
429212159
371594745
185819775
987031185
165358282
315991412
582400789
127291345
75546297
939198985
428847796
933749797
724832661
944359288
85179895
935119907
99923139
592395959
170765965
864872348
597709790
259547497
172570342
206543391
339717593
149579185
241999656
292046076
129099790
620949900
829455943
170767442
385095483
879072308
599361511
837394278
394071211
529004451
593688097
717698666
426682206
63479334
746445277
501597622
582109056
893851593
331492411
609964561
318495375
639054682
279932246
217608780
601734228
414408123
503972656
48103462
401975946
495572503
316514262
645184444
892661921
20877687
306594421
71442559
672620174
342468527
982054163
570288402
16428496
320246335
856596055
428337951
623459477
718656289
241971247
628444300
339349293
138684430
194260085
872513105
614928126
881049765
933156423
179648553
834840792
670051818
533588400
349643144
521039106
276727229
525176737
494199164
543261130
935342109
42490907
369785460
576131617
208327022
940630827
139162076
443452451
219472766
480749877
937068410
978063028
951711811
500564122
344075768
36956407
590590284
953642038
411373754
622992941
972134612
545609580
106150035
810416561
409762521
835851470
489787528
124428100
655246973
398739697
290213647
295305111
926210454
513694668
271578496
709617042
958878396
507024265
928636972
354664901
792587357
747511
830052823
716562617
210377292
313265834
771588714
534698444
128938633
334204850
698239188
443496306
387049028
269786472
683216843
251638750
971208230
243749127
309716456
493254326
472721131
229497919
321763908
645369390
583443369
141235362
499837732
787241395
409133769
574453952
853125416
121690297
771989448
719918092
543795863
975928072
816405832
831992304
570350514
857673005
932829309
393743655
421201264
430873769
760063832
3269878
254797379
700339400
611512424
714219569
142679240
848119118
163618420
637527144
500731499
224226688
93081800
521973705
25678382
687970896
8214270
722975629
984371017
524724603
489548769
323946097
342428288
295517439
245050792
454054077
792311587
528398570
781411734
360418182
395939294
61898724
790695305
864071139
564917955
3592838
730123116
54110284
340423271
312966307
272589475
734847048
332569596
97793635
90393544
985915789
283394849
294997534
13582153
212616571
369802671
151106159
321559561
58891738
392672052
959497016
338875558
508774790
586024011
40172397
904641914
614467497
984760750
940391058
275631702
405108342
759019385
662699671
337334219
405336413
563088105
132407772
834759680
171993208
951584161
356684894
776441263
422231007
580294057
622199293
622291505
736074782
69544584
149924447
45420470
817320617
219926311
340901334
354620112
94022233
38175750
533178168
880900909
3917413
387705071
491307606
438137995
786506209
636398900
949133278
294984355
762658778
514277589
729278438
223155867
262700585
755105586
27111322
619039939
62089975
58002509
535468140
477675264
920721474
399962414
17679551
748242299
657921657
907886223
599500320
371176994
460392051
397587354
182785613
50296746
345766303
630527462
424172941
258454604
123400031
185143954
498707520
703878044
457566655
971133778
25526468
411111984
726540711
199455960
750150304
973677999
410073734
503612841
278555175
969429909
900797524
500992027
641960599
101438876
926717240
864978323
18966393
459798610
497180001
383079270
853395741
566475066
806262560
343146952
631498301
722463480
332212934
743545805
254535205
762329594
155849586
105253366
786175392
705547322
869108660
239899628
956653888
607727202
66038008
609344693
774737375
387417536
9224885
43304548
129119827
667152122
553457320
537162019
588777595
596974126
935843675
211563605
410778693
821285448
531760431
266800853
373589411
304761220
28645964
146461387
874148682
443584713
811923433
689388298
902693324
855447399
212121525
987615692
839058667
809059002
474479169
934343972
324444285
14982660
610365138
927146416
771008971
469770222
998187363
941462278
866595773
473973904
615199435
638199160
64672131
318551505
248507410
731910891
685988787
896402765
37628180
733395655
302866739
961088728
926849493
847855149
663745951
119288458
877899523
758202828
302263000
134894724
230983504
732615441
989087756
794819357
724545834
199525872
60689665
128161310
492765699
225473241
485192221
980061785
794850750
260284252
434140748
38279888
325230041
400720179
663077013
830039983
687849065
256253460
735399577
269948287
259555457
125648405
540542207
545058179
241778963
739374687
213637520
241360272
576065474
611392802
500687850
516708603
513488362
221471664
462981402
202564021
471362317
232026870
419648042
828122162
748060998
181685427
874644820
614472905
470731780
687848868
893412034
393614659
990990724
656732803
466347796
850468416
27543687
985863427
163611879
888416806
885901176
45434995
581709475
700797750
596471801
835606102
7137042
901310925
523648063
929556116
319938437
880747978
321241350
839527060
709547662
737846472
752539421
756346957
471953576
826357254
243467992
974599035
260120436
658319125
33580929
762717880
538383216
216820747
272569395
305143311
968411219
589809529
989858019
234654394
790164808
763198597
581135072
310720926
256084257
342645706
213293825
372914357
980829484
508010660
196920514
544994938
761166657
811407454
787730963
385226624
950081724
289352011
758163214
225986900
642608756
757278638
690895978
762758242
775360152
606320893
880498316
428675363
193726007
268113903
237715496
714143866
950117022
417878623
876013921
490638324
927816033
72751861
439570762
743529095
837537988
545434697
698118786
103102503
167286062
412399080
966214452
287687687
488432381
178157513
553090045
107169611
894384763
814587834
71145215
428090396
630679642
310313965
626688700
185850704
703859202
6361932
860130809
680248638
484894575
312749994
709858244
566121883
953916886
289809807
288658200
417938914
914028029
992283212
137997568
66178197
965623799
490204092
988021822
104321782
852820049
749707337
681927370
366557116
208866347
261534590
770597457
28617011
415124640
363612629
247605566
294517278
897996076
965307003
369461759
145169490
760507438
765880447
640757190
526497949
394034303
349243005
259534707
541522310
406050583
384419349
977440888
674815348
420330589
744344358
413054259
596434119
623602289
330143972
847336603
124310961
212152206
512986821
690824133
414039192
109074102
686422208
738881487
217114225
924548055
754050281
994414950
380983858
509530363
749766221
809774620
546245984
891894836
308193326
577307420
634013443
858512713
485635188
841258456
550510421
256369849
758006130
118084391
472502681
992452293
112173210
357487367
868787135
882362847
112607364
727165065
570727790
37430503
912442738
180214581
482372458
30839265
615671071
293826427
309884676
396634747
392065443
581303046
132185374
562481209
566763948
250586429
213223849
107347510
921962285
278952537
492926687
18117750
314047889
972299913
328934376
812583082
145789958
141875944
839649868
981233761
309228600
364775543
562660931
650082785
24421833
258070379
786749440
278218383
207340829
46310988
346609412
510451665
957194028
466586167
336026942
203502210
406142622
381577138
748404937
721288535
97446037
417613177
64017188
403389473
158482181
257816753
991350875
301947557
46304499
858184011
827176409
868932486
980508747
443593294
414413586
831223441
12644738
163910016
142848844
398011038
794502311
398096315
56448483
972978533
586532912
801375595
309662532
190809906
798428644
329238189
63866967
601980433
469088775
885664453
586578277
59016426
977331099
912429511
77009673
277591412
398210192
415907041
234035869
727831409
250487197
601320171
427255648
181291914
469973424
517391630
888564794
535964733
551779105
760447045
875082491
198760455
346149356
440975848
130895342
276548447
321196901
591027692
985326545
335245624
264798697
157600132
504348851
340595093
963899657
7480642
243550113
204182290
674520275
643896344
752481577
100109567
128321797
849827717
434665124
44979292
801751140
951232675
345788882
184561740
493354410
747447784
397229177
105495097
761798636
888620126
309690819
537267080
36264207
624425411
626913176
157168294
663875759
634642459
634709041
883903447
174105712
158067386
519994149
351628927
961047797
889300947
325519902
951655800
238813115
728377618
806237292
861294318
991376346
520806307
64965304
240746465
883672944
556942493
136958698
550627850
414432018
907740598
67447847
582019798
916241908
190159670
636600665
385756717
833732441
433817550
236594878
897750512
616947157
121990012
644541775
325762054
64488959
17400546
858978014
867302560
823230898
865126434
774202023
423454183
382616635
778799112
929435767
420750672
695675041
902615846
457044175
856283803
323383591
80274687
275188591
423474894
64591443
331376871
104392609
177679219
505609792
18883841
578397744
642541694
750159720
999673159
334836333
239826314
96656264
850864981
603525142
446669300
933524024
150466908
969596505
23985436
218338035
378083472
718673533
626884164
809082802
304770781
673731415
358123786
271519594
340591097
440678951
182599615
69877638
957694717
219661134
669552494
513461859
676674164
883782034
949647308
432799529
206765309
254432344
498687161
439926667
84656992
18017625
853387458
677986715
957501665
583041798
563503123
72847498
894741957
605542165
368439423
325348505
801366466
982662412
57048534
290184953
210995510
748959820
137625621
110322162
972409566
869088701
396886174
175324284
403782082
865347538
719111009
264963941
558751438
112054749
399788217
397338417
863129725
628874239
384089738
627491389
508056234
6688441
678716577
376838291
154433816
444521251
816149943
649490226
922336686
614897343
322388187
545323876
881716235
218047744
496864035
274626336
991154087
70738777
179557516
784443429
104310227
153854346
557624377
422755787
119550380
929148934
407727324
209511858
542320602
227061680
383777746
554009703
542692733
505521167
495622404
587269892
345213300
303607713
252039404
491763722
20450544
484829762
365781000
779925548
923807532
256629779
543802932
729742835
852635488
219953519
422902256
47341898
856891531
36087731
737576098
324001532
599431617
130788361
929736302
479264781
960467576
870870449
970658369
745138429
561070254
56188521
530095087
204417033
996281985
202059318
1340454
389782535
629116876
979967912
612708416
338829850
651547162
313249443
296919763
771540764
919483788
56305034
606551590
964539755
561476478
708798873
195854726
516441182
970148301
274198816
713018003
722414341
134101780
353918933
831611930
843873116
883528335
230163876
472969365
678853507
3290481
385121952
164617181
330060631
348697506
80024706
249250935
311949862
897156270
938456426
156127028
611514635
715680672
677330771
619054785
62533088
931011276
396873440
119705514
730072299
513995582
702348831
888837899
780778611
906997043
809770046
336074103
989437298
460695655
823307899
496436889
586400389
199392859
178379277
115786463
65024582
807546491
998310790
728379738
69891762
480555454
244509318
487922012
219744130
744644454
404085088
192812556
449732661
813553760
745009898
696455430
267364187
967552932
891432208
317622640
283907408
768806074
914518566
202382122
892702174
125070124
274469624
91585016
500905659
233105049
292141239
78606116
265468628
65844294
165276120
338805819
693158855
654876600
625254782
479465647
800293290
166052105
766360562
498792145
254050075
331277992
501380699
418098683
711181530
640443325
465475215
518601773
303365753
471378919
399313527
466025726
850830770
135109345
316101046
562183319
774526353
656742726
216506976
229579806
262616558
759968711
265850358
805489890
507540664
901075744
793979098
350835419
320937382
885427435
723408390
555341909
402640489
250968490
159721391
649391805
778808116
761896214
53266266
910583816
229792670
736446451
616500557
821933082
601390195
282609821
619791214
1666766
675109757
994704714
834335959
112088713
35380358
118925246
577733006
550398838
870555308
708940902
743520887
197174281
528867
632980109
907479531
528955910
269374386
262198997
845443071
519425
306491057
190006804
409378072
526309088
184120299
622551366
497613947
212599976
193530960
578915697
999293878
923894601
512474283
109788652
366960038
113251117
819440506
237664401
865136042
694378709
312417677
61876477
162812895
665945052
353217052
807304740
171809214
663549658
535393464
912644544
80219945
184846626
286089309
890048562
788701418
236425270
949085109
390965566
739838627
795983125
294321484
684808873
799639624
181236908
507330630
513816581
361372755
329147409
427603462
985800943
692928327
32654142
825445159
970045412
897711570
396080394
579391227
778373707
109409251
358946646
864736306
113717856
137104966
348952421
168850079
530757608
121955490
977495202
270210615
33943549
392580871
930283541
183758208
788662980
236691673
255203116
768779731
636225391
28097722
534035052
63958070
854441475
546854610
238830783
8684471
37523962
30892791
169371720
668737580
782572243
409200960
914093680
448499832
50054505
210978400
268923272
210673810
388481387
247247118
289945658
490822080
645175006
952755771
293750515
961857119
672016631
125250033
722580634
491616082
281581202
530049050
335812039
855211363
573980131
668485442
72781993
847407141
101476513
472824371
175699890
378277074
821023604
67191363
769324637
194032214
992827019
172756363
142114444
119155433
431208921
45206637
576012087
551760693
262451701
895341264
232095468
894971565
530329861
486933276
883187413
165487248
800422017
747791725
322467163
218386790
327750326
946827437
21972938
107183133
98734410
653932912
798069433
164493003
93337021
688192861
934676808
310660312
421625555
415364755
441048564
331859538
28234807
993287663
470876841
927686262
630116683
675331894
430136500
614289834
547854998
916273872
472029169
913457732
398620265
933856018
168815724
678326891
386536690
837197475
710449709
579576331
575392994
685653608
874003409
462172172
815431678
82579684
832843965
9973824
290841746
717764927
726807659
956098984
156671782
724594563
713658858
995469422
720590373
797764216
656881571
803787579
747167795
118616927
572180156
524152230
901065736
694701348
606205969
283554081
588152332
599883045
241277005
852997510
937597465
67420148
706246442
973762291
978293772
815898834
50098281
638194806
336350283
325325949
82602324
352358150
834983809
756345318
127045106
858269667
717677380
737207501
810762754
239637242
304034211
945054093
541305530
658666465
718543136
990300437
465892212
282794632
44997077
173498768
253349054
287916887
147900919
947850054
710619404
142377091
962181369
50994653
254368277
337806255
695466117
98091350
531968040
13854745
265057079
96242571
53899614
426704921
807668272
920703625
567120956
389921698
112770682
742672895
859076502
598165180
409816675
264833098
700962525
224500398
640144083
112299544
855377543
388445339
10057899
424262752
5799996
318195430
112677958
776463928
568182081
573376931
368400974
508213282
641538456
987839095
739100121
403339585
902753782
751862956
534001302
494411317
361120270
908663672
174624887
933133560
372084786
507563752
491711206
890709592
870575833
782768678
442554634
717573359
857644096
963568975
259538500
601560021
314827308
396029161
115796580
323375161
209930012
360012908
553936061
479970874
104935465
778350521
315601029
463745724
943039366
20880805
420868338
270130184
156180419
436401006
713372496
922624126
28589647
387306770
133004677
68819411
800354715
150496280
753379708
976638936
691156717
410446582
576933556
827023599
312355303
471150561
266180334
499264292
870283119
175734490
441809894
691743224
173349888
247647516
810057530
48538347
818656712
968849942
81644627
735208298
18079114
9043830
993948558
335665507
498721741
563135915
676003604
293867470
973021730
269857763
226719806
158350316
159972650
578094056
525942466
746008077
841806619
322518910
579178546
440225419
563826022
266745789
859298607
466510088
215399348
671322427
535892055
703199330
148088827
110515700
733078033
792826102
147723102
169700895
254786711
575192373
828461405
785012513
10968131
451219621
485233435
63072322
919505856
974181884
719519664
68143247
265347394
891872140
129625525
62008154
813373876
552401540
120206832
639628731
352781840
791802651
79541616
419596228
72789681
569210523
165384781
47277299
276973965
111404799
999543516
773988227
223901031
792121406
420081803
302467085
268424218
551000987
909148755
599611689
760937781
546992807
304943589
121564536
833813397
378575294
291700716
533965149
950784199
256213912
634745892
247477463
254717565
728649078
231247719
561021066
185346672
347206760
214769897
102811858
190214590
679223440
20190512
693409792
531198471
455421422
456190095
822130546
846689548
907691784
801356517
190476504
239268272
930627176
465655900
307074492
249935137
329964472
781309626
911642143
460831868
381623486
545585253
194773194
655174304
193911788
926544589
797469655
650017858
319131939
684762288
68049617
73801750
574429670
923996345
645883594
319365389
494568488
565673976
41082286
929654186
787189766
174326458
866477015
720521889
865333602
631728249
810106880
541020098
338545517
174261885
532956948
748376053
702493642
649155711
137256219
144022300
802690619
665679705
981039496
228957911
899012324
509953447
963637978
659454944
316967205
300217603
182099863
542194151
665594755
381726243
299469598
728608295
584445169
906039419
559671666
747677467
960147231
596825629
288161749
524291176
699904412
574431537
10761666
996622455
240276259
933073681
793826020
854827163
237131857
582503403
845365304
776891429
722297983
604500467
247252975
453081495
270928506
998428238
811002336
260608244
868978371
164178415
603445856
798467285
582523111
380559035
955543567
193977031
239735788
666665164
373256609
975098888
663572865
238341515
846559917
110418461
280454878
889646584
924006220
326331728
72340313
283022404
720657476
131785584
707653653
31519152
309274268
462799364
660397696
42588596
510826951
27612445
426356696
925316163
817899993
832384805
135518535
58657229
517277101
526837640
125534996
352905051
726734378
352500060
365312252
612433909
742784130
883902124
908138402
776814039
485379101
78358306
777513669
611798064
156036572
694613284
372254936
56291758
620183290
638698357
22624390
904176643
31501872
162869984
563530212
60718486
983693541
869272072
61054542
58918826
941210324
780454778
8442247
133451224
12915581
544016206
675927826
970227960
499146852
702810131
447865326
668033822
84993954
154191535
537282925
353799128
520080736
573298205
651296086
47754704
260875
231063026
592500168
85573854
364332736
605380655
963560486
75706667
627291319
98815656
67255753
78976762
868871803
229630847
928944795
503172443
434189840
175347742
259050947
557595749
856533893
906477501
892465300
157914
231062954
592497936
85504662
442124615
120066857
714457958
686116174
936224086
480488732
130226423
699929951
771271054
93128973
600606240
860549635
472127273
210921001
649851894
137790692
728813153
350442452
419673173
801540586
841700261
402034065
954191918
169347804
219208973
36521943
357612501
776047624
716959008
12396405
193265159
242435866
87110522
474934024
106208664
835740933
935696043
112663651
390825088
770303498
698327549
236293804
642002203
354692346
582050306
266535029
825053641
98950431
193961859
729223331
414100032
219422205
795804376
545232460
168682833
966187450
138947839
641589989
809157294
295445800
796795486
513895659
722547263
577932347
18652411
379912264
355958017
161289973
198026207
75677878
472296554
762889093
437697925
366611074
702663809
441545793
309623394
592361032
575208323
594395099
867990579
60711372
673532634
495032359
343137406
632999074
405115775
623268620
318391755
60398339
786239804
594623697
917285485
51916786
127536713
879839818
842332186
481332853
601747512
335306262
255623257
870871525
43908256
765300996
666901759
889099021
897336641
501090930
882206864
240747165
543284830
636954694
923227205
390588496
198089703
696283749
507981498
545402379
598007481
110355010
87266918
853707031
318081558
554930157
425807191
591965808
868314427
909752734
452308151
244528058
571871626
365996004
552434786
117863637
351033649
226160860
9366193
906400736
589558741
745544467
983619847
625413874
338822335
311680876
92889708
370717316
803530257
490951645
564463219
330499854
812534148
256433201
660703030
269933570
912931346
412079371
766845817
191919294
708836790
915988697
184805409
314022439
292318446
198617786
541685165
412927052
408012985
642345142
670697216
79205723
750698643
334403270
936961780
271863482
320420789
681344063
399962111
114285141
36024439
740091025
404344159
212799589
504297257
428339940
767428346
901579126
11698540
667777133
383627713
906627208
772174901
914151659
790314976
432562423
980002235
300056555
101946060
630754832
272494853
315879094
907105726
383604698
301497079
831857663
784721431
429015506
575480257
412996301
145650882
353967042
596419294
270833367
15733561
831952445
784464847
534379965
416907406
370234472
82318528
545817229
321437101
172489938
721909194
490392371
77460386
386690341
171103866
39710222
103594469
131397790
654564435
82925501
633259333
79223205
503001778
816030733
644102154
534085616
969004731
328444542
701546080
412028498
999414527
871641785
257752243
653323892
554887166
392296542
563022180
672481484
181134030
622797132
529513143
408849818
970356169
546474869
288361401
424743238
58981323
441294179
711262792
864381764
608566159
792869988
374132427
113495448
88933211
549835293
664520188
666597365
572821657
786459919
874141499
419768736
584957579
810477778
825613592
504678118
570874658
572411259
986671648
965980284
635448726
430965846
451587392
563084665
261807370
588478363
865218932
880614660
360695635
503180586
261956967
367547503
835617538
716423499
921079647
51388570
379712897
219071007
727563256
800707206
943917162
47999179
197021079
988901156
625373311
652649483
726643837
992092741
577522316
760767861
438960986
769670721
182335813
134539681
45049825
926850923
136511934
812163784
568316265
170115530
489609128
385917842
298065634
950450807
339064757
517211056
381771053
804476725
567982103
305585068
485294368
109286106
93505763
763691934
22964860
926148222
467829305
200736678
778697163
340272307
405921023
716650542
835958097
999689452
610277961
916205291
194043894
9303202
965199293
871268782
213341151
600602500
110308603
186202724
65817618
95235036
838620382
878367969
357664782
314304868
969189851
789308553
237049679
435225750
786438229
356035924
557212057
63787395
166041456
141341957
417835592
119143147
908585773
955198170
135417111
664832333
279153043
416527705
593890049
126147787
133557417
863010901
861698631
142201729
196492896
850618111
662828722
852700299
370467631
271175310
216340284
493116167
141252743
716724085
563315439
941769575
714622274
199460013
677915738
621333298
584118293
94573910
486959672
853079498
967205
720042869
614351521
663493544
582468021
52506596
25537801
663413150
702462243
535667886
50742736
3972451
858106161
12611075
117954836
866095694
186155842
997230179
536376891
58537659
612759659
770340495
500300809
756200026
514001109
48797365
379410961
915570035
720340074
897557694
500973842
937717717
840791750
296850464
536571319
777747314
54171479
814633269
897902902
626422770
72825011
718852711
278490709
681828944
489213821
352648971
518589985
597118654
268676105
400759266
761189464
445340749
698412090
743865699
851402853
997449068
918173876
67054570
642848093
151364660
985438298
476773491
432652523
708482048
993316711
613731445
213106948
793076199
898167185
505704055
657051759
292187173
918603796
95462603
404397038
907311322
316180493
362024585
717675717
596335198
208243965
505082947
224605166
950837724
343841466
272070216
745781651
965282762
386480732
356798453
408961543
706793156
543663307
556546847
413088390
870422951
206087139
31989729
515972943
631381146
691585069
635897285
2378573
165381925
424048617
554198985
790418155
204786944
571764428
564401019
723019870
550420379
671113547
294994127
940033884
586111553
531267817
516515717
441919402
914649455
649950112
811364415
745034734
766231675
247354370
380487580
458026173
377722857
706705165
669416631
662065224
90944045
151344628
715444647
378706591
580566175
660462521
968195851
699651622
668272782
643370770
135367321
669064430
660864956
696305866
789709547
915388758
216417920
706246442
973762291
981755986
187866906
710652959
728386606
135655686
857126915
944341530
845652996
329526108
733342346
11813353
592413706
546557507
886504427
537445974
957745392
455816158
697219802
376754018
220398196
807263219
167277806
182630389
733342346
8101601
474125556
454787261
136552591
896141357
762374303
702485935
951532005
24618434
971189918
594517346
988666466
99716983
67040581
92540348
4935599
357337610
785524992
303373427
928956888
864328003
814084714
564008051
212089207
821543869
100935374
981977811
610743543
148194326
867126257
606167851
309236476
682975933
568969540
944089866
303582559
978074900
307612179
28701344
124317152
937271554
594792708
783554219
581960739
797681783
576209749
279649354
17554595
573291619
563539517
209440662
826770854
341605299
555581180
741049515
32171034
220371011
167174479
491114227
887452203
790579134
332914138
112040270
367503342
959625617
372981407
907392339
399242800
943542344
180101553
713103933
892900582
54550521
482851776
329163059
427521773
601235409
955680925
826862435
769390151
456138470
982445421
209440662
919430725
446174261
688978192
876357193
226702500
836239102
539645333
517260851
906920860
556994207
127657280
498951832
482380092
617070400
593438994
307266027
229415765
778148044
467457939
21914621
405900171
369469345
18533564
135056806
16625336
260822727
79446760
258130950
417079589
810366590
904939049
37173726
449305963
260449291
351691254
841206862
508372738
184462269
715984589
639517351
433202108
122060465
375156455
813460358
938479325
88671745
962031505
934291054
722378057
442576273
394518562
509456482
130983096
898449755
471737084
495684348
1034909
377042456
679933274
644963871
331531685
125949709
411782604
969820377
723824756
154140582
4871952
261678721
506165001
5712378
731860940
453039129
922625431
3586631
745702031
905018746
155075135
49905996
904571593
761155485
707120745
531456381
914028029
995216374
194307097
811766520
992264923
312634905
23183434
245706355
557950066
486717868
528893897
340715085
132732286
904294775
317600109
480423307
684817487
359133323
987563338
57490735
702198171
749172157
455445994
463783654
805845874
501957898
254424801
662828141
903942751
890767363
718170817
514615756
757673542
992879082
650993012
517315320
862066485
296718087
382696424
430625442
412182985
86481682
552673443
379751662
420152738
663846538
765890799
362409064
568794291
244571375
330001580
93168327
168623475
993582590
538855511
180473889
660612252
714003318
286054245
215898950
668033822
790356459
926112727
469815147
262412139
624530744
228995062
443815680
978543112
953688029
360184271
613935056
933719413
649676614
723005461
983614282
827310296
435742368
837599730
486327639
132658197
90212044
490720223
780112607
165973607
600374534
5410869
143870313
24142202
920959840
514123296
275539634
965663582
150718710
454307270
421634503
64612013
712746067
405984487
947149107
966555591
626130906
507409296
454236588
572467051
269856476
591870461
371944559
917419121
836683744
477491972
668947263
521068636
846707679
35407892
710632192
841711351
917362053
397018254
533975300
566750561
488284544
235945342
663326764
85894490
404857988
398118338
5030921
114168111
428569086
940643977
778658028
861180008
856021500
502015278
667657059
634127401
733852754
406409185
102696671
145123572
456752499
517199185
553045861
73427457
795128511
459093739
854297162
265356693
93700666
394639056
808047999
785885005
211017207
427357215
997412318
931957591
942868413
666532766
808037779
521621437
52480875
200723000
59310047
625121361
250617698
379889779
696547478
383094499
586456065
893730763
400208700
297451871
140978810
314006171
681955149
919198767
133558274
20488872
190989345
278406451
522798152
505834279
339871337
525947269
457194714
270753017
151051836
42670538
926232059
120327520
650023933
347505524
750596235
297601080
818129163
495102766
95404858
144478260
834026026
319944422
681324317
765964814
616762025
101244931
934143593
53717671
235725778
652478527
933868746
997060655
175987327
304078102
283998493
201826343
35319895
302350778
939796638
98693181
916971791
985021987
317916896
724992694
210563925
272081754
870878225
212372670
547930715
282686695
566191265
340068699
134571405
182276363
256198432
865545582
830390842
692534325
40690415
394613478
68607928
63604152
978494798
898564585
204013340
194925721
775999977
656527176
863473795
894299710
609824624
619357859
260541213
807829907
497754551
239774587
177900492
726481240
260799897
472178645
900892066
264688182
876472906
72583792
476807951
205043412
413341176
210618275
769600251
418123700
597153303
938553695
66052838
707845698
111610594
296145678
982808469
582829111
131605537
776993299
7922237
453612869
316131479
662619146
105264970
718819140
818756688
177589328
971157625
25756945
432645868
728849285
837152719
186971502
932526204
338729627
372459733
283979976
569083370
472438806
336057363
204438937
48123037
170356399
931918497
412784794
752258477
108092021
96874807
221837882
560165815
531651544
37941057
721451142
234404457
926480704
50420288
34276139
740990837
443277347
284444309
162642495
422076203
830025707
79168710
64111400
650364505
947978332
142173191
296454756
978348309
239522243
770058645
835839123
651386791
537859680
131269692
636279438
493369148
768615232
698813889
932602893
817307820
427021148
333601644
217005125
168302815
320323975
592545394
226390036
549216230
29120427
667134924
518816756
81792476
91410615
397801989
244077059
464830086
197983485
139596865
340409893
70024980
214390467
490663287
956584346
756197106
239448101
943626969
240565633
795423820
869617482
876163731
415225430
889230278
218792681
631044231
427480420
379225163
616846823
721514792
238700258
191577937
453968320
317737707
887707350
390669511
956706452
829677337
506657996
626384782
289769457
578496497
380127960
572106348
654228805
753713911
702963332
653941155
839212031
695958569
180377005
936649469
280854618
846368235
331576359
992979464
59512779
781311813
320213412
448725429
906803286
45492121
625503498
48041372
907782771
772640
744061620
93440724
646217637
298702603
63001058
253988949
201871441
227441573
474460907
150775504
569944959
476699732
515175163
251408710
944983893
604960730
319008576
189511433
292783633
78298181
88177476
167885049
602293696
757104834
846057275
672720413
553755577
771456088
577602853
480025134
601616704
288895663
742438795
395072229
33916878
432579402
28706502
672137100
320150026
782233405
616514078
202518271
380717708
369270954
724434143
587275982
373417979
309070314
227243285
61601271
781480778
615988107
734357111
325580076
877876244
836635
261892764
840454690
911578363
656791491
851978047
66339643
611093553
909256545
722189650
613922749
448426928
468253022
174863866
438383039
393312807
87870447
504408226
981635304
703839108
343304827
661702800
806319664
340778114
742805814
745587110
882625904
32207459
589593554
803998968
347684727
205534539
326457812
343168013
577825483
341986554
874495922
419821976
757970800
195234621
108108784
812885796
97935081
294380975
470772449
602388104
462270395
556093539
461849739
927200391
689304906
241199550
403381885
853262899
263202160
219336128
355286498
180226169
59586614
62432634
8278684
274128795
158662206
245794613
470338809
362647605
437627594
841726012
629181581
199074968
266161801
108609134
275714352
399551314
262188297
120333028
328124067
790587729
393402451
294387482
983606389
11664144
584564551
303233298
447538113
719733288
646240094
908703988
302922987
710874145
35584021
67575841
222590106
622519933
816250664
82359984
233213575
436349188
476377061
746741479
842342683
630656213
645886372
527955215
473927055
841902114
523034623
397683216
273199020
425104636
705263105
449420274
423164763
636140759
891811922
779265265
917388923
9517314
96658624
706939448
912260317
71639403
709716731
372925863
339407328
729059730
127398205
739505105
201468729
460387467
848639262
478906905
606948044
310171779
929101374
974563565
913054304
860342746
788087818
714724667
182182577
664419218
622464143
561549345
667033732
311298596
451624699
320839064
188724917
608285640
616652528
793598121
586486277
50795711
232088050
997649379
545872220
412826533
464072201
172915992
689884999
380377309
583266136
570159602
532536267
317073526
724761757
961925806
327626712
935013931
922189865
303454533
358359941
403486506
615342435
49404133
310117492
966258895
200905461
625942378
447286255
436408758
315339789
823015953
371070536
532820082
962364066
70097393
28401726
89039849
698493524
876386236
878341092
93470288
513103055
121453929
223256197
771879422
933197357
472435664
990485891
640780725
527202502
863142610
31883331
333362724
781314159
165218307
277403808
536387822
37409546
885260716
755769809
235388801
642026396
422953054
426678277
326629872
745045919
262663214
463773905
469293836
382924705
794964702
355448826
412607230
684863116
457583504
397776043
636064914
699600712
272186602
552187740
110205333
725521282
204749417
236214790
749414843
105885289
838175146
775124268
308914756
335640344
619951279
924158744
568897780
292569064
399838407
495677848
437813485
350918554
383132069
103625234
847874370
43770541
701756101
973233939
90239379
320832215
289723669
963502986
921061623
544159992
69620318
936819049
718081116
927078263
302522414
872536113
131977217
314385910
741187179
970839444
236832596
66744693
283135697
958301917
312289427
903947747
437636519
730150467
291638283
34725961
247946689
379828155
254612436
555989929
127973320
959205060
162483896
236895719
308485582
117617754
541573495
23684028
306328137
122229944
520366019
960296980
821781829
469179011
119815725
123832204
971897241
544064080
120136339
397757260
654535132
117601089
982164720
682386235
245358016
233862950
510816567
455108191
80193468
480953839
401510275
758507326
36684133
929789608
70259539
172104702
910891427
359563420
243405164
206095234
500160097
372367174
15832572
602017133
583898348
67515712
367476090
171013633
614382843
157175341
399455438
194897692
611476334
543924733
409496477
204051398
671658001
658105081
616355688
49643243
536438766
732351418
696833029
775772026
111595788
307940575
482915928
193369689
530320903
48404272
408832295
806896963
773050622
665363936
596784475
312181656
675129250
720576225
428408125
800417132
935527768
921231628
81031227
131868665
584015450
422683041
597865829
600501991
397226798
217114701
632236488
519202028
321592629
248062409
179769120
247310304
189940172
802340694
95930499
613466078
152776935
942896484
48239914
813338594
796512291
538319392
380404668
901397409
470455633
370785396
411281949
5453740
652313489
333035460
533595026
329585171
289051979
742846594
816672396
658288591
69973729
514148065
174298650
297513268
142782139
537453586
873761742
621613394
141852695
469339743
143991042
169124667
395637274
38751910
873716831
441293876
612691555
641525301
439592018
216549711
632912231
699496738
810896878
364138710
471455948
182056295
633490192
239104953
930402730
975678120
268774063
461853090
246661064
690106943
822099323
291611178
512753297
108039608
694096576
742776347
151062160
208508331
456255061
887212461
238000533
393238732
868127608
256824602
348522341
965276005
536523874
646505883
399771719
353676405
525465303
894354511
503411946
718714405
216901499
591549577
246653864
575508108
507016593
940489993
133017952
708405414
580094729
343672308
566208244
110843325
881182540
604047209
224592475
680968970
968171531
621610185
84618302
301277401
417082494
797136585
772981175
882287626
699825726
478998863
944128481
839276710
889417559
708165441
326655302
899949560
563622067
409147367
201850323
743198004
891444370
161894899
889604596
2693680
445505984
371198285
867210403
463418474
932891598
386721762
211466733
643624398
533592412
643251822
786887129
508067802
99011685
419217137
900089839
522579696
261612093
677008537
373143436
206443826
737647634
533550431
383740596
873904191
645472855
672662810
926166257
849314512
81526578
310788108
422670600
715760128
612222234
282314101
775437848
152232933
658983146
651558124
747716661
514591175
993175678
805639120
632233384
65803696
560647191
690472507
88615921
487903826
552955054
523412371
869745108
656921461
70231262
484117954
652211628
8683158
330508537
239806795
192105218
573871241
8750168
107234759
632341896
941666046
373477982
255449602
628037104
819432387
380346906
836922469
742665441
324893330
802802087
231844905
558225190
93120251
100720058
533733461
893682055
815712514
806853082
235526964
52378291
566949242
456970333
689490514
152791685
227678158
56402657
300904920
348734516
804712403
911369427
915359848
825733512
579216683
763794507
207602837
429630436
523105242
322558911
871064462
500819392
16537225
304356345
303588603
405189154
667300314
352580132
908363559
653925591
795014096
562010426
487066630
554258157
625689343
623173447
310758844
75776017
313320166
411078294
630610286
542861232
834935583
16101788
595197100
63972487
607393425
714523355
601435529
564483739
127269522
386680060
98383863
45840602
365232818
578346391
543595259
551737612
412478350
196743853
286379460
469040217
305260119
124806665
654315665
960479319
119820924
803004480
615542041
386930531
586105442
968652174
884042955
925576585
349651599
48793352
782300426
235191734
763510336
802223209
659406382
228165202
85313815
755935762
243249213
146718046
550194670
779232081
964385565
289708705
530998955
380835259
765770614
357634006
168398310
935810984
233115762
667258237
255573817
733935544
623854664
624733693
532983866
737647634
533550431
998030190
916883792
46552016
548306195
975760364
907924626
260436382
166723404
776998618
961774430
202849705
764956211
998434418
753084913
117173848
406964624
373138479
916308441
258336612
617014799
750593953
443308921
521165634
564954715
414385338
910625073
10394248
95456833
807726124
620843775
495083760
738452514
240934256
681751085
802933264
619881388
418006180
42298157
259095451
441048480
228220270
435309559
915296747
611800638
365678464
937081338
272448182
382652322
337956621
312972059
941425132
736589915
98888084
107127146
532179876
493086043
493684133
823955676
161470556
645198558
566664100
354726584
156896914
654018079
221071504
444871326
116604583
337168593
796918242
927539243
198772644
167163005
972303555
999499745
29584371
265539947
289227493
536542964
938691013
220645131
812516671
419833247
448044044
676032483
86637225
936978693
842361689
967919483
795087579
539658813
724756876
29788052
751749910
362400668
828590060
420145453
803452468
415276522
707710345
959749772
795845081
541990643
703746273
587780209
828671942
475501890
321657417
940217885
909694687
908648308
878571320
833616809
592235276
879059073
252570306
117318409
415564353
690572158
578788485
4084845
881061741
201036481
799053458
869071731
700468621
423800830
806371866
865107009
573720102
593510432
706776530
683245075
105850551
153108621
243792899
432545386
454336249
321337797
880714322
100212866
982525605
425985561
153642560
623904228
840160064
383841921
808093882
571739380
248113553
262720415
699601494
760936805
485124914
97055805
904710569
224017351
127939025
750464799
668098853
59579620
319477732
591626050
536367096
296321103
401101983
548573970
202553260
233828266
646549324
452432296
328564267
272042828
852922488
801182746
455508123
544090113
163756482
421320022
298606232
193642801
681309286
108596982
329045945
756290798
839140782
287728306
71383623
998227922
868588454
943345241
28355339
843372879
827458355
479793796
675366499
159294583
646436089
22757023
661076794
637819941
377449733
457360495
698033949
510905228
392402204
101320113
708706243
761645542
959055912
24848197
979789955
694824450
984499437
354229441
116270394
171304474
113547664
513916826
780940381
323914737
532586461
30051408
799358896
745892184
352923578
150217769
545667760
421012070
829963573
480605326
399541328
62569733
139066514
70417607
693974514
566124530
729510012
185121479
596359135
116209378
600699025
163521835
77717680
381896345
632728944
841092010
604977253
581246148
314728781
731630757
437882726
126791989
443575583
522397257
237927884
980697876
516454130
634855971
21566284
629358371
330605414
693812381
666652225
500487423
967996907
412030842
77656586
238614591
255175703
571626872
508569128
647374692
439279959
949557154
400612181
506825432
783388767
63640896
62870718
915361642
416130016
466953011
273518754
820340836
612477337
594816458
311157500
884642470
912822141
925904945
672217269
751356298
123305365
342460165
405589842
132441182
186188603
262979596
672132618
82998645
729024562
727500234
546556698
587656583
999588069
907189731
920971299
891243494
533955978
531501188
334133656
976884988
276390084
744701730
434663347
438458194
453468037
467423799
84866097
428825065
378360024
456869650
829194640
686948105
54736124
762016954
285436616
490144697
409747520
492279096
180522867
507502917
536504329
250478880
253640392
776576649
373716584
884991429
224344109
720611673
232394034
727918931
61008670
326432146
136585235
239504472
551974057
953225850
237917196
154133876
885110065
837727815
729728164
521542474
17401075
307477736
659145449
241685708
164048257
91105584
873449200
418369626
759668170
337945934
921269111
569372577
877360306
553072994
936921351
933350880
64280480
310942466
865565934
592795076
852437967
742313561
360736790
490790089
429695668
10702515
554753710
780392571
189631319
298168413
916605059
590420454
648017238
364562327
602186342
661830413
353736891
486579601
579940735
820185240
885287794
596565261
63769703
531014801
127561676
467645453
517687742
299992473
814024834
539251420
834802273
177122192
179911231
201817216
813815421
851591751
839564250
753404910
922471025
851413529
260821786
983185368
48992912
741756014
768104171
351197836
533475234
793049214
75661631
321603040
959355053
490641571
456670332
676545540
623664378
538860238
309597487
884785957
923056341
751378426
686381735
275217914
230908632
149783867
994412298
397258707
947799807
378911613
936075325
334266991
684628146
806388621
766871753
228481620
378942076
968263253
903544626
499895196
513945274
954304836
83537021
337487638
246925999
2915166
180569175
892894249
342390110
17648087
286037243
731422466
428177871
471342243
698907544
675718312
519504496
435573389
501120998
48422744
337996888
430234194
903633779
884388646
87997213
332847448
154598025
469326218
208766488
776768763
60983134
559740593
140202772
672262622
156729522
10359101
870425486
60534194
301511616
368140441
397662035
114188601
353249103
104965774
252319131
377455333
641520003
95043238
288155858
804671300
8940391
492399996
30334066
816892584
363414392
396494205
757198967
440342673
827009905
727735066
558166670
855577701
23808632
414178599
968971337
701122249
619921096
706248867
681854539
757497693
785021879
28407681
591147693
197430161
257078954
72818429
914829054
570074800
169854671
283214126
124606646
144897632
552189650
704693524
605287879
536407247
613443798
869169259
159252896
998595517
50771922
178956456
208504107
577818304
403213570
73957406
289673615
952802628
873145604
342227894
395743472
872884331
734068079
604680907
658206933
749391750
705099229
237128577
137664672
490555454
733918750
155614362
989083546
872973006
808185683
859966883
502429764
667795446
74582664
296908146
758523551
908016617
447202024
568668924
310761713
229149325
891882646
996786238
595797892
30205741
819332022
18148696
482480770
387952973
203412885
948555524
288571202
944087198
819113961
705117565
853283704
145342277
843611069
512006572
56080796
506539405
628809419
840973641
48014093
601141735
521338963
384597570
935717986
708190627
853891528
265255807
841675133
944091949
330884934
221506449
1954503
566386919
734697138
315711547
308825736
347157890
856680871
348892645
112400734
615358445
412191604
222775979
121302904
892135887
573153488
240491413
999023745
707125797
904137709
911111154
170629935
503633987
203918741
87620517
601501149
988425940
498780088
199569539
308330731
412314334
243943645
686941866
631271378
704565331
455052418
523584299
673563625
985529245
896275664
19860265
182690320
462519791
303845403
152338766
744729477
873280825
442164794
658186883
225852728
545852829
708104791
289068871
885050482
869245005
312925710
487374816
846123500
455230951
135004813
777331509
954759770
262914616
595298088
884239999
966004372
817988269
234909589
280577196
250315566
100684382
466178174
667760883
564280988
837679415
981258501
207252719
684815604
354316761
367073429
946198496
653395008
660190962
650522084
89409696
394611743
741054344
105783643
624273339
59505035
826966109
427159835
904961981
398796058
301566518
240506305
263872486
750018420
29160355
949009163
313899371
826508833
717723412
906030616
935420027
927248950
496963372
24706215
547724814
851210403
935352166
233930692
126271824
795140261
441033999
611122254
116842651
616064826
704065604
937334452
932754271
960576360
968702028
765317396
17165132
400777549
717110439
940839632
685910173
121045734
866995624
22881475
604882736
862668072
587378345
842579860
467857249
948614085
593786354
87617413
61114675
911397937
858269667
717566772
274364991
397002101
409827102
576381621
1030271
218818994
377379634
856982136
344010329
897523035
729528313
112522139
892219689
236406600
740768029
257696254
389984820
226185250
76635557
436164171
396473027
25806520
673751919
200220033
829122755
957275553
655884179
639800116
681049480
412502401
381290357
892162279
93314601
35989878
513542237
56553338
344435536
819153561
328921435
819638774
280356578
802371876
958569961
823990294
62742404
69386513
8464927
181087683
657049287
514540472
507035208
55977126
808951267
439758747
359289323
917058802
422765153
255271689
837627529
743914080
184550204
321588998
169919553
400605244
227676291
281046605
171356030
106296201
103352711
270698560
883097294
36892641
767434390
578698754
855772650
260177251
29650292
336547931
224376489
263260103
303177005
955471402
491448125
545346839
773557267
51379840
930496235
633633978
599846645
849267838
818654453
250141291
283858650
525953488
871480402
456112422
885618790
257875958
782294322
253148846
51726476
43237635
92469774
433485031
802408363
1994742
898054302
621536836
400740931
640724301
59876066
727899777
969440169
715556092
256145281
672656314
419361143
584605453
457368513
276846023
149149108
48610185
301922006
173536058
273623788
820223193
102586521
994809296
517614119
675027602
493720218
983756739
841439072
271340367
751661675
363253065
883725586
740466953
240750443
395822074
11222839
914028029
992289536
118288324
458610277
14412759
999106842
709813482
991785111
750981513
252682211
849131993
668074875
739557383
561873441
158459376
814425920
771283621
554330204
799760325
250677073
755495208
165334929
53956704
445892694
273976370
833268325
303879448
28627975
851842544
469461019
326315002
51872858
368781962
777215622
924542138
109787918
626112165
97407343
775403601
339748576
533934027
251008358
788633064
56432916
537659839
365597573
390351201
738449525
617707990
528646176
6876262
311514821
1921720
615341244
385450679
157001084
131439851
702984668
454010359
964394546
550547510
274996179
160454478
534605076
142152083
278549461
842956920
928260756
778105466
368943246
532293328
499566208
38968472
434162407
50314209
524983427
172949367
21913331
56531527
374784939
319668294
877513667
192620001
443763510
920967768
119273863
580774036
884193525
37871652
792766555
562153071
113290256
152583704
412543602
660686478
728162361
160475788
560793716
45539517
862342199
940531686
552603211
478878886
454940936
630959284
126759863
931606524
710551638
912311643
619661199
913360113
873462255
300802089
765727674
82426865
311140207
212380053
980305392
345943664
947725921
906183386
440200080
894515368
697271008
606665424
74580685
640247125
192629516
960786693
576488283
92938806
566641792
352459543
821324359
916999131
191471126
429587732
706206810
585867908
824110011
339195994
133920549
661998419
184862101
437812743
787442987
29066273
669144707
405759224
24339004
522893826
676614000
834564130
487899439
325539919
413627599
694196983
156589165
569727303
766677119
31413290
895285545
530720104
652218898
314737830
868173691
126035349
860623184
800233586
275308800
139582259
596756831
496744738
999090388
197656905
588719760
21889201
433645171
344043799
889961644
106843800
304654627
663347059
435500389
247889865
351198394
84641557
266730438
302350571
595955028
534527979
744833415
656754688
468758589
487895664
896705961
981009984
405251776
527929069
46050688
1387203
537695097
191445212
294969274
685678832
176018649
130138413
483368572
856167510
454333904
891613743
170292689
849707362
605528914
174409559
621398765
190891250
101239079
848938033
237049679
342479263
914492294
509190346
308456973
348833318
807775616
36841605
343941616
693001796
229340733
868804643
886710076
923244431
804303624
798964958
761961921
415707380
981186021
528081444
442428622
493876480
403411025
689351714
170174265
954372309
956096843
257785968
485934966
222229259
3956802
226923468
220285294
341753914
339313229
773170601
745893584
611736005
957858669
968077821
625968335
724506653
797427249
602025841
676969246
100376157
816586334
186031807
907003856
879917435
11635664
561642093
29646471
511081518
599498862
768074943
523934327
235906708
104777359
84096200
478723930
47881271
54433435
474097250
776424439
407150145
966623208
196092174
870552316
201824034
935398416
891862713
260751
770979363
897948952
628086743
919256022
352332846
282321146
967201598
769813421
576730495
815007285
635653385
752340931
545544405
400246274
287535700
907549507
814077030
289076426
804201256
45532311
286412966
576830581
103086218
396333786
493013706
69640783
372448047
47267663
337035846
187024980
74127594
698240671
280143984
678402709
781056865
49665778
134307732
500071229
496150347
376601615
988000527
517002432
898816825
935121669
559032091
377659303
879333887
750483211
894141189
285409279
44550995
340444397
505302078
810364777
641301589
667032974
221339863
49036113
128591225
992940035
895672617
892837781
425352501
901490315
701844203
146964657
460503191
147433844
532305805
503183880
211668125
475622407
834196896
666627852
959906594
362037679
297666762
502132205
321742888
465165997
767487805
570710954
628797836
863288262
637186145
326201745
603390337
228421102
304026576
432918384
635732048
78346984
462023962
545715173
600537484
326188748
129665493
770113856
23755436
144258273
736413766
47529929
805059650
714956089
911019607
474908523
642031885
45886518
201071591
400370805
554434510
505370926
217806249
968884780
609636566
389263401
597270707
393077669
380227703
182768044
476988873
853319619
281680801
479597613
86033264
995115113
769960582
23305116
571656099
312630704
628309999
83912072
168312969
426228775
291759527
226122624
788390668
528504833
996523117
693804811
328918234
766535875
483211802
499331275
19139841
687589566
444958374
126544090
947920490
912554661
987334276
163027618
870427999
859745562
986207898
917313525
218662191
700521099
166315541
843973807
84580132
762092435
659648081
287994763
139254696
923092056
504038616
305785118
824207885
874255241
903443460
447676787
714065602
895384609
728447295
501737355
728097373
566959358
354328939
283945376
777814203
757151210
894570183
400559109
16873148
98187857
941844937
98235817
843065498
817093875
526673638
896264043
379062441
455686575
998025398
822943074
430327797
653315648
126132233
871883256
754592152
63158921
430376709
863065110
736666410
913151445
708056706
473078508
576202255
326212804
869831922
948300130
488949747
502311024
138722622
870736151
384831123
420901100
387419742
841365593
584351220
114953157
543707645
713584048
909338170
100242875
870469784
280599247
738513306
682051643
803071056
465167418
767994204
746327808
568007512
826099547
731252829
49596271
473864559
481642780
282957413
338700224
129930160
372797408
212636717
738500542
830275192
853450040
405661717
779741258
315448061
307147314
705293168
949860189
112132287
81534948
903286043
116223057
227480394
454504237
709426152
670660148
834059546
600844769
144323998
132401754
977718487
97412328
19953790
190224998
814631767
23266138
613194358
890456828
817060259
520186936
802600434
578634223
668556251
37859156
345809328
68604435
450997188
547834997
368057292
62382145
463985851
406107638
109213465
807541377
95517485
254049687
165388062
471992257
906638218
893924366
543026867
334107612
544263407
114990546
310604213
977244468
872201539
608732266
215674105
197171431
984412004
652374956
254278946
539968449
164089518
938368023
433860047
369532592
227496951
404576272
157947858
686623574
623219461
886078192
520892849
262025711
544068905
999351571
890514967
268874854
8654782
72042481
344521180
230180373
626727895
434969736
617161063
297206077
348429996
365852382
500522364
83231593
135032050
57735081
506621773
493414648
314340077
886424332
998919417
315408169
564560108
59406098
206185344
157499494
109072703
258415738
137026419
220135899
322127730
430999367
421083265
771126883
259689368
842002839
415126594
2023825
627261180
641860202
248797937
393481088
69760655
864016060
94050336
154330013
473463604
737978132
407701081
191044871
63907510
500897918
478701420
901478863
817697508
413375960
826081626
221873685
215840286
39436972
948732408
645894949
967009861
103896966
978156992
989370970
15368923
430169511
123390973
906063297
766260669
552053037
989848095
679233390
809833662
351625413
894330024
485031075
602978842
949850402
286973720
29284431
380913348
600008903
820651072
646013999
620412698
493268998
139806375
981193682
8275367
874202751
654960934
265741504
925803022
491089705
535041866
148513082
273638250
53234063
462678673
470872138
640187497
902163502
267027010
567949232
539007555
120172775
343952785
656573338
63543576
81058144
30554408
438323012
296712833
408111388
446578028
404551391
851174936
961542678
123284090
745324198
219795696
786793965
527423643
302361295
701666316
467118449
61300723
83932193
60169228
263008902
219702424
616603030
738043970
248039199
27197562
910639460
849614501
261213905
664646635
790972844
408187096
647858879
439784429
264030258
80594006
217671752
859028545
785062874
84687970
808937435
100460645
423435954
887377289
635293585
468342030
19565557
162400145
148986547
359615198
208535319
94301868
656604115
746034002
719866821
540397128
9569701
857166000
742468924
466406003
199477901
747866313
66335498
885733646
48905108
487703761
147921629
820473104
954467336
126629235
916246915
518417373
158249361
428924721
191845367
507722626
674052344
422738297
577443163
820608812
972014130
684749237
915142399
148110422
712485302
134825117
54512028
7206707
561228722
13054332
515997752
991675059
894793865
121863494
432084750
87424970
182445428
566462160
651972530
477048707
199319216
577645433
987131048
392631662
225600011
338848170
265172912
772671470
542011559
989487909
967050607
225347053
725971904
265875361
369986430
505061235
879874073
827304018
401925247
804646102
707548389
500921902
201270735
554646185
799058599
814147512
30142303
24953707
888340944
861162667
58314679
898196425
67160758
422086583
744037950
88813366
274330197
192150530
517182511
342739620
775210798
750159639
191818448
656948492
763165916
832611357
487645951
573318290
836752853
506257231
755428309
310218434
679204968
770817238
121479679
811671079
158887989
11594156
231253760
954867695
823980599
887230427
715135407
957336694
633676968
393150240
920770405
551401137
808581053
63510531
325359107
484006329
920185507
138624067
842689083
927904836
2683397
583867872
554394593
369940483
151264987
636125452
964389754
838833464
488712139
710592691
211983270
156016539
499423922
984139218
380053790
200053970
42338380
290579597
37067561
765998443
507312751
527074499
399135057
128685371
275001669
48884963
273815874
425050774
588794679
363940654
69673257
643527710
821216875
544132995
804881453
368910174
98917394
177741298
503399363
477118420
916029688
37984621
493318110
724261837
446170722
826720510
424042955
148078760
63920366
654120913
387793728
152652746
351228678
795780018
220231898
991976077
938216597
497406797
534373585
83725506
879884290
974555677
636177000
743198344
384017796
625015760
896324239
666383805
754720886
268200257
279226602
864041525
436434926
496688693
742218523
494322476
115576262
927832793
879607616
586112056
377397153
397731413
637626659
538797829
114318773
35124961
902643849
473095284
992022091
680594847
681457597
798791035
425433325
313977294
237884595
307303122
552466187
998193393
645909280
152360164
68034041
839774946
703727622
42178198
68386952
639761204
144331987
473196879
572908332
871365699
884078153
50577685
880599684
710909391
994231430
17937832
99350155
951712823
731861630
631056482
129673167
905079146
264012035
486517154
46676149
731086910
662172046
140318106
895742403
928225991
800937722
765920938
316823427
512317157
808914780
25159511
568195786
926051120
43878524
238887270
345604206
58706101
174445857
920555428
368478686
722612898
158819655
723212453
611994708
843675560
111053190
395926787
946420641
697851245
573380923
467132091
352832997
206163294
974084240
428212992
101158964
129870572
821095565
232548222
142478527
873623047
649352978
848597090
631325750
773751446
606089491
986161855
563403078
562422546
728631568
589600513
833565228
736472592
407315636
246690788
589426030
279582540
560931201
262617508
351706776
948825727
76062177
290392689
497795283
520749251
157853305
556193345
808915832
693442193
988041429
749449664
932301609
541935422
789332980
257555035
599261672
809156102
669878651
526984528
128215308
735420875
32542478
591732881
910752875
909665719
719402747
203938948
882620241
266351003
650574580
39553518
747167587
483786391
135582538
161798766
212641778
147167748
744033753
712146317
652217625
633201131
306027219
879943297
848810623
233111581
866219809
518903917
417952731
171682818
667036084
429161198
619922244
576294217
740508261
88855076
481151094
841774829
118112366
764222047
182019883
190897154
50911092
892418240
103723052
710936983
318282296
208286537
662213729
674089177
574473629
143231803
614702377
281512376
361177439
220343038
175503117
922530072
408780134
112869712
161870579
712657018
964108688
541220323
649571188
985288925
456602575
774474630
130980618
866692095
189998380
371994310
385022729
120421215
742504414
707335581
367197334
548780917
572828119
91785558
423667474
660804617
37365509
653487972
127954140
367415443
834316053
902613353
447920372
664213977
954701751
560116115
277217995
725665144
286950650
438956638
47785638
401225835
638772926
753508348
272764217
292204696
724812070
814159443
851459184
93262836
409319320
780544962
308097901
10914787
471574057
472801436
223766663
26060233
657590744
496626341
318825712
775538045
753168268
478263348
621523269
982684245
321709963
158387737
120527299
889240746
621191840
958398021
925593717
951014640
478587682
408344856
440639092
97370245
398172787
918800311
242051363
565233697
768044194
806605886
399838407
392287206
325928668
153973337
129245754
324945289
983961261
501980977
572334280
834101861
470030890
483562751
837874588
320166380
713397157
778329897
765931856
419180189
585844706
369109475
780111220
72673284
65021913
807463752
598298337
770323731
47527888
813365788
82881032
377389247
102370713
874750869
989112823
863841592
811422022
767066365
508647037
781877163
714197466
900287381
766505540
954748786
364812980
229166709
581554999
583572744
316593408
45656928
206852707
53178555
587922951
477046443
824882036
69950835
720786962
978273710
193956517
357520970
538787498
599709436
332028937
57401736
787514474
175987189
205652665
593918703
357006119
148609992
543778508
376235537
338482118
893370223
691938379
970183390
287974891
297769049
649103001
879427513
429338628
70337062
295294966
591638429
275569535
158623373
105892729
580202381
858015066
881795662
184229598
703023674
791035706
597225388
54966085
913444288
162940924
112903622
593256549
769562522
752028422
519547323
9271941
989015524
84428983
817958919
982350756
852331282
296130949
177504905
294218400
171120106
871645305
369485898
988540036
638776745
951540438
630968977
5087555
472448452
622751359
847039716
372756903
128572802
483182499
639276178
928885376
885435783
18950483
87567766
961382507
914065167
904900651
809155025
556255856
767223457
980783925
779091778
585085190
935716188
75774242
39640497
247756519
293425399
22368516
755065785
562738140
748856334
422569544
236957858
344166719
282137713
930975289
646901068
208477881
254598715
583931843
869083292
149619498
905930824
952397244
845259088
920577443
159993921
751661167
109666477
232074922
66162293
749171102
381275676
607685544
314234615
782291234
599245474
3494313
779329847
164868383
543994010
561843100
969558518
211085120
758879960
135255196
64649334
661292714
852218012
210453105
77251941
731104218
420821881
998867221
884868769
16479734
908745856
321204884
302220068
933923441
611073610
291504896
569334559
356715967
639836657
11704724
574234366
603874766
989608558
538867214
345980816
129538654
65878796
290010278
337245877
673325616
663303788
276389545
177743989
397315856
638349951
915452395
580646172
848703671
782263495
86495553
892486521
172548019
53856205
396079939
139516315
660369842
177134519
493278453
431154542
285761890
466041288
785169012
641096577
300546396
88965583
394132718
216494158
418041632
8897273
472819238
652001002
550020103
837190803
329808468
668983242
966144426
813709773
96744074
191318885
122351966
650393953
847567458
407690492
401345954
148856808
181480025
305993235
357625128
845740275
403236354
723302571
702226737
560492449
390138959
14278511
212046209
145558914
649344732
720951938
136191408
723758269
247937446
877546142
990608055
422442336
451762767
316517009
159382081
798327089
587667453
614896897
29595703
47890851
75881914
268953309
218758796
749329509
643635220
268949358
701847839
149445625
985078288
269573651
452040325
917236183
548609421
917549446
383594272
779607465
261316708
757017876
342850963
836303336
366429604
32306317
426840392
84631374
286595126
104683571
638980145
488533244
484491469
364204225
406546283
393721964
984069928
650311853
138719977
157802449
818674134
758694620
365684736
694458638
492690726
856608269
495147266
159255454
935219863
418825663
547167562
435509515
336095417
995409847
555733373
780042277
151416729
425986553
948694432
970136668
300745005
283168977
845608766
134072482
51704620
575544308
304126095
429807858
936917256
639103528
673358590
346682746
504505839
514558053
737863652
44188993
255474902
701659538
264908360
435135175
780238142
823593577
229429006
531957620
362427816
360731750
898143960
608896125
363896481
243960929
646322819
262323226
50810790
314772471
392688509
156870168
375389311
598434434
650949359
991039854
164431046
442231136
924796274
55670064
727769128
101345179
732976599
508838523
422336161
602201336
327554170
11756592
358393629
769206563
956716703
484500995
452040896
10855018
172722849
133107752
220501827
513739656
172827440
729230988
103586094
874076750
479203588
966518999
385537268
322330147
989732471
34339696
40162931
745668285
159330650
106934991
426192427
690536590
399019654
824607173
17013279
94330670
160393005
515037688
600684897
862380212
838062547
257591862
826108420
268639933
534365054
934421051
314092806
607046567
869751263
860752193
893489173
442268920
390376161
671775048
458600120
563440534
600098572
596998242
502679027
137614495
781904929
194777796
839642854
593909206
282926632
695036881
660989184
410535932
815903663
364810392
91204362
124866022
742681525
259132328
256183746
612040999
564436515
831645458
569264956
342987817
635108761
58926936
718679175
390367684
210989854
522536087
263190695
587572109
570566540
794082100
194726852
91126654
50779045
363565739
142279130
261430459
18968451
206861538
142292353
2342616
280541401
166781464
775159047
488230767
753992014
429397935
137529452
830435090
720551837
238344234
907916520
808322997
317591824
739699496
590137831
806575653
600713041
515786261
926225728
594915934
314235040
696673154
385564026
740624527
396326202
23502162
933128886
158314146
666983481
694154614
79423127
649044060
95387969
576821725
49542885
220644153
404040313
315459467
587320547
411270836
267246188
204614258
185998132
257078433
748120384
826041253
952147575
87941663
293113590
873088630
822866788
272819831
32889657
238858785
67643662
98950667
876428381
863858873
331936297
844708751
469183102
579065323
29174735
874774003
602203890
61039031
680460897
897115882
992324882
858645110
557832503
666356467
197768133
704388622
626147256
517894202
818614897
687516681
37139711
153328183
521929360
223421336
712628952
86594315
251456503
983607422
113677387
90921593
61286979
852730402
269136663
480131289
755911219
941977608
814178814
996116932
683675945
90845283
451621394
895772436
284428810
529357699
374452357
802706395
499338150
271160234
992756404
749226485
359302336
804488583
658128097
165021801
70320861
177444797
645244492
252807645
716269372
824145087
775319531
560219483
879119817
800080613
465505764
775664029
755082511
755596403
818506815
743856765
170763795
494436220
209307254
675779810
634828871
956895882
429309646
550332148
35583220
951550409
672821342
181484075
572051669
369093893
642743479
796889064
475298432
411976752
338201477
335245145
179261708
692431207
253506743
750653634
384532018
934771921
850225813
946496556
213134715
982442514
893318236
382712331
112894384
66741520
410816705
158976210
273235974
167460547
979416741
345081179
691455728
514528931
787095746
159213486
354590785
218845439
118803446
954322238
811893131
231063144
228161514
9368964
122469821
45504914
752253165
275663284
481260469
883661016
52845238
821812566
310475981
18926065
265254839
419757027
377021785
205575978
855996705
692599607
560165815
601518630
203937169
805972131
728124061
932205867
660855997
597841494
182333015
333241176
318671519
534990826
521590034
967266530
664175244
841229405
887920406
569035107
715600254
973885531
535413550
37146789
196604049
278335280
668641737
516033176
645048382
374717195
749331890
276194940
225062192
325352461
379248241
347861307
131529674
435454249
69453464
645838939
896304087
969129982
580337879
335454520
662513581
424158350
358520877
780351753
539185739
893348827
644601305
196821744
453990667
467459321
157861697
584174
476055249
377623811
646456424
223864907
812394012
67599453
209982455
27489136
740873282
30078538
807821071
312635466
277683473
398507788
825261091
829875712
249323607
207987671
522543132
246501433
626604242
760104715
165647958
187685405
420107883
421107264
927343866
991082545
806174913
843823293
140587176
994587632
796573567
759732179
156724225
822826258
403589269
299407051
299400836
72705077
702617168
56638991
455288062
978464813
109527814
853505677
595330526
624084788
937898490
997872425
924274176
882848263
494793887
504955192
796754194
567041947
38044984
40641386
917200900
680997996
899183107
350419778
270602110
382724349
419760771
791173335
882528505
281773650
849539072
491632490
112348617
816540623
839235984
717658676
803285480
564860464
515687659
10519374
937101736
280460106
431653805
895368087
183013429
538942231
5454568
138454495
203159096
534138517
881714051
935485583
247727447
24935854
790210845
812869555
645044838
866218142
776188810
586912165
320886572
298528460
195428974
599929602
98389633
490298799
517255059
18683549
275656317
543725919
472015205
489953879
637733252
242292239
386231052
306633875
761192499
111337007
796316315
334423943
561400365
778977519
606255437
792391569
70830268
368846427
402058726
673401160
663575294
665101387
379023588
594752665
767631437
316446746
694872230
42133512
384288609
752204694
316556848
878734728
736409817
455212405
172026791
871663809
947783441
726255093
894529244
335451278
974282391
497898325
172238496
478321775
176490256
205648779
71803441
851966646
539021081
924801455
242642483
344227418
265254839
419757027
209347797
6263853
34652072
968127165
221530877
862560069
948857917
812633346
642152690
694984164
337820462
457494114
507261290
801926474
204589260
223586214
328931969
356269777
30706402
512525103
239958246
661790614
444260701
308046495
111562665
73620
327352773
577166180
639076034
92939170
501020432
392321256
945730364
704789063
511371636
200594619
451989732
578603856
595624989
55635953
528039110
206121454
55927343
956837485
136783193
463651736
122585543
614693635
674247281
103517940
79502447
361356336
750669148
894041164
587115615
808877995
794232008
407759622
629000065
439315712
954527146
455698925
341901
982743393
385027415
278990541
494927511
96841848
957705803
79243051
560165815
531651544
37941507
721465092
108937839
737544250
377888536
379093091
523047647
46286274
909287499
806618313
960997047
214570261
87088281
565046219
841486076
430414764
214698953
445877182
388171377
824600518
204335781
212577470
841117507
922086210
628285470
377714411
482289403
737649254
793332059
763871600
440646470
143281915
299334096
787283891
670682171
355003889
237122812
96829676
540217352
961979062
15577632
102753268
856983050
24093803
538602977
169142616
373148958
772085837
908718961
744190434
803612747
620219503
849804486
683747431
622251123
490438370
548569768
936084003
104653441
792612764
816078700
643308650
831574374
638619605
357211402
453713320
726882984
431758689
511017177
440362397
881591182
697778825
598818207
326304506
129204110
224121675
998067908
454405086
952240412
554140218
503818302
799534510
577355472
333374768
925877876
670122736
246487678
455571179
705240335
470634926
458338679
553368076
212145269
303771722
824715643
456525228
352393984
651139934
533331824
720805726
376018302
787131051
471414042
758682705
645755193
575398501
172713617
50498294
178320871
316196743
659582150
184536627
717877261
125936415
401554073
265023105
598755264
603636018
520793501
684164602
404533449
414551471
503770388
428307477
188243189
234415793
518170080
247308279
108823814
798489613
67967311
332956194
78259286
733070680
723567436
73584186
248264908
208608150
256939180
188090213
530067304
279767078
464090858
144145929
937482752
680803423
49802588
743993189
668820394
133281587
485214892
62106050
482366910
893283704
520986503
602345551
480882426
366309886
552518160
792422164
254177333
670842080
38932053
661401360
687318846
452430104
356449519
668791436
698846004
330451854
996694981
244970714
342501938
844257144
782967334
62797466
518848144
95120032
992316112
106778665
998581240
522940209
100232469
855063864
364462748
254285711
580088982
194208559
886018446
338424581
719230350
693389491
560397718
43142188
682276590
292787120
999420135
839618207
262960910
284887284
133073146
168879539
583220866
300103622
111389170
994788889
892909740
613759464
587059730
867745347
691358012
219377224
922060314
459263120
472370513
332830445
403247001
32121033
824446941
220766066
188710288
930227851
354938005
302640720
876643405
510170305
30541359
131934804
930739608
821111180
873114486
685393782
342813873
625609973
641694686
833567074
48502633
307763717
107707902
683913618
112249519
907359336
247979144
548391715
737533363
660561425
808121840
390740447
36471153
129083768
708897915
663744821
354678599
197329675
57511103
399530078
176693984
475993230
6878562
654694407
697845552
363806062
975919899
149485738
261551019
286663923
744171214
302294108
750816088
198609730
353758541
549542386
277392963
470923521
889129383
464254157
843181723
687826896
889667313
430848270
427062762
301184261
209362557
835208034
33558546
801585468
720990540
832586923
510329315
818588794
623926493
79205882
9947117
105677030
558359189
380935224
414032183
706739305
489470694
678431493
369358538
33030787
590877020
771575737
921963458
372569065
958930606
598586819
188558127
461523755
557601479
241350525
704953393
59795011
551767286
657201881
160716015
462921988
237950268
164597754
345498486
961773603
227496271
504639187
306819138
97300175
371887771
315194119
167250714
976467183
720415379
215082569
59998441
677197485
538399499
356643878
744842534
325147002
363096791
311358159
350245556
390508072
803778482
749683934
368104186
29974668
239558293
46101892
446788728
730097665
332496841
307895625
546170488
637907705
499826070
949268684
70531330
389299046
688158433
995932832
684820525
205906003
712876410
100755680
984441669
581473336
246592035
663595829
29271307
909507439
338459695
715733408
359575664
738116989
89664384
956398224
97066428
845276541
982255129
140876414
746867237
497566060
50607709
755866141
808303763
865586944
879727916
865653845
621836131
681051471
8679578
663574268
908691004
760697910
348916634
622244089
176734937
920586514
886697048
550616860
940971183
306231970
993251414
6051962
974277929
543749006
992689069
394049921
73030305
1443767
438518771
980020675
256784238
451447701
613723564
370409785
916793014
557391479
944673642
496504576
249217939
612690400
216478113
140348536
50517967
354196482
737326095
735132388
616054869
701601431
269409531
226992656
458124622
964800404
985464207
305032836
304581975
999335279
973335921
568472871
796167366
18620161
85759410
178407190
730745912
786595996
474478332
629982979
297857284
218621155
399493376
967211004
914177030
909436340
845417974
299599672
857703916
811793639
467789036
370002151
464009254
376779271
903129787
591868153
914834645
167281550
523448859
220853762
995564381
995700629
177404032
756601912
399053853
363054909
33398097
801621778
35884239
858785053
819210487
981996726
511560425
138043605
769218897
796376699
229408552
35236710
929228649
516283304
743592024
841045011
383816613
686565849
967652167
783784328
454751072
829652179
67619063
516877576
689760784
981939152
7135547
568348483
10603164
197236799
131011130
847912757
370067334
954713527
819205296
841095830
692617975
410345561
145763495
376244527
2359963
647932841
674071403
276006448
277716009
366524595
922894995
314606008
300125374
923516031
485466345
160660847
280061693
165378842
30618470
155436034
154811074
908051420
740875844
921698121
566700510
793054979
350399488
973591599
113804683
784977873
904210344
875773931
640128013
715821230
783087109
727003145
251830881
373679280
932286042
702668252
844954029
297841233
24741279
828727212
963682797
859046343
979346565
569239257
428651272
290183020
75596657
326535955
994355860
204026090
547781213
867394255
290539780
139829017
808251993
278787295
797631359
821561917
786746153
938152645
974775889
674409397
773387002
587974791
754238030
167946477
287858448
731688953
255466035
274959661
297568996
487697508
912668874
100906543
125606325
826359302
108385781
629297052
113141968
127195730
987770670
965756229
16793979
122077310
304255304
237742283
596519277
97728632
329951723
16742533
142153539
489185443
788076361
590976485
628220571
96536720
653840313
964797236
986764250
678061727
165816026
801375691
578333477
819812070
972629422
47953853
58806438
86610915
801582224
691790312
509489749
400334526
837500950
854473547
715387078
773246600
155637197
162736700
818072809
583232604
279450763
8574313
808294729
406046163
107307740
533293876
584094140
629574499
183258622
25882957
139644902
293883041
790614800
628419286
703973214
231793400
680085714
427619770
670864348
959000108
237494464
272985696
364660674
199765389
804689751
578099041
487992577
211320715
63340677
311789430
895034772
260200129
411073059
932974144
190021117
801308519
113708030
323034946
785624997
844904763
299308276
385181548
438053212
187956803
317797367
252840417
619960450
351869697
772122890
698403056
798316449
841045830
295396397
52640043
329963278
784705485
527412294
546643748
41792107
83788179
66531392
487789930
488485380
102158414
955150149
448901204
209584352
668240579
604537316
527334521
206785255
32730133
116711362
501542910
405312689
387261095
256210010
547557884
587260992
889070399
583430647
687247779
381184957
497065414
148705284
228720205
93481159
260682066
677984967
599448150
927871960
989063161
227880188
850960003
511870076
728809237
991601689
486237328
656273653
516319708
920087182
314190338
355176529
784528865
792948440
338636440
619888518
294323569
548982178
723306647
793064779
945316244
416104220
774521300
943827443
60194709
362125926
14154552
504862784
873718654
312152547
970378388
426598761
113547664
517532783
245774143
822937500
181866953
157641168
335145346
374033243
18798974
629894180
415508660
175325815
32659758
595463323
305623802
946788294
969181869
721920549
987818790
676744575
88598218
237681104
465590516
131334462
623790857
113578148
989281683
307245891
187633478
576693083
346290936
438886818
370282128
265313655
88939573
755620683
37114147
668458919
771054984
710781784
653091552
780960956
271431259
317554812
715940653
542584500
906800589
677740054
382199148
811815328
180993909
175105182
48148703
919749326
853705859
301198293
473272560
459588703
738146040
487714194
776370578
270208773
187813553
551288864
447672444
100990820
2456915
226298694
979523349
631288895
178444553
339858203
936495759
923718646
336707240
357907327
929310052
644926521
70727328
130508723
791793117
610937602
875824284
114909806
926066225
579905721
310780991
611568963
750423569
489944304
533142464
529500401
984610134
738161765
121798218
346222587
505572256
630490551
756775314
25778809
369403465
852614014
6676448
453865778
2113805
873605451
951758204
365631750
48177052
87956522
598493675
149161541
963899704
846651529
66496314
269419764
174074476
250916132
250943499
904607579
900417505
749265263
818388306
704244223
668395330
100053344
762397980
225597322
287255065
527245309
131171853
162163065
735754557
976132989
934776046
858434010
419531407
580593999
870248740
110916930
891179596
964570437
771404750
84839591
628338848
827421887
97048141
575414976
132290607
394274775
515786734
122487802
672211836
74964060
220135688
117853419
836552062
631142467
500880480
654630401
7638458
843983645
653818822
562809653
599370025
862653975
405184105
299339904
67676204
247467002
226041628
670301477
343868667
448974946
270028530
940998523
378983427
494619963
963508820
65097203
10399035
979250019
705174891
950910304
212103420
446947285
702525282
348543736
562201102
519277012
717481924
211267058
278711805
497665213
878985190
561985005
296832269
177591102
616531850
284868981
711370969
13735119
48963844
84917910
337155899
796701776
40857674
946810654
951417164
703520855
475249305
563572076
487995334
311881085
322148166
978978673
732226565
251620948
672084374
763679278
900985347
326320253
857288433
669332240
306220808
412827469
940587018
313599070
23714879
99896474
441659656
429400048
86470562
343495258
552375303
15578336
766549359
946906788
351764462
476938883
918297795
900783342
587305909
778777142
589058030
49033168
284700635
170705075
726144438
406919421
628669726
161224801
109286862
449534150
996017775
499485356
477988618
881718239
988706865
998129981
251758108
314162004
602461939
302488231
998567452
507902179
135001531
389616045
751650037
950398102
539481196
577674944
676406251
118037740
154688692
235539354
594985905
381321614
539535432
948573985
987790489
929707721
580278889
744159557
735298964
908994413
300755986
928369440
124416267
489670730
246221622
105413743
81243114
532811359
194394907
694569617
42844697
369482853
36984556
885241667
627442054
141986043
992826386
157432640
553509275
781875667
349453155
42543382
430052393
849657496
691898816
220333952
321583222
492438525
137335837
473836662
168872906
839993417
805568078
770582707
760748476
463916293
453321763
390267111
92223005
801864606
703983332
934796560
898680337
71213491
392335248
300435099
202308033
319037616
458511354
2022465
296528661
966374246
799671359
360082463
477693390
596634629
124055407
415775488
454024197
271618096
620000586
213960909
354260033
790231440
70282911
312295344
448973315
267082853
71354005
831874792
665670197
951836306
2447264
276642371
663810191
57435237
932886813
811435615
368453759
996066270
438566998
718739891
152678113
864703666
118609031
899955988
451374698
990995471
429083961
874711418
17588920
940487481
153491246
109746558
921908397
452674779
34203602
196966297
516022672
587868042
292303823
832739396
734885479
842589970
883226084
708157612
630517913
337840766
319257084
891010272
762131565
230532836
347178340
811152951
181115322
109035559
777865310
249858335
968584409
211040889
58983282
703761505
85219629
513546783
871525635
85301898
359818620
729691100
617714878
278344296
883864549
622776481
342501434
413936948
384356521
614959266
871912441
340592546
670249312
148382159
255590331
860170044
83290307
673738833
903088564
128844596
556286973
43905308
656566037
874822646
689440968
128844596
449375202
202026370
50956699
421368363
481590550
893570601
875249853
569091767
680205432
948032831
221129185
77980417
100754158
592878216
563098132
67823195
340592696
259503201
693908544
844464451
974763445
395672788
996141909
352943627
290158867
207625609
151853633
518609618
681937446
134109991
298223233
68955867
929198258
586940089
778055615
791355618
516645782
13606466
562613821
438617170
801600824
796634028
748705285
729722358
968891033
372092528
482937588
968162178
804093182
204630293
812935592
989139385
370859501
354850121
326141420
583685079
88179582
74843452
405971945
579069464
987579115
206212444
73170198
538366570
202717007
298488676
664046239
50484168
559068210
523460710
166109198
858604165
867066113
990256829
907563001
774583868
3992422
925962615
224700728
744311720
390589966
48063703
725300139
199010596
660464817
782362240
374556095
956108185
661678923
189302386
601615286
290585895
985565100
139376358
655931276
295579038
258579065
847211622
331692456
508980001
429132697
717658893
119260409
747837299
898535301
945588427
741168655
764364348
514333013
98550010
483072513
307212130
856875725
62098521
777357524
706509543
651299538
539195465
776775045
306648049
974894609
4616814
821468471
5701365
92843065
140778191
71023524
263524210
117226737
376099962
131545617
522727776
225355567
463537548
236204664
545320394
790533534
690149384
15364656
43223357
99252577
693222465
13010024
195160396
44008121
819348003
160667600
678724161
592871373
527689219
573068126
11893269
649719193
702234909
464595132
396391509
83261779
520183319
533320003
93535816
390746642
992343126
761016418
207803495
749861255
853092025
557697424
937030899
224851108
465039674
906811593
423846987
830556643
947359583
125381869
503249546
548500410
995894724
388230752
245261400
315117109
7025271
215281525
666206126
950814604
553299263
760415673
799596457
433260751
209672499
911401793
394265441
792223440
502378134
484092308
322096605
978937217
453572633
839337446
882032388
279873858
359711036
879335168
828495057
889289439
606509442
738159483
212493849
864880813
657356921
314444538
797854444
78353276
518696172
672682723
198144657
884357433
409116079
552798147
248228111
328100145
873189908
860559245
53338070
220399182
850511339
125202409
960925687
850825293
499000813
379801
847621477
159532675
157301976
651517446
772203780
828900842
842793459
432980975
720079379
569406127
948477106
621493532
897050239
289077789
946471269
101680280
722348862
117978830
383482166
285709839
851974775
364037368
186962278
792272426
358420760
62343833
697498831
579352367
274758809
37288371
640682257
200598655
945249485
631398182
222652847
683932913
781588677
84486766
146106183
111138031
378939824
402295431
184196763
933169909
374722772
282508822
914498453
22895951
411909407
884041345
397663610
684819036
340250339
32522756
259321352
32904383
224380477
713889473
106271653
888735239
41928489
521314736
370252347
868936173
950392862
832737246
260652491
649254441
120826760
297212995
876514229
806224390
182529612
884515959
170328882
665091803
579168943
605574589
10645268
556101218
656208330
727988166
247733428
458420296
566966684
920929410
904928636
676147174
974730245
890021654
908756735
581105912
399988144
418206106
187458276
87299924
578039148
860321697
719047964
78622927
946321780
144052069
271416933
629073125
295922364
967399045
509135339
860549529
548777104
957628944
256754161
223664553
716714585
182798747
662494969
846499845
288129603
919196912
22120475
412869631
351269579
362531526
805509972
193884338
622265890
62550199
796455850
547730464
720680579
537967256
701621015
604697479
356568402
254281204
760948062
154473756
979521529
30266968
936761732
287399125
264517553
112841807
10492055
103954341
405323216
652103404
233474194
25932822
244137676
838239780
604174688
155794876
637295455
403981046
947188166
585914532
941621283
958004358
104047028
844202811
42488791
814213765
180520517
87383626
472842016
679382846
232361785
943907175
606102824
791536030
944748809
416546914
318729177
726771495
576320017
108634011
708316278
287211887
195961435
145932926
164506465
59175367
580099890
875580953
529881230
12362310
731475149
430574581
820262407
99932226
669411819
143073313
305773047
354261396
768782034
957938795
671734748
948027
952783099
881243017
933376696
166388081
291241088
780060482
118633314
248004569
351148553
230568597
790573497
977015475
632462781
793079232
868138279
569607795
82892585
803258815
605082420
375151996
208564149
255612729
146944710
780490124
183193379
844561820
168484511
733900283
253922929
706319761
558908294
818767527
72640050
646255354
663206675
51678109
599740037
374085760
675826763
602476917
450603842
601961418
113219356
394257870
676204572
894912496
178566342
631392013
230559375
766191474
530525029
892102001
753691818
95439676
737329613
729073483
675608803
658609899
353763964
827370700
267341509
457991708
73007571
508713236
577086636
550562215
495935377
280039123
251579069
155379759
739835434
161720306
58400928
491095974
365053349
309132500
927976416
378656296
518756618
815275510
61794210
671188218
596957448
769621025
349387904
535950176
422899855
29866403
210662170
289853564
541327113
569280210
859147134
541812125
401822812
121615390
751453619
815006279
324045124
906523900
67932024
476133746
528241411
411667422
142350149
188019023
185654323
193147729
115011163
37906663
797211018
210360709
651780695
6335968
53897638
825578625
969110363
43552170
747880113
317493918
218423913
559280936
962608666
205388704
711918524
123673817
111800230
243348813
253858225
489510131
585631105
725601337
811717691
369365077
307800272
571135458
224408849
722234248
19580283
605368353
784210755
921821032
670727407
645843413
615866683
450392336
633273073
209927595
113387019
270007464
575458494
525878938
697073516
568018931
387210845
999017419
889504147
445146083
546558731
79759966
938951237
292133233
569036179
596739580
456664461
501467340
673243081
785083589
398824710
983427017
56678710
893786903
223935404
23603096
350441319
624452904
924961901
371663046
95371505
828369635
29524013
506505859
432577149
287293583
250970175
265819626
427135202
116489459
439869280
200430822
634034468
541738363
667753230
961430849
362284316
281257821
358104147
723529044
289988600
691230578
980569339
16493926
925801677
197024073
123081817
673117368
604128266
61470869
250559280
532733938
451510522
783500294
388372360
831042034
404904408
119058645
502139805
276848252
644048837
34913476
868996604
378840639
680818298
450347482
453930920
515875952
359223557
706345443
639946624
327349143
715535193
400381177
880622118
176240297
383320539
113180046
635172944
393183184
708593293
725637470
888219018
326277263
678396112
988168332
504959590
961068250
491249983
653700390
188102056
322398111
692867089
257579245
118169825
54487216
622412801
135877784
69788680
785445281
127506811
33901030
712549522
694078989
829939587
647602698
70199327
659320540
404927823
722351712
796936635
672128237
969074359
163516168
548020406
308998136
321359576
453382669
676624078
366450875
939798055
609513862
628870478
613103762
797268852
767903279
102798949
268372904
177042768
954233554
961031754
705989749
63508234
776946506
90903279
606141482
579344456
512082471
496655627
553967233
48281084
189365393
658466989
733763400
856550495
152072851
799299832
650036480
546361093
50781430
190782065
316221597
674611144
49571269
467150389
994387881
137712941
556983333
412314879
375249668
316303071
472369549
141385754
394483492
834153611
778744218
980492643
236223279
960867883
2151984
528034092
356969153
636521392
957565747
895999679
27675134
154532145
710467211
919444129
120969577
513097308
956146885
352407645
42756972
635776582
917093307
924492510
961035146
517479583
206578618
590570610
327964583
159287591
466787657
404616294
608598858
958704792
943320718
421191296
548066236
459312670
220082437
30590409
13210932
217616379
867574185
860339268
420346164
750031366
122713879
61673680
207013434
182732231
350279747
429236808
494625303
121630584
389628998
308523855
690737401
715014493
748463575
392212574
307021851
81398777
91148055
812283948
22949365
710994425
371943366
338421341
151273055
283274291
529217119
277578009
815963945
500927081
316878643
221100333
632699655
747949966
571603394
335266201
243183616
876692551
803982738
347126696
23671503
85454067
874067150
914765220
120529412
551269673
964449720
874090470
846104303
393418460
961008307
657798686
220950588
716995515
102215018
700220658
928629962
382336444
513769535
371900201
725279583
103559831
464722110
26273390
604687451
975116274
464916572
815500456
259022085
898337991
260285022
885284048
867578413
598752925
906209516
957810269
139447094
670898647
252054286
304819353
847272910
539924252
512225451
665556016
303462462
927330312
774770131
903178084
790318366
233706610
471631531
18802826
371137590
604351682
630879425
250019735
466607244
322418730
751649222
766099676
212561609
907400527
474285260
796015020
262019584
393225976
687826710
889661547
699990322
751579249
364750513
973819387
533375626
778474186
84949064
863744278
152953250
520139708
495889966
402557040
924318101
386546691
302097925
329299235
235441370
896148635
205652073
159214599
530373701
409461159
571562779
506585847
467497058
62669409
391056061
382439428
727457093
333788075
110214141
481531214
447402410
660805977
31182072
458495718
616465634
508291705
859751903
987234909
199334781
19788123
940630726
123816128
419388324
760283819
13743287
553225244
813007650
771152925
269670826
926718166
182469861
278866222
849080909
232476600
81651941
161527790
301258538
147091742
297345616
400406120
311600519
100412768
888471350
916586918
310492317
578018590
267087585
619809298
264574446
70449423
413967133
962838662
182112084
539547896
682388504
638882830
747131314
728086125
503540232
352465205
714560568
455949748
471388091
545800177
65949896
605056295
231157988
341530442
251984418
125212887
669738736
345940907
953954689
768036561
323912886
770867093
507876079
72975557
928166422
118121180
690514698
215234313
871073085
603632000
504264098
589877089
504684906
433371802
44644073
386056589
539025387
169700531
217455588
413590078
367806372
148436623
169274095
713434897
683404241
153912187
727166852
517354842
820261502
244091265
413213416
601310872
432086066
132054875
306032749
427306469
820120321
990751702
939294692
212127164
711076740
108379867
97265750
136263318
707621773
724414283
518595672
938823984
330990368
18047655
24215192
898453513
781633615
9475085
638708068
97442761
969250456
114880402
313297455
60736381
955708255
475770048
110163669
208062246
665177190
587773048
675023656
148802254
943491599
985729217
694049535
103495142
74278618
797328815
598435277
92930612
998971710
708672023
888703932
219337672
546391292
541637118
363072955
130678888
168906887
530276029
120192248
55367076
777484682
783974457
297150616
254797379
696694793
369085539
202532443
276885258
11949782
245827264
828568452
687453543
930965833
90025727
941691249
787149518
210157472
862942450
14623776
323740121
958990056
803166408
1074941
876876840
406154282
541950466
595773958
608287600
254778636
892079942
84217047
879069516
123003362
202287177
140276917
607802890
713630836
120883794
643394781
7476580
755585798
494956603
458155655
69521272
207878638
219240378
790394206
794882095
208263750
230751553
76707818
352220453
662225787
626262465
597523737
82488422
71471492
414508084
302637105
953970074
172573670
224730430
91745561
368413279
209044546
477498729
939824547
504209739
832771492
25408428
735637071
882904965
276682039
363821024
378055047
795029597
428044701
475216606
592402566
195851148
201989794
977146815
886361855
280538388
151197261
367158078
948819341
34838883
74041263
53657782
440857547
889664618
961383599
594155870
878413528
406587606
860842049
567232860
633711562
440857547
889559591
986261861
362257058
539124685
888633580
38776696
725381607
485323780
554477815
287464128
823002953
1883473
296484123
995883070
105213262
871704562
356144677
73115868
833510920
644395624
714687993
946535055
703099098
790014160
100447520
605840528
774999085
170987739
433719178
825042333
922455418
471183636
126786601
19221768
258509965
667667785
528123169
140199755
871666128
370559692
10255603
96513235
214885777
916535811
90063270
145560019
384102250
43593321
721776418
514474918
743188011
836800648
195852099
205001276
699908841
663114371
554043563
919816092
272680521
324837646
727192629
391442261
867990227
402352183
992782757
869212745
943974689
815526238
38544786
284703150
618099819
652227175
843517092
372115639
215627728
706705355
14912362
607143858
376143465
323358565
372302653
226962893
48521577
71087891
410828421
201732861
102282831
560614224
602116222
626369168
778878068
933359588
835839123
161542605
138725101
754574483
958831005
386315700
609148278
508346432
32108220
203278142
31121466
845636530
208278924
90115052
388264938
993536381
226935633
266768477
140339682
352527039
118544577
88511498
708117035
958286143
515040473
164678018
836251201
150318447
839403698
707352336
14472859
213060316
839729973
296028428
965017445
963391994
88127295
45743204
103780616
245094688
192023768
443869703
699761913
686561829
47115425
42932023
553961811
372247280
202862868
130955632
898953042
655683573
893750162
709672570
182955933
162770214
709400079
35018356
887189750
250481269
763298849
383077764
396250989
155891006
826680161
418747724
153541686
332901138
663594202
782093360
579007355
893713974
272054989
282175379
821520595
86933144
664254851
214770862
560899337
280239239
200726248
20486139
333767876
876840133
389967795
818283429
364284069
993819485
365356398
197789647
338913045
429724434
787738388
638151011
127904430
743731004
58947721
394301469
253544254
42997238
220943765
843310634
400197239
193136171
478357464
348958053
275883978
830521575
541091079
438032863
315705467
722473422
129745913
208737157
787904870
889041
160766562
851816587
423490222
171695281
506163458
32326588
445344001
593800163
401847114
251846531
296154295
72724126
640208268
587038226
426818865
345916500
717447103
812986875
194978164
106990757
611156986
737677376
832348124
874591957
210765487
757195883
996309564
18306614
58641584
308358422
347250852
237326308
308558079
679398513
121081412
625265059
166464575
508826364
288523083
616798647
722875765
394803076
367683886
135685137
37499545
113931160
22998873
151722918
308344129
162902102
668815160
858560519
757599569
726119433
169167490
9896649
731747575
662918864
132121313
440740139
364741899
873921402
363393343
908605799
153736800
410396998
831800194
205037424
381626311
605465618
115601428
70838790
766073183
648444597
877825975
526509796
342026410
359173193
357344629
983713868
62052097
597145768
734461894
434874888
746437966
800926755
975108705
209007080
501353837
891706973
703916887
470666768
887556926
883073690
424110865
670721238
15334062
971387185
612573378
285436725
605868195
875036529
551083562
15487900
788284278
451091864
155417225
816313939
652591263
73315333
617738858
845551877
779146717
839570091
952865555
143765807
348784252
112310282
682395902
936539143
304883436
659309782
702906137
93782906
974297074
195003336
178302497
963894676
817003604
539236621
687480997
519834447
12677992
959936782
802502675
276351991
763671992
703099098
790120288
285391724
335935535
518271789
212331259
360972291
981893129
746718545
824968992
65274678
642260352
468412078
868642609
494959400
723439502
298459234
999710735
866386766
845318385
796032043
14298575
234933544
825077695
590241533
291544237
900111937
619038774
7437207
524521596
494613909
567363460
370502676
293776476
148552885
943128430
195603530
278953398
660840836
105960423
492810998
968853411
722271723
325973909
488412469
375231137
487663673
925750568
768464829
842002440
162490289
29584518
658065730
405229490
505134414
374227829
942597807
143597903
168179609
241691234
607009573
305174914
671035252
13435338
623878088
204446021
776933444
24480776
964498342
869307313
697648346
222499073
242433559
835543558
914514518
15944570
114102402
205720679
178478844
736117940
969208180
659226396
710475910
17606679
916362574
472073078
810795372
922907261
499313492
472660996
648200568
831707594
127800917
663416027
959338400
161037841
371871847
525164770
272604580
903539278
153986031
645406699
390243286
445967531
966751336
574338792
744545730
85926942
850385368
355888846
651406242
327024745
677123536
554660407
992448244
207506949
712986167
906864700
723690458
925640166
143762884
455879365
243854831
431241602
576412892
915827747
330593635
729208390
480847823
921708031
914484160
300629923
714256653
357203663
188934108
660740617
505193295
152128560
453375312
328998756
700231798
86989052
696346136
723177482
600906235
336582653
91489252
12423543
950114433
580882876
527245798
543614163
364439824
323872789
384599714
569891502
808745765
992539991
823230544
287743469
184455911
309299100
581525596
21235608
650689608
289386082
906334028
456521824
772082607
645210837
134635131
532126235
164937714
400512992
195123672
575878141
197091042
143682076
902697698
814378029
92115245
316527933
298968458
431696801
62627230
451003553
338259584
472792172
143259687
798689268
272182129
225785778
856284838
632059087
754241974
752059950
189155510
508233558
177474566
671156143
482159021
795400131
573036704
770833690
503627075
758345470
601343275
675463712
310472097
649626211
186755260
122660053
60071153
505694214
23196734
83738269
187050557
693517992
786559155
571855728
970960273
824256068
720799617
83201936
686385493
613311063
494865595
128972613
331375836
865931679
53377654
730159337
195455172
403976007
208398449
775511850
342710433
246953694
878540202
353862536
616824915
115515073
962114734
316786063
384221573
417631637
906153656
532522529
402874029
14369125
790405180
795693335
740809797
837915431
746672560
480962985
17910251
646195510
377022989
230680348
828337077
259128367
723770323
935490906
573953491
257519634
618051256
914464678
397148152
569102504
148018123
386631029
399662925
83979483
170379598
82552528
768735456
738550037
878502152
21706113
686375571
625886051
448271735
463457385
161835079
675796465
140481581
19138533
941809645
181753061
364929176
368763112
745561195
316769309
956474390
842089460
352157346
258080940
184235583
776516581
220406839
611312591
525105876
495319125
140567712
261531882
379607638
761459220
567535777
639064473
473493920
436312405
752398626
507001799
912467663
196081611
265794334
902244923
622848767
596284525
51835756
321412870
250251691
801413885
619845575
3450375
284132885
305940673
359544625
24935622
709763034
380561280
417310799
187750997
440075741
916598276
260627707
194006889
584691370
20296383
791472483
288194179
233891023
820882263
81656407
448966030
582521216
663207538
518173622
915044854
309617048
692454245
577289303
629596487
509876459
6167795
928797709
763936012
315155514
910468592
386463951
164103850
532194426
491969777
397727818
587072158
544222207
603547678
280611895
70776622
758425482
997686655
717939454
439732711
527512815
288571432
806137625
804973428
374188438
352823190
273577148
272742783
196127714
643915199
53314607
461617936
336252097
824893192
558536708
659503532
632988817
583153667
289588241
636682611
740747234
977331839
372397572
817137822
518199609
287365532
531274585
502642925
428216934
794490340
465741245
484312620
835483306
771720555
125089922
366704459
543470878
189018898
188627940
676061031
740108888
748435189
203487967
701820150
875652279
668077663
725431399
360226169
238907335
750993059
147775403
151035655
27084776
29907922
151816435
43829706
130168415
636732817
957175589
338495403
1200512
912669201
199222657
6745131
25918600
748371612
526887928
192343733
753940916
405502761
990009883
408044277
240642584
578895833
285384537
561321898
495805909
946610955
721019323
102384641
934162998
368967415
221222267
856270419
969445469
861395036
511322987
413895573
786371736
722392371
658466378
223888889
209359650
361984020
666898088
11981711
965253811
675631014
732700898
470656799
883476443
275795621
320089180
720846166
378865772
639915933
831333021
181864362
565373260
994721670
86521153
908441971
430962740
224234272
650647833
62027276
902129200
812290766
753140401
480555080
656552531
102790415
806297933
866977646
647903675
575036255
84596963
497780148
410225556
553789405
520026022
640571866
863244331
996075484
541362284
127372795
347872652
911884359
561947907
765253921
525980359
281202385
505413714
563109810
268036677
828995666
344195660
541803672
205087165
928068398
957047207
333149003
624808921
514982660
596283213
617978570
922651339
282234281
621004206
515499503
363702100
893540364
190887591
535986221
157419907
640896813
178270420
398124497
904160540
695231643
798962860
218159028
571007336
715506725
699233901
547992264
707798535
811582729
504029834
290652189
821941270
165243579
695925061
582820103
412391977
829475096
363037127
428733007
102836688
798850070
423741987
608551600
71301687
531660960
704681497
63584642
139169530
611926690
215521006
621198229
980659138
246719238
679615055
611467825
302639520
758981925
95461698
487954846
412554498
577328845
637304491
386597483
555706870
500366499
2497316
203914731
544263727
680249278
716088274
335354654
159045158
360082799
83759578
276581506
331361458
129795013
127911935
723271216
829518642
98388836
673361733
223123323
436688267
742277050
455626641
691086634
86691470
895359085
110695509
219700055
663446292
581101110
915826404
260688729
641866702
39625683
161835079
675796712
268255025
498227770
789929692
586793109
689303693
126415553
111134965
253260993
343701277
156880420
354429152
879247718
64752892
690655667
424598015
970726021
225605723
216753230
15804966
377980077
425510266
387687634
816289060
79599706
560149061
140775353
142625285
51429270
586792722
480251482
960668398
526699531
58128852
181692878
438304088
790647775
375678273
891306227
150351515
919584103
333300525
899338424
504064322
527231332
992926377
447270812
73315359
537082205
29731181
182543268
910067812
206144400
182045996
18358048
440841228
341087298
956923799
330889348
927183919
498414532
715677056
943329350
761400765
200228281
471494436
686216130
51289219
589209001
280896033
966579358
129981635
596352944
831916001
589655771
321334421
953277651
71369019
101356528
608074903
418060312
978385280
592502347
44267054
823536955
49504101
889184355
437635353
438548824
630090493
321050521
744116339
18067404
908600981
430936502
194972330
936280077
9786559
429881518
989352180
860219199
148728416
610921953
433272047
160502106
307264827
788768961
273492749
398146213
306793110
248478551
278017285
877102340
853083426
668675833
34420980
549663154
940702157
762341308
254880929
594110169
426066313
423817944
920337635
757288492
548745437
775513536
495012726
389000648
403888977
378784892
415320245
38024451
66787120
733410037
32962052
642160827
959750778
828671412
814362971
209615445
418006068
959571671
707498016
196744819
836579382
797120729
727918642
627229840
11161266
303295384
126420094
707272778
783038728
896591731
24550000
592160150
876958547
727913507
893564427
944216927
752757448
661613393
187836279
195131230
226699931
958023341
487494409
395351602
478738643
839377578
741999218
620813923
925731159
576061502
69476342
439032630
925613257
312755510
459937120
586302544
370214447
439938606
100927829
584355834
800574917
902960675
990255060
122969295
848964472
78775759
486700600
689202699
710152819
636883044
869965738
137706135
490698331
472131153
256829218
749845204
246954876
373339020
879313417
693892948
560711825
94009728
481223605
82345860
799198868
573727581
657410536
512822354
493083069
992917656
703689638
433228091
653046627
497507942
644502674
272698373
341792998
261117577
460127382
948910633
241172488
95192015
594890273
233380270
241060993
287215108
111591800
888891658
682245240
597563642
342647231
818770244
21345568
440301768
260883007
381921534
379333406
691800715
324528726
267125856
941362400
607182149
173638670
437293256
28188850
650936945
402020820
355398160
683413712
412023094
529950885
346878201
392549263
733277864
796810705
268053920
277491036
418898068
593905535
331042175
938294462
45009028
619411226
963837283
726983108
309857217
113486849
88570031
90539891
182728211
452819907
941539308
107689177
535179508
281936462
518712758
711359914
838821020
645672056
589736272
464413796
59738842
861047152
214105032
891927810
949212070
992610315
433936511
70831309
44241735
983251159
209659670
278039094
684386254
87715425
64147094
908077885
717431029
242463707
985612138
762013910
580012133
588955860
914952857
997954726
211650550
397414995
694637264
730635072
444770833
385596892
550508500
136345388
337911287
684745228
675585487
290287024
596694633
495122336
144008300
953146004
335665507
498721741
563025446
669041117
181325683
419072204
97426266
514463416
525030078
529728069
180815003
903442273
692494156
114290642
743764075
254939771
830292224
922694914
838737682
90461167
810356311
880291001
576827531
989541368
537582155
660396884
345343230
50508774
551537057
664567644
450067462
376719997
613035219
601891853
652586550
379588689
493914575
802488249
396900997
530349997
16365721
889548488
451104419
927635366
284701954
632424970
716378194
729100936
35137156
870980768
17476036
539346022
677868687
885768891
264566162
608611436
82099017
193269083
928193425
489552299
344527608
674298295
259319561
361717426
657677792
455421914
780990487
277432321
536106270
8556835
788673378
645638044
350391957
633947821
94528205
134091136
566114838
418101582
728114523
798257378
4451459
13349480
394032141
28654736
882239531
141106304
578539591
228106483
382021288
412714013
291281631
261583126
75666296
143741201
399150396
256887320
751757802
647001426
554564140
256685306
295130236
493905983
749797871
848667502
456237664
949440390
224314841
932438505
472610240
317843487
15264803
148119609
19777662
333206470
507952721
764257700
538066294
27980053
746553223
761746838
406750951
606777485
68574837
148192186
465696032
112689717
63747528
567449230
930811368
849189249
925955900
486866797
590296555
209943727
15688508
657270281
243920474
57170794
435818973
570735646
895499036
85097885
256779760
292299336
621888872
501642042
417084092
197596133
560790684
175752476
899262119
683790043
835875642
250139652
196597628
491632410
886877280
619693798
989096904
463475553
610530712
498127432
12064110
372478668
77895293
94855431
285480639
517019078
658481790
180353406
534461056
902499608
667211441
163555575
196820912
366814164
159378672
423844248
40629400
470626839
790738100
79908198
150492998
162194136
20498145
353440896
614100316
104397851
375730600
252582200
766906496
947386210
75642539
461116931
861546782
915973530
999488035
507058818
925497179
310318477
791063657
860805676
998160861
930598774
196999202
542399753
738013876
596013692
409286956
27998788
388807143
269877277
352941630
729330291
530413944
151355380
563858255
835254555
916910890
83702603
480915314
116298350
545163811
929798143
168725285
283552870
357155735
7792585
313235326
329154142
739266534
630704284
43777079
165271618
644480117
69554392
768291830
377662632
368509056
852264666
30645384
319059266
274091222
715618202
189773726
291865396
970682259
317860724
983465122
932360180
157456806
476233749
635081017
732549267
932102648
556010590
548118788
693389308
414939767
649699927
363536304
7126975
605078587
629177557
478404142
792978272
927293425
557438672
378302265
435993022
372725393
491242226
776921500
712684220
879888518
775737587
571571451
603732317
939164960
971689672
948541344
808909592
854786296
248370640
33603764
723412299
30812804
855882173
176788659
82804697
445998356
762707081
940657653
368124936
909491989
761289025
347662276
83110761
218131301
91477685
658337515
785706548
765126716
154238167
779856271
600590019
743302042
971455997
670460947
122045282
269034594
208614285
845864860
7038945
348262254
780818385
16638739
279499824
184736994
917143528
303290627
493100361
288201391
215404279
369673457
667797373
741588395
777379556
766428456
668531341
524689250
407576147
297771905
999687042
798374971
862167926
110459400
295982895
34602863
636817608
835678179
825894390
410902959
238533457
842792541
446858024
515509577
453463093
572168457
567971812
453512020
924328773
446518109
553347726
25619127
2216450
927955591
981458358
993786341
965621729
142197030
98089490
991793848
190659847
350765348
805854818
308949915
413664361
745942405
116713882
525558382
352657504
930862180
889202289
184127153
157298398
167079071
966118520
526014234
654664267
440257147
966040149
541487604
657857320
517775506
142779876
40818714
195202910
621566652
282934932
445788337
34586213
459164562
831373023
619168868
798444434
664563862
91934788
769949425
679827344
865480004
37886572
121932204
987821870
149888647
778214382
840108881
312013594
827287286
868974748
747870647
750911897
169212739
664452225
796788028
529154224
26723965
639830561
532259507
895385667
148091782
637363437
923024827
48690819
366898578
512504792
5657226
974159954
520767001
868767396
209703796
67739863
951125243
117939182
594721555
95833308
862236240
466713598
412814081
436704632
882812296
239976328
6288072
288648334
973673519
970546183
55188534
448235101
865428952
682904699
12437032
631204309
439174656
173560357
971634836
791675920
333505428
76169828
643435376
785332910
725018815
872574114
394666662
423050852
50484784
436770035
561118100
350269686
645039024
808648883
638347939
960405385
435591904
860584351
125053124
707396067
778904542
67940610
893759847
876130739
720663397
408178022
464765540
320518238
167141819
709733645
684530964
449804748
148415543
571484255
365368955
931470722
174756531
479559724
652919072
98073851
777679334
382534065
620991888
122490261
176989917
212548537
45792617
817444259
215853638
878495973
627179737
421063792
112841807
10399035
101059234
831278066
856589521
288270650
143543809
657781794
862243261
78093365
765869194
600078479
169454917
433110215
7752737
375726154
739063336
118984994
467155882
693397852
410966137
314863260
697519731
958301271
199710111
503566904
356706753
929750501
420923741
680077449
336422899
159588899
684745990
957609516
158534536
786311899
144896644
871494164
888060372
327733089
657727074
358866344
839285133
829562412
477061828
571227006
516213864
913995588
552440707
788408086
228786691
941991635
155507050
251142656
253945858
187827743
531290879
133038694
332222737
116037884
868060311
393104353
43829127
581611117
969012494
285791059
196652857
654555169
659825022
262752333
885834639
795376271
114465557
847393299
10115000
292612699
649158667
995660068
371099821
566937436
789537872
147551226
236999089
691934001
632573641
268306254
237458230
975640465
578964539
392845234
748239569
987085122
703003036
689351458
161558021
497090778
170121471
931197037
292169639
845398251
201284816
349961102
738557314
866069693
367925614
628669685
933701732
656304415
323914608
631104631
268618453
550147716
429367818
230366794
323209058
641431658
550610727
29687220
132885133
898138771
756277582
537874517
460793769
351381954
750434776
632709516
475144372
953780937
567485068
936906087
381329431
576730938
538012759
48899852
317283783
891667627
452225662
542071555
929330802
665598241
197491542
345313317
511666690
421012166
722270100
743087747
822403845
118123523
195873390
66131689
726773199
754299875
140641338
217463999
360239391
390490150
370209731
74412258
614832639
917401320
629780630
213038059
461774067
915338384
958406108
566932718
43242689
685392525
558443931
333438730
880057173
69911375
829100421
147162786
96390725
108847851
309098583
112270782
141270985
804462252
5369146
855510451
129066562
546250122
794577096
250015489
810921264
796520302
787308039
471232134
526470465
112034281
719844463
450329978
527151487
634828866
155233634
332118452
153154783
267560328
155207158
273018403
436218704
45855567
755222478
8923372
992391167
357879061
928519940
639979996
670129161
727132082
945128155
430277092
160395709
638526496
463835304
857579223
58051913
764047398
475259528
91137417
311974125
836912695
306103325
604479944
610730065
238836064
367291107
952946513
331464512
251439794
186796356
951832857
139681641
353665038
626638638
327530446
585204835
800703739
85250527
81378309
815860474
266596939
806901390
372268817
667943819
956115348
264132370
711582571
626081494
977590729
472899621
344297633
336135820
592786654
440067305
431994352
777617225
139102801
36984656
904283350
97572463
677830512
675291396
804502573
775796674
828285644
859384643
633308868
841287930
646847680
672184089
834959617
675431881
676945920
545939330
289734725
812619221
712045856
667296901
649163063
791734595
335467313
920317070
882577246
727978161
543733211
734377232
370720877
455490809
653638947
201875579
397603653
113852438
360686014
70315353
144125049
256781902
520854889
136962482
772252695
750459436
239506935
211382035
489222237
858649214
666466297
543416313
153858354
627197696
854182776
382259277
847350367
432597050
189209069
305804381
266502900
990177821
772522297
532743148
243388445
136207503
349262206
435984749
452204458
572361329
403738329
902823875
487790240
395837308
57523646
445697349
583294873
60408779
660808389
49138555
446476763
376021722
512314611
875802160
177062612
319790084
974023485
452348923
945342577
587101234
508091228
589671738
619877616
695482217
613176863
3745420
437618789
955580826
926102348
495851384
662118037
187381270
130633051
264876989
957269745
444510397
567958439
717918762
927633934
724333480
471097058
288348186
730363686
359784027
601527492
470588166
958112724
782700878
270162791
710407418
839305235
584481889
913929060
175764141
658180736
681158963
333892269
225957263
626684196
685788629
251833070
720792805
396344802
244010838
937846406
879791651
901475941
180781436
527122005
127349765
703487015
276329230
422437157
549967372
924285408
786058018
594128293
192639487
763453104
33766799
391639935
783942768
508804016
445498214
450476828
531703606
898312366
634250309
621222793
765993140
878979806
19279890
161481443
792492287
221152091
485471809
507592917
391731599
710701575
396357915
522267745
849653795
183935585
488567234
436618290
323306560
353849292
602191297
890902530
258445060
814565662
922218810
342061128
597837757
394076316
473991884
622613003
987747936
364487362
337894439
585935202
326210348
557558996
371869216
285180503
938019114
503641763
401150501
930357098
360951619
490338005
137347866
782869041
188811299
723414415
489029488
596000639
763942900
249148714
274936637
425383570
136543086
53746526
706689899
827295398
723698444
896169119
294948867
375084649
447115247
130507011
390586492
297338844
784537809
26078160
455523132
936515677
351254360
237309645
144991197
2021378
375821184
583223349
306634285
110018265
329583252
260693934
331850432
807222032
148936830
208204027
907561293
413991715
857729150
208773930
450941169
776931365
630909961
819256552
804586121
411014948
739067922
678156665
738424015
827412772
795579226
457946444
854947246
478880564
978393284
394687335
110695177
17926422
904943482
50745802
847484062
507700478
610455997
706733240
478990434
795938045
909755561
937228553
107954630
970030716
485567659
805295547
845297903
162594936
167055270
815295910
739332840
127241163
692078508
73278246
990880844
164795609
728458547
343070053
372562109
51723625
395218244
59954037
963184708
480314035
846240452
448601468
251625815
131577790
817665601
799949947
392967940
919787
369604773
644398432
620012333
814191783
815210182
949243340
993465321
176447641
309554371
18104216
353685827
816587075
924909517
419779604
604333209
206879428
225487183
186866007
272998028
717088808
437787859
28606169
447407091
36253693
247750706
25234173
824680901
204812914
467323036
568236053
403457341
509106311
207346724
145198978
415271358
745264988
892042046
953969983
106739764
238668873
743715336
815916617
133632258
933911483
819798046
646900531
672761234
546029694
1805553
931269172
291475217
520139604
806250916
739563337
846334290
44537787
585138323
837126798
106287945
766472155
30498486
869142666
999773678
690822472
400556361
448613240
427362765
866935750
873384570
795685557
736837689
109467004
181711162
856021908
415354956
494748535
134385307
250458346
834173653
713670759
614929890
999584612
691744095
324346543
877756528
32645938
145123215
19314335
824732676
307444796
133960586
260394157
145484470
542932883
619058698
385348910
806250916
739563337
948390945
610676100
135427168
896180720
933559903
62183937
816835992
19147531
67190528
874688328
768726757
917837274
939380198
116207885
698485117
450121043
836525540
515250024
37849638
554067784
82298184
459197066
198856096
580796805
796261256
766717149
388119518
741860119
423945254
487271440
245872439
413797744
781383832
245520497
352018535
238058539
931182525
207039240
802071146
562143849
652582848
415388866
734654068
146428913
22653113
920949893
621246898
481285412
750495855
766194522
671901219
35609531
837957554
338040364
288883252
522303013
710074892
32490003
672233584
439409525
517285605
847130204
327800755
831339708
897750247
34480628
510388781
201750857
352983003
590381814
799912159
167832229
71440775
622336076
630307609
466262669
650795193
320557083
270665336
265721066
468421238
805936632
855870300
739307548
829284511
4997594
646061759
911520734
223724074
88675869
620642325
241854587
937602621
786011420
395806863
313514215
697308529
408125139
264985171
106325480
856606370
344569666
427781769
19554224
336725113
310220103
480038443
671118483
237533273
971775565
216530310
430277254
403262790
629758750
520483509
873695295
295669350
474131363
750847823
33617346
228565556
193083018
1443536
418253770
511026087
778077087
507330516
345842820
930619732
12941885
71468615
627863147
7876752
865332819
308882040
137195400
840179926
799388314
154102248
713928177
96033912
244075463
57573710
549770989
523783322
231320266
603935962
572340585
917026346
536794153
654786967
435050558
791577895
619739642
420051543
893336027
267323145
906812332
140334441
75434431
332410015
620536515
373788212
646228060
465531261
229445072
405819735
230329193
681836164
186001096
48405208
498941018
892222650
412512519
781510506
753771009
986695953
697812840
396196328
873363098
243919855
763722196
103894596
1554920
485713705
457740102
398639723
277702371
251989410
309342212
132913788
988605563
420007062
798950282
854532847
776442090
941551178
54665134
32433360
308221187
883097294
181913120
67612150
865248030
609354320
319596580
370103198
67008661
861793492
655911886
575734625
711931139
858110531
397295462
328773507
683114836
748686225
101180288
401336156
278317954
522827196
15814633
888016417
909513747
495581053
756101902
47647851
479018652
567315795
13477674
873916388
776833647
942106731
13385701
510161683
23028964
398738156
213194729
166322134
880348871
363491634
840366850
255933980
161812934
191397349
835187762
510614899
359118349
93458661
538315799
83020363
67111822
948128622
427117936
455902043
263057949
564509834
221268999
120778269
665646931
998270986
768588768
155772997
950391590
140566111
203028302
11719558
982144670
225185136
798862392
58113087
931891662
676880465
331179678
609925116
667086017
373799088
325161637
218765948
386678045
258700196
482536805
478482541
500422183
736460194
688499095
691658984
249897313
734557824
447853356
202802430
814400936
39488982
342167251
570356254
240864223
811753209
713639745
703064679
558038721
850714793
160297818
632631120
192553325
757399356
94904152
750217275
379281467
629466900
96489684
775448859
387068331
115865875
51325829
438737914
373246788
546915820
299259022
337132838
845940386
995765686
453260760
642360472
473982930
880398051
960145038
237167472
710371058
21784911
683421833
845530415
419366578
581451930
860763883
667018521
16062679
552167444
225218183
90088812
385993193
117148407
813333201
83430475
153372893
648811200
721255870
853143900
443067720
427800744
484910128
612022525
915920393
532035943
57272194
123502060
69750845
729198467
732760793
757963466
105114920
627577680
36822262
636579748
618386532
514944680
886144847
112747610
62094896
321357006
683533962
301437714
671278682
32714641
374321618
674691097
612936114
466058837
739284935
793219298
420658914
79246646
814738028
151810079
574768512
633556722
601047624
199509899
379279137
489496125
972713491
945393311
652159589
581686653
694839020
351576119
68541917
61657768
461102286
412411107
795186281
438913761
814349996
727714488
806351843
787120698
20532898
848056100
967517081
2143660
281601570
363254058
705820813
828520920
888465331
109347056
784986060
476159942
968975011
150339247
388819772
276388326
687151148
449884691
157689140
10560431
526635609
548676212
726465330
32727913
501195040
677748444
416784378
782220623
815854749
963033317
712801680
619029778
968765515
823045533
483864374
54383174
378576864
962471119
468878437
131384166
861048588
782971507
717061779
654431071
775995635
863941623
902962262
863568173
2951220
883273707
44507224
597369658
754538121
740225345
162233106
374091970
334234559
253924401
683349641
921228662
781063975
42835869
990823395
638566383
415459263
687314368
853347626
38370531
69807638
746952998
820083546
771014273
124280751
389437079
880719857
806144196
560730043
5981511
715854096
928884535
839031312
569914098
254489855
19239321
492537429
829276288
337506618
581769035
340977193
948068878
227180151
758217966
484405337
237564150
568452196
304393829
434425583
185381245
60722929
35682933
914354885
108318557
849011635
941156988
361475692
839970724
235985929
195034417
414193453
628229806
10461168
112435903
890647593
933907201
742692582
569952604
9859776
513672719
261680909
100441681
321615843
964138529
579665996
751583362
766350311
292820122
719219299
624191973
48079533
483702760
534176643
208422673
556890817
471638696
204599951
44341020
659194423
772785418
164385431
357312584
71438547
761413524
850694173
990362351
710487106
994278726
599240283
455848385
68172335
458311313
456681910
430879628
136820222
863546398
2257215
266844013
431567748
723468820
834498603
739961013
66126724
562227870
922619076
557996923
234662622
36918039
202048495
831443943
341789322
260724385
956677966
203462837
522492557
883696640
438368562
525536716
100144157
595150210
61601011
789732008
841970580
309011661
549687250
717868123
71071926
583448438
58103476
149632193
44957312
426370044
425493032
263045027
178157633
745862097
848930027
253588771
151872630
801702065
989011406
854894603
95892518
710018385
784794628
768382879
606529816
855956496
623771024
342369050
570245284
595217587
412511483
563246101
686855932
454828998
874848831
562624898
886316807
786175806
179527257
302834960
20571785
688467214
962388673
800638064
606453082
188384976
66366314
914938405
199307594
342773621
783398703
960119362
669958949
24438656
319609959
744221687
849567201
649572321
682682187
20723847
255817025
232525015
651220561
754869976
591256368
462099725
653135975
718586118
133652322
923060125
805986189
822124444
655446846
813187593
456489969
681280783
906271847
966168350
516897908
646112836
986848091
464032241
661856653
962600685
813360859
229210594
37235645
875191165
871567304
412237081
997206758
430805074
398573069
669653128
650850512
740274333
439745366
153166224
717594294
94227108
678859991
705120592
413233449
412992395
663702413
919643962
735762514
281087898
899953982
289973323
762849411
196461820
753327313
480760533
632108061
559795079
28531057
993161823
354938898
646059195
688355398
764061789
279611837
627131072
786042533
33275739
823220240
994264246
742174333
577739778
765350046
695271851
545924046
669772172
989421157
966331909
839276327
362540802
129810489
46259870
401177134
272708173
232653927
765874270
515921740
752069836
881192904
665047879
803117575
829209475
327413821
899598784
212478291
142502826
204155160
769779535
55869560
712865031
42129012
873027555
591532575
306139535
21645019
295153927
931701591
454000796
704775675
558461895
737884008
389172140
32611708
882704638
916890973
638881959
591908312
25006037
777122544
808536164
683477305
234441574
381283150
390038105
584661743
469497197
507804679
312221401
28363652
304224823
951804198
124784422
462033493
577744913
781927074
484853931
541793878
312984606
82221517
747636242
169206925
481721234
571333879
726849780
927673287
689261398
957090772
760925068
582159604
784431147
181137393
994957577
380664660
130259837
588149525
466733695
280467933
92375325
912263004
383236719
631233586
809391657
674057420
462813557
365965355
275579871
488997164
652305719
566346448
163819387
585649476
363008102
961126549
101024365
130135288
459245119
551212218
23940698
984533051
87446350
327089052
628747253
247963793
155125170
400045955
321610476
143211046
794828860
163758251
25337809
210423308
573529019
445327005
893467346
339001778
317132351
410942299
857313163
394649251
723015467
400848403
844658728
972559609
254111676
669163912
489149254
425065971
800183899
617424167
264858873
683168524
195298664
199164851
486146569
159371327
732153640
649267517
790315406
229993867
523503155
117697962
315143837
114328196
29622335
729517633
236939847
646831296
33835589
182102385
207931916
158701047
490106963
545579713
436052575
381846088
320419067
551736125
841294113
364659245
970612136
129249579
717969541
974793331
200658318
537663436
875583307
365921149
150224756
714846285
490435409
994768781
839571227
646945065
734915896
445401904
15033106
27438552
914498370
204494421
636069922
941257272
415528778
976680263
88699010
467738442
213389556
908743822
524913875
597053614
380496796
139235074
524210831
592950193
904870607
839128269
422365370
759764182
115798846
847320527
94353659
132887161
188270624
624528986
463757835
459207353
683640664
116288237
471440369
826131638
496861106
264282335
117845050
91340305
545509247
137497305
989684865
495898698
721140892
598195216
114529391
895280247
641258221
656956190
984386494
99230013
272893773
605878675
764304090
829650822
150654348
124619339
172502814
311851446
717002504
756549500
547195844
242269557
465965121
789899058
324819576
732411251
932666151
482887514
317937248
818608027
168600810
641181658
427695241
460922491
511573030
303705454
911563289
464291434
477500120
25876063
25130421
986797287
665666055
320876768
970132266
300631296
820030668
651849713
883767686
829898269
393994850
822084273
829595351
963702124
369139828
74085137
127385417
682858328
138039750
604493130
303358621
627192601
840702377
953325755
477310564
23338150
464227070
617861027
181959206
66194046
622584067
893821927
123516755
290439712
515946988
315570827
549162761
741949170
338424581
836145040
314300823
339041934
77336261
742404506
465122272
763659431
486812566
435179339
948532624
210023290
512250179
414257234
268127663
784499462
970519906
574655438
646971259
847557836
803286070
773609273
698325454
735811162
618316277
816884531
346204176
962686358
281420619
46983360
583075555
298529020
228181908
418622411
133765470
66427198
393356548
944193559
892792599
484740833
966623712
753411428
143893562
806526498
790461073
298881797
65763381
930712778
169034445
111923434
143778360
398193860
883903515
857302666
613311001
487886697
964465302
399004019
427915616
271846350
607212193
76195154
457306972
513343508
676688798
57185747
314741850
545248214
681290732
861047675
883711507
823005025
457329839
812648079
63644753
317956008
762252161
489828301
706878166
946115637
66974828
459539546
392770789
358040988
193540731
998235800
973936127
141440050
954902291
118656303
466584824
599111950
94901039
527387577
48367896
707428026
199401554
183474311
438866059
125695040
634032290
699092894
890175878
978713315
685074854
423953751
75145322
472050511
611834178
755109143
216560057
849524573
948120814
466743441
966472103
808348911
934483692
195525641
123024898
642694415
887790334
916106708
639596371
446232105
524034386
864972011
420433742
605676924
408922490
616768107
488849409
447354324
759353807
963406044
197989598
175754701
320237197
284894922
211555096
764638309
459431925
450413071
437602529
184423243
44497676
42432369
523438439
240181456
360136197
901612409
186032989
111888334
992860377
311476852
222701344
871257256
252274698
594172360
327247562
615452243
73612325
641738150
365505180
775719533
140155992
715816752
535188297
662563671
161745328
767552947
749746621
679077897
661847051
582471790
519538275
731170986
279162670
488998771
729403353
805322390
561100997
134770157
522837190
354995249
191596372
878666983
776169833
955838110
748849260
112228029
606653310
488370854
32217400
146987158
912852404
747266460
957044520
183881470
353941801
417140846
150345302
532334848
957572906
50479871
131891635
613531884
433888127
500975944
805706298
768557433
801926685
650952733
731957114
220142401
794917197
423875033
374981705
153911448
163500803
406525366
934615356
318056208
478451059
998210285
292430194
294704746
721875975
127732991
819716137
939880010
387675313
717566780
812100538
49436203
553916698
516397918
284401912
150978245
232730047
836724843
185653890
455413372
979583444
426821522
929495626
239429539
770740219
592977933
994351628
632977529
241148178
17338852
345581899
269758264
700395380
778927134
593711384
721831150
203234683
638264025
737777790
838204060
476593697
198066210
930266246
836629928
548495340
845633708
705895047
716715887
441168386
347864614
572048355
352244195
965166065
791989265
124577104
640479583
856152481
634377171
877171290
245448530
693699357
236629626
204060120
552685725
369187433
19584687
504979638
472585764
995120917
478466647
493558463
645181557
176510218
260067658
833339621
185116543
613380874
534800561
927241831
846656990
813288504
66135128
776050114
284378057
330373901
771394146
355375120
410433438
331060400
596986142
620301887
546800938
298724446
674696806
422644315
446949462
458566302
179743549
748416562
359744810
735114709
303116807
768013609
246022235
20379326
693093904
503805483
608395237
284013857
30597040
182503837
538363503
407168766
925506417
575878640
45954994
83958976
961675340
428453534
568029717
629789493
395327110
628580940
732790921
552735308
267893587
649684238
130914507
625272313
275791901
40685073
880096380
853155988
319682858
877850451
707824202
561295416
222050364
662150430
741533989
502933724
462686999
781993984
904818967
646288183
476223938
761322116
156488390
369664833
775945671
989999964
565302786
619614401
771224506
158243925
343594171
819250539
894687995
552147141
997121149
344111289
882691163
571349511
186294861
273291059
812338547
970745686
206661245
342170765
426216553
427972394
615099055
361093150
812484469
880931673
753216340
570056839
242239713
511151134
306508271
990231469
485314778
696032011
89295033
735758327
888940159
809503385
562513777
8404673
962129051
181784964
535629169
669469216
673509944
108640863
765629392
102626895
844345019
962939906
403792277
313941937
749331921
796323070
629381018
368522826
489204326
318983573
621149671
216359808
343542358
438057550
856721
294583321
357358602
626829260
89028425
845248081
821535111
991232867
639180938
686461905
800424658
594092563
688677906
247478171
376737565
427719180
594387758
775032667
597554025
902872037
161220660
124452714
301614791
68376854
907921798
162237291
648100744
834714973
324106243
194428135
567460427
295536653
125899802
942346141
863873673
792262553
219592442
427266294
736615311
176350871
78275259
555741068
9754030
888639741
31659669
931540699
449887938
939021854
888493176
848405072
306801809
402800662
344413652
414213464
759781672
319720526
783077787
795516498
62364926
119420476
792575800
236323208
670988206
196435437
613789981
768521923
851385340
179513060
488299052
364074483
416161217
4640216
15588600
993470986
945862866
232517218
914608978
196485534
147163100
957175149
20302195
331041586
143425113
987862972
882339193
417223752
43638111
139348972
327792598
780315252
727965353
838451013
990361178
419033940
550678673
406253129
665573493
203346753
683547592
51070708
350613789
776188174
390079086
879018939
202918390
815298722
237550634
26782884
641700709
640698735
76906749
4003894
457140939
811357851
293833204
637513886
119842742
564687336
818098203
661069391
803160946
465408616
642920804
720307585
747945411
405014403
982902232
352448924
427962360
727056237
933973562
80615638
623451123
460084170
840723295
738103513
273741973
243859776
658948977
772387047
237021021
966348202
732803773
530409400
300521044
188007961
722758815
680336728
747759376
269335201
968135921
823454902
595382286
20542190
751748295
67231993
872328771
339780692
481177497
680399598
955021834
392358121
215494197
247350344
250776622
949944174
67014476
46775802
21868898
440969699
91387251
797354429
278614685
937003425
835245610
992541435
653556142
605219694
250351624
331235177
293977710
240744281
569835703
504768420
45027021
608231023
645022195
267903517
551790857
427693904
460462669
847074720
179287095
559428143
876774109
917480721
428695996
669274198
791115850
357150948
863010682
673198706
92751344
697293553
487841516
115583715
915475237
729368334
672133807
502075406
413721850
745854231
979075255
92033810
974262043
111793223
848807537
657902167
56307070
576405799
726062846
265276291
846445907
48011464
402696774
439308311
406697161
556070070
9736785
485776156
796544286
794693538
499880302
927623558
777908060
62119258
717257443
764416718
871480660
941017665
815992317
640737416
858386849
215037042
163654199
270149632
962968135
290041002
336237885
285342786
538439477
559245902
559712883
19748604
814651907
602724258
647119960
839155436
680371865
694861363
158923930
316250108
499508689
614800158
101877608
150217102
415119115
316070150
803251693
471370917
182870163
282899295
641731071
452660523
247719882
24278629
861043679
40225128
508195108
940682061
952623637
495696193
773700904
678084014
892346002
962502946
337872301
262791586
271875785
766138288
748666295
365318037
115992383
378268112
106121279
65803261
588590188
12841037
403334789
851303443
283059661
818462631
218843438
185464886
7998743
786515540
726850863
872470844
895171795
847201721
395451454
134291986
954746635
367784938
489781396
673675128
807177574
259048754
533269305
526895534
556737333
805636843
160021423
293453009
967988178
767040840
711586921
316939577
613366451
641183954
502210897
823626711
974995647
79137346
427684316
682266432
495242316
571228315
312471434
402170803
241975202
419530138
450379097
461023647
83047760
171045568
118860942
491358411
853818081
416436183
411742001
762381745
231614013
463162678
569469495
769469168
516569231
66754293
417898431
147004661
760470286
196879118
472305104
860248490
706811313
787973969
347063646
989239146
292682030
15415959
419754905
801900977
85641027
477045614
595383125
929437359
890053901
466935152
788774985
676480774
828498106
420943186
619046584
316388697
814429257
595426948
317575935
707945860
467334276
94956084
253994042
274604420
505222052
157119083
182598176
883916231
252492505
678059798
246674647
597933670
407685326
774698344
135224258
52973028
762918175
850782273
285007250
287811553
637621267
401257492
530628302
236144579
391465386
211376583
993404919
133546325
250174606
406448966
511729857
620984898
730024658
675605119
504368037
775505451
697989928
152203289
151303571
483963511
969469936
821766973
965324555
845031834
415091205
698576663
502262102
462974015
142284653
879056170
62172332
490989221
538444498
662380140
756870380
373738456
687980631
305734452
421180604
914181415
80660196
279166694
507911273
924840605
49851529
760645008
927986203
647366586
320047760
526513943
59322303
569574872
869287075
180341681
970401981
748746806
110482637
964890687
117527652
77563359
795771224
9008470
822459554
156717682
756268926
417918510
845931916
156353978
366882816
181444684
721707877
78766043
578492870
242206439
380235664
995345221
728154444
788035184
104060393
830910317
776739406
886998835
237713320
413791143
993765122
21977871
553663253
165594506
376143465
323458379
375396887
304090651
2976900
659321908
631664750
109021051
58083060
332363647
58232596
486981089
716208719
399345130
228748646
107859661
615927275
969133294
498324606
744087414
919915444
253026604
58972712
249020748
556225071
31116735
133871266
148389160
557574298
999852783
464673278
183594067
689792586
564407606
266721273
667774926
637880885
109497054
387249627
348093462
974699173
892308417
257208417
194787443
155114220
91406529
751673575
646849564
16986957
637710836
148733973
398889368
478191156
500665059
403842002
848709903
533075866
39521595
654645853
165862511
280309392
725544409
836745656
27229096
581491947
374674779
966338945
523540751
969679709
683420920
412759082
236402259
673438649
154643072
824130027
661353
177165042
229599833
898531396
822292492
861419384
249652791
626841690
54482169
234134210
865314936
169745886
845934934
92618065
723186416
161460847
624124530
566306149
453953740
408583806
403488220
986006488
356635325
19958617
979728209
369954373
189647495
383545698
481182075
748946753
961818821
108899623
986654931
966115186
737710325
544846067
81356629
333778995
966005201
708933592
38676177
708076666
165524558
476241686
608316788
649515233
614879734
464476522
743641013
521659393
971434208
925729207
183271928
900136592
135944866
518863148
186688304
287916282
596380234
436743076
883903994
554473762
370502486
929506025
778850723
735633889
475652585
968205512
813152919
67798378
792925456
762249620
220998162
38464774
874576347
651639493
96349053
594902567
310621341
290227515
545002508
667804449
745532877
491331788
478181183
494614120
848883474
107171918
843175807
757294479
361676095
321233347
826887095
771257579
646375134
194563915
903329699
348089592
146802739
881692500
240247146
30671094
615344720
909991072
152248785
210973495
421223582
253472074
780561593
638780798
304258632
769782692
600763934
130831543
262963586
541290940
847824846
140053026
511344171
128020361
313593514
301911472
996683433
245247016
618732999
968859048
67915777
550400804
54921625
1743952
280541287
398125066
920473954
879561661
607652822
726316813
178843555
450398860
834106283
647172461
356581838
398999238
679063986
237948009
210784041
855322363
819141522
179954369
622821293
522608022
811658748
550811188
826882913
302317673
938863434
312801202
476539241
828586992
496843379
396671483
641684822
954771207
273324933
913346518
247340256
475736454
965880250
927697550
407024933
96595705
339335785
476927851
666869449
243318198
809134902
891255623
827978222
170445784
893918625
909837909
247671063
122747995
93138050
302225349
6997907
985323300
115589142
791297423
588732019
472575785
865111470
65351217
578878768
509398251
940032934
661756600
133292729
701701889
624599756
24892420
262800985
484476939
95695023
753223582
331159054
885725679
426934512
953124878
404468142
469577143
428738771
828226084
478117731
452709192
810594599
907114915
902838300
859828305
532508619
255369909
704606471
363630860
9947117
617017922
999395194
53050819
840808007
936882916
312320610
729021004
362698530
906765127
984260267
728839742
652923577
578351755
273886967
555018009
772591852
353645087
300886858
162852733
206413959
747314361
769623372
425246612
541463789
644969170
438988784
906406504
180976478
229127210
407918159
236724504
438901906
733387859
83537368
449558599
337846559
644700037
777074592
957965564
698815075
543873673
682142147
76053093
702625337
670471129
874528527
282989514
81283822
377381263
338287283
922082947
577106717
528972137
777934525
157873586
733575001
636556937
868764504
270766448
172593052
408297787
851238423
475472015
667268699
252251948
754608923
182288764
999463096
945912394
299334287
624228545
275074459
442089027
390024336
51519717
820180325
870646222
524600337
147144451
655590136
115076005
912225303
800277894
136470146
907268910
251928697
376711953
736653265
172896355
422025131
687810252
223141364
672000325
450848204
596088951
143814527
338585772
66512489
396094157
945468318
989560381
410756976
561958372
300610693
649132516
743014005
253112298
376043610
883953127
752419574
953999329
250755576
952962168
272999520
542872933
970444971
895158587
376084807
182867840
407113225
190881729
289128033
307838117
432079167
182288764
163611089
36012431
683307436
572893755
560165815
598326883
818590371
936931567
784864997
790218294
495251221
345010169
317705408
73858649
999368964
885256521
31091523
986085734
305653573
106104818
497249576
361365340
821181887
890942605
520670322
613229803
632513990
952802476
785755448
721970165
352220807
941072694
981441843
832084401
645608732
409101131
583372438
429414373
913777002
224477465
624946582
61804014
144448404
572062045
132659522
41949028
912271355
896037158
361902865
837730458
363408763
708374959
892486206
325981203
328504384
572854796
368286747
205025299
801945489
593807318
378661785
305537341
697768852
391329472
120061546
310659178
620034861
835582612
581306366
475909039
713640945
79561140
380639977
888209597
52237346
851179919
629169989
429526239
564196458
416261548
252623237
206764223
340914685
913322354
213302003
82783842
281762330
550183209
995569648
207527563
705164236
140727232
707506515
872626949
116933141
623307294
217346585
914625055
698245792
611703073
964409030
386017111
628159625
344801202
822404175
605230171
243745407
3011662
438344635
795273521
272170272
245355465
780587091
926706282
32905196
521505232
974735934
957492594
987686169
209436562
786363322
78369820
776601518
827475179
314641232
411299129
61751346
705785432
702624719
443623732
542549356
915714986
980973945
730375543
541337280
996714904
485910817
264960914
466882196
651079818
528343135
404914813
178340396
649757633
979726705
247191032
400411967
175711368
295625936
731326019
85610815
443588864
414166123
603284638
262336522
87361600
135439238
70358082
296957216
202777957
638633271
494833328
910274495
563378050
335762192
999790204
439423763
379371211
571756590
329388000
620371138
613257629
144183726
380564439
669239207
94269846
179875099
516204665
665360627
902286340
152163418
287600892
88532898
401939226
545472389
470277267
23634634
142145514
343375210
856193345
364109603
892431073
861579205
487544449
562641046
378726773
948559339
677120126
989103306
526363220
5169321
942484529
615792418
425609193
309744238
390210766
318335833
37178863
993416772
520731074
60852720
628513947
204641796
688857981
851731669
852663036
115923837
176413113
645687432
763631722
263748946
566868204
11506571
18432585
391248080
695710874
809613713
514102330
316867297
316159003
392664853
443976352
382106352
161887551
322654299
621043020
512405866
489515410
972800419
998062433
233613310
972054771
703797833
751071201
544311534
507914663
714681688
896460806
639498322
886201135
669246489
409552093
254431422
761339183
447659602
146828169
307315892
299585058
949444855
224121628
617238745
558160868
943222771
111647202
28164858
887870968
460856387
521873226
781129892
498836577
827658748
594290809
771045719
528918993
447625255
443419185
760173544
436327654
366986264
127636947
579039394
504785854
369070949
273501874
350410059
866115919
724947506
667879321
492398622
125035084
494932521
208299786
845279766
75524549
488961167
44858934
6151432
440671247
518401871
84323063
758294946
382089824
52112918
472983079
502254782
348598743
363584760
142869201
562144330
602562992
27967947
644556511
643525157
157313735
444648602
999360379
981673466
779339346
20557824
675675963
724643697
669724430
72748375
175184789
454247677
136136815
122822969
648561364
817759798
458674253
49590374
946311131
86707280
505449110
13891402
572840838
394259734
30242907
177023528
994556607
193157736
133090477
950937121
522652090
222829940
788977790
881973006
163317684
75983921
664878800
465950422
110698317
654623673
606003293
680456428
865550471
603698901
823369622
229939585
865514027
53019869
884508190
898207453
138057191
506304206
46235248
190527922
378919369
534751285
625213788
420769599
8255617
934777752
322979053
154456883
527941689
174543574
222540583
521262856
254684439
783246937
20726791
87472188
422664105
90214402
633273058
747011197
151389386
531079864
617302257
563500367
219570476
119596639
21507226
15630518
99054241
293768541
865923204
426642871
541869257
870923650
843198470
62355266
621861616
592008333
467112085
316688190
899170390
870021425
883213326
594760973
709954368
688744711
124981267
528607473
953753995
928645829
902423069
314250178
690203537
734195280
683116423
787761633
495288832
666170784
645336610
10923288
456630568
279246031
446491026
262686822
39092993
874794032
775877149
719974962
308326345
601724292
451523211
552074237
521399789
999726747
770222599
485476164
342183803
325810677
214686891
130717291
303351910
540546525
540406333
894411129
244427600
557159033
987392704
372230527
520978557
677887657
653292508
875475010
253988685
647590099
307003833
862094786
896160078
24841509
664435087
164526272
101885453
742845531
803503815
118113838
868087712
972360256
349224561
41108981
272754964
71399405
836822628
3143237
717234874
323148957
763128663
259591447
919073096
627556785
90918616
294072969
753113176
340450786
546471130
907295994
338816860
154283
667793839
46571179
622294342
886900709
709169611
367568911
227514977
46903501
133894514
530428533
996737722
653615983
259207602
30756383
969931867
193503972
584078473
888936541
926583701
488936233
7872991
387462934
631145789
105626859
482352915
611848864
675533650
107014617
499986606
496672819
188533721
623131246
344314707
647698251
997577899
507942531
743485110
40516983
34854395
463826996
224688866
259797913
841871481
947199363
715770961
60641161
12975164
376775192
619942802
481065700
404173124
49131869
61000242
827860459
783295033
123757326
973288023
418382358
574786689
812429686
504469595
822167351
661057514
702872379
569170732
42171670
83551195
550847941
75569169
334438745
586753217
587112542
249708313
312039241
167465578
456651
773517898
35072089
428412404
973729406
677663082
131866048
300936487
991942274
937472334
399359695
272913877
134984145
985838393
408912420
673782901
384692040
226107537
920101068
491153023
317482933
935379102
228462667
579879608
324820203
261766887
841185245
739653444
274125559
79234399
878185156
276302041
476411360
288517393
870847690
86252131
7929693
220322278
496548047
111673711
614245503
561492264
455335355
330649713
461204318
598332640
662873393
74959405
501526931
349527478
215049992
459533353
633419184
212362556
911124614
805379299
201971737
364687890
66844916
689474085
338169583
616352901
713410806
947964734
141524471
810920257
361503677
625425955
860637900
599750233
792152049
780191683
105812797
471876334
418839538
666475864
190576033
41050711
425652653
867709255
863247294
521789056
780394128
410451336
692221814
558479447
589151252
754936303
583005345
851754747
403308168
102057791
508760440
519237867
616232463
53464770
217924217
302092872
469098218
330284090
201369362
465916008
950660613
650884558
385438053
70244597
965821950
488913382
585760663
946719869
121895889
158471344
306261951
117438046
448653284
297573283
100062280
235129782
262647978
136029969
791990916
9606432
826486754
351573155
236656562
705903942
667691018
171097485
889477385
710310493
891975626
640044924
732616931
462183923
234104799
596197862
690057093
999905706
991130589
245856516
373494053
386392867
904764492
79767960
864113473
275523727
300360534
767965804
881332401
129381333
534142360
782714663
139255363
647850388
746269711
982831521
445714481
878790213
297827679
229894047
198610282
935504637
978364436
576978415
238847781
9314618
381226212
155778647
137793918
838530452
202481467
915922842
651654046
69813969
161380701
625258454
80922653
561071365
400531996
557305316
460186120
847317571
933401715
946131911
897011044
417640154
867221506
84627105
495644439
498076660
962699161
89831290
992693725
435797766
172641748
696869042
184274565
225110204
556139837
760099936
313124805
646631133
165189026
992601460
999095382
278717074
660242069
535384562
595301442
160421500
253748680
551837374
821695254
347654183
358327742
746824222
271268451
217504956
260686847
55323948
320811436
154743458
575636368
63023063
811568072
553339237
945085521
788787449
730119317
598977841
938966250
251982921
686403925
423427963
865964451
449929480
668620051
810540592
323616286
304090342
363555671
882845295
197074882
714255160
388784844
46384029
182495214
422495327
969096769
379725912
214987817
769597220
500319
585786385
882106817
692622882
441633253
478870184
532306840
66310040
42330681
903416709
213941249
304398031
686469093
990933842
238825627
614828924
640685044
654615991
718160935
607964601
50176344
553957913
788585478
64999228
601447786
214925654
403822874
39784656
571450466
64681157
649762948
723687446
225572306
337710106
727452904
311782915
659307712
159215431
673068313
653257032
389703474
98621981
265305570
357571912
842991502
322899974
318662038
503687291
612686050
606252248
110043639
70261450
242079405
429200216
67705667
883949583
963052954
362154416
149884167
457729294
480532307
107441410
859752712
524169956
506774954
492988983
370536935
991633638
440423929
458745762
697365580
747567796
168637368
543555656
946028887
710149167
663970665
754382992
87456953
36364696
219044901
468539901
819181230
956694135
730279248
426895948
961921569
293981383
258069379
567184403
658250256
986746377
61699015
614403732
783913934
411315594
270483736
733511110
881047118
154005593
661461433
658921125
641814063
321567076
755146865
515642461
935938518
342785051
910701828
798678834
963893679
37997656
883856590
649491964
132630712
865968725
275438583
837267199
452107206
353323778
549335619
990170493
788192966
800116160
226039635
177100253
838623164
855544497
192364064
180141500
906183402
306949305
853064930
364977024
457784911
928722516
805382615
122460404
851902056
869398860
563753424
821319544
216515524
733460663
487354102
276135946
165261891
568174948
427640746
868509134
935559942
956515129
996931097
123143013
719767835
629094392
452715914
935430702
946441583
197822277
35195294
244786515
247736073
395227188
50129921
43490966
742512960
892936666
488769158
496713102
318482847
866907445
230001658
773699401
248760470
939518849
348153165
386464420
956974431
469787093
904088364
814878665
43036412
94874906
277891429
386194474
342587549
436466606
851914211
266422298
411848744
334344673
332561345
744548492
328277442
964833492
619839622
808961930
997994566
169600628
906789640
299550126
94037609
53622752
399802622
123678587
55703182
584932305
126843945
269879861
889232862
629338165
381221238
362063761
218023530
751208156
405461404
162133564
970713303
980247425
178825749
997561952
873461446
101994791
943619578
298227521
198714003
489488754
950909375
725839807
610470382
712721194
952596057
757098082
882127351
873475978
465010211
194003827
260994913
502646361
203973932
393038994
124307388
458462528
68621712
119769908
339495883
638580359
287127508
178703832
887704199
629302393
960480093
646738300
386451016
97990402
835776421
815218762
824453422
541387658
738622733
225880769
347172531
876376408
959364699
737439820
435777206
100258862
530936339
645676933
8366893
380736529
245019799
851760362
971592964
342357365
795429876
967577194
554893972
939103627
606990853
473833654
33712314
458267102
701907997
996370066
905201022
631464697
766527944
550419010
605705720
7027408
421234790
60032737
230498780
335092196
758528207
862260102
313904067
563214586
26674243
174939812
944316404
234618430
936082525
666364013
210503364
646229775
739450815
720951174
729538248
403821739
850758850
272134950
842686301
493834224
302903295
430505435
417468660
92958880
753467166
335666981
347433993
578530953
573886844
662326935
264321211
130715839
422849444
935397632
785465855
109702009
212484346
324516322
732480048
201153332
840686774
929945868
271554636
802754422
287184350
678971302
761780707
853070751
944555932
229309727
359893549
513809213
400535404
21631076
533796184
383998458
141337099
514548993
567853811
439799276
841797102
296476543
323988412
777225550
431284117
220432392
722317329
503158672
657579383
247810357
422112069
378389015
348804367
4169094
954952001
366452447
478518757
471837431
971828989
521427846
734355144
109878369
43163803
961077780
668300902
499935605
868559137
122201108
929047869
927312028
984501416
742625273
912604531
896948349
678194932
753024406
122440135
788029704
665492067
69756700
105657157
976076497
259990680
672584783
868703145
801538829
478967791
50037120
640238665
542277162
700833359
345722046
940359423
80937607
583407990
725776573
287312760
755719030
45848643
435918213
507407365
467018400
759628629
920232933
151030803
553696419
765135188
203110558
130781859
953136754
73388445
690298392
48496696
730325503
945212788
829710383
114132889
528748906
311198919
106883829
274187879
885502459
248909525
462214341
890791418
300278454
999372790
600444110
607710127
460963794
856799784
323826931
14226300
312756868
415034152
455558804
910462658
487342489
598857742
183428203
794599428
507638418
467597828
383561938
678559494
235663186
945069262
559977071
750572662
994735116
756659570
521018605
269570291
525581927
473953086
259468163
849242620
530749467
936497512
680669354
972488096
567376570
460411811
190587928
892932044
92447490
858350952
831851763
735429369
694660431
852802027
333369625
727597016
128616163
798615935
752415895
122654362
451496209
797299919
481139021
122314069
199995407
987993821
284193583
549740896
801586921
461170577
290324854
14349855
881077292
618406771
868614585
531985847
836523597
143421438
435579098
426355908
712555265
298813312
708250889
50238875
692446424
131808504
424078406
938125692
1767262
970806933
115266338
943815196
395136371
768993103
644613943
901065260
788523164
83970873
478395383
963356123
302094473
29097328
736914379
124604437
86109995
172499686
155673268
764088906
349256920
321035393
101559783
926939195
868308870
504270147
752098660
202118750
259620473
62497508
153617738
973149494
748622677
207055625
523826120
572622074
964870796
134466827
647889524
56237878
134827610
325942010
517853781
990325429
404126853
674709000
707240498
684621170
602954520
26710713
923233650
236304514
948879455
226859161
288191457
596927096
109670067
752990641
100039456
961897849
245511236
833923947
62770952
963712360
867563208
15659720
126399787
607337376
74240601
217750906
742663761
700065923
81738626
455765392
560689372
6567041
787798543
644834974
54551516
604515669
177476530
995945046
584584369
766856102
431892784
386151475
451261668
594045454
695323568
218041219
761386144
746143603
2193176
870343769
821017835
796421772
895663226
764039534
298209472
272139808
810084636
846058869
439394647
8528839
398604279
349212515
18032575
186884065
705339706
96575513
598774748
769940714
874065017
421059335
27528452
694993531
918970746
666873416
52774186
633260525
836907298
389170626
67812856
765106373
663323412
371103079
244601899
361359442
428651269
603326380
883467077
940985877
628528899
619437471
953941179
235131514
951988172
703038999
402828803
751458455
535914111
278623570
555193678
870354443
599832186
426163834
353356843
324620947
152543010
466223799
231620763
940409520
269030002
952800163
299241901
194281724
745499159
107714957
333102917
318675441
83512964
546610403
324621130
60810166
622606347
79385964
224330318
713584724
667911631
938563070
662377541
298194328
228275005
173447810
745141648
971132452
647332981
423152314
325741280
638906537
991185015
687490150
917128169
114736578
335423433
624909407
548800249
758782813
318896587
237947325
95368290
246212523
198684720
878245048
263238880
875865017
29866769
394809981
104316241
248704065
932912172
747756569
984194646
674357549
325465089
947000483
637315177
750819670
133617753
397863657
782660131
184462492
301364912
423536272
720790095
397061836
857493379
927163690
723073338
52825166
845503462
363411706
250296909
967227638
87812785
488496788
935225481
728134949
780103534
801713005
371241920
752235970
589643391
272887682
660290219
753878631
463802241
349092891
159859884
300620247
531842766
914255942
96267069
378310814
741903104
569905400
800280549
92562401
744252014
451510706
503235013
219123631
722361359
671889473
495041373
661744581
302221682
903155222
220787375
34597162
159723397
36708393
234808927
996390955
603693839
966164622
845469278
177815669
963955781
227597887
829591284
62309042
242858988
98742721
361604500
790724576
485109923
874728937
109093885
193579975
315401150
183562233
582071258
189052734
950635076
226987651
506214670
141311320
378557761
616786631
13181776
345503941
49367173
490021953
963609577
476936964
642640277
566712264
972213350
157987125
483533563
835692050
427296322
132986528
686130120
287221852
94833357
299304486
674448512
951402208
377248627
818525629
921805433
195762915
62704284
681372993
447311718
623898467
7405880
577477745
939691573
24804759
267988873
733696979
706322749
559027580
678243121
207557709
350033085
227189229
391165127
304710069
688506193
803726405
653471848
541934605
388644476
486947374
34739883
695792810
11128564
988443194
294327490
691185835
775148990
691024593
326772788
959787722
98399545
232496227
683766776
771376758
482536947
316824711
93769697
441665669
689184557
734383345
6398827
332741911
846125133
4214193
475509108
699952254
758731426
704284382
563873743
478466013
921062283
569607234
529566005
488440899
900912937
993104549
441984787
52850177
243289341
350046427
734854507
736210996
524013992
116286606
741294922
547064793
124074364
718140181
361519554
410473089
723145422
33938084
840220455
778897371
482974735
180140401
771114212
985948409
781829708
234269627
829394780
59461149
264983002
456277305
952673277
151616455
389177535
281355819
660565265
909190854
192527376
609902065
129939717
717198666
8556812
443653066
924621002
661630974
123433212
769114820
845417579
562500880
649694500
273628848
541285486
537445227
270654540
528258940
247861920
485340171
657551879
793352485
943599939
452463674
990370303
795640802
692680894
274245374
219894748
979057034
695942607
957087876
553139255
751526686
520401016
435024453
890700786
178646155
128436426
921843047
947692950
375559568
433916165
763687392
594179785
227650075
230100691
624254307
226700858
160825899
328819295
255040058
220151244
651373489
759500447
763265105
532959952
725729556
117510921
701941451
81360175
523450986
484590283
186775155
546142494
970189656
551884695
876921765
41845230
398075925
857787739
514846446
305108807
998669078
259739805
618962075
39635258
227172754
658499343
721432753
143120819
949048057
803336406
94550897
705318855
202737180
180352306
634423177
255699753
987145988
293561296
23287616
530104904
112315968
260384523
64305333
957817121
822298112
657520480
258236234
141464985
682872826
221437919
861449317
740731837
258569159
220493898
326545204
748051654
748935463
644229661
754687367
332171092
601764438
418058676
167742754
337425587
33395199
275281613
521116836
132024199
396665553
84871493
934932125
319528602
736646915
954162508
769993513
391080947
129736963
516628403
802150816
993932349
191694402
708484134
691668866
376582952
765717810
924272737
49531794
743088188
640667528
397133972
520742056
712645722
659039423
584480586
349712753
629234877
279516161
876566952
935445791
750761507
647287460
418376321
203095284
764902391
284049385
932106116
93866574
210762489
547905080
703712279
671860698
131666331
701550921
959177255
726996224
152849812
218383607
255251098
860863586
730373461
132713643
422075629
865685484
973263204
233941857
123939408
978390579
296875922
95369197
308730861
442398514
362931276
53988605
490247482
583092124
947697202
963153676
425258483
224683145
645795363
231023099
6603795
99788421
615708967
764560920
336219538
315556962
83164657
366243863
410386697
129824014
961302995
612114560
495416506
816166979
467572733
64868753
260799016
296248702
764804026
327669942
34048911
535456353
287853828
702157745
651734608
505916809
424511036
825157678
787922802
3530357
923698905
926915117
781194551
562011298
655132958
429322103
532468990
630388317
986372376
268337660
885386410
221146987
426319350
701348214
261659505
337414154
120492576
531045159
383574906
202421305
71506832
689818228
913669412
86761573
904856620
830193683
670000789
999562834
987174546
730389059
387582815
460012271
607523978
14242020
105183784
894059775
286421188
90175401
505953576
647989495
293807244
308685570
776580486
453804765
943014350
600674334
576606293
497606569
770672679
184306211
4987610
946288349
856121053
106671422
541663926
38363332
327653070
819518576
628051336
711116192
564467071
199702707
803654036
724998383
810376399
424439617
768806881
827055465
49758194
536446548
564423790
619304371
988432560
685020617
836413472
894097672
87586543
859212239
602671943
441306542
913815906
895215129
974756164
833673711
452136723
873820976
576943544
734914174
950918416
568366247
405917648
476448738
214966154
830347329
891117034
847696918
751198058
144715809
923374179
171743325
112182717
575883657
640626085
152972886
471860698
948908946
886201556
260480864
168314955
210149320
246680745
150947558
467608327
468112565
383230956
580294464
147446019
175760189
306154575
10667578
635705880
578620403
952580628
225870609
952079785
663425748
789173943
174535241
542800702
120351387
958468673
13470974
112027600
370433567
477482839
51404681
905855255
512466822
668509455
510460038
545465781
269594634
257095588
773284283
283076016
996346666
722952217
894760000
960628864
647377168
924357557
890978598
499635282
280173718
982513954
244593078
249759401
595687344
530990643
793311762
75982318
549678820
377205008
260383332
468772021
722085992
860528041
515940146
772733933
456909184
581692480
986326715
872424731
916904729
768915095
40988783
58791531
128396841
845395718
2483043
254606188
570137599
882289128
535774546
824158842
633483940
190427424
780946023
925182062
795735867
220216149
347436462
451159019
680782086
559654316
248060303
518022098
52627205
835671485
832568340
802494029
924464078
791482084
198960003
116563522
828711978
409089748
908296233
48314278
372193948
552180161
344411935
726954661
977751473
790169015
567145483
692717133
826841142
630454959
96414689
767441273
35664762
748108676
934257658
481857006
160542756
461705444
359773365
912263609
168201146
117663832
405580023
784993725
581692935
30955201
572484783
362144685
786979394
484257760
730018549
628954603
56689278
771535595
765357059
209316162
300516620
359924909
965749194
4984357
933104050
223753090
227837938
20463609
648539897
237835773
16146141
925095156
187275034
697570280
545853888
699470388
285051719
557775809
499066986
228784414
169320371
584298887
633482195
847443544
524146837
582665417
270551343
753029867
10449473
753046421
152620490
254148934
105237458
707306067
17393940
427241873
288111158
181542395
934933528
502804424
565609838
983483301
878731109
19782946
821289455
764518214
904644344
838724527
380158542
389848229
554750228
545396511
838768066
757087125
932040942
386550789
574625433
675844085
329572170
552265421
720427526
325140988
407079888
714751710
207159706
632604290
402405150
523443962
967623465
112072775
536605848
189751660
522240292
312422690
640823484
316463232
554755366
323797035
770077018
361014461
588704183
698911233
931429813
850378454
79569538
571233434
45703882
21527874
253402015
541517284
534749618
161278285
471408952
270998337
486205259
417331840
55291449
813959862
855890522
404347304
742801325
797903423
861504086
219028821
350515465
213864768
385417639
537698574
406045824
366109322
470721938
134213189
449183647
732864641
459838836
739854856
44382421
138981989
913375495
363479042
925271230
913997740
24967657
645738889
152824871
524238201
391777180
229804716
455577659
258203850
794442157
842854589
190247802
265238555
864461731
718295929
861152510
38109235
963530943
436381213
899317729
609856105
450300604
879189430
62945964
661390263
277456005
417829839
474619359
936286223
174986804
504749414
438711697
609316297
200588271
615995753
877750923
513668058
331385568
6820876
208908865
828691621
137940411
530913821
169818336
21713793
484290933
932890205
788134818
224102297
597825497
770890195
772697372
180143087
720937503
731371516
899227599
504412467
806383752
146441539
607094950
386865320
454336831
14514068
298449938
663752127
367885164
183029527
340166895
263776704
467631218
116455759
753465583
767533896
467178094
460840812
476332995
374953734
67323335
296624939
885507708
515533104
505781278
515530988
180072861
79684537
818400127
509116847
387555479
739284935
789571089
307452750
548368024
357598211
474791150
712579497
532948204
477223544
805400469
741442972
955210444
795708610
359118665
683780100
133565758
419721748
9847255
388481384
489463374
792109597
20771062
432140643
820018280
121999272
799872053
513771136
956773686
12503758
56265882
511885690
676637383
942749345
384879568
594277447
734757479
499053585
604229334
985466971
515175258
228101050
197742106
588053308
529637637
621463870
392290366
509180736
637377916
325637342
364611989
789684824
484694284
871908431
390865649
788520539
399983341
826713972
936082597
656039559
365498272
509276949
170577296
510972015
800828509
963384222
306390094
948046800
385389889
945466624
27302656
720401217
516408951
822064908
930916040
645064101
268902562
43113733
144702683
663575437
878907799
28024268
647468754
798490770
51212459
702104276
77871331
980933369
963538824
789667711
313758782
575803796
303360562
894422590
693980797
873451453
746193197
744972808
220655029
573757783
135572280
122723146
422833722
627610761
199193251
46732445
904298948
369795107
462124130
938827239
300404491
168139022
119819689
402226373
247699963
672641505
82750596
634164752
947823880
716650413
887794374
451523368
939638838
882490291
449292028
136077975
782684888
830249465
426378617
391976514
25121655
920825840
735582733
735529403
484820113
819636914
880171215
983332755
845019666
784951679
346222656
725381026
709787359
448352872
625068673
484903623
820262171
919356655
19921236
75703299
270319442
348815690
601537245
434333756
252301670
25568116
292200640
406429028
474866166
268994481
187299428
548975161
564485632
971504788
910341878
843741158
99638761
852576292
107511264
864109096
485410108
600117656
401601097
348545614
326555578
256415376
509862742
592412103
824850274
368310580
205867339
321350332
748520985
430500020
596996125
714803464
279953130
466686459
253847475
449254155
781988891
20347925
522730339
355846787
157748609
235817032
151423506
565980687
811858796
243572176
271501666
173786653
248179555
871074364
220254013
679063986
415091205
698671259
508243313
547214828
566530473
34235190
666224371
696556798
764961808
106788380
230410643
379147572
61524322
506821727
278495632
143353650
189455695
867168980
105576363
484346257
5079719
818479943
752576665
118115741
675074012
590305255
155507219
387756509
807019097
676500417
447795651
224558488
932106231
415055008
599515596
250020012
603789487
692396174
461250266
504589354
428833983
264210574
282995496
797665617
104258849
454996777
289824441
466596640
895149182
500786743
518429647
67044933
971830547
97343877
804224321
871324834
79394855
316319066
414379944
839717433
580894604
361819745
472225412
558952074
325012136
279944431
221922385
669803753
4355641
54989299
339273173
947024947
484370980
427604802
601886275
612438991
936706417
567338662
779466441
369328850
953264900
210215069
381199075
467410503
247734933
447396739
224666564
962036061
48856481
720481960
238829426
518017082
43353951
914384305
132573977
986382361
624784791
158044183
909811709
34597663
390288586
83764149
640301813
639416995
332691670
207807937
337116769
795488924
924962327
963252286
205803922
627043825
8836143
560458613
634687020
199679710
187674661
129603346
199972362
322844737
659609828
827603145
227935235
155814707
687935919
398903125
215884906
40856478
450427635
82976787
143094533
895221432
675347904
691062148
177306796
604835833
972886412
604516800
13647795
734575966
169259676
759935712
349792743
302482889
980940885
928114101
719377256
515950680
237585187
97803983
905673802
141203718
805748025
744291142
810820695
10676433
850036979
139397060
389333710
524537664
634770181
244797899
933603931
685548080
262859239
280248322
349468091
831890327
779084972
412409905
133616727
978446895
569947978
865150946
431635426
865781000
587928153
237485156
929056619
458176080
173847491
116439380
671959110
435666093
212380721
201958451
725751525
881514728
198812003
212120433
236349654
135009718
131246087
687373631
65913363
297516319
222319292
678416019
842615905
811912962
652887745
339397216
996958844
155950710
851555049
613454160
803756685
619441164
509804027
370847161
789527886
332941662
157408559
556359538
527781639
666334984
261318023
671425762
812578224
941086934
965396721
494320195
570800992
503019180
331098781
294367203
912045189
717838292
597969967
984144821
315370343
381512285
175890340
74467661
87087015
620936574
185891982
552589151
860746958
558452613
35725537
315513423
32129451
719248791
523528846
476469825
851080981
822224001
283805140
26443454
921567962
700227466
37675191
121697716
503584296
453762579
724375034
965214178
491701429
176081543
716372520
777794627
456595580
404731900
407311539
364158290
773752610
774584757
357089610
319935549
919242916
233920358
951819458
294653882
547836405
700666338
383567531
940597305
503490224
950544507
118409812
672639425
639961464
496222497
468259716
845768181
138795879
213592050
669330546
527935895
226919188
379363520
604262818
276782859
788285438
857053476
123233683
935989160
944319901
608123686
27783621
398505512
948391824
371034641
522952021
873098511
567446620
510815819
646721559
240237882
655408130
204432268
74790428
324008347
919642519
219872511
809771774
911113359
289585364
718121177
417162708
663993466
28131977
468141324
378993833
339974659
273062377
60705892
563388910
960641283
744364301
528611794
354917666
758656961
408655950
674835905
249320497
126235741
591849730
823166181
595643587
340337428
860915139
332820831
686427123
465874258
402597470
218005038
496919195
993679016
755207197
166131789
876862635
586868437
648609980
260542001
295243123
266262845
42387771
450767958
801159394
67050076
857141675
435127825
455551920
327940402
86023749
779229470
768986965
674812785
723983850
562905153
37173308
719410992
300120382
133037621
897264296
603332442
718278799
135362
622941574
854380121
148806067
882217598
863551730
641841690
227788988
406432063
955480114
190343764
432019784
743400531
933445411
217443594
456325864
51646637
62466064
556342668
68314680
822616486
271043220
972800248
425464840
244018392
765348932
147261216
148171071
738124219
500695416
17237912
325120073
188706029
97568014
480485757
759775911
696274589
372651353
860288718
223609031
488845502
136279746
361413557
683760125
805052791
831404391
450230355
167583628
762126149
341548866
439104747
487090518
177938512
971299273
298186636
810819361
594547201
219102756
145041570
422380091
292366826
404745705
208886928
704697935
69008039
208225340
204804185
188702217
631549757
714168006
325260324
977310192
526342760
139071008
162287765
791228167
385666095
73657477
845506272
204750857
453795874
671163937
468993159
653882752
717335661
460872662
683891408
767555905
456810695
433427872
753586964
283219898
377009062
544265514
976080042
69628654
150985110
778399303
301113987
776690573
949149118
877901529
360209900
657741230
909743695
864965758
153303080
571105959
568506388
493419351
585602901
253939790
217106927
594896021
641351685
12938408
789776148
928193253
860191827
302493621
939632114
444813095
585791629
630479418
993475034
683030014
239249361
861675199
188103081
686753325
81137226
211147610
343668095
425257226
493329506
540106603
735689967
819720292
778215254
996525665
166495291
127420113
573530289
349552962
40506940
359478922
623546663
850682283
363647393
300253226
425858411
205937580
877069237
534126764
275475328
611535853
139868112
731720353
950914171
701711860
358917275
272442360
578812452
78703445
414290703
519705559
347434395
337388193
162440582
5734869
797670248
789535607
99044470
181692000
615515513
685914377
374660102
815123954
47431684
326433579
489999779
865932934
513829104
726677700
291844863
365482152
255276494
912974288
373999740
775858136
779138212
816195485
858031484
821951643
883722018
249016134
210636073
560830471
384224219
936550431
528203959
507421771
136092218
426779027
665516365
851083197
46589936
173061567
587983963
325482393
112088840
452939055
622197234
25504303
480946978
532667117
210913963
475195710
222203270
348215582
976590803
471078382
491563608
805508332
597359545
581548656
336741133
327102636
661017476
196941983
386976666
87740962
403037802
702095505
434692874
311790817
798714381
473444658
114858197
940922283
182758312
873431511
982641267
961676689
102660692
315680554
545342507
310652398
188812740
516200900
385285699
456874709
344532191
644310325
987788058
354759698
1822738
297898230
440676469
662905696
382823598
526440441
433993685
183511034
891748679
567618082
594536943
597918047
107586002
113967166
248444944
924768906
448547944
471908543
27706278
583503685
1272885
20058971
471967221
235336021
634536305
771104754
46695564
149035453
86379645
990565995
207092963
311929791
160959776
218203403
711882867
827613928
311218329
756471971
63618434
292627414
562585970
492005292
704227513
449797721
319624757
44290221
990075797
465011553
277119895
110588849
973187153
723501755
951613117
991152432
308641733
744886121
870055493
324330987
304754039
982223577
227825601
222547595
79791467
657145842
118554539
310855751
330520445
587763379
202733906
965091527
97933391
346290555
574636679
490537830
565069183
591583316
763151957
51361001
175107251
727904417
657027701
335484311
291958059
972095222
227706031
643898
420587514
779642778
570333517
672835728
793907714
384855513
255385614
785607390
698809782
160363134
375533605
859179688
992616719
520288829
422087429
102123018
405406308
935623816
76946125
29781613
629081491
984779133
836725752
550349566
502401499
134962678
528823415
627045395
406099150
591070693
893758869
54949271
148472005
394528934
132739248
137051185
561477563
143287876
560032709
996544056
894287929
275237024
323656953
351612791
54410072
527380097
220622637
621917403
247027452
573401169
323989597
980435594
979335440
766939702
683961780
313454057
308339491
611104716
437276703
571156835
697284686
552695398
663035886
40247801
813268792
556201666
988384273
368832739
563388910
960641283
744364301
522475546
161005671
762622713
402143391
412680775
695051157
37821572
935513862
973058903
774739319
336739491
179959176
745084683
885864170
126291528
865404958
77981598
575643101
691764677
673037203
741507879
201892316
662806811
329337570
173728641
204289758
217827146
101066047
401183304
196089899
263865617
799350977
6695718
540206454
682668418
408793879
181338680
606260202
604657008
364267732
357300718
696117254
26005845
112033997
165210595
183169819
550099214
525525994
79556615
59425774
436920165
882281112
225988613
353691227
969212589
636520522
861782615
794911866
558425477
151633280
656791863
412025511
850152592
876854525
507961729
854903516
420676367
859500047
808779544
558911403
407783572
201806547
792986141
466973875
607812341
497290785
38957365
99727661
118523290
543233646
851779648
324316171
711122592
925947812
725655676
843207581
354652858
379599915
504803947
701391704
853227628
85590751
946881132
61539393
792565876
200397747
193101325
647697126
423480065
540850775
423695081
559498429
350768761
745573063
679571227
557844407
913071041
407888012
104624916
794673594
506736876
800920988
926419033
187224787
798495221
372208072
874491593
190633649
470159368
483278532
737133078
843515630
192486250
965450259
348225462
193262637
521106902
266883795
496373660
821231116
484339189
423913770
776009096
928023331
172868069
917298017
49100997
862231649
392203910
392372085
21761219
241631506
323749100
782244586
650589318
301557740
693252218
852032261
13875220
398042072
668541606
512929293
5290701
924174636
963177052
315660847
356054826
121139162
692003564
633936262
595246231
56518825
750460120
666636662
453876029
116659398
255105196
131236877
509514949
365209847
23071492
662664733
541097801
578515309
918766566
269902597
818342781
713588345
357964331
516443102
573566997
626862992
220985473
34696738
868125615
551407831
431625073
142020698
695087503
871721842
667196180
873564334
621835569
960263881
834482477
588246765
462360518
870680326
84177284
82057384
203034294
169450991
488892702
708180456
298462895
592464707
581553481
26537727
677498114
810629935
751685385
149044635
817261581
5076799
452566707
426773924
775128148
549705005
880084786
731104815
234509251
58019610
25073360
790467575
126252436
505084444
847667141
138116976
599449865
482913543
758559040
258916837
544645608
720341128
176755517
265988550
870679041
911019315
99081375
922011073
779103354
599671708
529773071
914101409
851214674
381597539
79538211
461589113
107348617
17950177
428197054
528168983
130469970
12379647
874905280
641828810
974743155
629643706
195649174
559525074
84853599
827225154
131534231
508631893
416617913
490056106
791667225
881684872
841976263
959490566
52253596
486802361
198543586
260418982
407208841
411613650
864299251
85192684
418798614
462183830
894621072
870589981
509118431
938940604
400883141
48524851
1994450
348775850
986334271
566011287
724750786
404032889
573647774
136582905
183225919
496898604
166657281
704964664
191903943
293987266
392372615
189082888
586731945
352681327
620937672
27656989
832385109
562430544
780720353
74178191
301099145
938332397
945886854
845909134
1772080
424470289
777021123
338855868
578924856
426436037
694858860
412459395
386953757
993946150
641618214
122905111
598197883
549396853
949707201
128739259
380470495
602662733
83571735
267417884
781201985
279558925
69768612
476537512
435684335
851197381
991554240
831147049
553698145
25264930
405513289
796650493
853815216
340013180
348684040
917786180
259448659
927076960
939344178
345807716
377127226
32445669
925784583
310606487
837951505
595238163
257358634
331996927
338554844
347623327
858502338
773332725
861835637
720528362
681247857
598909743
789574143
280994843
557126455
724359136
941732547
754224622
16579648
385710806
296712833
192040457
564544163
61381806
986370787
152730714
305093551
222641765
899392656
727249886
658966649
185201018
552864363
61954853
241940162
513341436
480503394
859241347
983629778
600848050
154815747
22264199
135724447
398642235
924926358
345641123
586709668
139019313
466498184
475704966
739235978
103242209
438236041
335752596
199618316
384491757
710814360
426522796
819862979
462809358
168878738
216378882
794389958
883598546
311425523
728195545
723614004
572958732
732503572
840709898
208292686
672221279
186860360
404858713
117542276
978035619
57471839
721440915
248004569
463817136
723293449
64935472
583470930
436023370
851432499
182546922
563308491
640297273
701034563
349621574
405289197
274486977
908666064
964113400
315833941
995100550
192982500
260531934
373464724
598218572
354798614
221732815
731972991
353767561
964382963
22967573
509970870
556810793
679998112
375033040
50904210
449877965
291086128
145860463
468745503
319348188
678482771
34251291
251853201
775677736
921519965
463806941
850465216
534120902
961881137
349655515
502499913
334023284
97393363
756584243
804407978
415112159
637719367
787936743
942423632
966288222
891693373
980953677
854508781
654345586
273236701
386456924
972649649
153535126
582036098
179388009
385514765
798671861
876950231
389925555
785336914
268688343
678248356
235682746
502928794
218068201
794733245
127959949
94193735
918492694
463872282
925287547
216710879
504601339
172847529
174853340
218791501
645063198
676537514
781790056
808147390
844354752
173376657
335268654
192673250
852305075
636604780
354653228
37073826
372374817
430351315
960791303
642124424
644573426
427894273
887113725
279214381
535440551
662153164
848556601
523626347
440340192
164930535
156348494
300006411
69145925
634659880
981561512
92765950
373897473
501578585
43627666
136419649
413000065
802845389
677922676
28409408
660231907
264675179
124719418
422691101
180334484
470551373
317653486
932823829
806116665
964867336
662326501
877083710
819181647
520779558
162037481
858070969
388336046
326809741
711118836
916425047
790701633
734726152
988119324
83512913
180066056
256298173
336957106
859745490
824298682
123405216
739751688
366455016
513884868
963957047
648261058
65530363
583930451
973685339
820456373
51212203
686221073
946994466
564845120
610441282
704089986
876349103
89935645
576144244
424624397
313517313
752186144
380778872
395424891
481240620
616860385
460654208
487294577
599572386
395627501
834763218
388792184
968812475
943843455
440334276
730887340
414761953
261753883
608217992
703228428
281181547
283656068
583229695
723308647
913803900
173309492
154345491
79253356
389319402
906435038
19882794
499893232
632375289
475375528
683675497
448804457
257921154
420673831
148618
968871392
741383096
731164796
307654206
245489521
482022552
457506554
655153561
440644765
347915317
567163267
555997320
111300610
606107678
137762302
832694697
535427374
715447020
32667731
932570501
132772451
261644232
845447045
726984632
778020601
463507540
471855297
298327164
539778829
116015074
594958525
267099277
511881643
76356022
666813623
16187211
395141360
37635677
267328487
95260512
371504960
100397973
731182089
213248066
592755585
136819566
535045450
969123740
934776733
567951550
346900937
532518499
386922224
217662793
800109031
820125491
295631736
104193716
843971581
954606734
567964463
287138801
249363622
423024496
811787860
46456380
859483982
746142846
248436417
367995683
634398595
57513993
340005619
131451128
923551636
816751032
256151613
389802286
428740097
477687832
375340810
980434186
939111626
987214542
58843551
10897685
908288735
501816262
954007631
923146267
239768417
148283689
165858900
166913595
234237353
623331386
681509895
193900065
975166009
745352895
977681265
892282326
614518645
250215937
499450509
679729021
432603824
700213605
14172587
279179835
81089277
654897092
966434703
307986980
992640410
953134090
590852612
372022115
788727666
921334481
125076700
877555504
938236805
668416130
952610794
523419595
343123341
638820454
676367400
647409477
94644877
749207509
888455131
312097930
334389756
623871278
923788658
985963512
640832636
146447650
326537888
508813568
991683209
744114483
818608027
260335463
375410424
674071013
82695086
789715268
720425262
674610216
646733729
913641064
786234205
289340010
685096668
687433400
109905563
595357382
812060238
962100033
591627916
177273551
300546387
449762813
715548804
977018505
95547752
188711875
59542728
250513883
639680073
543495553
575612362
386720663
748967737
812773797
248554834
493339428
521796864
931549338
675994761
958997007
727286956
297067378
380827872
260856952
624647636
930995567
17870334
113008101
852260842
407672956
621770640
906253915
765502882
647358643
727026978
874467175
845983841
5130112
438074142
178316857
314489877
94154780
993342732
363563158
612345226
362400108
971886855
907081622
347872342
306989145
80735038
793604309
168761546
409640671
992877186
971950452
362274332
9203868
647523745
176523786
229377094
900611432
779992457
28746274
512456388
101389178
639870839
927641810
368003519
810419053
280984339
972051539
796619998
558916272
641164955
825251206
523101029
850244753
682857668
735509987
135022993
204732390
1668526
676517088
538951835
915544430
488072827
867815713
825713387
192141782
575139972
608042724
759981479
651183050
358777291
255195286
248004569
463817136
723294643
64975746
581170150
807989785
480768720
508875151
859048979
207110985
1995943
303475587
846227115
526595538
82512796
124917151
80355346
105913006
694291812
302997378
329788483
893511223
811071213
597304314
179456122
353711946
794355342
591002914
196387439
432993668
385466181
903602511
627313179
298222037
863739512
651611905
893841639
53959732
782896895
617504901
608744397
126193404
478917572
54468119
889269000
186083886
655551026
882598143
572111021
599628913
100015766
838231859
857022328
589940668
83172074
215158166
376328695
168042779
730161691
665128710
610781908
854110394
228484439
820408111
554222717
636040768
55789974
138889928
177425157
380525958
134287034
880557741
642264627
96952926
446392318
498761123
83986048
382153402
689652853
630805437
739456122
138287353
509989554
127262275
735480705
260628969
264616619
984896201
426652094
434238313
181937033
41081234
266009568
144688181
865032014
833174783
19646321
809102120
974110168
98695619
796951117
347311829
510145886
689459488
957847873
919689641
845958636
634732209
490628841
478411611
901769429
521774131
486362556
416210947
445515358
494436621
17595299
336996649
65640787
356480043
101405903
616132961
891816596
361460183
696515907
957595743
475349988
558838997
936980399
790366808
282792407
409633807
461872503
254905701
989998639
383197676
970873515
992039481
543061652
115676235
796656144
433730640
542194814
128635888
618574711
409603284
264738093
49578788
550385795
406828283
862792035
243254030
303675559
455329904
770590973
217318690
485397494
970839623
63308766
213974999
74590614
691951491
977938345
977112055
267787791
173162971
522252750
632351968
679668114
729065525
412448711
877403566
421990285
989795973
559062824
726075596
751171040
414855282
865449453
757794565
104615207
861930516
359437349
143773709
208140846
313381949
333585517
768679429
607758785
27549454
989167784
663658511
188268811
55127388
88644221
495478930
695107435
425070345
505426486
891307151
207302477
993404925
515790313
805183802
821302667
296599401
308590671
32333609
934897429
798483952
529017645
950159376
899280723
754474117
941108379
643953384
599686720
866622875
713156262
920596340
143518021
781165938
834982234
83485063
178794000
355017906
219467263
591724432
959088489
362607788
825530221
158457119
698849501
114819641
178153851
693349500
430698623
792520574
911462752
746481463
977241928
442943110
790174380
860478525
16285624
291515064
986111200
414895387
916251584
409425752
129632560
808822003
225326672
856968026
761963707
77284221
418043450
816826430
62651382
720892508
318284300
807104451
246197490
124393491
717021539
846409253
554808880
253347512
725514713
790844340
353097523
248616278
850482304
177085567
834614891
69870085
839737126
818518036
121768462
562962146
323667759
277930916
250830674
716815567
93135852
771215873
401800029
318849389
574378444
551750732
648716685
131032720
41596136
276274233
791119356
131604909
646674611
323327384
249859565
15902748
110981253
7434459
319231886
500531074
681050633
729860055
253534127
779434696
409782890
456688127
837656093
283767928
678560207
959846718
704803793
788379149
755606603
82813184
417752331
517355870
638564554
679009547
56933633
212154235
921646960
74601148
387056820
338156775
142210496
571891101
483370685
485402999
984346144
740875711
847853730
76820381
402247458
483938940
954416914
934941491
630385906
108999312
747457168
970542592
86190483
54977967
326708338
875409091
525667734
746045724
518823694
298793738
67243538
802453392
494677092
72380109
302366182
409598308
264469899
998961965
538298384
438312240
375932948
403381189
621445356
188321880
756389052
22674046
358950604
54644159
562621378
284916635
853231442
555199519
20175058
483003016
115221537
443609182
976840072
738574949
684062554
828328944
341218628
287247204
420541900
570272112
349153294
681234674
313716296
224589925
537176135
664419176
157610266
884298343
29481278
434655304
797678215
514591861
711692739
174003491
954722563
133482253
804052556
137108042
792640116
726858398
322822383
128648212
908061701
462714070
193521718
246054921
485185304
228331172
938752983
974907959
495663359
173734501
204802547
366075916
188464976
936576104
825146599
440447279
272710357
602560513
554755810
915564592
677206484
779968414
520089749
398840012
41587926
917611378
158694138
484602283
218516611
731421056
545904378
259968286
849230340
323222575
126518849
423122530
620343561
505021232
484025179
214568454
209885267
214556123
52928527
182716435
8303910
655184054
443897988
105706841
17891169
253018723
410607132
455272322
988828685
455988356
358614660
660061192
170010240
295643613
747868046
703780489
621162014
127763940
731613085
751805521
87682431
824451896
928678772
136537339
751875826
137116566
119248855
136934672
308889108
553216106
371773884
313229638
326183747
76645604
342603168
787236197
194084723
176104049
655174531
146627230
324030026
237848701
814791482
45103471
61118480
117645339
363931079
60545912
841567773
221799739
195961995
213757655
128340584
138769973
91777028
264671121
25458470
566301312
427082081
539432829
512110020
177554453
534204303
223348864
374344583
764539418
267743981
185270689
760964722
424506775
653418821
346061978
687378151
784735273
839195783
318577444
971736381
912078495
438728449
267847458
938763022
764675980
904753227
137906743
7467671
822773878
850973106
398659420
230183474
888656471
688799072
971516395
135687504
482276836
609491006
353515356
926068714
615797860
325920727
975284018
232283934
527870401
255275603
834656282
634009822
422902769
996366050
335964704
379169623
101632984
816049248
960535798
634429963
162021666
978713895
519027451
26605979
830434391
930209648
149300418
178714586
763128208
87177092
494184801
287535317
106712943
179956884
546345293
859885966
657286905
925198842
300020762
128253743
637299481
51319499
33210515
775662470
540397103
540555460
348385051
77811390
30898079
359819370
679895488
567312778
139259951
808194668
41102808
848961007
650522084
858933705
991060951
120652210
873417493
707092778
660083543
889357519
441924351
486222518
621490245
138049461
938297808
470463017
851414582
270848211
253777511
379516917
862368643
432584289
505310147
2596857
425485680
518711088
280757422
223342142
711742589
789201888
302055767
959302622
11188142
569918622
454136632
645257699
4982194
346876563
614212995
52645568
11711075
586019075
432453718
596284003
699952205
189764652
510803671
244666599
924767943
634898749
179377877
69761134
947904996
383545873
598142730
936549190
782205896
648010934
433208113
668703773
521489043
814354917
540510538
987907616
924913011
674411498
257327391
544071517
92737839
216265094
49087038
61942005
747724244
524320532
295114112
371909829
270321424
598649949
615079041
73555653
91857828
671044643
590633737
182507011
444384651
695795472
226743725
278356111
773213252
352828247
813029818
704991972
430432930
584917920
893336393
138372713
540768446
683804184
338393921
91300867
434568822
408388515
5017357
919957532
514033216
389596354
164928074
685972475
179358473
613721038
359529214
579589557
180184167
647445349
957287986
767573702
8884630
53374472
652178837
888769723
47499691
49148205
656693326
953042796
619682323
434457649
471593540
180009267
917167060
82177396
305314300
579310746
277766951
694211668
510708702
415002370
386399983
736781295
176514003
411527061
868652844
280755163
194545963
249536226
420682707
527844170
238102254
514268749
435455066
112897679
436679794
375982656
418500948
304756754
290322064
788123599
276090432
524668044
715673553
863512420
335806841
189654266
746777556
445611944
689267167
503936761
381389202
330819846
875321325
375071794
853936316
430773931
346376919
275038689
932815635
811646687
466900008
93811340
222427968
518773456
398911249
494747520
448380540
450655209
914854770
701261307
882321731
14884378
806401189
736182026
935243329
216031890
768882355
359929690
128850153
917252306
719744289
651112448
413859673
366103033
200280477
639017174
162389120
178484842
469785199
655899236
652323059
496379101
358366066
335892164
594389777
960440277
540456844
99031433
410171192
285331041
843473979
369750432
956924526
360044245
652790472
163490876
831157961
169875465
156558033
468156945
554718886
68027217
867335911
510077238
311471748
35350074
60516338
373543454
788114847
354934137
203712223
975797243
664969450
299164019
163071035
19490998
740966493
789276690
702432973
725344145
19978871
834489665
973551100
528508532
606486713
368010378
634910053
356738217
485138134
559047565
530949723
904493310
182941754
63845252
546124835
117018445
968811802
702897963
783879340
95202801
440082242
399888798
204629549
111901235
153754538
257523590
483590328
885362370
317975131
202082241
349938188
716412748
112362870
354987237
992886077
724375572
14455752
939261269
343434795
134214832
820828824
135717898
201197474
755261833
65861568
588789202
593694454
202503833
497494765
31390178
784728250
842520706
407648482
125575216
684527930
450631851
96185124
821711393
68180329
987451631
933058256
665840847
447916515
213266397
956227074
878950923
116130828
408226148
509717967
766565495
655570550
180275628
380296621
681423429
858214168
292455599
583155044
522861613
794288618
953147714
419431871
797193557
570576269
736134622
483084540
681015596
143771909
71552140
777605846
981167530
50463631
909346180
230975461
78914440
315001041
982306156
617826226
22334546
41380392
630931739
955593574
621874082
773615159
719565531
646642526
164038202
509599036
20659833
366248019
826256837
918137816
52654628
251038638
548077273
737003215
764240856
950041786
18311942
42302838
935642400
212943614
919699510
119270148
505545068
558675891
517988511
440857487
996301404
673580975
353560031
575992121
891843704
146036105
463983531
170056686
609478269
392777210
200910581
102168363
686156773
608842218
465274189
671698034
420576957
180408576
384324492
576970395
822771661
297709602
287372605
669431953
754308395
233666329
383311145
514006212
149444872
459440874
855629470
269254965
855880582
792606510
289663014
187581438
826432901
894113892
538232907
493297296
982860662
605335013
857871460
307274687
955675724
805446652
539206123
238171483
22830031
133768142
954889277
909520626
316472194
573594925
27743384
653555148
261494987
24174183
750421586
211865665
994966127
316396561
236982802
162749130
833362463
497147247
826743055
523289643
284873497
642303901
431279427
441923622
574691958
918126433
508761219
105711455
367133785
908654822
169914119
71722924
420174407
52181123
405865749
749759874
779323325
729500607
430465322
689404381
235701485
1232276
384767402
669642336
356712799
811766716
340058769
397993867
685074460
145607943
84218059
850004154
221870444
3945345
523408116
574047155
886018446
338424581
839533948
419340091
64756101
516686053
362136624
210572636
132685143
940987286
126430174
917711921
62037096
731227290
794654032
569548053
878965577
34238303
628409617
595875268
822098957
988841604
205390670
746909144
778354080
336896577
530425199
234336989
475724375
370068652
189063792
964087090
4708295
742749331
242195183
268843253
190060110
781600935
633108565
224165570
664701586
156354778
965698110
20080673
142266227
304998990
289784395
953935281
965386306
446740926
289964230
6199182
280641024
871817464
898082827
185436724
932525543
632316167
765568027
106879164
188127522
615660427
215894246
612698540
17500807
482455228
501248554
608925219
655267567
978821627
457882865
982508549
380827690
803156533
663699206
821149441
705966984
144851774
342520739
72236136
933818753
285623291
650595811
37012079
373426102
915137341
640610369
714122397
935769641
780405639
283462549
865095517
588520847
944708184
76069881
175327315
226931060
658672785
568408218
686778823
928778127
38903450
428473560
367236331
925957788
537584751
36131899
114135067
12105861
247129155
555794380
846707097
926883957
104077665
8642913
294959073
365258806
920823232
656825707
267035606
56809388
541844465
167848483
687038408
158389447
21280545
706754129
369412225
128368322
185975474
246327108
559136404
626344296
250416287
81350241
242748402
559458931
556260588
214751551
972388565
146636621
224165570
664701586
156354778
965698110
187871129
345282342
482341506
829341319
560165815
598438191
293424016
660090684
202686438
647195061
454532714
842625329
804923107
618686943
27765688
327068187
757953273
618028441
106883115
651361437
805078142
562455656
62605434
290605007
117155339
906534950
310606714
547450273
632680622
484940622
482489752
340523116
336007383
208014661
656374742
400725834
611982047
363678562
730343188
949794616
888671133
35522762
57875156
385814354
144588592
292135409
996441398
821048684
170246051
507439722
274623185
75671255
741039848
99670558
119912342
525453082
627825132
334431002
959129906
353065111
733257561
491559366
836140556
907631362
612556884
297216616
729660187
820507031
547203443
210085094
8159753
379556428
391967101
717902738
252569677
236880368
121880303
455076791
603012970
541956356
352283772
512068337
211423832
605967666
535205329
427693915
340255471
540304929
118423552
861560462
454510806
901081835
599762560
937508537
951860858
28520441
332513534
947433708
245378124
214772711
594824308
7339602
833385839
522524605
440784115
139661499
59887203
79073950
567881477
806178135
304306563
19469330
395237802
499153706
972661349
361993959
20804563
49445669
103382842
706502603
895639515
522826153
269210788
595835302
147588277
970232121
903122623
988796218
409917140
519047049
893066148
501766087
651751400
995974315
367518215
888586812
750765312
975209439
576472772
52766129
778125707
900482650
130109581
487887532
303220893
653396572
249236400
517992543
554829592
314480212
425580382
952348404
130776611
56343258
666606946
797914090
183048254
784540866
669676575
777780178
702351082
10071479
445315460
1647249
493389017
862088729
336609151
341838878
170219749
687462852
313108888
797281681
224193222
43499680
106488056
823626249
99335910
74497507
972333827
245730847
815916611
91390659
549580801
559883026
630849541
989999121
137301497
60287944
558275961
651423635
633118793
34344770
309875398
720863984
9694380
19635217
169425262
746643576
903185737
902605876
196045998
180808364
897592794
566014152
907034781
379837153
52960918
499381780
911484783
568817349
965405314
226992836
894360404
815990202
232552225
998834754
236686399
580961342
108048082
714833173
892569713
441225628
820103743
43110376
52654825
179288962
414126293
691476872
507355239
302902933
222661684
896564965
49227383
635057659
801550271
801941285
428110760
272935434
566464335
483977056
855836589
975711707
85893211
558424428
434139738
113612489
475847245
566806705
486355638
228973216
728788141
801927600
304700653
971997761
939257187
218095008
380736678
674578232
848213488
391132816
578709300
933927416
746459159
9851612
113570479
840542233
372687682
545433885
38406269
978733622
712861410
258914869
649877939
17954231
692885490
767582886
355585431
786744136
688521092
746772124
928525032
385745620
477993809
852958313
622595636
748677392
363986818
804327502
138620592
203324131
267312068
571937447
474362320
838330738
862290385
298028494
378973409
835809591
501263031
726675523
210373807
218302587
921150197
644743809
233840015
710557955
401077155
811623198
38293683
26855919
180921649
287111899
589070615
670836282
575053413
583997121
961493278
431971256
262847121
382074097
928582058
572611300
396357047
281010892
503014279
47005026
332542190
608584804
360976728
638240070
573691983
140643118
879801814
460661099
866456308
717628016
582004184
828795828
300806874
318955308
959508107
523336996
468564791
866935687
935920853
874456574
102096266
372428833
260756549
492627673
711595215
84197060
721313137
980596693
491039610
562656517
246977135
650233619
941205586
251399885
173041599
958482542
524644531
829410006
635227396
267174577
855520896
16548038
840360051
266306019
714974167
39586879
601100464
324568725
59128380
669313194
855002898
203224098
724898604
786016852
477729886
904134716
806764911
881565023
91735194
868199465
583915340
802865011
233684118
940738062
809980006
732310213
54081643
196407719
231135722
150267201
812147263
96436150
277061933
197879273
524089584
260625610
276157433
216620755
53132270
532417131
113413464
411473437
459771021
324807762
847626481
339093831
800228191
269229990
381960642
829429559
285421574
165855514
133906101
18658038
170171528
791431610
932235743
707637767
133534360
829850809
644145684
95553756
589978503
856366196
950328952
268274552
798511887
181092200
474896598
482671664
162671257
953577564
455110143
430472272
591809292
880386191
636840675
307592025
771264778
700449336
533904184
124141295
818020483
696629732
37678888
233258482
948637502
982655043
240993475
342539224
337644777
724847778
62538090
875553307
805060129
773284634
999275649
839967607
898900526
88991623
276636228
226923929
103274840
789661913
565625381
193833849
787508003
142638593
208463708
412274132
698111920
49620302
875898594
360879430
146771965
328305450
573182288
999006347
709935140
872758592
353002106
306189440
360514366
874067210
652040771
648330777
13509547
205363547
249079442
802315930
638290190
270293366
946116388
432867569
606231197
88188163
622335848
82173610
306743600
207173598
607989349
673378674
85713214
813811602
151368931
501976766
421044162
267616538
39004297
790678374
694639761
244248737
972271846
258535539
530085183
190903316
288561642
238940591
839853899
526382240
936384597
398477771
578926270
873366703
463497525
271728085
417617601
774517652
929918413
175892447
745804724
100911203
364796015
286484339
96995622
121627268
847355533
476058978
151633000
863373422
684447092
26043562
139809247
679067054
441684255
259134197
375701232
878618735
582153209
250023138
245198016
307877871
303978236
102178648
538093578
403617280
623449029
454255598
704887937
946285966
584690630
903998919
895801116
552438576
345182705
884787501
300153607
638875732
13071213
861161781
744352362
694817711
411191410
745313430
811339101
280734989
179676015
803257378
392114896
675438472
399165385
191362211
869086607
282590111
985569101
557397009
90672958
118814971
801372657
537363437
568296084
677936029
887857982
213721615
240894284
302949183
142487112
725050126
940452270
615368801
902847662
651185133
409714534
294972608
242115707
399953111
208792407
544459451
656828777
717502349
591054307
719298006
906726976
102478669
624706818
810856128
387761812
940487139
153592306
477077566
309170121
456678688
823505783
873548005
738133605
756899454
931256617
792021022
406223042
64629271
500026299
372650058
763035297
814416079
997960888
748217675
16840309
441920605
409910683
505312732
749760500
95944993
793966223
449269589
705946342
135552520
188776883
180363936
971091886
212462531
794261940
167774725
385306392
292539044
31267313
780503580
817911232
760282605
479729203
853467595
670317509
699820714
502519268
315598823
573997905
189265461
748327571
768310891
162617838
640263131
56080212
503444837
532881084
864179189
770740529
332159286
741379183
613243999
233632905
836333001
393040010
975551071
94389541
809063162
835849040
428754342
59769259
660924171
324862810
525835221
172749743
430390759
929844097
819207504
364648826
346085054
426665354
308000823
810262943
65331054
798098031
667953453
715840728
608063901
296791187
805567063
271654767
455354007
329697881
757679552
973481687
14248925
319015089
265640882
296608880
6385974
289784148
678955759
839479616
248781618
245916295
925548655
252635655
18834571
740055089
942993140
701568977
93605298
80352013
251339161
363112651
956074966
446600341
838652934
990626325
187139574
25849950
970720963
472048240
294032597
420132819
718677370
370644422
56899392
378778441
567818682
989767144
249703653
569282563
354379004
154369343
460360313
838208341
218197181
234099771
271260979
665801062
751037037
90319132
390933155
789025364
28732178
887988494
790994566
113137528
367209018
814256394
939973322
801062722
357054621
85776184
842498766
340437263
343691877
805133617
860883734
960420101
267328733
909454833
513933857
478440736
86357856
809324906
846400258
714217399
477750713
214305593
754797358
614013778
96068950
921883713
470339288
691725151
823097553
387762212
10798349
593012444
943901534
979966075
601920540
683513888
828683902
308995481
427330668
241287684
3623771
417454963
111169317
206254661
998921329
150282397
209952231
486037500
904296603
916685165
762219335
18924723
552036368
111606901
67048297
328839409
735767202
949914061
285236138
173771374
100669258
325125516
816281315
24288201
628195090
280117431
779922959
601680836
225951
185700174
898914771
436926308
97023289
427630330
422780088
896288242
109930169
602007151
452468509
596618399
210633453
246671710
912704886
844040532
107119698
501297469
469342308
162574105
999994714
619741083
194832769
566400238
330438522
494821695
526922562
953344466
128026641
296738213
673297536
500433309
83847702
944247565
530678420
923574409
187683399
519579378
119960690
772425213
733419117
40871846
928238716
551974365
602644331
502433689
326600106
259347794
817944855
567375937
700615126
409286241
389457771
765629177
617919640
703367317
830466682
89335905
910337843
190260690
226755614
688431066
102134629
511039209
578761519
388577373
985950416
701266566
733316369
33984670
925263064
334463747
125611124
754742477
895952527
1059282
937229450
429617533
961302056
603087288
790543613
481642543
753976424
620050839
46497217
433893692
25441273
82328966
553769625
920937206
154098318
902579918
976373563
259965943
287280558
751749178
686751676
414653489
29246985
583350652
763890316
870569763
314862370
440880919
330219260
899689480
419069
124198829
722811284
540248948
410228167
287246559
702615762
641222136
74755541
760026371
871272512
3484722
100408540
894445797
336995322
786085841
973594727
178931712
539384919
25943421
569877477
541028848
696205505
696871563
601509522
312210164
745179903
879265944
25971368
150074758
334342511
39484689
924489867
436735829
327061527
76534199
291486310
769629244
561285209
187045773
925899824
457599327
178058985
932243474
31712564
93863821
522750069
810296961
930458040
190237720
790182541
202083130
609539335
927021745
922349357
937798761
846628210
33707147
917606482
773985466
417543912
708162971
741191549
210417004
462094831
925620396
617462554
143033629
25314788
95859798
37311358
313644956
366062817
590660834
354087169
981736234
46789770
542125573
613969515
450629312
733913852
539579001
724446882
249422588
229261016
995823187
367943833
329772071
783450043
494974639
675619131
563987753
448450181
521750243
382180756
578053106
21792003
426611345
897228795
489773995
379861814
350832988
98798025
885352380
738945935
795452879
655998025
131120934
363593783
79577681
774960752
430186445
780724956
553843448
957286381
939818932
560204917
238093964
381276351
821032256
158728577
696871563
601398214
909369431
667746555
478732381
193220536
92925863
631874531
983440852
686986497
104769799
558398634
889436908
952242142
131698493
431077949
774099866
871057548
593949352
554534741
39047610
363239818
808719806
593227550
636835790
645337670
313417288
480340553
695321279
811138270
758254134
503465315
402079932
403545804
84267114
217214215
980533821
655747280
136242605
724031929
12017784
883431791
842228680
917277436
920126579
722959740
102492738
688837506
797980055
868417842
539625434
536465583
33737084
613360018
587976274
274178424
498005450
51042199
559035098
425289315
137735280
874841290
931471303
963925395
801657993
265111092
840601405
207072474
294180077
499386687
806378236
487146776
95492636
952657244
982652021
534529759
205206108
57855592
291854662
876780750
942668032
983303613
960290695
402789810
91523425
42048705
37614034
153058310
482910391
752223810
977846914
297228625
513828540
245276037
997307591
943594903
80747592
918246583
36178791
332450074
66805370
689708202
607002405
262129598
718128667
954343242
578582738
42583892
877353624
806542000
848195136
208560106
985128778
890421806
927991307
740354432
185100206
493251966
635791244
292775612
867331830
198794903
365630214
90035247
55795445
882557049
1272752
909963337
604094156
831188968
912763899
452987589
994558287
703047946
471176994
173505059
131824612
946573501
967128599
908181545
841555371
951428023
351751650
446039152
6822898
969748181
747063384
33808175
631063056
473611948
139083823
293664070
640591041
646461383
378191931
945629096
663411682
691101751
686797295
440257708
665640177
946646401
639536864
298204211
496896557
39387898
287950152
897656700
285324421
461170732
286002410
94924326
687103743
319730440
222092187
768990051
405706963
406107489
362424045
130140197
791581323
927240324
407460730
906929530
652526720
100069708
570909452
595084036
725245480
285955237
355748277
366085698
399100663
441659043
703080427
965060837
915265850
928900672
294471901
601079363
684743046
543812665
648952638
570529652
83246360
50136651
694635596
960675980
412105848
406157652
157909071
380561981
632476925
53905769
528561814
266564426
387906441
452230503
951610860
501871796
275856652
990185954
651472867
71046628
871321541
777211569
124213913
637198648
968405535
205574519
950345999
380597085
999584273
724502164
650689608
292726797
833772601
210472017
264541287
3285379
401620488
676402640
659816445
301022084
107944505
340222125
539270997
912838958
625359040
664105301
398896754
36639463
358799094
780280744
417800167
871787571
377827277
232407579
900710469
845873476
566946861
464338858
456393112
9332633
439006468
480942295
332779731
990885902
310710397
662844979
653418629
878220183
569805863
189061796
259456742
623584537
205947690
729358769
486368632
908177100
677781454
177355330
842995618
998224868
511893097
717256653
660797381
832936067
174500841
888210951
742556173
766843865
470288024
163664294
563506359
216958558
292737664
441792876
722744511
239362020
266508787
450418634
181459590
86767682
938157792
653005456
512201164
782446057
776563587
197510657
156868616
869011849
506289544
496261995
749508283
174149264
587827491
789574349
311109764
666125258
7971391
733715661
411450613
248930830
430311595
333713301
67445883
684538629
538661551
618379003
518174695
836254432
443652641
265534799
894597215
919163947
905582982
443631317
624412215
505143614
457424404
191535012
809432794
570645385
349360953
824131836
339749703
335579813
41971725
176511153
549074821
809458951
13182545
287365645
112081544
461551314
8144388
31065363
128067060
718888256
776672133
9412385
563870997
793012595
527272913
912382584
28884887
768000874
326153453
499536034
382123201
718709643
656608014
561944239
198860798
803682473
881249215
128688411
595847694
343019665
631986087
313838437
478997099
842952429
222633597
895682202
912159859
247283544
876799291
37719612
629564580
295087749
172084448
814657565
745520849
692510533
465079372
387176977
704080034
698222433
781640545
61605909
852197539
838269276
584338931
315167754
790070686
155202107
612796504
534502819
869669364
805945227
471944948
553806609
23845443
869196149
693369403
410904868
992358717
534766482
389669316
552298802
78744712
15653521
356997445
92398761
434428708
510891550
556656441
479325391
159075644
500671784
420839354
965990881
811657885
774367586
132489278
415219705
79734068
857652458
281013713
909594774
625924705
27015880
600429511
903420204
319774010
138832851
398466642
578996997
500114614
375408577
845695263
864461553
718290411
860981452
960576374
666780564
724926261
817582664
76051055
672959798
210663524
94765228
74347933
491806614
521370066
500360976
396400995
357286408
864018073
707791067
735723849
298575671
382344031
439152276
131864954
258618187
888905296
216675360
329809872
662587871
655512383
132783690
75658043
360898999
61897932
263705213
647532970
75548081
59839678
663529766
441257349
465545292
480728698
247558449
474739667
316187888
368840090
920180704
733635620
10986526
308675599
530798497
326851323
989873923
312898424
159988482
516317480
204265235
133389871
906644606
208772254
764110382
681364172
114785997
16550305
827820131
430877399
385243009
423783608
72895983
826791053
439741972
324911316
931056190
634913855
16443157
865180947
673722400
230357764
519182094
661567175
692192628
401427365
52737186
654150122
652572359
101484285
643435098
870004803
881383944
818609790
510113887
48438250
100295513
123166031
151076130
342549837
903778927
311227202
215058824
276704239
214584973
133019958
287184141
627992392
803129675
559543310
791685107
989949868
530993437
825443047
374793964
989168310
682354608
24845657
280285559
883897591
394767372
959111546
77326653
504486485
703007778
267964730
654372119
948558068
479575238
437244076
112957424
716939485
646290111
353309217
962924617
828734572
406277853
13061734
609322187
111963376
37363129
28355779
449470727
428389460
882957925
962977508
200531447
64375794
275202934
961181348
907829424
686750597
843944214
716169414
571810599
597870113
327113999
485403062
333915947
608713534
781193133
291866935
385764101
807158206
700948339
392396980
208320201
831809244
657828087
386697793
234409981
367494104
684740383
567932655
525245778
505594834
343052194
243199279
45829465
592806342
747555019
114675550
181516707
611857410
52944112
298671939
548506480
475747488
516922318
362480570
867648489
811437111
395368765
822784388
639414989
619951689
537836760
800131530
419601736
670561562
652592945
576272962
800280871
699138249
667227861
329379084
468354598
735542106
766626523
325938514
727368041
336548768
692004603
381264422
799446952
333491391
676118845
321631207
493643196
428354520
368236290
638393998
86882565
524105685
337275929
62158322
715047442
384932838
155993439
553726389
897290864
624093814
590691682
211113627
629056408
226934694
33455222
595090709
917421632
116060956
664954159
821595684
937934210
872080817
667773166
45678295
204166956
600850914
740112499
538265553
461297662
59572454
795535405
857241866
19542488
445593783
603620937
459848139
823343949
731680140
264058236
821400019
686486584
295715275
11347455
143105695
51797386
466853882
308687343
347896758
992238023
985490030
579179116
521474716
941857253
55057444
876463028
790241740
389548322
89655463
270566979
948335041
186525697
337080362
115720801
932325237
659104716
399324344
995306785
106172799
639536240
391941714
23083031
645207581
789574355
419653800
855653568
883352558
870642226
481144923
525969939
502265101
441959900
224288865
332649963
791572975
933992756
920867952
262483444
366362646
245371261
608535219
508914876
907858785
258383097
393219363
404947835
438859715
122085161
716537595
364173088
880631174
960906615
896122943
671264239
272131802
815784021
161139209
753697536
657936151
26354746
579937753
946678076
505181274
978952203
211840305
15712637
207977917
910071022
923689667
413061987
473989946
693178400
466448255
685434521
241140986
697753465
340626559
692976472
332499614
395905547
274265952
106076447
32131268
244364230
142213106
616641259
546903758
535897264
400954555
20756650
991737762
484894679
598757147
52604335
834131140
251810037
318507149
357503862
648724645
809734576
945839877
252933557
161397428
379275607
204514155
467862590
221474653
410537339
868671617
160560682
449828008
825381875
579339792
159816165
222641765
895837540
617044332
149782297
404132441
336182843
506202068
825363287
302483301
980871647
208356016
210522637
528227884
988049129
131361475
133847310
225282257
198897951
514351793
187730521
87816524
731587045
49850335
763630473
20843243
383136900
741571617
719096988
22490272
513162264
282144283
91341649
382913071
437227694
863460127
903205878
807459298
653293524
775229644
769255937
159219640
502731427
415423332
683775771
757287309
190549016
883470492
423154223
453357367
924938413
175547570
646443112
973045503
747378495
179302966
572637767
887696344
171284504
517641083
269960610
926827792
258442826
771893458
606710329
741524416
672928111
854813741
290795144
205835061
702683784
998345203
526234478
933156810
267921363
42952573
528393181
435533583
688468645
770442194
450740563
192059935
291678617
753988422
915682884
64500769
334784569
164988785
750225300
561538357
897607722
249908453
533822754
259032886
928776739
790458657
448866970
221935804
337976834
696319880
237835982
84190589
414516597
509368570
580333219
263912145
465120307
426465344
92166866
468519302
310665405
625673201
700440437
333558378
953272005
171226638
621605026
192392958
518865504
874953359
790077698
357467250
687116110
963603652
791695453
103957345
821224165
120856736
415665607
230502875
400840320
313809209
45909034
941090203
740811684
438368710
818815603
965810014
984730206
318313835
143073244
604859671
582274033
112408161
200116374
334406704
605218533
617766537
59987381
731450188
790911620
400098346
149181482
940250587
934445633
101087271
409419982
549613626
472022990
187510537
939418147
80773448
503823298
797219067
160761298
493873121
170923299
99042754
852229361
290961994
277992983
482127029
732616848
325366213
947480327
607156229
29281341
756859550
524287846
525313464
180737792
243553286
811527412
29091115
872709695
611918968
917428053
551728595
707820485
474600467
309886186
639245598
788209876
93859947
750000330
926336869
133374187
676823360
548560377
447639061
382603701
648854483
621740204
896246621
641227688
709369144
862298953
363942530
202089739
54904725
618994693
110827694
954359172
560196344
314518402
617371441
818650889
208926968
843190087
640666039
473285522
459990743
826735021
650858281
869395230
559436626
22775854
492618660
510531170
370043516
781704514
630602512
767957128
775998037
350218884
728526628
801718712
911883804
759627251
167294608
851388305
503084746
429696472
108730202
440715538
200231082
640435931
460816564
117331206
177495418
260177574
693977325
858265832
413998206
404404769
881413460
735665610
128722703
649417141
847487630
495092352
107004217
610246500
998205106
732592081
579935668
839760262
823855827
503782038
225819024
222978430
369549954
811760078
734822806
194851070
385345475
133142059
589892763
853711897
364248360
79835302
161034407
483203131
708369693
675023501
151849585
495115137
220422585
688535439
116625808
341909592
947317468
112956998
232116866
322120740
415903358
206914714
206051176
262687936
236142964
656123096
733798159
974453111
729438723
478152956
167720973
166650921
785973105
426807706
850947638
985097104
377765113
782515468
716411470
937828135
716764645
935266698
893451124
935162809
781257305
256623193
77364059
88021944
724397423
79474631
902610148
972738885
914150408
666051343
165738654
970014282
746769318
816256661
648929888
563889814
232573725
603478799
465815917
778308315
163491549
298334931
739618821
550485030
824281198
382986431
463745197
162668167
232347511
769695410
533785197
419182349
520450008
438819546
475147713
322045842
773031229
953166590
881326541
585723454
505851367
679051652
721414115
328207152
884837625
771368850
769917341
99148060
855413149
795699696
125181019
755908576
842565440
148590689
67143304
992213728
501677856
409496599
621490405
760894306
897363787
878377117
315158027
69675924
256238278
950526103
689284863
843761830
125946219
358429353
503372839
942558392
926139739
56480832
242042147
23178670
63521874
649838124
942117982
405976236
168284510
737879769
513786793
2691724
319598204
564865437
412970850
673837562
694361866
312884017
362408943
775287983
625093037
181308186
215037545
853201663
216821783
292043869
843267881
671893621
193549355
12759880
614014713
202459606
328114491
889818806
504253583
446620977
691134371
77322912
996244623
16775582
842004517
510573902
553639003
534894575
369871346
223443816
102680095
531992713
110518960
626459891
487763077
817121559
938551005
757992359
390240736
785390436
651905122
372140074
408183581
742127160
464125954
906040790
78316895
214490963
778850590
37099528
373557661
890743758
399623667
260071863
672907530
179741993
514559267
614346468
267716424
938822715
941906977
230880262
94156944
885454708
644548747
245706234
900398857
864474796
634935569
8267890
176289772
203334390
683424909
753094408
932413864
523688862
660966839
663541129
568154983
229233319
627068551
306340057
576516900
746797853
721093495
140563771
367933277
449833306
452079541
801033071
768783523
586549086
245335619
852186015
940977508
172237767
952240905
783027199
644401512
65868576
961797091
809752040
674436293
40623831
353423015
523036081
593923942
405684520
367789818
893817901
778592949
146950737
935171047
187066141
514513168
909679258
64273468
612382521
769167066
980207975
841687975
964174464
390152058
399724989
77363234
971467187
179192043
648368378
74810467
636090916
758737943
680965032
362385002
544750097
645634784
40080293
489271190
845155362
213984356
399821954
527579780
322065804
95363863
831667422
266870231
767457899
401668401
562928220
651535329
430743530
47085583
66163615
18573563
697271541
379719389
331927601
143848675
964184970
785983655
285463841
706955238
425968720
702555585
133202308
979980055
569857845
356387489
834679305
904100673
424883277
174782970
988713612
758782906
901540572
740212620
470345978
759409616
659155827
750037221
727250184
973502149
966799229
945069293
134055574
465718590
896188389
573174745
573511344
167624270
32669098
791428786
36337940
665233548
401970827
668109784
754805937
41687469
506762461
322609404
616415766
743284189
503223224
22557652
485952836
51906905
855895780
390365918
447472077
688799415
102337760
980547445
15815350
495508893
635250475
769870984
673236999
660469659
391500608
834211410
479412602
429204801
322662163
210450330
766773646
388839256
717878938
245558576
172931908
150588219
946356450
569468056
223580285
939483827
282142172
922662754
473959417
225352716
10743965
869087450
583251912
303784613
741285938
359242278
907061655
663292467
153331576
1480536
176586304
131496915
501465885
282925876
970776188
108039466
221079310
350983791
671653395
655328768
46327357
956883717
400896616
911131047
539505739
478530144
538697907
44614436
297208754
780393739
368786457
91734075
834672001
429629773
518600851
685676399
823001906
822763515
124413919
8319929
129759056
367493059
457813188
888675009
723636979
6086690
976827250
307713811
11672778
54663767
719181313
166476183
888864018
27343950
626251828
251826833
425474973
538237992
688780139
919220526
604020240
835125749
757554093
868948221
556139796
946096305
595654851
84144906
266338528
173981568
181568250
874836464
860661090
118094119
355116226
768010499
275758718
233917178
675094529
644534200
916940196
996366213
117561977
519503424
588054336
677707058
469843955
518315338
583235783
996777294
672868430
763707343
266968934
102024743
854121508
335246102
662647741
413821531
963007478
568694625
856117522
977029906
968167426
437108785
264249595
993147056
305764942
876475539
944037894
101885121
872375857
759228517
83887790
88528107
311393404
470996599
219749919
687695528
190402565
692579666
274074522
356918019
89381248
654828465
356917420
418041632
12433167
515280566
242793028
717429617
26978703
51598191
693402441
56728619
228597914
911233099
105820109
598078982
803895124
649082383
416589455
604945961
838953410
525932360
522663637
965614107
16538471
172046188
62500549
477214916
26963219
706995055
508012295
919032253
148155004
529674934
354614253
330931004
81130479
148812916
958180793
520106202
690214586
741517706
439235595
964727783
468738117
201694584
475507569
223785988
857236826
431824570
631649616
717792686
451748078
434810949
350992300
997771123
501165147
376108265
83014571
139257587
395081356
157573486
827234597
179866208
969694794
81818436
403940441
288182713
330978570
386931975
558945502
524070744
687386227
164121143
136896787
959377554
967321597
625049888
163213593
403118552
380849050
978150187
110909152
224751097
4086201
648994106
789135883
81956916
206826701
41361405
139796784
848361314
890476577
918155378
334558034
891387401
404645325
401601939
165257300
651233339
623649506
643490132
653119163
691749284
407978069
162709964
915850359
943783923
293525449
613943107
623512024
540351721
710373255
861452442
493165155
106280781
864964377
274798399
828598300
253562718
329636977
905263005
505424284
220676146
220338870
114012388
245869873
142812367
269496745
481734309
319987743
956978629
523820436
650693262
762756493
400307636
993839856
684117554
499160390
681895302
737481314
472898503
279336056
231544153
314530476
17115284
867886788
514371602
757241621
642015729
247456102
957407528
467872440
761271581
117619854
387124833
285243725
632678273
47600102
532837998
93651821
748150510
207164500
622876633
384167659
34531492
321592787
197492222
230017087
123018722
280596978
674293943
312720827
957005320
349210190
173941564
785882162
828006731
290145943
407356413
768074264
682149441
170442586
801583477
464725832
779155172
253359615
725982926
842342665
840988951
456374432
28241444
663717635
157318227
374024115
531605700
679070285
238210605
881703719
144289599
259644769
118286904
248874415
336937720
535614977
393806875
592647010
109447540
872924928
363870113
231591821
91493708
804300930
278197944
686374598
404107272
223546243
632803752
632415825
500477186
508735479
921032207
550377744
779448011
289386082
733197693
89296032
391498736
8199010
779086339
746884813
123786214
218104598
755181761
982760673
461504683
488377652
661389973
497142956
347794276
274064258
158902792
160915691
333353585
794789769
373946261
459534331
70413656
119578460
704487459
168303589
857808576
211953728
554803745
281214374
92544953
813649232
670792381
733631869
834693342
665311317
969516384
536046203
184460332
944590024
992645763
765961262
703355093
586152352
37419090
287422200
781829464
764168932
609107751
761426909
618513661
310381970
199843873
858178179
423198209
965196487
86992328
263782643
285797494
46466110
887353518
601204339
994354138
173888130
600027429
866919091
268185301
548934821
248780643
845299234
864320928
965233901
267219359
146310256
102540523
401731777
369317703
756913088
623384249
303397912
477135483
457470933
529808283
611471705
591114574
525326922
803265738
622521427
13626891
185478632
23307066
647298721
728780040
622605510
873972740
226359785
403033332
365775088
734358197
852855336
217104342
435070450
472321805
849999351
248374963
570803000
213019288
351090501
95285781
295135504
451691403
794219010
965763993
125333677
805326689
645742406
218773331
560662356
813175874
29027215
961578688
745808913
331042465
178042411
48907028
304257546
776952791
952011648
413598312
897511430
317026739
35752166
820991848
113249313
532253480
257858746
136553802
967879170
375195749
88962512
377629338
840588220
678135241
449347191
717902319
248914406
891114136
126763831
609928309
398913585
325061151
933720952
226244597
933546881
286718757
80297565
722769848
192523764
23866189
599251808
116585748
202200570
317292096
535440536
190119580
229074357
505328700
687320710
42269337
346710864
956060210
849038381
317687572
609407793
28747132
365707462
903850253
49556414
46542643
278669604
475086037
721714059
49944077
191200379
497545541
768780385
410618096
249896938
460958771
1742912
993572117
320556829
856018851
291228508
239653609
794013002
215548053
467762937
627999107
683116810
521584291
61766381
702897439
100319549
332881697
838497936
865277302
220868391
572891467
567812155
614367578
652514514
809830806
767433060
527814624
480262182
537244942
512986853
70397189
805299160
836126742
56530984
319957351
245959256
859777705
998072174
829223465
770716970
423940985
780266616
674485747
109377023
973604092
598602483
877963732
716936150
316766373
821783236
430241087
799916154
555108911
560057783
87976134
91612630
710716604
30594659
513271273
848261100
615224406
721074076
112538124
823512946
317040952
204990590
120940061
975673067
551636418
972584492
980865179
81193926
374031113
406216869
214756519
880427958
272967132
229588925
65232911
498807994
29969966
648787155
3986474
995421951
330630197
753775374
226548435
942872249
359127817
919529991
403892939
743973362
826114280
886371673
349262939
310026308
273449393
71190112
268646551
60602199
105378780
216277422
6367607
545281269
995289485
345208185
102771877
178313920
649180258
53510662
702022902
336616568
310209240
305899577
447150879
193123230
708976309
889015949
343747549
879642497
985669687
252053400
601794852
268601006
100627638
977032978
964815998
793291249
532342371
58457234
600313932
396410578
142820766
347414462
796494318
258345872
608864837
604703212
486745082
580366563
118290103
942445335
4050535
45437829
616492995
258036808
125639501
673413478
446099383
64008765
119312839
570550980
917789248
626206073
649868599
709802536
351939290
946321618
998879193
773431807
494530800
501581324
377533251
623401876
628732764
827976800
789548031
267320129
288841959
566973833
698231417
217300445
580942288
724773667
320105017
411375855
319667598
302232410
155865403
85959750
378345133
541878321
703854523
294829496
997308596
145419839
807733237
609515361
969480375
998065529
532072485
627800124
876763464
920783989
954218363
804252906
461318562
258482206
221607247
316478714
155820477
452525083
154775808
708818645
317488452
532189397
762677062
402396298
350854574
216603097
698048508
843328189
79442150
621024215
252991472
461594899
338732524
64578526
674758033
635236386
213163511
256040291
531058580
807353233
588466133
123865273
905142549
608577018
485057910
844972053
30350700
814808242
643150607
152916512
619722475
83246126
816541792
528050308
749258061
63896785
515995150
486986065
132868522
689492805
449003957
456834083
37206564
389411463
287013652
707163538
585080546
935351214
793457698
454671652
998166026
3226093
974863434
128434162
467466262
706602270
873362120
763558661
458458135
205918209
370371414
184063060
85653285
527104815
530679498
744086692
387445204
673812163
236601319
223626768
740507241
953253777
337434198
380445230
174859261
532061768
577354533
706067521
510393421
761363925
41780363
438528325
85628282
574347584
103916671
648080918
699025315
784630565
294693189
459838169
486752612
961165770
493730543
700877277
990754803
169275964
39034837
129947736
943299153
814400198
767639530
191355192
154986985
474210586
267561757
799045723
227016201
19567761
393282119
536614734
767370387
132076073
446806226
469734622
528436876
29931374
605947494
499935044
680287520
348342311
656094749
932900529
735163589
531258893
269568135
228468004
974736347
118007277
359809727
607081418
888932916
273369274
356553744
80029202
298151067
352897465
255575889
921342793
519157459
705732153
852280808
827886550
525114102
897393464
940757366
894373585
873152733
67224680
412656316
838075982
967724341
103494988
697683015
841496535
358198792
723299296
362948441
159654063
366114233
572616693
304006914
425650705
255869444
603584461
500728182
331775517
599473591
391758646
458624716
652543849
93144528
965530416
803184539
657102182
227761754
89699476
934051560
827339848
780734073
649256616
259937636
17430333
820976437
236930096
629050560
372308751
539951010
489655122
766932749
208961183
144350193
966103600
297391288
952867690
601229851
764734838
196441884
751038814
808746105
405336046
910286109
679697843
371021314
711776741
853323324
915853979
614548528
632461800
176876262
140583483
893362980
640496889
727141682
7056124
155498432
784714991
940657653
476094302
822025901
52837967
401031583
766270302
291138854
73895699
983555467
112520984
295001297
804504346
823149831
923483516
818194721
239420148
449382819
702256049
53317720
883092685
502371353
717797353
281903782
299638369
390427932
670281436
123693148
120000078
76136989
892305452
559932043
371145852
221350870
983243924
395845788
235483381
896047974
199499351
59863849
684881823
519087755
631948493
381734496
960378896
243182748
806755474
592150689
352612202
669543212
338176214
874284177
670595457
15274634
419368566
631175970
658470004
979585596
24474194
183651594
380124916
506059737
475987953
48335297
261059511
597722008
349638699
168209300
151287676
395701447
615226435
946529669
672549434
508385897
378819109
191661454
216648400
40496359
815903423
781633007
525180686
534648599
440244013
645944236
828189135
194692214
654303539
996544056
891245474
181032013
14190880
647841031
923845168
573015752
108450509
719457881
465311978
389028437
266100599
150355982
6004080
967185751
881221294
565687958
195680716
913816130
657059478
428458727
776979865
871684685
986488642
829680677
332974314
981753548
739370675
608410511
366677223
365487752
295382293
819873561
869150789
492867875
983829241
505876976
30306318
919134335
274259396
76101914
147295557
69002799
578454391
991738864
288007928
154714983
732526530
937990169
124609369
207759742
708359939
853363840
241557847
142266217
281994010
586554019
576864540
527088648
652894549
851595101
169999024
592587045
919391954
124293505
824489737
216596178
965277887
250427771
461403546
855932598
325409277
613773482
818427140
101605185
999166651
39363015
104413306
583285115
339189734
425539039
286680432
232062447
915011966
929442766
379647526
440750380
431646385
741111250
805710811
772302937
706182410
452170445
428859644
162782944
839069292
879690152
865109097
169426103
479024804
993585197
672996515
928814633
753432884
108410421
785674302
974747980
814108522
166515533
653978872
936367411
927060919
892804747
247402017
308126107
696262817
266265544
949060955
690947339
316043468
531085425
251787668
899994411
303860464
236886391
215319563
673386360
526331877
188029565
788315851
820830133
217674401
360768715
976589790
672042618
146201108
65762116
602788122
365353514
548934338
909710879
639904202
781509685
797171890
50490275
752126041
502554186
918055626
210193721
101732615
720747444
566239619
230188271
929190852
357320648
695684959
59971780
90896837
271996726
633889659
458767839
520819775
155143948
746220940
123912166
186146293
584352646
695669741
132784012
835576434
243906723
545508170
25308896
992499309
418628874
442528405
550940252
665849655
449527706
557478312
737059890
720696166
750866996
731155801
60693171
68226822
954104877
800340787
987083276
44030655
22364852
856324177
164905690
150610128
354575899
780103724
175739844
385776440
448073511
721116583
699581084
468960260
544593006
858605646
980499788
969303110
393370732
729187504
591852337
514258137
39234900
784130851
357343496
747906896
791601997
602452364
330691516
888717911
240279149
209610727
284499895
287843331
469166794
135336259
358229254
768018088
156575238
723151076
984605626
815881054
858814204
533601203
585856938
728487548
637608271
777183139
561022799
719825535
189979318
984492826
812177888
35090521
851618684
211066837
307337919
602019978
547512856
435860135
644111416
583091986
854552049
937775169
528202489
846727528
867397968
234205940
991372707
504100667
656906199
150752763
660704741
816071881
84899999
75213094
119856841
434750989
825791999
595525792
252614219
172460418
823407963
743074895
841261166
140387558
430064500
271859709
8826712
447725855
600559445
184265042
240553541
75998071
87872595
269328802
347572954
213843817
417414256
992310968
440181524
520722895
447165131
671387961
409262514
32122144
574264933
950572650
53360587
983681340
641461825
563743486
821022505
952255632
706557595
129051643
223576770
642376414
893004952
274418811
34291355
61411818
624649729
947073745
41254660
493181704
951543658
416685489
701076066
135104440
59979344
934716763
467355366
800807285
441243564
245472826
799140308
85215119
853004859
940972299
737174734
858170686
265062003
610665941
873015176
408339366
60016532
48797266
964767561
962288825
31057397
106000517
223563951
532989158
805035040
258985179
519676452
597582539
623232813
715447611
909469813
877337657
542336127
459519787
53187148
742970884
197731771
834362633
531798881
708834220
418916994
928428790
788645035
663143761
993410514
140591384
599242124
239289605
226055015
104639607
933588319
557769918
911694977
829571358
963895864
727861138
901677524
572229322
396430201
714398837
296021913
63179101
563217975
30212175
374177988
564998305
318056272
205912321
352720603
584644169
932375242
822033457
604748671
92182139
774484441
675133721
494200646
926514484
298769240
123399239
969836121
379351482
699786156
674166226
138587328
515000013
148607040
890353540
69292931
620642450
191784327
939256807
308700275
271180005
275922751
429936498
895053435
969631987
389324518
627254672
660042771
251448838
482220576
195784733
841712706
660115628
315611896
654473240
144539073
953255954
288321259
218444565
708540049
773167007
573215564
894973070
970875879
418392691
507156730
382255606
274991118
656764355
953780071
76845670
157201620
19738864
790018962
484529917
815609640
843151976
133468979
341737698
727078209
984464108
514156147
730410228
333893809
211246940
664879742
603653980
913675328
57935687
833184581
847201287
781423340
521754217
289240214
331559108
66582242
104679785
902838600
819584848
954766999
584803581
674844400
150269398
678510116
905695586
549012931
917898272
395799419
41225817
223874885
12038178
155418843
227379306
42700899
500899242
782842044
472123833
419856688
424846642
168625567
945225181
823205313
419955464
389178394
872717538
68411803
113151408
816260036
527637405
857558906
456173316
515126536
888790287
338178391
294003512
895701849
209931791
501828160
348242631
593478199
517893007
312189535
834356941
61945014
238185955
383059952
981895544
304431052
548663573
209324685
9047259
779572232
329037045
769636402
650514133
952691381
887027799
740279305
256040194
245001978
199728741
980522308
830362002
606540551
199276051
49295829
684449101
78998163
261005974
564134515
482205711
204851962
25064770
104376024
602573822
581246149
32393948
287305851
627757268
932925060
52789691
415162974
528708772
124949682
104953432
828598923
474805721
944946796
908096124
719499874
762296941
531090696
430871993
157772628
810822840
626742897
826792308
767080588
578395640
805539071
213727316
116682707
60449161
493718483
602040081
451492333
616167223
863639695
485368282
363337121
231558889
818897151
765888610
579343774
557578754
731788943
557310033
477181577
466242903
349812525
818934143
709501886
990025814
350247155
637378138
920363017
19501157
530478861
335040686
830676047
408384996
84979399
422500617
119437971
521499417
824353882
346752086
372284610
510150209
578209210
244808655
685436382
55378246
715105574
889086271
586302895
510764834
207823953
244230012
353785453
665377856
99261296
119636
283078711
405663275
334900034
508065913
150405239
170313844
390937016
309686493
360842847
988252898
901966231
946012800
513198455
305861797
807677782
457605981
583547951
82371872
674661707
554126233
331848286
41326392
82110363
598473263
482546507
213288655
945779933
530089250
281237553
654633144
94278471
527682578
521926795
550286026
933800099
797595636
553789013
113390451
450070349
944664332
471759777
585950114
294200295
642734587
932036028
837358575
329207689
175392778
451344277
433037962
986187970
507934686
159346354
19814154
503432188
291371897
163178485
242259505
927004223
955783122
202385386
364569166
416043477
772105696
908404172
172162681
568713083
622490612
880487421
21283676
928579178
661228650
631186913
836397571
130109670
653305923
321276426
579360609
127863916
691054844
767676021
283404713
779600004
119148454
804809780
890056399
243336665
891623780
36441254
598679170
357026613
381009794
338827656
111594616
395544480
255821103
722023915
876631026
192644646
190687609
978124822
520273679
271705124
764393979
544683748
559262326
329024683
690901415
618604731
419599896
318215486
961515677
177642714
696148958
882778637
164211481
56810316
701112304
91332864
478959635
784618405
47752807
406428453
397215848
528835844
742425949
385635004
521604046
383956900
125735627
624002648
967100688
974063782
370445153
315374049
125110795
644121031
534774020
974552080
91352273
140683370
695408014
768575667
749275299
905261779
722123729
879725260
291905986
393777434
767616832
7418976
271295612
926022070
179244555
410674294
592158455
194721839
956359466
614036176
977775060
89615750
130768809
398702040
775113124
532070210
302253853
832701204
476748156
377359294
761140168
467086523
987511847
992565601
227622481
844534578
324126565
692461719
361725932
243168676
474984043
823101929
725655250
679186150
83149934
681918226
816257155
891996107
449524827
57366704
572680965
107729756
973691578
539401614
384361346
670714739
919748943
768418372
78479216
464859387
501197487
882090908
47843562
578707930
441658573
354323500
191951725
82207254
352180742
841120103
68758548
926697318
812781088
687350062
508512581
524926772
717768086
606407808
783481424
486328395
209461618
387544949
23366545
386908599
928973171
315608784
82935830
442752280
717705986
715277677
329688641
13214615
900882644
846232353
578071884
458579220
185322322
638119819
425157015
750434896
608347306
306903126
220209604
740573691
979918806
114375249
376931005
140504319
228418474
648005396
487430729
784955701
582359242
361089413
51354384
780682736
153152681
530349012
811378199
942847070
499293536
452105098
861309701
38603686
45279645
545890020
714342674
106734959
32343026
509645342
143871195
908266347
151433133
304322180
473300463
666256522
523854548
656243443
341863188
7462181
822607329
637395157
520306360
786818055
866836341
870951421
766655816
467877853
862305287
667454821
533611190
402789574
347374947
766999821
69402001
265987954
763776064
383431649
213020116
656485803
313515622
763937635
200096289
851153567
266179749
342048009
487328618
330256130
744813015
29673426
380582823
751769490
93093316
822650962
685789390
798302650
885158428
230011358
263451399
233181177
735888727
712436532
220574016
407915824
325528010
872941418
44422496
336046595
535583242
317559321
547059739
830593266
48164743
719258089
987871801
116120509
9025064
502752864
406310374
45731313
269679736
879833844
186134987
735938248
619810886
929600129
40695957
236592014
48149400
462058485
943608004
771384074
927167475
817710146
139227838
300018558
318546026
755969182
428987087
499260087
72710295
40700661
421932387
878350899
789393936
819212700
782956394
146945018
466144735
248462270
642249946
17401798
459438240
491801731
317747220
911255057
836098808
267242312
516443382
797884052
587827491
789574106
400482101
261342511
562552303
925724207
317356345
180052464
926495336
452250612
693546528
844811518
8946885
940381032
953433630
97293534
887940922
39395793
235121048
412816909
599513385
371577076
234870529
862623054
394272926
216517500
726303834
269977129
157427176
174180209
893032880
472158320
445333917
799294189
454913584
887844116
659911488
75607
877731757
996363081
758478821
381478589
345056097
24984816
119498108
257124386
762641537
937293239
720861276
136822847
255209933
112266776
362847898
908298953
248458795
763864243
629927033
325713795
218044714
702585219
613670244
34350831
631797816
87452073
202264792
947464441
355340005
152281702
557164217
506535307
300054731
124254416
978385230
394963698
115723197
6798130
850550624
933988140
638379060
127588016
646788740
533685894
541545709
942385305
440317176
112052544
683219063
244585163
628882894
788391986
868614585
625600424
738481727
100507546
635499018
620340795
325730234
720987622
345857065
605870150
653827486
875340742
984033778
822663242
6283876
552979645
304806339
607157607
5600199
323117670
600976725
265862638
566912219
147384106
991110604
789217319
978086471
611764926
687986743
859313996
417323184
319127042
150444666
980121658
863611300
736627203
715864238
127619722
685853615
305075088
537562353
872356714
269452213
376780399
25061032
290266924
62501427
507804411
301087336
470451470
203901624
734794885
495324162
781996910
588055189
165818583
401928763
783699511
945051105
121405932
894438565
347494528
766378717
750125212
455831653
954576321
279822853
456653276
289450317
912734620
267303908
75099242
176547451
784055797
364130946
86128354
358819759
631859777
763313237
410312668
511478234
849873558
993293109
49595937
28610246
91290088
609883741
924890747
42277586
887083795
853824973
815643213
73079002
958245356
10617065
893156030
624711571
736617315
440181524
520722895
447165131
671387961
475937903
99055291
621442214
412957085
383903818
696346108
931598498
689464410
940315551
947757345
367989788
519108051
196662272
199869402
990861556
655776182
633464025
425524291
340714300
104276783
429344035
204663050
924787278
697714917
143965226
800810803
12386990
58205277
586752094
183257295
567393650
840425066
903626932
421315871
555574470
59118728
614825217
192787559
964002159
411781414
553363235
74242634
884434601
340676928
625718752
173290231
720512238
847272613
951107056
404829035
212610558
884319532
196206207
241551684
624002590
217830129
176488976
658323710
537781753
416102821
422074871
418434312
712249462
190941021
492280522
880218574
423069804
717773723
122723517
251714560
723022137
873900676
38121857
175813457
596239534
616629090
222618787
490823824
7233376
335442367
433138081
664358961
311034338
565057632
716980166
753178325
475605474
893320455
308901347
701885371
180128392
835549494
770690188
701393087
604087764
20886692
35034476
704913700
340030737
601172462
508181209
780651875
678953166
740360232
62485015
241456641
331324056
822231161
90521445
663644373
103186981
313344211
825156145
381866470
831906678
781492326
738564448
92261290
685267332
905963025
458736722
292638766
566494658
745528153
817301592
269747479
929192279
991722223
286338821
674595618
725860015
738170863
228165658
624339938
465745213
651209836
179175698
925005556
669225957
620900702
692866705
775958406
680349462
435796686
382382075
420766512
978941168
834619279
478131060
313199284
228942928
584195802
50383562
669107779
617638106
218578187
958456658
803908011
765417244
298195125
340833986
531138626
243886590
396944096
180654799
390469347
557865094
295836323
888663868
763839033
905177187
878898256
872784648
623246140
777089275
214457632
683223031
855659693
45215950
372944201
776529500
167612729
814591522
124189955
753929185
720318783
912396931
382379946
201991247
149758336
536145577
850868315
132351298
67023184
350533982
467364192
467155574
303277110
585560557
429365452
355454818
983474587
663042926
342470040
915035192
163749313
809781739
925166555
203050477
577578367
238232834
819702261
634139084
388794848
944925863
619784772
399978307
497036003
649969031
703604035
375885893
849342661
907934254
818300559
931352451
118800856
903430551
1937390
251181812
547185241
750998310
426853683
373388862
539706382
775012218
139910344
212555555
934091283
587979417
386512500
371256272
313142224
509096386
814181673
837431873
844267865
644753504
758425742
652117982
828154205
898518947
410598243
26120090
392638905
482238886
747497579
390267111
92219610
930607975
695033936
657366199
298223233
349196351
731821868
649676614
722891124
980085146
833072165
302869023
117860444
545711546
632635179
904806303
667592242
262939
217646536
267778796
514135660
807774324
875894482
772523638
820085569
827892742
628938838
724003577
875109966
473274432
127601878
526137248
969160167
898572330
839980218
533297336
718867662
278839996
600367357
550572439
646060038
690878023
218534778
599445491
793061385
421213030
836189762
221659138
207128613
37404951
947689730
372323657
333714354
660741897
516179994
995522216
652869512
697139126
272767159
544022642
530953361
895869278
707551938
454951254
504893874
955198716
284745997
589681570
300745452
449607456
124734593
627518820
283829445
644998526
14838277
812613962
674909702
919282851
289337894
120544581
691253150
3211455
901848684
269966915
31983619
622354399
343679663
890914669
642408879
714671706
503247143
785144813
426109243
813840953
674976914
844155531
3089855
942071694
745743041
798340879
587206982
960647930
705715762
996140343
328850748
593504107
820910249
319537067
873330346
993204866
678167797
310702946
29670376
511040611
176488925
938936031
673938764
866547277
654660320
409322244
262094926
261233695
433935748
455205702
979918806
760163156
557542871
721441072
237354694
34314219
812042991
959899917
593805879
806685752
263411035
924124115
314470185
104652590
137042301
643133772
610135453
406196322
447610219
716389177
996203935
419773209
56673855
774897967
874143598
96831232
723152048
751826718
659558403
13349068
787739865
623766084
469847734
23342432
834823289
499029615
252520416
434538193
968598790
898411186
110650883
367047192
578210125
712653409
175789320
823672491
878712733
791412621
100710056
301579731
595869828
469519732
151580886
693043329
590607303
423530673
574489044
422022549
978442171
780363725
952326088
310247822
178291875
182139229
829926230
955612251
695780194
664322219
260611481
970546615
293022346
955434216
495350024
539460765
382303881
139600782
990651803
171366625
686115990
872263486
933617081
144554454
999221304
971957330
623917228
689949263
587916202
792324732
745676652
272300358
656552320
126218422
788061643
802327294
764799238
296400264
762815286
7527734
296972039
870248173
440762447
977633759
49227659
20749333
485908427
375956730
841585652
220126087
341689404
64764238
216816499
919565068
213331056
532047043
113252690
525993683
914991565
262526003
94576963
664998899
475640420
681342140
50699044
432656241
810205706
108867981
582568657
548255324
888457162
81737985
312566541
691587461
156945591
63739881
220179402
612240256
931316322
864748445
214422005
904592165
387342334
883671717
960745460
240009415
818326186
479315836
359494039
485409335
392558589
472927467
654690620
444669138
250780200
528082833
7265740
448330159
812083884
135177722
384709036
17626095
78063334
412345494
475411704
846185500
605457472
916978894
420404473
824108383
146921277
598061085
23128613
789529781
42342016
800086738
393854261
546013556
318482847
867022149
242135428
943209927
111249216
585536613
496614239
679664250
418964113
554806408
382713037
840144246
916324399
407429290
903170746
886415636
217202248
78255096
612976699
818358851
157369570
873770324
198087113
136445331
960289240
995439803
615868659
715261419
234745209
262161298
261257551
937878511
124771173
487812516
523516200
453318891
283700080
9961767
670473290
225778232
198446027
718749201
769852152
38798248
2022098
270559546
389258427
284700615
352855190
729229632
821266441
919079731
511915974
984247445
444585067
155887611
802696658
779059676
397726405
207356365
420433021
490938639
976332584
280589296
3557525
982025024
198157975
805805034
328118368
90607566
375856948
423343178
297877904
586731978
132038259
861570930
583978368
748236976
993435945
618446454
834855538
119080325
914582267
799020307
389525296
742007809
782197150
359435463
712781516
32165874
656051083
23342432
834823289
108026386
367168797
752791528
837434640
772607992
598089017
801980845
824139647
319776206
660664962
202660715
466185639
491033747
902283516
768764696
351056784
92256010
63053474
560952269
4709162
788826048
251676524
167241461
145900055
701909005
250421076
856444344
340479153
454030661
145170545
278876194
950497367
337159683
936622315
955162757
411732729
126440478
439420340
212606237
157827010
546518494
992847050
1725640
79013321
907600250
67488183
86169575
791491244
433121613
902102455
152500346
914438172
427330176
338881311
725494392
665084671
113151523
692516569
131036000
602633328
479608949
621463870
392290366
505963597
577524669
362842464
606208469
282776915
554330907
982327225
627749654
409550568
879677541
607724525
62333071
59899323
73851079
344112388
469008729
549843575
836524297
27282785
886465691
546560278
434504682
505379036
372679071
121727675
905518079
828547091
702091183
331748770
467821615
921237232
320499306
289852831
508758506
675158994
232339643
777649170
777697066
28584408
756807604
354373104
555828687
846245748
810438451
426644172
359068406
465712240
548287180
290057910
428484984
802799761
387125997
760151042
255532512
246834800
146606048
745559601
430606411
682912456
783047525
98822206
408450718
588483327
35322769
278615628
228439209
873114906
779482966
372888034
182879157
663312833
80824209
60220814
377318354
616739941
233857313
872384713
822515247
981439229
87523683
6240674
700953090
296468224
768320251
811870117
313879682
614303013
918781141
907002013
832201508
669988220
956569174
756295531
199509157
513598555
719531177
557249998
946856069
90418687
350671041
568800467
498259373
57033393
663223211
13612849
524097485
386822172
988985228
730338870
489777708
294316524
290198009
104719228
240238920
443347333
943819496
353264148
222221515
873706449
525101338
625185088
167567751
551977661
923173025
212644749
254895019
887265090
85053587
584558433
12770451
389937954
428076682
496115885
606306488
291894885
567227526
135257747
870232480
636231994
333687038
732768756
802517002
655730083
438951384
527616629
144371338
315500594
720362660
676111374
832137334
911176442
297571670
704756024
217995673
292279715
247836700
170282762
198174517
766720907
369060673
930144438
354242685
566011776
541565319
612675058
136147846
883589204
22012595
156668503
24504953
250789597
788751372
965550568
690449377
247447604
742675750
801537004
298472554
639997394
424908841
791969049
623175028
420524863
114821420
847046854
130190534
541203386
797397799
659685195
70147045
508171504
26536480
474028299
250814700
120241099
103463047
102934579
912351098
483899157
112081247
687660669
537826263
428351783
805925066
388934553
807044791
781422166
48933434
83858477
365045792
931620858
672030804
449648805
730682282
802331928
972457584
454302048
232995803
786412529
727368938
558480512
710745288
600026155
510617258
16391020
693743485
78485222
231017807
742512085
460205930
44973246
509297470
247625993
335314594
116517227
748347286
43772744
232424393
871407732
991157829
14936917
935587960
294807586
438905446
802832312
439170385
11472941
104800153
40499683
918401279
19632879
684409920
17028037
273414037
367879221
590925873
800082853
465479098
222858948
339369692
803477606
188291024
456816785
712653084
877333454
182182628
865888255
818168035
149776046
493203801
758817036
205345645
597422439
866736202
234697248
941885720
913919910
388532906
938868170
837811997
774742128
150104696
464480101
281870414
207587995
926467838
776938299
816080587
134826357
451945041
143488693
325702969
33550537
384935387
603332333
508231186
906185340
591992367
114704189
642574733
998272908
768648350
157620039
950391590
143883781
462101244
42876529
948028836
560119548
242804992
821398223
335186199
120145329
319870831
964953624
480589397
8509739
519473345
995722505
896763899
457001820
592119008
809601538
228332047
484726442
689528902
720376206
29181568
776370348
325401700
411703306
107671522
473776770
254112301
351894273
507660785
934359239
586904291
748810081
689208844
369287307
796312734
909381806
979075076
807634951
758410420
868631654
56986691
553265299
636590493
79285536
733584898
832870974
571454869
445284311
148782455
456875223
252002021
659457309
297904836
724995324
262994541
556975768
28203540
697875710
28876105
343372093
234885146
368413304
635916418
424089190
117682919
308155130
933648449
51805542
495291029
122073088
669159401
133769122
608342225
269158054
235935740
657827411
207055931
206984752
774462079
928288684
759014279
940167407
493704722
697930053
563291044
426286272
618795413
397805524
2578644
775251281
599811471
350397578
30401200
413682689
632240170
594634301
173852428
657877394
430698499
597850514
107702741
58010817
143303992
43078872
93162844
96071653
839142067
895924682
801172711
947827270
762443412
895297377
145545184
344887477
735124909
985035849
663633035
202730915
72897644
572706136
738005617
661745766
672279745
414128109
507808706
492855577
21215690
898340238
699655305
349651915
267332547
144792083
886316977
452222045
394690897
149842126
516947256
955649525
717720914
927351223
667759069
20870239
115312574
312079775
305571981
473947319
826724323
66869060
633551573
969926178
938112828
289526882
432548347
13932167
289473395
507601315
514335732
153434202
633236073
418457912
808506669
801920215
365165846
625900582
162163233
775751830
216158567
468226000
9697540
401989665
288813743
810708591
285495755
770239741
233189197
374767722
754544594
483758963
868269631
184798877
815315783
475449767
733171150
409378711
477417820
93485328
389178090
325643093
897084000
476126458
282855086
991576701
186908040
112190993
207400574
561632478
198853279
98726660
839210198
368029544
199129302
334154692
468785680
140583017
352016034
412696550
804415756
723553844
857680864
79359232
420727369
508032631
685769964
962874629
960415349
83595784
118599484
674963804
1607911
205643141
266975001
942747669
744939586
300648640
638149566
257975847
723547945
537246954
586639825
964423396
971514657
978049651
771526884
61588097
42330517
535218495
36822629
316260072
530149088
992416870
988012774
661555731
274292402
301138367
614322968
564747738
887409962
617363863
184792212
861843287
49362706
875223349
765799144
717487373
134052687
123510077
686295351
8102195
710040281
674159642
564245219
192076905
1381127
34609797
661655217
637909554
838777916
820763063
315396405
205817996
166925226
292675203
404033799
899144656
4762115
39570065
737167655
724049144
255834234
496423548
132380992
422307160
949005050
255373373
811617291
367251185
446544771
822574003
869449557
204621724
944592792
393688879
912498327
502681764
56679428
514297165
603945789
698134945
395676510
265268118
368686467
822930693
939111225
775358837
231167143
521025672
771700916
384134302
571074134
916264671
93434513
757122396
990559194
330251657
819896259
639756289
968205827
634175059
84725415
911491150
250168063
858185597
13135942
658498455
394589974
234281597
691213544
604954459
249110120
871965964
475989401
724995315
941584886
683806094
413247132
710546716
20996437
445628969
303393288
266231479
650938785
66089376
831369477
674633913
522825812
79341932
839230737
380296565
848003957
845106705
70048940
958195018
390026581
989327001
560542312
996606452
752282726
950236303
802310603
509697587
810127872
6162050
615975253
206533714
612134058
399493918
478472653
784721757
535986395
953051727
210570485
290718842
817487220
556297253
866911138
132718378
46167313
731061905
658787538
129049846
999035496
691483980
372867503
419567225
59746639
709722018
202043065
42040635
295644940
544797440
680200494
77206205
504599852
718041734
971210237
407394025
730152217
442889036
930326614
360712497
480940965
474154134
389232531
201340713
234047416
839656584
30882113
382396721
646446330
247759380
730147515
575398844
45380937
706972150
539486780
581573078
756022090
227955796
61587500
479469649
204490684
909119363
932812718
132456045
329219006
299326864
67702740
860981452
599221090
354442622
650732130
914070485
67076836
39853233
796072291
464919653
642745293
919046627
919105742
270983424
748874241
669197818
315699408
730137850
745580393
594428676
235465763
566873023
430546594
87979342
918921083
273237207
882716733
931140948
112151029
829935664
839306276
636870609
412897092
634472230
386487183
772888208
955398349
616298639
59646824
850292513
559821744
133063239
261103913
994702992
553530573
947697406
380554605
514930365
232812338
89029879
260543655
99710402
899192951
79286773
236478896
323227871
15822459
278635584
884484992
210715595
216522905
583951569
283609805
129789688
496154094
126223102
513690660
605042714
82285811
278439273
349162995
580034985
856378852
543602208
148756791
102713167
901793723
883403994
172190807
593263774
502484330
130404650
717297821
22799439
622240115
672228078
518034369
955029203
742199299
906569859
158130131
759621914
596500059
702319346
569986738
437347200
215177639
98806463
317403195
184482068
694862920
328890182
893735589
128705429
611669368
329418503
178342896
968424252
659226998
707820465
434378635
690639711
363546355
56501058
335713098
30423879
800721317
678648861
32057225
986159145
256486561
887841916
357943366
434130069
271938784
815752353
855245136
97042428
2357479
913132620
227098508
38433259
14816184
767254840
632195709
709274368
750445724
160720723
678808675
832224366
322275938
481690211
405606760
49872303
580704317
925260445
279857166
294317253
903772871
706631794
757248132
532787717
83338104
202113202
376827282
677643750
511549534
851978381
403820900
119304108
143372590
695777857
171477644
12220424
863950202
100733663
471205888
280608423
922529774
515264158
832629041
486153926
254487514
220215418
317919145
277573767
96039075
755800697
189063374
521931868
709548521
39616921
451596844
86187802
872482309
337599912
826063262
394528314
969252927
809897449
968531856
152969447
265373885
159151268
45013292
871222186
51389073
441528818
131727693
194766344
555896515
365891176
569313860
110336589
295887552
982074152
14866848
749191808
794361711
808939340
86703952
888483199
747563881
694473831
731014629
601913938
551276366
344532870
752412574
658523453
120886888
850582802
85914759
451613494
86703952
888483199
747563881
697400401
860163814
596723177
390468549
215827022
658303078
879845167
114955093
342193788
141509390
177041490
82989948
288148170
774390630
962862614
415768087
506588651
927338120
793079232
338532086
452546495
457447955
701722204
249988771
18449381
976075880
52581741
416601131
703402411
654299853
628278376
171272539
102890114
50721194
716530960
831321046
179330902
500184775
654824658
371364344
453984767
940223575
148866091
39914176
797972096
122434313
458374905
58093103
392709360
288790972
642933464
636973725
618026809
130301115
717064329
189276913
855953047
673453124
675019169
700233130
134469309
64661397
207957544
440626689
826716406
471667817
316014768
831886889
663881021
626492001
605128841
678976411
162624210
242123916
666053074
18204025
345468902
857107771
640166831
173027238
852217084
362168540
93748950
251086598
120215832
8855334
62651603
855352051
82835402
369045212
329388000
208162322
599049302
654079637
187337878
915062319
359316812
487222892
741884906
870277962
236126075
939808917
103519599
420141184
597485326
764786874
486982265
111423339
459415188
904781825
65467728
355632262
811263534
789394508
36455640
919862024
304379849
123702957
598955053
992668234
969102405
997783375
405697360
338875542
362717930
994733991
648296679
569740402
272001937
220299308
666075565
600500737
403772669
904251363
818359764
318358600
123116920
674107349
114533131
289878939
762942258
964816275
575861747
638374724
226946731
890753671
760235966
878214523
558856986
770937582
109130552
692737110
936488323
391443669
607297164
732241316
918274899
520971307
510297161
781066865
10734822
548027238
167357369
736119384
246931087
740146765
202435193
86043820
282982371
88890642
754574184
169471456
380950747
739798592
178769158
746426450
474010001
692689727
847107110
936901957
666350247
863223896
722434424
349034477
191910852
196129795
821056095
890771253
832615469
571245820
664841442
861200875
267794003
923489958
500029957
715810423
622859897
915588638
72191532
445954409
992635927
608030365
451484261
375824560
441911756
314788424
772379494
244663063
203300047
269053394
148846409
149341478
652657663
429249188
700517916
163139418
373190143
911921971
206432621
186090045
249470145
539402793
71275539
938022314
423660294
46436890
397463368
454020553
235724378
607536045
963341065
347508513
949543258
643875746
180853491
797027983
845905090
984321495
628077058
341568657
818447171
37815831
20761926
383977993
99278344
530611118
887658187
392700691
595070015
792153416
743493817
263456052
737509411
119692489
329211927
475250510
395791127
638013233
475832568
311425472
540564093
278222631
724361714
330146064
711967259
598001303
200951096
455631670
963491123
245138943
596305802
277147562
612767350
106995239
529886262
685045587
176367013
819931978
937656307
782924807
107249531
816779796
279666998
745032903
231622888
857003719
18826126
203902636
172792766
226981786
140462540
72076795
645319688
517306222
799543721
682839073
39858538
234564750
59746639
694390865
730332926
316234009
795751052
323725820
717433719
445682582
543416612
261289408
911934517
158956302
5649684
814608442
697782430
821547991
480163499
980903835
442540287
945573732
442326255
594220324
984898965
550365220
585576865
591324467
202893239
213895970
373919564
770197133
187106088
485752493
255202187
894472205
579122920
179626014
197878384
479212963
793033301
70729205
850037015
486522503
794555152
656408040
440406468
16376060
40657041
281648746
72348566
690995236
563059937
430703329
326426878
817355091
241671958
428688869
75922576
72993721
51044666
32046534
882996069
244619800
717368220
28628403
648338278
601609081
521623089
606666000
34896901
430118828
48420241
67949878
896089538
674777036
236114379
391456493
25783543
570737029
390873070
47527535
334399005
174818458
337026726
670804166
56482121
974409414
146976680
585596109
783365456
625648096
196712939
163314381
837318121
604035873
947588184
593977303
38598466
287800166
713472936
701881047
59896239
877350663
185435299
793650655
401259970
365744757
771387866
692007956
660439839
92380008
688560266
905977594
559718176
337974618
154459380
98706485
942880536
860576631
126000198
157230885
865672194
556053842
675850371
608682272
294206051
197379588
738655289
30379382
561555742
984690748
658610316
205059502
377034105
884820751
340100660
483521240
858879358
720617494
109293090
883718294
521859945
772015628
979109199
134709106
33579228
55218641
704160020
619080751
529340446
860168617
273508853
575703011
770998639
12281622
631061082
260921969
87573280
610427742
37662453
230105018
624391651
282232463
40420064
958046539
676831425
391063480
795850027
326441770
754001268
267491036
859260808
256171060
708923390
825194598
27999140
738391317
90791091
899070962
113119288
729673397
412070764
365355909
593702457
398824444
158420848
399956004
392578558
241735864
346365423
89961388
313183851
232176417
82520918
343719626
769591774
725978050
798325880
329196400
724853452
645696113
410611025
878132181
570903552
831109456
356406287
923974994
684823489
901658701
713856597
126582763
847003273
368425258
418273857
962430582
318900240
101151145
246889763
700646876
568640273
72793237
443335271
687788072
348646549
922544026
265331126
570130571
703841014
34988270
546791578
870410182
976774419
944876484
495732586
126208420
787848680
537656151
504137929
416414930
23245588
921273698
361677095
586200700
792013031
503571577
230513652
191712734
972083408
959010571
721713200
418212899
576740441
541970534
320032043
792731554
825393561
33779411
73564752
311102525
638120731
604610555
804569046
747571747
330185623
898779675
781100736
85863919
447458197
682351116
676768729
613007133
557754757
284434742
892469137
710044936
348730914
765857794
755857645
254454853
339607433
709657829
635618590
644579360
497346904
595870374
486244014
997769773
177644463
381327580
828479874
398143062
833685360
364011140
558815595
571531137
52826054
263053036
533435493
315189163
682912192
332551582
513567433
790187689
282385897
980357187
875722093
657394838
931988787
763487090
35650477
99222022
729260873
530604300
635660693
166671500
38657841
580052117
200176012
821358212
714882722
867195786
280942264
516743808
860503453
689785735
708057468
882259211
10918743
676463498
524932887
589166044
740044037
988422312
831661209
488853976
724733350
340483785
925465990
816057950
77226720
958190846
702295539
488992490
682857116
372765752
774441597
882219908
173760031
297218299
158751835
16598070
125646870
686711624
625949579
356726414
179013510
407007526
374464839
480151318
340735044
369488649
146849773
549840922
116985235
179922451
252249988
311002247
564145660
603434620
273616607
49130388
634353244
384407730
244007685
978154185
110919089
120537263
735031680
696204933
399598557
779863528
297698587
751214629
961537892
419632741
552607019
603379043
146285547
297472869
162705520
712849995
437849987
462430221
749133066
121031866
770473782
695638359
824699901
357146066
918199892
250857120
709822932
899679309
761893260
804545861
588089089
185681520
592343818
150909141
289218881
359708433
334838318
84262056
70096941
720864186
6443424
498856691
182388397
123632901
929002220
235833431
718512391
65636121
589770303
69540005
51948875
736913093
289247344
549352816
293363009
893683470
565434218
755082719
836826485
844202764
744633915
994896743
57040048
233821210
120304911
74321544
537950721
464611716
94614426
742686972
7420476
437467929
126731790
155217276
718285702
396923645
839202147
469323915
747468178
192793737
465232912
965193241
535917428
226753470
201452829
962775363
644115427
739025639
220514619
263181904
969838275
136476604
100496160
252035824
856711110
174109014
989420338
9919287
159117150
602145992
28335377
271697490
72588431
293743119
476592125
694815883
631603398
437807801
235052777
488148220
262550672
419463821
272275235
932993153
765485335
605498498
689766634
364803226
800140522
302044276
643874478
428343874
91155213
700645036
175156850
506954949
235461951
644300851
476257389
333993103
223507567
262844900
608226252
208026724
955594265
190443936
129754162
315401735
58480678
333636658
650686006
292466521
828723768
50603988
284793369
354819029
991868589
865931369
617420682
143455367
658288046
663416248
960274747
688472185
336691519
232321453
887983490
522430886
487459500
456110094
874697734
874874932
164624560
629503221
835436083
529882585
993282416
592862294
590516874
519369576
837847050
774880459
961207583
548228960
141388593
753601872
579997632
872154716
422476094
37072665
780363916
183666603
629634455
892078912
974689657
27762654
384052582
110209851
263582043
362928931
772693445
822038913
831399475
152180642
604478753
5267465
147002333
471255576
994648750
548460023
935146347
84647271
287082399
897762639
504005088
255680854
126767230
708373060
100018286
241473592
987842607
993679674
427576126
935727307
194473738
699259593
652438123
409191468
581144639
166850593
943815678
137591616
825856577
803692179
898359523
660498032
299630329
230911285
345289612
924416944
667591470
8026625
205634722
805111966
507218520
511913672
525501474
715613302
528881503
842879858
699909412
730319137
751100604
155860214
385382373
130463631
301764780
17723725
347407980
396175273
79408894
335338859
968613278
91583490
345893690
855803621
131026333
727875831
622356674
786732040
189987344
22367377
736890641
30931463
181821196
888120968
58464181
379405370
945269720
832983896
427434414
842770312
335371848
733832727
416860693
898188995
241305565
510973299
832668988
100310465
530474024
695810902
136769293
584816745
814360441
627268451
631987550
200130317
820380140
699203204
547138909
973753284
952938411
584798128
993324403
729912845
884919155
946512287
351023873
446798096
791211027
885513758
128651741
555126217
543026363
335633790
297400263
10564036
219429196
600374095
763525968
977254499
416093434
490155986
631791855
679033007
597142183
988114381
742041584
501226239
394517045
109192312
86589283
13675213
403769900
651899953
659414775
449917658
514475467
192600744
928039789
662570772
158535959
607409802
206209253
983752077
262667231
880368495
483103490
451806647
743507590
753776887
157828091
904946121
936564395
378364987
470740631
955991747
282164274
337722781
349390102
396701305
872541744
92395421
92898840
33735599
154301633
350384304
247785914
8834396
984594988
378206007
72897566
610111332
577298140
539450652
866191075
651735339
122812825
1540282
826338141
176998106
458337518
431835752
673648530
106576543
864483537
252458357
835214262
472690295
653508000
863774712
748533496
995052782
413558213
413372720
605815890
883058097
923994637
452010464
133784286
763391335
139522042
243529893
449092008
709991600
354708085
274923770
754306784
889963010
396930390
452861920
160370494
961290110
93470334
464614053
801759687
981048442
589289218
204819869
694285224
790896269
188027115
286813743
493045780
156160607
75235208
785178390
810129157
978334147
991266142
198039125
371271392
889111874
184768427
950890245
962792127
811267611
21037620
222526470
261114191
882790803
292494517
801011322
617918334
87718178
64132666
542797489
595670566
662651983
559765797
919662034
166944992
130032068
264196946
366041776
570781551
930424500
230095023
131436908
795801167
398335182
315451499
534865322
32625093
319512953
458924572
893044379
909382994
491871476
461806216
157273586
524051963
165581724
453171026
703560499
42185986
582495393
265376684
822319340
980728226
610498309
530868427
247580068
719000290
591152385
988634902
992550649
500079278
905075618
617860423
648001034
899284318
496558802
138663225
170394863
274626468
791246969
866544865
160936853
880947974
181128855
806816278
912113122
903889337
567171602
552421441
141223831
801600799
396473056
635533967
949698662
259580839
918747636
333350448
209247820
707951574
838536289
993004898
719088347
421656821
213475343
408707463
544821228
523191502
165569128
343579322
823036142
698056394
988172597
685819563
383926712
526963683
218091659
334664662
712586876
146057742
198816985
508195820
842662171
3839716
892173966
227753078
292263634
24529818
208081867
933772832
154992540
88139848
520474957
916926144
216492181
59768826
403463459
77709481
454423457
343169241
480601437
556379405
226642270
608513216
339915154
664816648
68807389
808953643
80409587
415400620
313213906
896832439
270541960
594721001
706046684
947534756
491585775
735932750
807969025
246037789
387494836
823790789
160864436
331663208
468309434
834398364
727604508
478954778
841540657
776677747
137358089
36689697
282286919
749385675
527321527
222211785
21775894
341483125
37279758
337909920
364293558
638067408
958680850
784685105
639851677
236849870
382995119
632093598
662938490
526792541
874557354
437836397
709043711
891105411
719468928
684374506
155717248
473820293
502594688
500306601
476281904
5107
553189487
179003992
498435172
801269865
931111520
11737871
221450219
85367923
892809610
727470525
569318827
437019725
777473191
862256216
562151832
363465055
490485713
401955537
468660544
95510455
114437958
448814156
853552716
775379496
658564542
943291016
904476989
371563441
433081961
435716276
845186883
986079468
492659910
392022419
906769956
901654271
822406520
212505782
206086358
418129297
151620279
270600475
263994651
917571734
538373566
79757007
817336538
667733049
507901433
758159968
166562543
35294466
880692590
478399333
593923403
981996241
63764044
199754399
970083151
692447094
323342587
723607609
765949677
390039493
642525400
409423443
685863508
136864327
888498523
331593236
770526195
195453816
652784689
505227850
281957902
503635731
891468898
215768368
29532764
521857997
34101534
343485557
232053157
985433691
468841136
380295902
609607478
927190341
3542673
560165815
601859577
307121627
191610287
40361359
611558684
116437317
33332639
843103692
787251018
631105526
730892472
276411441
408178736
528430691
320343168
355682758
517415732
759339405
476841545
834668345
537101926
420190818
452193785
221568882
213504454
105904260
138789717
333877826
535587096
173764394
641472011
825547270
474145878
401673975
706141187
153021051
961992103
44824030
979868840
315857783
21509828
966589863
51217116
993508230
353438468
743270305
775321847
939268931
634825811
299504990
142237289
976120927
618390066
958231579
263395290
526537544
769099681
899522673
62925351
253413561
397592683
367379554
559828607
366676022
959781230
725548988
390783320
713854973
477637479
74714426
333329909
399150780
653653211
576866557
98122473
237492101
2357607
605471824
562081513
772531589
909133816
146110199
134349840
637406611
435486548
376121346
759324380
877051225
533556553
522572402
862220321
146284661
902854791
775159052
272644198
580729290
46209290
183550461
478297117
24074044
514387986
793538511
510613540
620714566
450071680
399769760
186331224
277340661
138513508
516994281
488126006
201413444
554271809
184181630
499842846
370425240
416952645
753716993
818913312
254961535
134021166
895297542
595911906
437639856
904656105
122116202
99476673
587904555
165994348
935540585
472245470
483024586
825877703
121973933
345699656
207319004
913848629
576089136
349896003
401604125
760756636
367031395
861635949
40123906
195008909
991812638
332023795
974762402
283428311
782219763
397338212
370047091
31976074
950052891
638403872
578659712
151509441
34775070
771622715
367367436
152896724
718066707
988352262
954623514
872999247
6292021
871371428
780574081
230800017
991708225
857681943
734156412
969732290
311975471
528833812
619023970
895140449
383890949
711555892
568072092
794223001
636898203
585146096
909206417
569690333
8539757
481360192
489088449
152011284
877167886
728476156
981183158
291982051
794445824
592177573
438928441
588846881
954925459
853973138
264386704
766465500
724790039
707624957
939511568
83455189
620076501
409004994
441707421
348808945
205319710
947518326
371559103
769380894
588311837
460642530
875690887
4158594
520223031
745764729
542580657
281406673
869709370
956194339
420610188
51880072
582866555
206900876
211393209
552545299
278521812
467409831
152615884
184663419
175165012
613819924
886551237
284709994
754544766
151633646
309109262
109702883
904687820
186135880
458032522
204345631
825586292
685648168
130390039
685385251
330823339
145200574
71331914
233361244
16127272
910801715
730486405
883869477
178774324
518903766
749039161
568512590
300471901
260326552
852589413
775137298
176901403
512383388
702568751
343501464
114741559
130381058
74958838
71487961
809843228
579795334
377697516
706120892
57489374
230383720
232487697
287598692
964974463
738727803
365614172
231949283
551297510
495583526
516611675
82371414
887720832
284661380
227681470
404902014
247361169
566659450
353013629
222939821
380942285
376243492
627922312
655969691
118524691
460832812
503292329
156746257
349019138
482504308
448883746
119730041
583373148
718189351
856846349
184537044
609561284
770973579
36428340
467064599
512191829
603233187
872306053
756677694
603092449
203952445
986061042
566271611
383611874
550988305
432871505
207156225
151961430
917958034
801678274
365515569
46047410
395289042
115344733
436529524
154692950
41082341
193423970
666659058
184463703
687702018
76510809
993423418
569118036
133895120
813659813
568322980
443666940
324116476
255644714
508853854
294231430
755963959
298554240
116219673
26588033
439022602
25063047
761437742
527424850
461378103
874957987
905998321
108228871
849189634
200175569
828279236
860377568
114528062
482929493
197629283
624329706
699195614
656100686
947610074
949132208
221857995
656187169
514409224
964417533
241812592
701761428
324874799
470484059
821444278
148644341
267432876
874254172
177688422
284558600
983448908
60024613
914368357
926876824
828382722
537458449
965840614
810706894
920169481
448316600
344884333
473249399
970769512
208708282
462341880
282987797
396062748
568744846
604628992
836124376
651445444
588697757
264503868
26007349
542439987
435540099
232192339
509396237
343594338
49917500
326031485
243630706
152656092
236608279
170935741
863079559
329110348
692950942
884993889
668983176
661995467
452068698
584285909
605951393
850287140
66788823
721486693
295824677
892642332
520382887
179018157
543621833
56582332
451891014
844907078
67175148
193637502
940577805
955887428
151673593
853869218
339778246
771556503
839426507
160897431
907791334
486400441
993791551
570782442
858440282
666444288
531514310
419839059
246721668
784616560
335360433
59179003
57026145
991183389
839953851
394992718
849707686
887983156
22999414
922477815
932485214
398177348
101610369
286539895
645538683
15909611
87918992
74002671
406050529
777382561
411145569
668946458
605881961
405616263
781262786
90887712
795787331
577125765
91559608
74289777
965894198
232226698
191060175
797798817
884562104
912561384
959876778
251801847
826625643
429270872
645285957
486462063
460128199
853861497
811108891
952452892
208786834
251080949
387472548
566251094
425525323
612519855
206203284
290099867
968580486
688906097
579064698
281570528
951489532
849046116
997675683
726019880
979299133
74995527
526710135
680570168
34430169
507052127
768959345
835237483
995129826
842967008
703180583
34606045
992758147
886803225
181640242
556177516
215696851
424099358
334007328
297537647
885521114
909049886
763462670
333809135
692948832
709230291
591069093
739401552
844524123
177901874
825522342
585134914
200234932
348200720
848784332
914666311
17677939
256577750
640116893
408709076
721520749
887301283
306853670
171910880
252663759
825024810
541088979
826130947
398198415
264022134
811107115
204918608
553137849
41395092
46204835
968441903
641604912
764818077
372802288
740592306
276299805
910163058
732074988
261247136
552926628
112045976
40463984
276517906
67577066
356951755
378464057
847148928
845409354
730706317
96335292
546910160
897525658
634658882
984780602
451423618
805764891
206154714
420154977
221567778
782670876
227424561
100865248
621307317
866472265
257376182
419651686
932417256
602963236
88942369
823992482
326002042
972875610
77548542
959504131
979072197
555258522
324221358
727656083
316690714
404308215
51587596
732314658
909777722
540937097
487511947
921041932
72181473
445549064
149847622
11992599
67432178
201601795
154356161
567123132
933450313
492065925
535149104
640937916
872424376
256004599
281011609
786658690
49419128
465625715
823196932
354652256
991310804
22741592
697374898
910736458
74863417
85096826
282907962
768636954
440718740
574905546
90255133
669651009
424597700
370563592
308524855
355354298
887818197
654185273
627927084
937899171
68360036
332000930
413495230
550609059
123977336
75031369
470878588
383909416
848316831
716805028
520535015
208485354
241734944
267231509
117161527
146815642
473296837
458862595
496550902
329929599
192269241
546132678
718362858
102850430
976502821
814502039
475906214
846421948
596393177
150076555
510053344
708127183
319213864
418749222
24476384
688007592
423510453
484666922
935332078
247138474
704794749
525837917
441788831
191075515
123475084
300259418
938101718
40934642
55538045
380588106
741563759
989981475
87041638
692230037
534053459
236324300
621582320
343445001
640853952
482439536
807093771
486187735
947116926
978124822
119939533
861343449
43181883
187215098
48620352
112275860
626634264
355654388
561587969
910604023
573686820
762119705
49039118
67475472
665646174
423276625
116819626
544813341
843186270
339434984
646223167
434561704
41772957
2527250
164508437
181185124
174400232
196166434
869954570
165150722
927855396
964177915
270638416
423039984
602245875
362435146
805765923
488558926
741172009
314320978
178000264
111817707
139732727
395921612
534248573
815727203
625016186
478152956
167710447
71583820
838986517
70220186
975361742
16736062
856538789
340947636
925250454
413213550
85837274
291048592
804740429
358286235
480474588
822031323
163019111
668443976
715705791
750004068
869848802
71749248
33320104
603491874
299684860
587481988
559946195
464422081
625609614
728011269
200452268
341594394
374735201
627364570
972264747
114899337
350018680
155586678
808330536
721688465
598465045
347237092
758292299
595060839
244973048
522699449
514038228
598095799
706187336
349774191
987459326
566851092
335435634
820276448
87923670
926294776
495079071
695964894
818524050
941284089
939051919
5389409
261768138
791506467
650983733
850403936
386372602
52543785
426832848
3375842
824611107
320178999
235904159
932823625
775120881
314957931
251382692
315714400
278282533
405453553
910537026
41348631
352027732
610177063
311551528
279714249
66306972
482751617
455830173
565806943
906036848
923089371
723366457
798474212
624552393
494223203
868749065
857708110
508822420
631077565
782906821
639457716
135568430
773099042
752637499
563552953
544483583
667241874
846725563
140436719
211021244
88799182
97741824
544902717
459016839
131263705
215750238
788677783
828709878
547596859
550622713
663020405
744922779
63049200
382959514
352627642
269345659
147784505
616988762
960539877
125645892
28233238
568450538
15776059
364123665
625817489
745309197
250042768
794828336
226971838
520044138
61772669
451424270
517112693
288182453
27916224
965752111
49639200
855539818
16062207
91644683
875527209
252547523
974976995
329987197
724087673
195809020
296578218
866129528
456311330
188829249
406017805
413908726
754365957
175558241
523845562
759071008
307006937
768987182
53750700
881142606
106908491
340524170
936058134
695818647
273491711
176271903
80865233
364305061
944904125
674931236
794609876
562324563
95072357
402436068
616424732
786714207
692981184
286245361
222632373
693298476
17148844
406441378
793791287
721780032
387659964
825652404
665140230
507346183
725380297
783517114
510962038
153429518
91861471
740368331
559554650
168370604
529844069
536373706
923199717
491046866
428383646
653573863
461076078
876391044
710607606
336883437
155124644
779466511
503074748
142657470
522729801
835884987
120357687
960876810
412459812
338675665
492888067
71205494
699703938
448819874
111003517
55722259
506089695
407435353
856994482
708857926
810812223
996021017
872361168
13698599
263449693
882086370
406417100
151332981
354343964
96360927
603254018
509734104
205890537
840003020
498734372
453245371
932936257
710633954
636030427
199900574
801944757
205262141
476668467
293038414
956950100
973560708
955521591
379126466
834525982
93771048
59719657
929359423
747011707
730977305
799556255
643726887
475397550
85541351
657790266
646203091
904137036
615320395
776109096
672366629
35397981
887460281
596337079
640275094
193496432
365509070
341799004
531512975
825922345
911649940
382348403
123991508
841125488
932372759
58658514
810796075
162875994
455772360
904952133
96973181
229144334
109564531
62944299
965874046
291098307
543809544
35636351
106834123
292059170
955292027
115002956
671610772
320707740
433075903
734878177
225320047
876972774
884184530
767923465
292344110
189260068
808015498
350389114
210182641
962748395
377383876
26885540
159995773
273779651
559711887
112418036
864862228
888651639
468188106
905993974
128991087
323913226
453898519
185409957
629627240
599867891
923181975
172656281
50484694
746476276
908210091
677592741
515384980
321803411
897810221
417831987
595860751
768707050
396840584
715267643
545713161
8753988
140032085
149071930
182248902
147537660
144145163
579707578
312469963
420389027
255432198
838368965
587429290
410968883
297264818
878220343
14953260
448112318
763223481
947545481
753608129
285047351
366828169
938711904
758977606
191216698
183002546
891586277
750381899
73240300
793861019
54736124
787141526
64298196
244916756
841520387
966599107
725318583
380168636
366929905
308708620
336610903
5571942
618010829
710646841
457275747
489459011
460730049
796349439
253754789
308456698
413730818
57460563
81051174
886438703
285539169
504817168
254265599
330644583
808680136
413952993
120417700
252714210
278751367
863793017
179675110
177213165
60623659
960139363
206265223
629530669
306795220
844765393
111153720
442750657
739438281
66955332
738636872
746213671
72729031
75096027
251403343
650986431
808852956
633149637
126520100
842100041
628058280
68896632
246999861
496566737
271201683
402861537
507395476
952351840
437210101
166481460
930067355
755429599
529524917
619281266
946178241
394193676
7670792
900705449
288283916
142632343
208263317
431670392
514997695
526712028
888694804
886738252
67717440
213540066
612127204
668744733
211119675
731679884
191875861
508667968
753109270
134621228
691291255
151239081
278034433
674400253
511337924
649451048
3473275
821209919
628834389
487919861
261631637
723443228
197282226
242855837
873504382
712922151
942238847
540599603
870745280
881226324
787608449
874713470
904356788
325744121
411226691
506005685
281294249
103180089
29565038
619628290
705345463
980435891
41089447
820946862
386110899
579541375
936744805
481081391
701778978
650232183
835406834
692133462
954495535
700569057
318142085
782375569
598623331
75361582
903131319
623861841
551195925
968497175
753862119
889602286
586188478
263488806
984582341
393893812
559222993
469194138
984936706
192062964
161875197
744311181
171354998
77700404
880070289
842794834
460853413
861670690
583649192
592285703
740555421
729121953
620199580
740154931
231880733
947664377
138190299
597548050
204743580
570105108
784462490
228187896
426341387
594277258
814812352
253124982
529324673
922099414
635385161
855765461
120000552
26865073
536197337
616155930
937156519
940768794
585223764
249197379
413028331
586022811
937016107
158818047
324164905
837248223
801816125
35524239
449832155
740895666
965354354
687345430
569011786
823069810
696336891
801591324
88659126
43696551
962880762
744803388
404208979
420155106
155311389
728956345
550826808
122779131
26363659
973333306
426990091
861422566
837303010
999110931
195414327
981051645
874156574
672073726
154693921
458422807
637232164
934799957
323667559
802641513
578352985
447291892
397735060
526661791
697265856
608820573
333981954
995284196
198679136
896149247
131414594
565100031
359279478
9405459
469856495
385365525
798564601
310276737
185611522
762783660
747146491
876376079
955794456
713543435
475474189
521844391
224268059
682649948
400487091
891737370
563729483
128614834
100992856
352961937
228503467
306976624
853166091
97370740
854710182
425193535
447505112
165680962
524109936
6763581
416628358
538120713
248764064
283622073
649766804
196670977
968541561
138795506
16721701
138277950
260211674
686356761
593997990
167012115
34951738
253192520
190389952
247068891
49058967
308967655
704125341
797313903
160643536
422925094
778488631
189423071
804998576
567924086
906419437
427655813
572577541
368762735
486097039
385690616
744548848
941702089
231956342
62175538
728274547
448252499
265046281
940326306
120424729
335784397
979443650
592558206
253146346
810836660
841372512
223361350
85036152
188525182
124198388
598074760
415705298
939333448
907575969
329839062
859317202
617128016
701446073
531500519
484920786
651072697
154848156
723358947
81448531
949967157
184373692
109235134
593728703
985615061
628267280
990426913
543043204
179208354
448223527
316881492
482235223
702896627
706245711
383863868
199717050
761272951
947885976
85646514
236222881
931004862
591733958
192220100
887340877
493065211
168436766
153440433
979722494
553240124
467377566
55626707
861174389
942368646
161367972
985470404
40829898
70131277
616194251
697858499
553484688
502894111
211317936
126253090
513350417
789159941
876889731
200757623
829716432
341004222
668993059
887032416
924849882
442489182
476409765
29678977
464040023
812435070
112512165
979123780
480272124
479712747
249186604
972986408
894588215
473180094
13451904
911658850
941664708
87226129
627413869
451295795
635223881
89796159
920312919
462290348
565744783
174369981
193702237
974208008
454783855
689465159
107250704
113025422
848768488
278315191
988263769
973845681
228407685
425507129
324899563
289189729
334059710
974787689
26495576
558749802
452355489
209338037
883240126
365503545
557134567
166867382
608199568
714861177
558570866
381416545
973719619
41811690
221872588
627762798
642209133
544243540
521845852
510271017
72411646
923191709
966891875
858330446
734853211
89909208
659020354
77996972
607518303
178047655
904687150
833441094
673582402
179725849
916484387
794423263
297363929
563151026
647603846
694463813
226406948
663957246
341920022
946564474
107051299
319875821
701874829
629860824
518772414
799682626
908105125
315543406
544786010
478295380
394178878
351998952
701710154
332988693
319671311
289619505
641209059
825453355
621231931
18778751
861155789
483969076
997100241
705232303
772855141
413740554
877995594
307597594
117179799
626616103
467947078
151270459
885333250
770354020
667541825
548157746
18735092
367448626
127028808
600804141
376773575
595117048
236867659
262866644
640113545
859984085
819427377
188816052
790155801
843255388
80741230
877882473
784891399
426587974
410972023
923037419
515406856
114628371
8329896
866715758
776605162
16518952
702975820
813838738
426297389
959264632
474707661
816432227
445185185
818608048
985366300
553790006
472600814
293287339
183646783
925359070
462731761
131252005
568916706
625521087
42189769
315762937
790586363
706753982
789063238
25014538
366908414
947769609
171942764
121235620
473860623
99237321
778027985
865899383
372741760
346689428
762588580
770299543
938084798
41099873
298781443
130877110
397219317
133438845
730905603
147983635
448514177
301702205
852161993
586610506
489386386
659872949
23089422
304754153
339323326
429942931
213840337
407639904
758458245
387479772
509788942
525237102
41705727
737918554
325213893
686564465
775554323
902806519
674911491
216694476
589270442
612352486
174485823
197298189
614043998
602389711
882104395
14968746
401581409
940266837
285191936
20132998
595330223
466773517
414306743
434826753
217013251
756359354
61999860
313395775
656225808
558148142
348011232
510267003
606416809
785217517
624114097
800423212
175456587
314031339
567087254
975049456
168818948
19955097
93926212
719901135
190953868
174176845
271323661
144359987
823176979
790292565
754648866
605593670
656628566
402542729
701910512
171533611
197033750
3546105
431487778
930910763
241063768
683093015
326702115
964082382
624860283
482350607
824610213
550182539
263688031
266816586
59453945
654341306
903436752
304208331
917000665
302318677
364365575
147210015
721267120
137996564
253844315
512367000
469440693
809325149
735691558
465276462
602309356
608441646
480861378
474304224
7989923
2815146
875508730
358934774
505116517
553377239
350543449
604351159
739138340
791112506
27596548
663681569
606280418
47602545
356224358
821888015
36189691
257517176
550068790
557712
225324081
151251467
575187605
452849290
608598593
314745920
26395162
369583007
807265293
723252211
985201022
268655417
708016091
992000368
14722228
822914246
741240631
697719830
437485048
803483265
496133463
725113264
963959849
674238729
458377576
37800319
112763180
367511551
541075094
153120796
908112809
814507636
594715963
59841676
460025810
200273858
949435225
289974881
431658945
256493233
92196883
993446032
143618106
513902735
292980945
870548732
417907989
173376314
161229833
350591343
531242414
88309562
609455815
119430086
227857669
796700749
789005773
896176103
76016413
675596613
318932161
50664039
272058514
52670299
197937310
721989631
954965322
475759645
93417614
632067646
58343437
659847787
342886449
249274533
93210557
308641426
912852946
783889937
112035318
275710807
653433310
46555300
315069969
400909182
776394020
254947853
823365882
855909865
404947321
853248467
830494084
510632210
619617492
775061103
266307642
47036311
73649551
498290929
670092621
416146583
179510411
698033318
495602554
303573291
755641093
535813480
955087075
867937564
79299575
655150359
40194779
117891138
810753697
352158683
237940623
509443978
137746287
873639026
297957289
138386290
101412071
861220880
354675708
879855869
793486374
116203840
626542083
634283433
761304499
647281527
252651236
688516730
267535845
129926284
327593018
17212757
508611294
872950022
101529560
80299966
998512913
742139485
102530182
634470654
189437431
656832126
741587567
482805969
970204523
421209118
219367017
58788161
463243519
226207849
579465685
729909403
562627664
972729581
936848410
852303080
390833035
757751317
422264893
220020250
351785038
506778769
799161790
963228502
690833099
868810710
169953715
880364097
994250280
693499978
435371655
737716456
131366571
860499915
169987545
29262764
649502522
349726062
521086379
508327241
473454811
197684355
126594779
881851866
677293040
852367530
39360699
711416089
387198071
394041900
489858424
666293105
595400072
516513853
483334302
47590091
309487327
820911041
284558944
748944338
153543180
895851812
62683842
154765117
631311467
140709490
678489794
329377721
430820128
215062387
606748022
371474997
972257795
164625833
222294949
766440379
517202118
462139527
237082094
462557514
415690989
231289850
645737807
758586553
132243358
993446032
723862418
502888450
841213882
911264057
560165815
766363795
216098780
259678431
793247136
65869256
154236799
713805903
798682726
823961369
297037850
263411622
167458759
616266124
723105202
210478882
399748934
719572306
94880554
539197326
201795547
958797485
217413440
657296772
584123453
348069039
946699767
267563356
564557674
74108366
15097255
40252870
180422731
257314174
40351607
931140418
210221468
328173013
382470796
351286243
290662624
143640409
669801615
917465774
364955740
556535497
64017888
883017793
639239819
542520778
390270819
525788391
263815296
752798279
941015184
787569931
308019002
897100438
364698433
593954614
75504172
755997359
252813082
924857402
854961141
940044589
512435990
263637592
517634455
989397756
477858740
307486301
608537924
431597953
710301914
867316746
113350080
577230174
221398512
277742216
231882672
283094658
2738302
316709564
3556248
106271566
42249831
101032682
587205877
691143709
551953151
769377354
990257407
662242982
809996673
680159354
842339543
7724469
2513154
574258434
394533934
426511554
625991376
66095180
453848352
311503791
514193658
677493163
433681280
230687317
341136742
363378599
2126690
252677604
223667565
561905843
986003270
466365361
203425947
17069785
799419640
444920080
753177149
31481269
974413277
542022612
521541465
300990357
211834102
185702058
527247286
638158820
172729095
62808388
155083532
836419805
547759073
450527967
757866341
701779711
299898754
168697411
125948775
422445037
342213536
958308585
312599219
802423983
412552064
61403505
114177726
318146400
651195480
499855441
391139394
342176894
652956639
143571083
788817926
557134703
841114385
572802972
643927619
699146238
948011757
506484282
490992634
771863120
643851079
578226491
336880790
952120385
964472128
819616244
454407191
739568186
219729359
827756741
728626726
278185595
777361468
984205468
641064738
860298197
346489919
245863212
118927993
207949256
583164575
45921251
235132473
936419861
72616892
548760608
149344974
276990297
444181749
507135752
414003070
535771404
745348522
426301239
630836894
531101783
34093865
184555521
34022688
112333514
98399275
168497574
753384864
215743109
857625468
920502934
880571135
348523591
63352887
221757267
365611431
678934695
244655453
292546222
114848562
382395458
199128093
893876408
19310383
943491212
914754574
750842753
907262459
124718821
738135461
825800314
927404706
222600423
849316581
186390016
856544962
437684316
617628762
826732061
328373767
573373430
314115415
323346266
515312640
492225514
47223670
444779962
186041186
794904907
428733429
78981593
63953852
769136589
146396843
157146922
569146985
518657916
211494212
658447585
198442161
298466360
770486899
398128348
202774735
320578159
653386258
481119335
618182417
21249048
1386023
215439000
461206582
753281266
629959900
271339320
959310603
530412890
997363866
38802251
201249936
755970304
303621542
183612244
833993921
728641730
321631244
845509375
646100998
904517160
779805254
670309029
243724364
122470885
43379351
82261522
1242650
970983933
57422815
347029715
152178323
610295255
142128657
751326606
861659558
566989407
293780457
674210932
543380729
384595282
179988871
687979754
935590636
223777334
436778815
318830560
16957892
165406448
608327999
191202733
864143037
136627148
140855539
375077044
285520263
59051645
128582543
161748776
956800395
657328484
40094124
958480861
518418637
273442542
287972129
268557751
888460739
193319457
709581878
946770320
351876592
888489756
414923513
541580896
580666438
812293346
421806031
765768102
446038618
5886306
369125836
961345795
116441234
143220947
220453438
642233618
27029162
104262596
103881768
676606022
182824182
446568806
188918065
476354663
939850374
754218006
348774547
733261966
939155757
693266176
337303383
459932821
595899790
817762503
905328632
950032051
971098637
37981132
744337551
400820615
318206235
980199797
889385472
137983106
292601814
793485017
354562883
860102702
112866839
117562125
961432538
643481821
296451637
898404377
166137279
807670169
224687705
183985896
885395475
509593973
589108124
906796698
867932070
674279206
515628132
211282514
121884167
710992920
5265111
980897764
787628842
113725890
818569425
316340029
169537467
463684948
767926985
427695470
493825794
468811177
915920757
368934144
32494622
751309208
92116711
32665789
323359698
137738248
110385555
231758233
730045860
151186826
620877282
591207905
722699758
897844972
436339401
773303430
127850369
955840192
749170805
918154207
334521501
6921739
865951645
959263774
310282203
861243885
236695218
908978118
98192650
37914666
321260332
491212134
485085498
932012566
387081089
622950864
280897191
348351781
115825626
817305130
365271982
657659326
659918553
245614266
612422161
513804155
452310900
857952944
157057507
464438773
972718691
617498035
973015754
926252519
921603895
792696243
334943797
477525070
516384428
612850832
521451490
277791172
770050969
873764611
653625123
96303409
927930549
469346575
41788037
995904416
436397807
129843879
225548807
732958629
782175033
310282787
805873743
236107813
123492422
406863424
796547928
164898658
681856560
247357181
25398080
461943494
261982075
892888198
277333867
329990917
649629811
856262061
538182668
475330426
669239666
766308421
378802457
854176985
416361185
755771971
148044517
755268691
201468858
356848001
49248378
694441598
582864553
866773487
652104382
445139338
558664419
742921362
939864916
359964993
398856171
151108379
304556757
499846084
606436210
561235359
630096858
382551587
844144530
863229582
947282301
295453626
609511756
544204364
96073805
70050374
961268729
642028010
883210436
271467937
526713304
486848014
583424310
162026759
834716080
9297774
77353077
51204762
884055630
170585993
551725143
83528323
883998584
922805899
604462358
48075325
167028941
231409015
306755142
25797808
816900775
918644860
284259159
709569853
133313457
706954316
365849296
304683688
591100300
386677915
186854777
583064975
280845432
800188823
603829067
990099617
458925118
24654091
758160918
553308926
626564758
338055585
999863712
714831235
703766632
59595514
639246559
323290351
858156392
97132547
122316600
992472018
421412412
696927451
68275736
487204795
329879960
490584770
778692306
952763586
472527527
593712353
130943936
313718859
345079470
637933648
766854458
140645620
275490699
110671082
614413556
968031623
307555513
332294799
817527536
9396408
162151436
66936058
11776325
165874215
82018869
425915789
818913270
187611157
984573816
94897098
80771009
637000453
692863814
556824845
242708091
658738530
915579493
443178698
682563425
305372102
887638982
582932416
489474879
905734030
742537626
613773785
966316485
342746684
353679438
226891264
815864699
498276525
241818026
244072701
223313534
141422999
559663298
129965850
373810489
210277416
44241700
244319835
908028818
718955128
861424663
796650493
242431733
387121954
910917185
518870829
893177742
367620312
126569731
645277695
705611086
531264465
894149555
866365529
729072687
471916671
189933019
678811938
963140913
467621194
256423394
516154249
145353640
713986201
389739295
52019969
195628661
634751453
567753086
293273210
897594903
955819373
145068754
728842446
458003838
316227435
910592662
674543815
782699596
910805905
618040746
94315490
634268140
870329125
44731801
448438919
819551522
608066960
37117052
717547625
244345506
486752038
438322781
725671446
831888349
482967844
37903339
383026897
584792424
208365654
290595342
231549346
68363132
907396903
681976254
701779617
252662257
407760492
433773460
218036005
378910837
697298565
473738524
449553259
856115340
846920319
964129261
759748186
253570365
648820513
941542162
583037137
637862869
489211796
32396842
309772441
222737066
999598228
187959627
207869598
487124743
323842829
484183981
551493251
516695945
719395991
642369748
258331183
494315370
197471355
752476850
470681430
161050334
844379589
626131490
956009570
119769001
822653476
476031077
209943232
406631791
574909415
10566586
523462608
19126582
385379173
339434286
853195967
141487027
601245911
111184677
524217161
497678859
752067156
742937713
375938071
840713736
451193435
950676633
768512844
390820238
117131585
592142489
689136486
787141526
64397890
251419161
717987795
44189201
260155588
309607717
551717208
385584748
824964514
46350061
853801940
812823459
862422584
900260244
226287690
294712593
741123775
283449349
862901074
586149766
304997973
837783982
494865952
645305036
627806147
823910697
679581058
487692244
738354125
109579459
254539420
727038730
611095746
323780550
970528072
874509791
994986355
958196703
322842875
982663832
221823514
155698543
446560977
626890441
106991266
644651649
168171167
558285604
286350069
443880250
879473287
995084252
705201447
582650410
840752099
565361004
876688740
118304132
685527830
101630971
900509268
633636250
843282082
211983628
880439623
115575588
31032900
732565680
677345628
657068117
12169081
830227953
584224164
73330766
936278973
530592077
234918387
619187983
847484479
722184314
259455284
472476837
939463947
717479512
733806067
476874458
25712915
556345356
449171071
147392936
692940187
100023913
724091481
938082405
276541418
769657964
773586696
190302427
756957872
536911248
501824762
453084497
453924919
858354123
678523336
822479219
68895248
497531660
657925851
970903656
305815089
613366710
797948772
644715238
757619409
790333682
575699716
957898726
515312484
857640920
53054407
567541663
592171564
844763486
759887753
202339682
867722053
590845362
328922362
383520439
819390762
349195256
589794962
774750421
825339746
204277244
618191562
926829863
344704519
305729299
478893767
286260635
89333441
720377866
237377894
831258184
719841352
7780193
656047672
730400289
430646482
807841870
266187606
905552756
114428154
370802364
986109226
191777106
646904744
768049544
659172176
221016124
942293263
188472047
676819473
793930146
956817423
954013720
3257331
65241486
780330237
809075503
301751436
700987792
109727338
188214687
622888069
900585630
873497801
222602437
687353287
645710193
705224409
995334745
362832331
941511543
412166214
888476555
755628604
632088696
956528395
851841906
521665871
624323369
487123765
69383769
595841514
532728561
441807819
455401622
874127693
717753335
352396369
642141572
525228118
880718147
174120350
103936580
333341194
942067230
72626194
472947308
653751846
3790568
307578077
406658608
286316000
367048610
716266590
909933286
459673139
394326922
338986860
709250023
123041576
391611766
355109310
255170036
904319492
190724992
392530951
165695452
928125366
655184773
138304198
398634397
710276623
15930267
698303490
275986564
552730999
284971270
53433671
879419665
852691178
204760863
833277354
865641511
519320144
56341332
419631916
762172769
415494892
277585658
271621898
947693125
305756499
270021216
780804334
128451573
780074444
249718090
308182765
690082305
607698955
221720119
696244017
203453973
340792238
184354218
125855538
712780367
445352378
955502631
88014390
133533376
238722039
897942377
390230230
662318768
291251119
220053692
618125608
953588782
493300301
55250037
330153008
222720220
131037558
204289758
217827146
76037328
621959315
847766786
629176333
400478778
808526228
752222497
227030417
554445702
253013846
901981576
749568464
873548748
698756141
206716288
556747762
131021717
174575846
749740269
488844022
11644135
101682646
719875038
709340212
608401859
985408245
842098439
291795073
376854981
539987510
959390894
335507064
734832726
945157429
854550623
835934808
783236728
847372078
297085657
926782216
953224317
483593206
549705907
791722990
385505658
949055299
713124193
72045162
89758514
186605676
351812308
435189094
907699944
996698227
390830289
734583810
170723862
955456705
837920694
542574045
27818501
401689140
148200821
378603384
928621643
344381286
950184406
785567437
272575513
228819614
24161266
319239913
394694484
854381011
264494863
890192201
780701743
988427140
982153807
153541717
617276053
299214394
57790791
787544879
437902343
69342831
338467941
412487622
768976477
739854108
840242004
606419955
559000803
240300375
441697322
347466174
701072871
772133486
143851691
334789879
176418739
146613116
884613915
768014235
534524612
140539315
95183265
169888188
885372155
669512649
348719635
379781466
656610489
143061220
335319376
209994014
717463485
808383489
286402233
639215500
530616950
854460770
276537261
532346836
165774322
296197019
217735857
372111972
343822220
3471834
346697452
159927119
881167177
835998491
534698339
394247218
268219947
333733122
106473041
172517242
481237623
323274619
634475338
265395719
556898423
231684110
39690163
971145239
102756720
684737413
182584840
635997602
235470599
432687486
948725060
560165815
531651544
152439387
270899336
267298597
646730383
557717452
720190921
4448527
836998351
565787019
669774625
994897195
628380373
400277633
196856499
833100723
174575846
749833625
709590490
541987820
539122965
277082141
4624039
646777699
859090145
489277123
789980637
773325314
566882354
396725868
200267732
503537401
210982704
290578026
460905292
480480083
751054565
698143238
203056179
262640167
610080678
784353854
835920760
703757116
555365793
297546125
568799133
528981707
613674067
91938333
933924725
823407971
96018738
640365910
912984878
198169275
955247850
935226767
207244917
75053105
549621942
537956605
262698935
882532013
114942640
895772638
921071877
115443315
934746091
740163624
594898309
220534829
879724587
550847909
684864925
282219686
578050881
580453804
946481375
720086519
233339048
999021424
61309611
684737413
182584840
468300502
138789581
315982896
778958479
417412694
833593780
714662327
143570958
501917139
350746003
707710699
161706073
229835364
212211012
526612166
155409588
419050321
744212515
838969427
131987661
202824856
211881843
283916621
27684457
441527293
759146426
455886321
356578162
406440165
623179433
419928177
649078643
55762327
603929142
424928576
460053825
566679584
206577493
215676949
125702253
265472045
890477172
557099496
287907515
764888052
26719453
20742350
955814485
973497967
241874890
239445345
27839096
497370507
379580694
408088560
622289858
91130740
120088883
115991268
32685696
801396427
458812940
349817660
552870209
636798230
612597957
234273064
533858206
169498935
70451868
528876847
723855789
6451884
408025285
501689955
97333698
174513306
281765439
72196388
940736051
862767068
90470814
662977182
146008728
85850678
11237039
820898204
655446846
979916990
625087058
718736130
67387555
986781980
112412414
550537001
110254559
177244546
825331179
620372455
412719290
632426165
33650325
464183882
551721915
208603672
908644731
482841603
871085436
564164626
69414528
941566192
333258160
36497969
698452682
243865108
603320403
898889574
269606907
149491183
851332656
263165100
729937082
851025267
730882522
755743389
773007211
335846417
978160921
109667129
888688790
337491934
192799301
608793305
217461623
59998026
148917343
403005009
828723026
562265618
28148342
782337659
55812768
389549422
936766048
658585599
486624705
180919573
169019616
160931221
777007502
818374607
827413817
872915283
598799235
133253862
961002545
128967481
920102995
659625782
368381564
755203951
544532896
154369375
796962558
50708248
48992636
7398817
414972652
533995942
704764182
697817291
350073759
48754595
859409854
96523996
53046628
113682734
542149828
850146300
190226257
554446779
616160738
265919380
906412173
306464865
346459240
900493667
869393023
936023293
514257899
887026744
968805427
976284634
22531765
694560496
281589335
286234526
481518157
127381910
571076808
440870933
394079190
462505720
907934361
345889654
512759156
38754905
396954945
626015999
720613882
477245998
595148877
794484022
513549660
555642890
195516311
434790704
141534257
823843099
412640068
473977519
260339360
419001774
464986605
221895967
736257907
586498042
626483762
912808338
327050158
136934630
991031081
459463930
687128864
94870404
607449207
953716467
527402551
820723867
461354489
550449240
461782315
777689726
245035934
209087871
129380725
902832759
913610727
156151020
185657142
232520097
39848741
959649046
911305343
489956952
672531950
486720054
215768503
928425740
211785936
863737427
948905796
761062528
275074641
113723053
539716726
203668702
932568026
254588978
810840373
205623499
941362141
622406175
643015709
792942701
670093749
117874713
50825903
494421985
188160184
236999077
87917113
843532433
539985409
37688239
839175637
584816859
775645948
833274165
305244534
19980970
339896716
999398506
842329823
524639481
93746720
204819869
607852397
202978111
5063059
501917188
659633714
154513831
626245498
750532414
54740226
5513403
758320198
298135289
78148429
110517388
87250491
891395441
478782153
606047679
476123314
415097337
185840975
253451584
775498648
702254585
721488873
202471638
796611337
271478028
28092671
611153697
634409872
889792081
669143031
291104444
41320922
213524134
198787221
998620945
718941441
262246746
456780946
3938664
348979509
649207507
581659757
570620144
351775645
713096808
796218383
747563095
689817112
510828224
642618595
665302859
592195070
991449504
326100075
415081795
406578540
571840975
198664758
160341426
372341004
546986111
83178907
330584737
158877316
180731055
940551499
501965165
839677618
970342364
796076051
345691901
524526328
948132090
432548020
217062380
523771670
501000881
667659283
264458086
421176345
373175989
276668629
711768735
5108169
649489798
727910996
948494615
189936817
748596894
81890327
449470046
853542061
658669345
875232061
154328395
702585111
627326353
412224487
77213623
265363614
712005933
476981448
79903684
99405119
701446777
474390334
134934817
394458316
954394448
171552674
232041255
673940067
284518585
27996359
528607653
631840798
203736933
719989938
646328425
972544291
932447685
500562748
865628854
311531247
262501921
933680047
704871558
490532097
773516986
289148143
36930397
236586482
11426925
238662745
766101777
709555764
62530913
326852544
265813366
76062118
714458304
620657403
434381854
536030368
590739456
937585267
659720299
74766293
952607157
552356166
810939307
933915758
181207131
979329064
402702618
830359710
439293493
74397390
243074214
108350401
76693515
996243963
542642177
48438654
620714647
30293551
536302700
147709069
152796981
399617246
584894853
632092935
41851087
392404170
784324257
936307163
283647526
98437862
362323790
207099664
402955169
82881626
707790322
934507487
422618632
252103892
593809975
634823251
790527619
73278596
495696209
704471612
497633690
920975894
422105460
784722664
664291628
320991087
375671617
787874563
215420120
868652271
982807882
690130292
789462635
724457394
551829437
251712207
203885202
222388313
596793351
234331717
490132124
130547956
237676343
979073279
223127057
834811105
647633991
661382000
363857688
1487037
661715663
579058502
2475699
710426105
799063052
562110360
151694095
428759299
619098491
282299126
872285323
96569511
994940402
632150973
708491628
90647198
396110124
751860639
939388597
429993455
681991698
764043034
53177497
727719921
218671368
943349238
320379365
247130701
382636851
202767197
778794639
288298649
725397712
963272030
520101221
369055555
363715341
978504356
780114844
371141047
434332534
80375321
241918600
85409425
196479451
931000485
647682019
721831027
43319122
564799202
381238579
604963604
94074686
524322535
524703101
151892392
216181932
488300612
938952715
674566669
381180006
11202766
135525079
860326284
622445326
19259415
85837062
838907268
770960250
736082704
136136333
451186131
85796491
451008624
13368464
887275884
989957418
546162301
758428659
750253051
168607476
484454979
641074257
425609654
934931443
675669590
977333265
104295539
555285988
706136684
678476473
698348711
270806062
959243799
307002976
931197001
518142980
469062517
160483249
786175696
862076250
676095029
962456737
932108400
483536642
776314624
333132289
118797130
301566479
192395909
271212022
903963106
896606390
655475784
644203117
183890943
711341936
112132394
683432505
443227920
88082812
420880862
455371070
143527508
262655448
582654750
862852911
466178098
470770173
945074811
31232723
953808023
443436383
710884947
618533038
177208292
247268012
603877959
167428188
535139512
646747316
708696468
959936206
417487390
178187858
855910513
346950280
288488580
380746471
361149304
427439040
102465581
116924534
51877708
101828224
364598450
51005854
919070889
521862142
789418087
283683995
717508639
248395172
992870390
349242424
41762926
457194318
388275384
467924765
361885317
426479737
582562066
722335185
557208655
283531725
157387682
108616404
37351489
122253395
837021979
885004321
136717758
691137086
213503102
377573775
602563049
599436859
77294803
14884054
44756385
602695682
363847146
272112414
2407003
81794192
325203801
939451391
151247284
496743255
231183963
288357799
808660696
240538410
332078547
638269612
390243627
61916155
359187768
237472071
728041012
898829115
243400752
481681009
523277088
955327023
204823489
157605592
748538998
76450479
729525153
593685580
276092592
213217230
907745231
803187966
305182198
397406778
985938020
849486873
142269923
553711931
927870409
47473498
225347171
193685817
619700745
134143016
122661118
946668497
841392185
954898829
991872053
496623478
15122387
763859787
412766254
112580683
149354727
221887483
308919461
977912245
448478460
974160051
89333872
381762511
53156007
855759533
668431480
917320796
308784198
419497598
767465872
794970917
543554455
786946549
853248467
830400850
543897924
7883678
814550415
737296722
854692122
452872716
887925513
451778659
937448833
679658750
513998484
989191222
888008390
902967897
558927031
780945838
602567206
337014893
872526987
386225193
321209336
589233317
123715863
942939338
850914148
439980021
403904670
392886048
137873225
840992235
562009384
45698184
695391753
349356595
321190523
967468976
439539017
381825746
555953677
489490704
746338405
394963905
218943220
624120520
874449955
674984768
799263016
233652578
57388021
270258212
454572813
436330837
971311241
339603931
386490885
100730463
974350410
62456732
961784068
982898452
623730695
72263636
585155811
625278811
381034355
598725680
145503488
132995553
882107528
690297721
490523694
592396536
494144843
930151614
172351637
157690442
233384090
874089713
47679719
193534526
126173468
158561463
83657583
635821001
280535225
354027219
403207583
287574816
141641274
47172846
761574645
2464515
948141664
408948829
576450968
798661862
942913333
231944093
19564464
380487199
970822820
540412076
63129664
796422782
667849010
829913176
954118801
915667515
533746313
691249006
344684165
631265751
755964999
979013528
418574700
288506877
318793244
73073273
659076262
133711130
825065260
103093964
629796943
868574059
783301731
941707461
936874318
90680405
474003807
835932211
480820939
354335846
749387538
540881092
185197909
612873428
411987593
229582239
876644302
603930206
944917002
313805584
387420214
339980112
673297648
634257581
99922730
885744463
286420167
736507718
36204264
858354897
518571891
133357600
757002482
819596497
94820126
444416233
313730628
459688509
808974065
99590204
460334430
800285388
728817827
324404806
788612226
12113712
679900400
284835784
511509347
254652222
30321845
485083160
700488705
20100773
2936549
108116258
480322863
509803123
664603552
221455244
63108988
143124262
300681129
184568681
480967662
144653755
523033559
542600683
954017233
288106040
690532580
187675119
792830553
922726399
584844994
697222844
161498127
544559406
260524470
585121748
917474671
559593826
935837955
549733811
357154237
416762156
423847290
336625285
2399388
282304779
497570415
216043898
456490427
118669113
245664551
823636027
234320751
24689745
231449890
830813908
100193273
764482190
748685021
907264223
935896502
904821621
394338770
840001206
610318906
752555871
577390703
32309029
847743109
603073300
552755172
433042722
531779694
830039124
393128130
757145421
770361501
207009613
148517640
544360919
372969233
143221929
536354155
626161951
262845302
703685123
436539077
115599107
226508857
121141665
316655376
911098389
597662169
132574714
58872679
682536074
37692549
26045228
403821750
355972538
602164231
474093145
154336807
370485305
395370802
44748379
964359390
732831625
62649507
84338853
233249183
435193247
347307772
729500053
370189383
95765342
392133021
871586372
861711080
835529804
987573879
531631389
356611390
386179513
876907166
622260160
956524975
311627971
604130117
596146714
259236996
385440844
515686558
538694238
804534290
727130376
50871027
688667782
559875835
586058059
536594874
368480072
642645190
232355945
74871884
754142293
301338037
236435934
137701511
348380931
688725728
909701319
233712217
485731665
629808024
446329751
240349096
996655393
120642385
481521659
600346089
947858586
822500123
786900823
499269879
458905543
323155420
479224175
219021414
513198300
889882348
279358826
658503542
131458807
443698177
734749029
310116604
951603674
57375084
441713441
806300012
600347793
818810896
653933021
863089384
335846280
29979348
707948994
752346494
85002796
176307978
85441966
237274203
776373645
185591379
91335893
39447892
505805280
342829093
435779280
131276501
918982742
941537108
315078977
933914317
663384751
626680198
957959392
484991836
623654206
270038803
127783392
141218073
726184799
232422590
772019249
722049826
711016163
611761468
8207062
622187792
469665422
597477674
88730191
55447777
179808916
919059464
980540940
963690954
505270030
850004059
72191307
304245408
992217104
138428384
990812983
676475409
332975248
909856700
17047208
326125329
255455945
790876136
254238145
275032733
589081812
448284612
768664366
131204504
732358111
576102848
809049685
292105934
227361505
980765687
733367233
572550299
996245206
864990909
77776643
89502997
767640857
138322884
217095858
295197652
374216992
678648554
346859676
409967792
137306919
896833008
115805355
252988528
69232730
474519618
101167717
613526404
89432268
217456653
564873325
188331342
487618109
442107811
50210764
126327351
623300627
968543839
951043377
546664451
854472479
59211247
49571212
324961188
859738267
509369077
322521842
855659883
558084287
789408354
38692475
322556233
490379528
862848705
418552613
320113999
697131298
177992672
215901203
145823605
139376544
742005091
873899185
880997371
30178725
722218362
839595899
690483582
328508288
729044936
302164418
6243198
958633427
935826549
403243500
183872615
973700305
380668893
910900189
109746993
922150979
156940297
186178175
780809287
994860413
712414273
792382263
422070103
726727515
859779289
329728237
285187536
628949785
767640857
766732205
697679947
290989410
387405496
727613867
902056433
839046200
12367375
104768834
697061484
921192045
476935645
811200076
274998758
40444963
516224328
347823363
519830291
729374238
398834051
840647048
644652622
324441460
461718981
101539230
33749238
269064873
285497113
417332469
282175547
135205391
811275954
121957522
400588374
351357880
172318206
960609529
951243756
349594736
760220399
572504541
73773321
731810752
534604074
346782706
540350380
539629094
580808426
3440871
535230968
352586515
787665073
19081012
114832189
983269636
155708414
90520194
485942282
984081456
168145190
665387641
202698925
999099413
108736168
499154
974213907
49101453
33768931
966708269
365327918
897406019
952783744
247233277
536066448
921155470
2789755
23351197
305048620
248195674
21421411
642550105
439046956
397022937
370279716
279722779
306898052
176856547
976858901
80715548
273629508
557853218
123995206
679002231
496142746
252166930
535842978
637883161
949575192
535945728
484142380
149227392
273279099
976503122
510231096
496108777
249197750
368815975
571197284
791451055
932569554
482878768
102446761
524331250
728510205
432287331
19757178
293376712
539716289
453032787
362607558
898155580
481221665
706104381
325955207
631435802
145074323
955105202
795188105
648744752
968566737
199894563
537636816
286536238
925416105
685396998
8863589
220095826
697903989
311810895
589564435
504506390
211824476
558944126
661495523
354937767
317073526
721334983
849200997
943972423
433551895
376972940
34378298
51381788
590422787
267050607
57263847
340279939
43162496
584815881
93236521
669027235
854399929
974785562
212294447
153347640
532469674
71544344
867121157
117412329
977451284
979959673
248564366
98916934
384197317
829984526
950481856
674433123
224111682
923874562
863083655
414225974
408022258
364152732
337293031
450026536
57605965
800051144
858088205
7966185
245442993
30364494
878157863
754466705
776848586
430366822
327137354
769112861
77712736
241992252
497149016
756488110
523995444
118748603
670273611
795671763
141617733
704051063
796334911
515299456
312097216
897945670
830356276
499157020
314097210
525153116
613860234
110183615
760672698
534566176
530291436
440344144
371597971
365588782
571050694
278253342
660382084
467342822
978760313
355069400
98797279
848395959
987108051
594292190
748455946
696789508
472216249
147528827
429897372
829928265
488701139
132877205
547493036
322402831
512685974
350009740
528825562
91728880
672786758
120792858
653504409
142547135
847412026
36325760
961219682
517466128
195701656
411731715
109919144
591370481
514550536
3518295
454029450
62939695
518052817
221733474
532744726
849311452
441513241
349914830
355016413
945913492
668286812
463776563
525389553
296250228
399010821
226532360
254282999
24367506
346558621
522013756
237020594
559771032
539552571
597971068
461552076
516037803
156769991
633689262
852290484
715002775
828108386
542084275
740282566
756950609
617321164
302673671
364135497
429107040
924708082
374870910
205764682
972083526
922728896
473248943
984565933
357760780
204289758
393515020
543944984
224618951
722595010
750727446
536968398
266710198
691863097
384024727
326796912
990962926
640933058
190022386
460785974
629333889
414436627
911915183
108935809
115502750
681889847
34290119
850771727
166579511
870587947
564566162
176275480
812749434
669867079
336444010
13643655
305515106
535651354
263664501
506278895
777757420
352184368
255604569
822204850
202883322
928159689
303670818
366954399
339850495
296949414
390260119
464522138
319864150
787641567
338315445
945745678
778769365
711788844
37546607
878681661
898584910
619707190
517722373
201518334
23381590
514390528
42813243
690132523
499404700
153243753
717716918
164109301
362735893
698908930
344087828
453290168
283675426
408835432
536304506
167842874
713063522
106995175
866498378
350430747
758237733
971650567
336426675
14609273
458530805
46759210
16458124
855176436
548487997
347819703
555403215
92886332
450465959
447965023
362898580
876320043
188166931
238157698
827833689
632264712
182623723
105352917
645999485
592906145
106840671
513121013
471007346
191512385
599909120
57851350
150823194
607419710
936198907
641010690
425726451
783546123
168016745
274751887
303969145
421619413
858341546
655471800
538462302
26445041
731937510
261541283
115373326
985185984
107687857
128239391
302452507
35046985
919788500
385184966
581434752
640906041
725569916
923105516
173026765
22718832
624155036
160134299
583018709
317093806
556417454
819217371
709649003
856712235
699398990
881254273
232625334
303124625
257705614
726263942
130259539
518085138
729185387
669404915
219822801
671989975
572397645
18791228
700647183
579434763
834324964
64297262
102245245
120042834
628050368
977482108
499768259
805507196
933682150
640064667
154695791
346623114
86760975
613099780
979455304
245197027
476499532
804454408
235723397
877687806
774920437
934416624
735784875
502032852
75420929
762207910
862495986
644622895
550335509
268424142
333107475
35678863
894284211
859837475
132520619
979881066
751214457
242394016
851935473
653607962
140355095
695976592
537048980
215547622
744100769
978777682
82514541
765985762
86691883
239396748
548634613
229572292
464801861
805524578
629017796
307628992
877857900
209626444
616428356
568573078
686216791
773280389
186839735
317121030
496679858
54144023
572819349
744218052
831039694
217353593
342894850
416307678
635987280
334460985
248559328
368250179
910251639
837595084
670029310
941704318
910748
546380392
70887917
997197213
308343943
159208495
554208496
516536944
171490824
92444933
281049279
53740897
749464625
394893907
642833647
60941837
288165990
770118195
756651247
84549286
754127212
789527886
335960086
251072887
460069714
516283261
981480422
475286811
522130210
560902228
465441696
260888043
860521630
417202970
82813978
139018253
326748653
241762617
589428395
206624673
965880944
150332253
953999865
92202778
932679188
822020265
390715223
230180635
673249931
437669968
896428733
788632037
671065358
751125167
241739949
234971030
775382510
247823994
24472390
377406091
645807296
364895171
421895408
697641657
413458364
266179686
83921520
981265375
937370879
753921679
39240949
917422051
686653219
920362598
545356699
696144234
311020502
929344760
350663144
117624114
824935301
359657381
22079388
777059153
352258902
45079623
587353019
431415591
272146231
874565786
153642482
73272350
8932870
684421674
88813609
641147793
442598249
507112772
867027971
749608615
710422062
599883160
22682227
368044725
769025042
589828864
165727567
114013880
23954860
290148090
529842550
740702755
257986508
593043248
476087749
583412608
379434199
909777110
991335578
667367372
437450802
418454347
811857056
946157855
836015202
448874320
737371120
781729748
176301468
240212738
664166950
326675959
37706727
907233850
829918674
134736311
34308639
77847262
409080331
878364231
93248020
457610998
530809603
599230065
592444698
849885096
716996713
787514023
199596465
152913388
454826471
437615459
306214033
97568469
945815429
524249712
33654375
217484499
236801748
98855152
752029362
607446733
638926131
116767081
752971978
578579685
724109348
942912071
379822338
10684039
593848412
226963960
531404511
600137704
929593068
293481387
644507428
481318327
707529979
647364552
197016379
155677209
413103781
411150739
597833226
841092010
90443939
686893814
774990995
551856835
421108882
626145093
199173777
26693643
938815000
98968884
264798980
477109178
815668770
858840141
951511027
163106896
162676905
90116573
413408667
160537692
719373559
344285872
564446791
64772654
806021338
459229608
844243127
4975284
666068681
982242927
446678147
839408048
329795710
108971150
163414700
206669367
21120298
644216849
762508026
53079616
517308808
160328695
353079854
160729209
590300029
127683202
952118504
700544083
499012360
451830853
260185496
863888604
716926987
411387131
938436147
237537670
440635264
560588684
249987345
262160850
584238264
171844303
545854102
237109357
819240494
529602609
278719296
754134162
80328417
487678904
110431313
271941209
217949911
853625193
385605975
448476786
210732950
408092135
768864895
842663139
214203233
403240803
897796182
398697042
782647108
599949220
396501124
359833864
942989359
155732693
318849997
74629233
793540540
32366702
316734795
693596043
739942272
98439735
438685497
397342529
89158974
74395105
396638209
771946300
150933376
888523652
924421087
605122889
302411856
473588355
469375128
304202688
639884819
43950890
403486506
502024457
634668642
453317273
405468711
816308447
180438811
91028402
693621998
613486044
12109416
91249252
451607455
891891784
177348950
235207809
599070830
51251812
700013475
748198489
168760707
173754679
399917553
530378591
301560897
765535023
17071346
57945235
429663953
170080871
609633156
196317035
670138899
562445384
143059170
642934366
279472787
468401926
858454135
402164535
327094107
91393361
59444037
903365911
764709802
269900051
219018679
309344696
478602452
776582931
719088122
507698625
762910651
327017453
471748094
972270771
75997875
303828327
316455882
19728918
472282216
884527844
414396738
608093300
87733382
286657447
782388528
739521746
719197039
592732442
246563576
320275307
571040783
64055733
773867229
101091284
224492295
565771105
188670569
339923980
609443757
301340234
477880466
904933294
625267581
181270783
961223974
410041957
898228092
636819540
208051529
247573288
895369684
680318629
273603825
57799591
358815495
258547219
812286790
292195727
73165443
50363173
910164883
784599218
994549428
642272640
42347732
404044492
729607461
873148624
855743359
991009505
392172994
724396432
481777759
929049680
477344327
48790347
857481181
605889011
776613152
598355537
115943517
939114737
958361468
57720604
699995918
491536281
328455423
803084318
619085210
682777691
856498343
182199351
834924778
462101013
123107220
987305334
273023597
817017489
166801854
737779897
205401690
517522229
994014696
606150273
357675473
432808335
662516884
162901468
969927974
139699856
463794864
206950242
857128770
915860823
962425235
402101045
353535030
229264118
334206442
503404876
22001297
859508364
811105664
359420031
891689385
298090102
3657201
696400945
688438054
542240203
922469331
651594518
544298881
266958544
998323095
726888556
245873469
116829812
141489510
85952697
530287638
69667543
152065261
308145366
72271470
940299381
950426096
234770033
273629508
557853218
991042053
504807404
206323546
271327021
130246772
184379720
339277777
76877763
610037732
111830080
576534249
59512087
911470562
363345429
335606744
744723679
386211019
720672099
418978293
342697217
157934320
462886293
987250782
971152099
420945141
8302158
31009558
321296039
31335437
52583778
412525448
539613525
498465230
122261214
45811368
340020197
500848351
59167245
420656313
607267633
48272539
968568851
918287288
386776747
609870534
781082160
46568909
38437178
711411239
276723730
280535176
971150016
552557021
917505228
38922044
378870962
620296743
435140571
426220506
331823771
348469362
725739584
715570529
755888302
44986863
489854810
275501877
253943100
660375888
90282465
735631281
802777855
747034131
29911182
582671256
143886286
334539461
691889638
345922393
595335811
661348030
809362632
834336004
469349194
455892453
715581989
875812912
986413719
614174798
394431756
791456208
250703512
998427014
122122128
553723274
17447631
456161839
267614752
290093160
504118594
547645557
172961290
99186899
653539032
36114597
166638665
658812704
417136359
503453374
436980147
226634009
720100353
890138940
380874155
750444692
355531041
114553286
243853721
634341537
234760966
64157423
238728064
198545691
926360304
695814985
250998703
281017880
340756429
786529455
235698199
872953706
777778337
355072953
895290601
868858224
287121358
708835911
493678257
923913947
892564746
292661599
69587642
229016973
891307899
741751938
512339699
493678257
927376043
999884684
729529979
609486017
589573027
196734684
370894518
475844299
271905767
608967869
257816369
750308807
126485200
144133383
144030066
912008016
798497116
649130872
654711250
441954514
479179022
911115651
134473052
784305204
913993812
853679190
660002101
913063005
419679693
155976482
613966923
212464798
864605153
756469351
739876144
519076713
947344824
885178494
671642750
60164907
548681073
147008499
769533318
179411601
397607278
488906919
31411374
233913615
857832256
849420745
702695008
636326823
733797624
223363988
942143854
994696943
336532947
999440297
984998093
490270203
138846326
135582300
197105464
31286176
646565573
562562745
21679276
521135854
979679883
36238426
580273548
555398856
71659339
648686531
423283681
909933286
417945260
97116491
121818755
977041885
810135254
430034276
997028500
420769022
604450296
373173603
138642198
914326360
888225369
423046062
192478207
642080798
756088379
550063571
847761762
243660731
71154191
895009884
783764087
334647269
698347717
304487102
433039358
79920217
419990172
133978687
861258894
693073919
384990204
49333580
300788282
320194661
579150582
916699404
962483739
207554766
88529676
640133968
67005664
442350704
404333660
1716929
841464260
391151280
312838167
462725326
914767242
737588631
385012496
802422802
479012051
367406876
265396661
804898924
812711870
801416561
715655162
608153252
990647274
708491699
982232956
137273902
888689441
328066129
546130102
153008528
894505207
22683914
446793357
722428874
905400843
341790339
354745658
844937608
86865988
877774784
702248834
289586071
422220161
391284797
438395014
25239027
780621816
650307367
684650275
993167548
21114253
527617289
784599044
742053610
686755368
864629703
714282381
237948611
870585891
58382558
601554385
378018310
781136145
212769220
515716837
592185019
932947882
816883999
741790332
515265227
41446066
764862372
937440688
821854204
610579441
509189233
389799787
188059857
915855942
588297864
6186191
718411713
619672694
868873662
807643959
98603922
430685341
414926363
608800294
808409944
680502543
97673395
819904008
551927064
103774751
12016998
734336952
807947218
310190038
948196472
378815442
269918386
369368888
409171190
869076674
542449884
73890772
47849157
955773875
347325377
79777894
501812229
431261015
729051459
626236875
747039463
30069220
231922584
198422995
883373298
843805815
731193282
800090504
417680543
128326770
330678130
824130857
521365333
501622772
1832998
752260704
806007146
229028309
975257594
626678703
840406855
199479609
972007189
429865094
359524862
57135833
971871373
199929099
652844990
955740123
416083403
962455226
947319478
716103357
690456248
275885403
437769725
141094600
709294602
31635042
852424604
770031426
532314298
106673355
308214787
848262965
705557471
210170279
894860771
890234427
483959584
224282281
513267001
617806131
398888138
360776538
864304334
360356516
466079542
559789705
700546665
66062546
819261878
143494751
559544800
517215772
144996292
72042278
449081466
584536386
247854119
891401199
510583757
522536970
578444354
3957428
785588131
175789765
634500559
877440737
961523301
192982441
744012466
270329239
871342896
920213515
98845185
294466918
25818516
675528173
635813790
90025738
115369132
590704453
705488431
972792736
364498124
520309473
917733379
341678934
400124165
29680777
932025376
764622857
462557111
536033924
14456630
520515062
468674097
305497551
58753166
8513756
447907814
115044907
89498051
11936359
573070882
338405868
691094080
492154841
491983574
306877423
721223554
883744160
622779518
382412030
957517797
553206624
994406141
393616894
398643529
146188743
491214900
558035748
872213506
144439702
857443534
452590583
733415164
958957067
583420388
606767945
221835269
309622586
640720219
303105304
70117891
892898925
861595769
558826473
115315606
875682570
731349121
894898241
373110121
726870154
608123347
49826396
98032237
913992100
214170598
340872781
180034057
8186053
567271339
92844381
645649864
591809795
479319143
902488570
194652323
180998759
705799331
93187480
98407347
181097347
38563311
191403502
715780372
978950630
511311783
905903264
174647060
153522192
751573326
81044754
886270634
671252838
228771287
983948721
917830668
704527241
626911468
604926908
357774612
255351314
488999407
292080673
22377354
824847668
288569914
828621313
210217712
787918073
306387681
424465762
734209874
145750669
187031664
872573179
582179247
294338027
784976352
732029704
369614589
862085799
770337882
722717711
279632865
848753220
806098492
192370949
312409146
814737215
418087020
405742382
712026805
964775430
134748798
698520466
147151047
460399311
144231843
841746224
324273427
450239190
736003965
713371925
989913508
672043518
706625751
892190314
466082538
82064578
303246928
784524409
160011622
738949198
576284806
425461473
319756188
126713197
563062587
951504252
607932468
259085328
77167680
942135661
884795049
302965880
331403794
61762935
137456076
854854704
232662520
284449825
599757721
518335561
438960783
168406224
44711034
151635328
765267274
517871392
960282929
359081677
801296870
894697113
853618905
169679552
851231675
119077009
96090975
498585566
790831943
6926403
738128692
186996942
851634114
105138158
826205161
733668512
737767207
442909926
341455409
248028893
584616237
535047172
153488139
137830858
499678066
697943490
366697614
46591027
817897508
520358446
622247899
952707257
981760984
955772551
595680273
128999421
343955524
516254405
717777282
39993390
825779198
172369545
761268686
375479998
112326733
321991983
760433954
235260742
12101712
601685593
754904953
861881363
765194137
569602988
543156269
839346186
791935468
161413855
626130045
531502923
994872532
417090753
674576228
482123656
115907158
18166502
276235857
207756051
312279038
958173661
491522895
414762693
448902330
544342520
402654864
679160142
353563082
48177720
109033456
716110830
515613055
889346932
7892897
924581113
321466292
437905139
313962389
621747209
815568989
411882146
192809974
678153602
371771086
189654677
641237497
945772779
889524547
365142930
612039954
7288627
514269192
258188687
643363386
647123319
847489954
740423749
173886520
262334112
912301951
68033543
645832062
568306241
478531632
522396698
19491759
810076105
519643872
28930640
107789859
790501669
377404521
998774256
699392058
799158981
757117011
815589493
908186639
912914523
636423682
286197405
663903941
795778219
431258313
28461239
506029729
558817607
131517365
52168973
403917002
67308368
997216774
518764681
134318071
508843278
436462580
97261902
360099368
134525764
789154133
729120185
194002566
362467786
532919289
377981013
815233737
714002929
312777526
275961926
398427102
687021815
72935638
447752382
541200377
658247884
13046773
195476537
678517377
956995778
757991906
50060005
70004661
706999802
151738155
442995040
706183183
236658908
731971451
121702723
197735966
693345351
842093861
577302473
939448032
882229837
348594668
956528883
460472262
90190256
982531424
645408408
718073437
783181449
345401942
657302551
628150998
469997846
372126016
623463936
457875608
980707875
796420281
663741088
234882764
575531232
297077766
341525579
84935542
504740078
972526771
215216035
334701507
630974476
783184336
214982936
465506854
218852199
436377147
18827826
103521327
402688961
355199069
687861898
894173860
507529104
324589814
941787140
418476648
739642267
499477309
436243167
604160110
519099132
75922764
225203744
501197843
724389164
866672787
741614060
248509210
814992776
468760791
945682454
869662340
834525077
3482244
402392925
983244045
44638067
697330938
310054123
577146312
71696255
409234035
916641985
625397295
452027099
90983311
411759652
18174682
619766408
99797959
427961792
763824526
971686207
454582761
754976362
752847770
316216862
481576257
679926366
210813075
966609803
869703430
768976603
471358165
838337584
815532640
222692086
801914190
257218805
528907857
507445534
689775934
163973594
586726617
786429696
97572201
198030890
778471470
840728914
953985472
971417939
562411723
811122262
741200497
498423608
41781023
632891031
999220813
304405208
286852318
996735815
371906230
286327937
874542529
680278222
693558565
101779291
678478820
444528940
568063803
485274760
723500238
348482758
362003794
789156279
383831973
249026684
292935623
845236663
540187717
857140967
567401286
232786947
763734322
592716621
898305196
48121715
766137614
50042945
21429964
593457322
964213226
381746131
213031105
657813168
250341358
475332440
302339231
616629338
580244424
650599541
651612664
971302486
617469286
801001219
596437513
692836633
38996129
414565742
589039544
705994653
236826267
409852764
272468133
791480991
375309026
527326231
573823982
343327089
128904550
199665762
977892202
186505459
82249351
946978702
907987675
175490727
947208423
171923469
362602578
807602287
999970524
849196280
670053129
741859785
663723979
822324892
901538549
685085176
439492471
283773944
5009118
22320120
33368251
32795554
629635284
112848000
835550048
822022272
290881468
754821555
218855675
538888985
85350223
423904677
865999809
458631135
719120380
80985207
431165300
791008444
419728814
57122478
392901274
505192234
532800367
73912085
904254908
93543685
221916037
518865322
362744877
944495516
379941419
314461085
680758774
330343864
191775989
727120321
92291475
428072104
615215540
547487240
579018310
374633055
327217507
8022568
752674197
88088297
251472855
631968774
855635166
291461285
267010520
410536670
916606836
454746934
224635948
626736884
109124399
492901783
326195377
983897992
849054686
178921724
516078418
461579967
975953007
183155484
466057680
150979417
937464008
447295419
877174517
991101997
356092223
292268308
418050621
304437925
823291743
92079069
980912193
108562440
926065904
450505081
654890383
300092951
29070494
519930493
203078576
899992764
177969218
782173638
799067061
201824944
935000301
318058422
577108936
568807213
502120113
788699291
945273329
266738111
928160516
392722912
857786045
843039562
66123819
101260157
633175671
883279636
380148244
810720623
729610966
516331195
49880113
214309125
687194184
969844803
625816234
748601889
436565515
473042101
443828508
207443421
574778463
421151177
874277061
230024125
365985284
478642685
806101427
327131306
349105405
100273130
668983356
725530354
522201159
533104539
689091338
928853265
362373763
241403860
106519484
113736580
409596826
58573799
687629271
460695124
561987064
168676268
800845374
34241378
452885343
803800285
843899660
976916058
632821983
804228924
328859427
331081822
254947853
823365882
855909865
404947321
853248467
830400682
90852515
705751624
445222614
140015560
237740508
534140402
855658464
95980800
183328103
940552439
962835726
581644658
148210183
721674803
433660305
376427294
441319107
687058390
443077372
41182637
309218702
469098009
798883315
663845823
725815593
680209739
63432243
656713282
742398622
595345704
323396885
123286528
615265758
886645919
726227322
858015467
81083734
424495644
816686228
948611481
144445688
167834833
657069734
936183813
847501892
59240159
920911223
336386927
747508329
898845145
494573857
766968172
210841120
147070649
230416229
564141391
79645098
71464380
806558096
584137491
128995383
257676253
379587211
81940983
833549779
724676843
745870690
449268451
46141262
302120469
816014614
6868786
853473770
708914239
777820685
811856980
900679228
588281144
581683985
748137088
810846311
582264777
46148801
167999768
541132405
438129854
860928628
608658094
201994151
149941380
676312983
254321373
444478844
693063007
273199642
484107041
91461565
405422653
779042163
488028010
59512192
681188254
501558796
666436214
665160830
304348469
223056083
689411939
143939547
398048829
863804944
396803064
175740675
10087090
2540645
648537285
762090974
49771008
639428157
425461159
100809078
857136702
334271389
406020886
464067543
111475687
434315104
252007440
834690906
306430656
693455740
712387119
870679823
719172904
563113382
343178302
250886310
633821967
792395930
352409855
332351728
577005373
596236957
289602675
200758275
190151579
435954892
764784892
938688437
836831333
480528378
17951084
793968128
925596751
483496535
651303751
168789255
215624252
335013399
370140194
41368020
399831872
122611045
518488308
426168784
997899432
753824612
987401137
767711621
330055195
264403077
102613848
972813728
768146048
157510385
124814789
531597512
348164397
641563781
510536845
178595084
397360509
55566227
948968916
57549951
193189897
973711315
60360529
161565645
692126470
675692206
635340612
35761787
983697561
845738750
875222561
917160211
169449865
320988197
709653417
359999902
674203896
692015692
514227610
812890645
401821648
27005950
447065209
705850061
215575822
804170029
374325886
425944934
375985259
513137697
568608763
181655175
516238162
713898793
879901238
843860611
946357564
247035452
395489341
713171276
446291802
272646308
121643047
448180742
509157122
485577671
476569398
107764863
689617255
996879572
208383312
216609550
209283413
481838761
167631893
975276059
704182176
253320853
713621111
766798225
707503306
329137804
601034492
624564983
823248451
519176134
749757248
134418983
417330657
773467214
582416953
54296276
196040276
787665073
19081012
114832189
4853234
825370322
461413194
983519469
408974463
992293912
996467700
882883642
490957004
221603587
827227841
370255550
38438123
43069091
521890414
916092737
177570900
400572429
535753791
548466059
789114921
800282949
885908310
271234512
924128217
438154576
349235268
719724393
974477583
222033654
328088090
59828321
305049056
314003689
235065467
666727898
16989104
489336286
839667732
524481800
781892899
158547451
542905939
906676898
209722314
493773838
533156463
996178802
179263878
289129799
958264678
698590180
447705499
798741175
498073329
567376663
108441516
555931518
853783094
823353367
234056745
879166474
755990682
83734946
997089747
512136912
324744651
470444470
395019032
97994746
751898159
539108932
921967309
915198846
307919124
792274288
896834895
816049870
539579001
720891430
139203960
815939210
165951403
641919317
390634870
676603157
544958119
602291290
430275177
833279276
977274731
786745970
702150629
137228428
699025942
172074583
122451848
790116657
365357848
459299480
515004459
724476690
121688648
573515701
830902517
650745293
71571169
90447961
507261840
513575239
793403118
275303539
692570816
41192891
149589679
426230598
902381420
104715001
433331821
198151305
333924217
902141785
814866102
927372784
268414773
665723628
375271432
203949263
450810539
763266443
658397144
205525765
816360071
221583853
740841328
173409279
625793625
762078228
548735353
126910218
501139354
833408453
622886976
61444895
163506820
944008651
289776835
328050487
552640541
797142900
461978531
628773929
229493278
172692350
461788007
251144342
448479015
263683892
945490429
880771697
614377463
837180972
306211609
289363265
185405798
929466724
207926029
232367619
913812355
187893212
523846499
335176847
427901875
360404318
467908711
406017791
376763774
41242862
617435644
614917807
363542919
138482848
427814841
480762046
376073648
991103117
87972026
656114251
359509794
674895385
266626085
410710036
226163671
691702526
569164977
619520496
197618835
247443680
897248934
989585768
154192107
716713442
638093339
538128245
543100658
830169361
526914172
941724161
104846319
567768791
255149182
620218965
688190593
684152747
808344375
821458853
296484303
414105531
416828864
809724195
903093138
615682090
182004909
346709925
746387407
693645038
265887592
68590730
70132633
840192383
297734124
444902427
15048763
492898462
412060463
714277604
886321602
672763459
827171162
430445617
197008728
148025484
281416847
297738069
99449354
912541595
452387455
227310161
966579490
428982726
895023396
297409523
662490528
746813769
596171758
624809793
162699189
356803524
974722005
441266392
901735142
292306019
560165815
598326507
469997525
506533924
442426745
75690052
109446215
581867773
575914403
516352010
939681485
580742003
760342743
43074834
940351587
644978030
194979888
822965529
583837408
439258775
210683657
547455691
42926606
112399629
491819056
912567641
589151252
758380325
576566026
620425001
64435366
486183220
995196885
620102529
648162040
775110777
319221975
96542026
230335453
175434835
731502620
674938170
490005527
816166752
405388738
438789064
282324639
952472598
437307434
123566734
721032587
484124913
33331066
844986560
816740751
861154749
358806006
377731178
826892366
27408226
76186200
357635139
579874741
576069975
463102593
279375816
617205443
700291163
672756231
518354406
538622602
217066188
723234810
147476628
331020672
45607005
173062495
282929631
883174857
872780559
21376361
33225972
474949816
765373766
893253363
181990560
80475913
227646005
981365346
128608216
861744652
857301923
238904774
822698223
46284120
478309244
50562516
406227715
568696121
505134971
449675729
815134953
492259202
264477265
853186837
423484285
14406968
218325429
172110274
901352799
940426624
982413568
709846771
966488210
940011303
695033952
769142184
536823209
274789394
761288299
408014549
373262323
758752335
327243723
192696657
9517793
688744758
162334413
917394586
908811246
218328445
328802538
979446015
993691094
994428194
790548490
673336133
586043169
786082845
279325125
755669944
216920392
161650319
44660896
592523251
705941671
7724407
162699189
356803524
806931337
238349602
497836137
729498125
233038800
880066254
60736193
501260644
218988486
660384916
707944057
845179362
430349109
999135390
51325733
970795945
222392114
246513093
64920958
834707472
736304693
487394041
945432099
657410499
921952528
27515631
183657018
216745561
537244167
615224223
754135662
723074492
860370152
419367288
570863559
951731136
13329112
460029551
940936221
88890396
622056956
850787698
626091019
71367122
209459143
688929698
739770137
804612351
935367834
275613118
72004756
542602517
775955643
849840745
842223596
94951576
730176725
27645770
72272695
27119804
458991536
86220352
139758045
111088565
685768152
866981447
370752706
300207111
797556919
553100721
309456107
585641128
888386164
414904278
245583086
606434124
910772286
631703458
575192451
639308893
425180308
121542577
334858615
982080949
63301797
680607539
170633626
743088030
712423035
942597094
618272258
302551559
490176400
533357724
339158334
923197758
757740568
808996135
948601029
924027665
990903571
94435141
159196842
260686545
8522113
577199974
888198609
757236893
410611981
426192945
714405792
949903506
943520935
511791927
485458462
61743214
122469751
449455351
409121631
174374025
455994931
460675838
644241373
819953402
218003395
724985941
752536296
307145073
88416203
530674830
274025802
663673195
977615970
303592795
552190090
394816645
900283459
527662659
277413693
800143719
484585315
237397063
135947185
760243852
416129861
193048437
875849620
351998690
602753880
941686727
687807064
652804343
899845754
658026226
489812190
407260547
307352715
94949852
921713826
376991196
685031941
989576489
886483033
243861295
653899680
59029834
449719528
52619846
882331695
897284504
314896886
171092698
244826898
352491698
147136869
484669556
907710161
662124269
970796853
729549795
297266815
787397682
914226674
27032245
172113582
849961474
156982429
70776755
744385262
947684491
6157489
729018943
387824756
256306172
465256633
228889585
914176160
276330554
696565712
113302420
205176689
52068449
959084269
917606605
108077990
671659556
582192561
839462907
425270584
796361363
84965036
833722318
756049016
448095180
270648933
265396623
349458892
174544729
721242007
219245541
512074920
100374038
99322205
646010757
953740668
364052686
167408120
837560487
732759806
551770865
311455423
331916661
256767384
454116924
462559688
952223813
95584882
954922574
701729753
88384236
755707781
545377963
129787001
658889093
158674767
458929928
729401181
216366666
741920460
299758505
730429644
320013225
194468897
449149170
821428078
542421504
725869310
617147908
511283416
896699853
730464846
474226280
827512743
461065315
206415757
274223340
308656223
59479168
718173949
535843278
395557208
482741219
963457428
419491444
212062592
401263489
654358671
664813840
371679237
587253496
553373336
215026971
663122746
697618074
852964036
642640151
703519362
954112256
171896477
752148732
925190384
747666323
349104370
223850911
57691591
3693137
322410594
708128542
731425390
878043025
740872737
100264301
703856074
694368509
27581058
979747292
50497399
766174629
491087143
678213039
497175813
902480184
156981776
529346134
539959567
435212731
101892577
233108870
996030832
539865056
315108973
290589230
883649901
28638574
736378062
606995654
440014016
971662123
741427113
329109471
226719873
32588199
868164382
499160298
429629287
150950733
338492036
865856909
885062453
986022331
877047452
46065061
103898660
556932154
972306950
479504086
209495714
242250141
172663595
664967927
400669059
758735705
658436225
331393867
951541413
313404630
494132655
942795217
45227647
892069090
397480106
813129870
859723837
968265871
663877449
381418078
681543124
116408387
203686980
447278478
137373931
466608760
691232738
334065037
489115421
601039561
309547724
452674681
199472995
750584875
476165927
55181365
731220911
146071256
88725244
196240078
88675332
169242993
839642010
113242216
839168649
765780343
842819597
556004920
264788698
995110349
641246171
95860324
190460409
358369375
565956053
889506487
403992422
702909755
986965577
778577217
802323931
662165833
803393963
496377987
732696934
991656301
927995245
251218160
407663543
687586958
817393920
899838906
812503763
65671351
154283
667793720
391623681
319035540
479440973
297629059
122706873
885333430
327214490
379006235
324094220
197490619
345278263
529904879
642199215
83480800
900695841
108609602
4175214
98840563
702718052
167599956
540467346
281681171
477750516
36886437
639396938
412581936
11203668
135564653
743722007
270623304
734302785
207171764
877517658
493743545
94295171
268016003
271148572
483847111
618106567
699867714
918979723
577319661
209700131
433473622
273479960
13406534
840652044
797714789
84330191
4362382
917550777
725981798
850397899
433950824
22953166
501671145
633325112
421323712
774863500
940749880
393042847
872144783
815073971
234162642
762851145
886774600
361865355
200776750
116846474
57649299
658875293
773535651
715159936
788814264
835703599
590542465
312153498
247110732
5301795
126912339
208647103
93460818
327713281
726034039
711905052
636092820
381769750
797419181
718373991
20762860
262487023
625893259
384756482
462957462
934702507
10310107
978030794
3685289
460298381
942536444
480983042
244194505
809959906
669372979
951871151
720562036
302921831
960525494
885320194
884155262
785779121
932561391
764137513
1064278
160213047
536865189
686322265
526384489
705411598
422443200
970805147
338382238
466846314
765958684
410732027
90431404
767751505
824904410
135509470
642950928
328512458
802730942
937463456
331902237
615011198
365217328
108414956
57884607
730691881
391305421
918607803
463868514
778346172
584114
282782271
540069906
214727579
997758379
423597846
273736069
530609889
306389613
646610159
763610634
917446920
786744169
218817522
573448750
121779837
931203576
434233227
855005555
467028181
954527817
565154196
391628302
901564514
207214775
702793690
771808235
617187524
711579564
625988525
260523805
842952667
642959176
146993560
764724087
667098234
152425454
133570500
890496283
730835023
878961084
160245653
529758530
108358533
401218267
224330313
165419705
989050451
397953925
303298836
628852269
500753593
710011816
846426900
159105074
490300161
184029545
343702687
60171531
737158700
180583260
409498762
299606344
514507206
627262372
999791183
478656200
24627504
426463424
849884274
327037071
863997296
644416947
714426836
360694901
117810741
957031157
460109156
611392688
230344758
609687740
606942748
396327576
959804958
315986285
728139745
170323497
898773714
880028098
943881742
354156554
838550498
866806953
653619407
74953858
733517977
81470262
92610860
657603740
481792865
226262283
105888118
140128609
81377235
332759819
978570455
926945974
182394723
224681551
924118570
305089974
818704890
117353015
611757049
308585974
449655828
718046613
572323995
706579884
905998318
702016634
852329110
92048694
792577308
229570586
114925577
911773865
814481278
11859892
862710893
886246871
75523727
26105389
681844655
60628919
666175328
278284089
474003971
151338440
620353360
670670886
184166980
61984673
580878683
343279601
477984314
914169130
127382465
926504714
37565437
951207395
683464799
754331048
960703574
123010583
305756571
148296497
164227768
808696208
275882453
987124486
458435014
130961034
659457495
387886980
407535023
600857129
34250830
399776239
812905551
712374696
242301233
49290722
872881548
395958919
273216678
286965291
888578523
405901982
70993949
58295435
765047516
166775732
599755429
736843915
412728397
822395922
909174811
953632606
290566034
979979767
277960121
843385793
831894124
448164810
124933866
560697468
596769045
994287411
614604438
671592892
884635979
85510304
411308080
670421566
82459509
663473889
789212025
428925007
295055100
589145334
876375357
284778034
584174193
84874037
250984248
988249579
84327731
780558610
930095182
619853559
894000899
914688454
399874166
658262891
179051159
70684789
200075621
283251537
612071633
782194828
905474771
385668837
118122536
697202200
184082165
325292257
616973669
11760144
881078411
416462741
248234114
375546580
825821089
561024996
972686807
812944612
728840980
410840786
522731494
233519359
662872273
891507211
142777597
216228960
953521831
416659542
676728332
836154455
119326293
793289746
929867724
940276402
461049974
138601184
593147640
610552423
62564349
152599399
563658118
922595606
263468135
919136615
665749149
30286426
50180114
434389124
400961874
204868061
842151956
769566063
411112375
73846166
365185569
629351467
600437637
293807186
568003549
220770268
137600917
259571114
448178886
984632463
634813484
812422921
972478120
328031806
98588818
244700347
364300236
604377277
342305608
834846236
43314128
442885089
704126966
207745663
106665120
69559370
194650430
806835434
360107715
460870446
857518679
895597562
161283576
302759685
58362903
254195253
228208677
197885888
217781665
56242469
615258097
570423126
461521283
355395828
940513150
675777258
172163916
930797612
103497401
501541528
435928060
113969362
424994477
89001151
496426219
737273526
959695321
950449678
869775672
834903634
969245747
40666326
832782481
395450307
370261520
314323727
522624662
373676854
647690153
683433995
806352079
491762199
682722010
682525135
939872054
818533447
558263147
725757334
76555642
499627598
703696697
925805398
811267949
147491829
715256490
961090852
289450936
307092595
899661973
14038958
420267580
57634083
277792958
630126528
675165418
327983797
338414515
974116985
607270042
737142739
643102892
884281912
600774337
618052724
53358360
146616332
669624303
276386427
349644282
729014459
786613777
966015319
838065395
814457334
6809919
59694483
370387685
140923750
855308039
366855967
412330617
570505002
679597788
208344383
393400499
450292259
73909739
166499029
294685514
622091472
74990548
575822911
503566310
721856413
182384029
432490794
543959808
925094065
867885906
327207572
373223763
770690629
953978112
570870274
977614455
563669220
261885136
794757921
635981059
466474952
306775160
321431517
113929244
310395852
755370509
79393426
712963352
78034386
789624739
499855032
489564868
190772286
577488653
456267416
616845846
233425350
445775504
601341465
424590808
855013427
503004665
770427500
159605552
804713662
700999210
931632774
777864741
950709943
63173565
298236221
242911676
321831671
469084744
204538208
592353407
153265933
749623460
989495484
871217893
1696937
227073105
