117164336
775081104
842023792
445218691
483460863
18796865
372354102
406588781
98093058
351236786
216399949
451058525
15581330
812529419
115679090
915459060
118612266
6384252
112837816
827379956
15981106
824934968
128072146
303260017
602894359
19132257
844045750
494822060
112897460
829228982
16042610
826843514
129978770
362424943
661999703
851513230
622627952
630874103
548451229
331510953
130378546
374830492
674392759
350021387
538833209
33351945
361284272
529220097
548510873
333359979
130440050
376739038
676299383
409186313
597938553
869192518
247114074
990059313
52466906
959572004
676699159
421591862
610331609
799623848
552937577
474162273
395678589
595559235
52526550
961421030
676760663
423500408
612238233
858788774
612042921
417250437
606183964
124800715
676953037
429464405
612638009
871194323
624435977
737300013
990172985
139282315
461902407
648382243
562614869
770583483
130071026
365287762
664859639
54196757
243306489
875587101
596712509
827610327
708905571
309158898
665259415
66602306
255699545
794947711
559343692
672740306
243954735
892000754
705286135
193274016
82356445
895560206
670421405
853763777
460719076
630484474
440688140
293408971
224593049
103715331
619942355
337519918
68862934
900401537
500723371
597012014
337120043
69580360
817050941
28550401
852756399
969381873
669694239
282637121
933286541
284593363
357865597
551796999
67358487
658375971
837424067
951212541
970829843
135464860
264093587
805518704
350302071
596751057
997827135
595551786
221350780
806064759
211094485
847311855
889637344
270219374
921253604
14054225
298329854
345190233
465750374
8494726
333761939
364861906
786846307
738402742
93872617
554968740
163651188
921762125
888644588
269708573
583941778
91390208
724738510
932734901
199877777
68045957
332514723
752999471
131125248
151767156
492921487
801401812
783532597
354292940
545110630
985992481
923100663
143627878
300765849
546716983
264618014
992027496
541086171
729693401
378860890
65709031
460107945
868391051
821538192
532084910
154085844
396961262
917456482
3180270
129669068
243323255
880741704
100175175
331611193
461777710
271914867
496120542
587760064
27210622
780287652
509965684
366988059
169851405
782002801
50263709
880691319
89681591
557637398
212850630
806392998
729549859
960914556
780165212
493336759
501474403
925991967
950228177
756037275
566181783
808336063
919027635
6258873
761058789
240938621
640633214
177179348
280699212
914034265
15105323
560284596
390956734
927735800
829662235
926682800
721645026
862231774
638014499
123411648
788706622
16920709
842789317
561950405
208713347
972191864
504648413
611437369
401420518
798738529
257085676
384660555
588359469
365641902
899950422
861727958
90002866
764892708
104056108
636209561
56610043
976701448
622706977
620312894
571574264
27017425
835920339
701769742
919547444
918032359
264806112
80836864
931212731
585479674
676833913
901909943
740945611
598051499
583098261
285085000
445730533
861248125
249603097
263986813
289681156
973146440
691746637
187994308
309856591
172569667
605996843
735070291
446626014
53441317
36954457
981805294
69217889
91938145
287608068
448138210
819524119
750116803
696940425
511654880
84276675
827485805
549986301
592491924
472215809
298367194
213651791
716365803
822886642
507976200
46225721
562012320
920705357
128092585
468501013
796900249
911942512
606859552
643392138
570216149
52051053
73617049
669527795
978451326
195373422
882680169
656205646
230404031
761381344
238860626
186896623
730653627
437422248
18056535
664071744
156162620
151704226
619765742
875283235
871170443
237390106
402491881
265387898
65917705
610371313
580964319
303835280
756782859
840060047
379750099
980276492
153543053
661750061
196711776
771679153
842688882
464608792
707552319
724170845
201306429
860692625
650898360
13696076
232655843
20782194
185299505
952319619
99288465
949684301
820022985
887108716
846537394
157737071
761696629
957464600
212930441
34862314
699476492
462360605
92523812
251207525
634136844
388360502
722977135
663744459
306527840
442766200
793906768
808407982
683288949
752435095
575417933
179990292
309609901
98770033
635686889
622355466
352131058
634250765
344244046
700981844
828271842
739287669
51116404
103109551
887246534
579229959
886280478
215497404
94757498
778619091
414022311
415679967
279829367
884188922
181429123
594591528
95359756
130745139
617133866
216655721
653185656
691061220
927549898
309157959
150933045
889841758
818461288
588537700
348987835
531995627
459018442
441176191
548303052
787374495
633397529
194314019
831811689
523552354
623884824
563511872
921119591
220698054
332875777
667664119
84254389
25293787
355985918
246805318
731747602
399808775
197976924
929070233
894234910
25742617
432131365
667721757
900034757
32306217
621287431
321665967
229238570
726190671
420475737
842930784
749599391
312794000
455858910
197565082
63207760
718785734
833307168
455465148
991260982
488944437
365200945
638448234
835396865
105226496
913760869
134664018
326555145
724592632
334112713
106777410
651180331
902164594
473800633
307614419
611890608
782246658
594515307
262732118
711717562
915477643
16839128
520392796
264445721
935305714
138762418
241912567
990425909
613960055
973165885
513104524
572691312
323908252
249177507
861219180
485934045
286893956
383593262
828149775
67973359
330657290
458392835
614038944
910481460
432959282
809029150
962670774
50717475
289072632
463394737
588319220
462687332
910343572
383316222
444835631
179995418
70990853
819575557
618446454
834751368
695598021
786514549
239550622
45864119
400384634
909745286
298356631
644384311
283010736
311158606
216481446
88613535
686853894
627738349
980724492
529050527
994396791
601101653
751479704
675565828
955638355
145524430
105066937
863580789
993980156
734476361
330581603
434957140
950611412
806935976
363403294
579406829
185085266
77435752
700747962
789392803
151202976
620175640
538141014
826409631
963665545
555768114
819154799
709107648
941501343
217927613
100739266
244518708
621733260
600938433
857529298
104243845
907780783
752007644
708052636
164779208
227910922
646326648
824265737
469176810
177264271
666728226
406076476
428289492
638784149
230245028
586909077
539050016
435381119
158312624
115614629
315205203
331877172
3655466
875464821
857930394
805337650
684027195
401606637
25037663
506468560
473772460
245014348
162473760
782708665
320749866
283213320
341645448
501115943
257252431
803974020
550101036
816172420
668902745
601652021
221475372
237670462
5193967
498827201
910609932
392206259
519227558
200644118
113102430
729150805
785407704
462919502
917520034
348510828
535599678
475331614
305571811
806951150
200564227
422053609
650682264
620112091
568343607
861464996
371422734
454011486
636488746
644040331
702733666
549248236
783049745
482465412
562165102
215363420
462833720
570683715
953758794
704252213
610500976
797271413
848509505
528995163
526185615
99993379
947995043
610920029
854108553
154623311
99606539
314052510
675700541
295141154
371849738
383447951
7530341
265559877
802616678
84280178
413738706
796204442
818861010
480507974
988900271
296122824
798652422
767002300
961062075
879249891
861773270
209261116
802324884
490816149
768435847
571720459
98243360
833683993
655599430
558633518
645970398
165988890
17396901
59193753
806300104
557439407
68760767
692096666
11432443
301529999
436300907
85955602
657336121
380323080
880917036
353228093
583127703
652604522
797755654
239675145
743834246
140835589
184017975
861789600
425516779
758053758
616187303
473397349
751381285
900769613
268727059
544885803
550813578
752756013
453558952
819672578
187868630
486945416
380414521
411595013
131832873
480569534
591995887
271893440
434608698
87378068
916755015
203460619
816609561
381728490
621834036
29883576
891090262
594102543
745552254
460544122
769385363
762953663
270408296
829894107
646681520
316944999
762153247
834784724
130352375
832586294
33111839
234390330
656927782
983505829
299975049
191857331
567486076
663596335
191374311
140527502
355441653
637436282
280533952
240970755
345481273
89711151
779536921
555954858
699733445
106774546
757222529
201715783
9854418
238330198
622677196
829957086
109726117
237826498
291267032
374240270
890080006
159402352
152660926
155881019
620550748
967628541
994975768
448353164
946866235
90243416
576246514
212004320
222887088
52832314
217827146
97605016
290461504
571342949
321929299
872461144
651225483
395172211
869083621
467341618
48102930
956523149
292349412
633292191
347517550
999576481
501770251
146043199
112711579
717035009
414735317
741822538
914903378
52318046
493700928
483384357
615666057
880198815
952629720
749278194
765435298
613546085
319819579
805195689
98247558
253597638
446053359
446398765
664909331
367685158
958756102
440166455
149393600
554173654
971078215
944253511
472979790
311604099
397217341
858728211
563107530
431965641
46326807
204515710
401628617
799496757
122965400
411089008
876858172
845612424
425464058
727097183
411868153
839818869
971142876
281468345
648761195
730446376
876939412
948062379
800539853
466617960
356242088
842849997
184597
495681997
649227234
300650117
768479493
611003359
772621673
5069647
676924385
856511433
684953375
53289071
260536994
601840854
275909525
216106277
371466824
177217327
412163608
775023703
833811731
817254722
653812642
483339832
193249497
692458331
785600641
862687417
310231934
448819761
499784826
657183061
418452334
893409692
989866006
12712454
307935146
592617085
349392210
748997232
453978911
218243382
887108880
12677700
858545754
629466139
464469783
493400994
106524279
724385538
996049655
18652414
570708464
809970831
621512364
314106987
247712553
619492439
12342543
625070158
822213025
785238677
214086252
444751081
81549171
319809724
359140846
859980562
229583955
66319228
782096977
849936333
408331050
412921250
929473849
713361545
119503843
355465512
356163266
611628386
536693286
356867531
851132829
208814724
341798715
403937169
418777805
190035371
58844783
203324164
921602327
150660661
871087016
780604257
789534427
870797818
866573635
883969046
747908974
123639771
160688522
189267888
597750828
143788834
114889629
781796596
802616510
107642906
620019514
224748393
514353610
849793111
885217833
645980725
785679904
626952968
779361207
35084492
631752622
22483164
912082049
278819227
756571882
376925112
178930574
320463096
169793186
135441719
373285983
911588171
747772479
232787017
561373566
820167838
76055859
424605160
370783365
931153655
995486864
967652259
444835977
974351
882604325
148873519
574584790
191942969
561379831
226037785
577263334
488813143
307046005
379500381
474841192
502581106
263592897
393856822
82739167
535198069
727065715
936799639
287206054
870055670
756415749
975673149
740344055
351983739
983346951
564907700
494216230
673477156
760618905
12737756
245121051
930864825
779906662
743036798
842214417
944974537
190906588
869834719
977423313
523098138
340897119
782958709
207988500
670816773
603492791
471766770
191785387
436581372
871476671
205482882
179032592
338243178
422296798
155979674
328661104
887869560
312095782
881321866
8908002
54837211
907896961
321259930
581160001
638260331
994098696
538512075
589884505
721420575
514817683
616762615
576035642
986019956
879409306
212518049
774987154
296511091
942278249
457295053
122992019
684593948
103607442
894023282
733970760
999830920
781325818
445998627
708944729
807632696
534976228
889534934
158499322
752751990
69898657
52891484
761847304
489107603
956432992
997439909
406196857
437280164
342252557
765842374
197341471
198897055
813003210
770133011
488423510
859317145
383695195
644862495
335720278
61301348
470623524
376007966
613800389
646650260
805403465
29145583
361692362
952670404
321026805
803760076
825591600
571908209
395478055
857289707
198896497
350324339
78394217
826887722
337590843
284697070
343642177
736222899
944266580
599443360
747189893
825794331
290005542
555156125
658208396
23205408
945627967
457356801
192186020
209348172
413474086
919992771
742844777
148676879
368228625
242661011
445651031
2108976
567757777
265777207
583962532
456536347
713256922
826619478
733628441
965850683
104233933
849997084
682382925
806252175
216897978
96336183
294637049
117344589
954201750
240591638
659458315
195521902
802215500
73242139
388515109
267043840
30413982
171084505
490641513
776919533
871172414
162357525
925736557
297473755
82725932
302005524
860494753
872100890
669644736
636292216
73573882
617421694
899479935
391851916
717670065
463031185
266860325
208938912
825886275
777370885
443476691
630291806
106061133
685233426
743780283
336906291
280311886
782282208
153037298
22913831
660072723
694683563
297571115
564850129
822739823
446792849
979586593
978332310
315761655
532996734
14249349
981423573
183475551
122364974
481228662
775571258
938026608
865392194
329170990
601161077
127129611
861000416
213998665
978938033
690304058
969539774
138664208
50699044
528618934
785047688
331985699
499317410
823814474
23808417
503588908
227223251
781410765
996683677
245232360
461655255
878334893
112385919
815414639
574444898
247529847
460104042
508295595
628905050
608340990
196552963
438110620
791151099
510236234
459645264
37240779
941124869
512691364
579241839
366213215
944345416
608921113
352361516
145684552
962978070
652733977
21418731
107013109
298345264
858295361
395292198
104856521
218462376
151754674
630592631
765865582
887149792
711152210
807167742
216727674
461603837
158303769
238867940
665677028
253046232
810183800
995838079
630225591
781949949
951054980
248310425
359440589
845961890
281262140
449364955
207393824
416577614
776012580
537189134
676917729
771016605
517150129
890132465
37107365
22169692
47003472
802069982
36787439
707432714
238681529
315969088
76806155
673452184
663696372
412215425
650419807
65260903
894922854
91032677
630274430
105429618
841926835
433845305
369180437
868453060
602064883
232355400
41217716
938262265
215148637
328961864
173228737
241913823
491813554
383139863
114209850
361414320
110588601
165750934
431774724
570625652
898419117
384853156
552835198
84873282
419305789
785157238
486388607
204645004
994748465
497061701
269951027
596035400
245596282
485222973
719460893
986645896
77258538
240403504
675583992
347984109
446861460
742115210
922506084
448176542
908452937
33782535
837532300
930381825
501289838
596946374
176969192
272612661
181441806
776233686
581899049
289744846
857474176
714798408
730436222
224590761
134787176
401654794
114209962
435364680
507794301
547565495
165448459
737108
639102563
669756694
477466546
94841773
207814789
209861633
460186899
320993487
616974148
922519298
387857273
916725501
155056354
777270084
931703462
558276812
811732031
721006859
208805762
91837685
650273508
202184309
291748093
901785103
151865616
386981713
601466349
396764289
644661672
603809687
304147139
885224563
328716375
971293403
27046909
460845549
903063456
176810925
356602288
609354867
105248462
578190260
295137161
937383648
625814911
186934515
266712646
610573539
532827184
549309785
686017747
921343165
56329658
911993483
247287737
560125704
683137336
403967850
822084560
883790138
791187594
329840710
337569367
809630720
189160056
430884150
420292026
614402554
937539672
975049322
793450760
676480979
630378114
765946498
486275032
665805575
222297176
510055615
487762461
75089916
39275606
358668450
148223488
217228680
549180657
572387149
532141349
839504771
251358632
785856476
327705658
165514979
989516276
546746026
458031689
75937176
869101887
800339723
381008936
899318354
416152229
531469771
637053496
142574524
385501584
572446796
782906708
434341850
863019411
560445626
984299769
861528853
115977901
217533339
490573140
77911990
371085113
122493880
396269823
767893748
409749977
149734923
596213320
619560432
340662760
512876226
881204992
312837879
102107616
367968478
338087568
473912037
906520777
278648656
719532112
141812047
489418097
958621655
628466021
820435386
223710522
480093696
511253764
945697228
198029119
757028814
34392111
417570011
732909566
783057140
958436617
756155041
981850870
224037474
395774918
140863736
157983985
299667794
967612341
454852316
887100527
477924067
999713178
8856893
490522927
303490874
748969213
931631280
499408985
704653902
437420542
274373867
925892641
709795397
623448594
187564419
554963069
405707240
865315754
504677366
322305830
5332347
735584511
909445440
674401750
328464994
237019552
409343800
256685875
743829232
80084397
340193313
236940799
123754248
524301445
479690859
762201754
568067662
481835663
284078770
538114598
715239768
763598390
897843859
677141372
776183599
154269549
352542750
197532488
453020268
272141851
394449228
894817928
868270732
520926151
402389433
878205772
80609225
65901600
584389282
907849558
886230392
389983661
877744337
739656476
55848910
510990030
712432114
433802543
801088290
404214642
688075383
260557374
792741393
702418319
5324683
399507563
260465014
635024899
472338904
857753654
38519478
61966558
709102555
546054646
996763412
688322242
553137205
861895855
783548549
472824196
629179646
215289919
920834108
157104922
461940545
105930117
975700721
736580531
41919787
385592617
502457063
543988276
92074440
665917518
419837416
620496736
325974786
232198154
200139441
633223639
504879250
275918899
725021238
95453080
926749477
959253701
525004290
623730291
532402795
109901108
4399210
895620510
5464005
151449748
355820098
159448443
657544341
543499471
498123962
319239061
753890398
306284803
57894180
198864631
65592833
256453499
841107497
737357412
720366421
912591834
137123719
796375947
306395874
385839326
297089337
681145836
75203355
554379556
821258399
968336800
464792315
661249108
451301070
560900165
884609304
263748588
798299435
438023305
873085066
624086396
541483094
350960143
960287298
222134755
453099406
581727071
267771522
619609542
47308189
599653226
187882403
273599000
573211632
633575192
823571847
593818942
357664570
27639214
597023084
87509239
745755433
490122371
527474047
35329969
228608354
746212749
50729463
706008587
375165853
235074639
934235452
586923289
55108502
226396426
151488153
885813325
431757438
401563115
9070401
970393771
877784696
999464608
603197322
308740467
152608218
139438414
845029470
951727409
957751045
551029476
441951726
282142826
849486697
991408334
934872260
511213587
535437523
380797100
395975418
368561926
457726162
756433528
696220781
369509646
243555859
798714058
631877486
663551253
617183194
393599578
244603246
457590546
247986878
722130578
309144926
664006938
630792591
91924440
953971470
253355910
818296804
932941751
857562703
371253708
906738951
245360621
152961987
80888619
379399208
8344051
852481793
461417635
896207464
732657224
420897014
427617232
634168459
336016314
348150821
130564394
274520309
652239111
987797540
868570143
733751686
842247494
600908246
594524857
825594386
465267252
670155765
77379930
623681143
122254949
997827276
429035313
524882986
117535082
210603158
291587909
26725103
146193152
717737479
38112596
431620680
677255755
161474722
845575755
727421454
248093810
394920565
766685923
893761383
787190534
368477233
915590579
777068730
676277835
803405458
449970255
501087214
391186113
833583550
464076444
583133427
834980389
922760461
939688035
122714553
244779667
796092939
150086068
524409640
16058046
161472147
772219301
303312819
897388983
437803387
245255375
854146845
260390398
93813781
104991129
577926602
512144191
492548282
523863471
111509197
510756338
419483732
348864366
727764234
512502675
74603490
200851902
787039199
489120969
948940826
208813465
118291467
285873813
780489041
70345070
482878348
463505027
156795014
874297903
634138566
594657414
247107094
324912204
430995363
378038982
56513554
138584970
112734434
366623105
573239864
21954935
414363559
511310175
469360633
348155377
684720380
887771537
233405408
110864605
807358253
847054027
932001745
680810775
138128251
276011644
841340227
762053258
831670454
33801791
839288572
244429076
385378398
634660638
283551454
142612071
667752679
511482601
474815775
234790426
845425775
202248145
376306168
162916618
800246892
290554472
590104587
898287001
658530709
33296486
728686000
183447850
31752293
171071413
149112379
819576223
524871288
28768798
99862204
221017365
22731953
512767866
735558870
580910704
110944833
199455717
715245831
888200114
757179378
266941004
897969654
930070561
947106452
44101423
152796799
757495388
321256922
237202364
457492654
225870014
185686314
531341154
696465510
398601149
619168008
972908172
999767153
932615800
195211631
589800009
378114635
605261376
534549805
227986857
284797702
332626249
907154234
379099508
418551338
935839744
409101407
664208836
957033946
241666651
289639189
282147229
710827916
216952328
636179311
855737414
726360964
8326236
876858172
245942905
832153571
447790329
756433519
524255669
243719870
50094396
950688925
463741792
494103752
940325332
401201204
835507357
708805329
946201808
480688160
487316942
643353215
335102000
645668372
215614340
135646659
649967334
341334596
575314680
406881416
98304192
617801796
526782850
950059699
354775453
947783784
726165886
919403192
498996689
308283945
335391420
468934020
279310996
750283516
75246145
823767005
127942281
697217433
611239547
708703395
499044105
730842651
1105087
319272079
242396718
922604287
155296870
203885531
537110576
441927193
217775719
887232338
260729807
181343374
437363070
694909826
124986957
723185996
989119475
321992431
208475894
960570954
949340592
220902650
318354936
535469625
913583286
997154244
715105454
422470960
638329139
33693993
139772184
296126415
768192708
754106088
947654858
982233641
793317606
741006586
995713755
166031041
280171887
462332
940984787
144363633
99952945
60100311
671460818
738568560
63721074
323868642
856528221
176849455
436194577
699047301
889325832
238977998
616432481
227238126
695511663
744471411
812709281
394647973
940276254
936801343
535099758
788753059
695167964
357057179
100378760
727708376
929652176
671524196
308493151
402948002
816972442
992414619
636708820
736185193
349640517
778663340
928892312
30205626
567326390
723829812
697314948
377553558
604045931
517421171
583616749
446995812
776852557
483748493
296084659
363413048
283454315
230998436
351247968
821972365
743171763
906866749
28235918
75970894
493246415
210623912
588140390
896058338
783963
115204716
581909013
858819376
838545086
329652746
40415321
825099692
422811343
330127267
369842556
357772073
27689306
86112355
744587038
917314316
569843072
888110598
979911903
634255086
34329976
336399511
565039513
5020179
760080086
960244899
661885630
60183837
356928454
748821578
346567889
804063711
862844121
85923622
806011285
878400758
164277725
938179799
522638514
364593456
885313089
958386975
86966316
58675733
216710713
961455000
202045004
790993720
264894377
6870948
275878927
494241844
176310561
47170879
207819205
737446226
107614419
420662190
378417166
124375340
253496382
930288060
856463845
312746360
756778732
255082097
115568457
491812994
976779714
172114943
486211960
396172556
14990307
622814545
927161951
236348312
844438841
16393565
949770358
953112697
538875504
533921868
774659411
341812819
281407243
717566844
642428015
804185247
35738068
979621630
613786092
214402845
437798548
795311090
462720905
775016705
10841350
73471910
503479537
949114058
141554057
734342022
28888109
741583309
50830850
667402071
638358487
725476548
796864150
285701443
451102129
715167097
187433752
483691088
988464351
638335604
570114918
864491733
880849136
243176274
179230449
292427755
636400519
65450563
43135466
778564959
729849972
539650962
908183027
673543465
82411046
890229404
844004491
913214558
882854341
744564604
838830914
348732999
641472677
600914094
123858977
159447686
950487414
336962571
887136026
68138849
80213015
504687283
990269526
788258771
955787395
876190604
40977903
284479750
547975557
858980425
700297785
849216474
319653339
589117317
260134777
640426735
226672693
211161805
212207068
148679237
282590355
149609339
337411683
596379232
544904453
383174285
401516365
763253910
851444475
656984577
936635872
664674950
941970014
454728048
851293237
382475717
260603922
327258958
27316489
820614396
786768695
166153322
280481598
949912442
7395795
476658941
880646860
236810601
531594587
772454497
921011670
423196442
362912936
739096355
895539058
281476029
517451794
896867716
294130052
661588745
879809856
631330038
797941388
750444146
564854975
710913800
300623647
910609930
616018394
635847489
780560327
504076194
379635108
691785269
419089285
256966955
493186789
862696884
635547266
932214370
601659296
973908591
395469045
392732835
663513201
139386919
825760102
849785006
135030048
77980286
644192779
45095028
180147748
821124348
49712877
875213018
459070205
543731508
417172757
476458689
161105468
651705283
316309545
372518100
301391344
269794284
333906642
940286816
668653143
173192026
842154901
898234757
87041638
695826662
642538101
810374178
474116199
885313273
119470996
48469611
187937136
849144072
721229006
136688034
478762349
752388102
744973412
192560970
154288600
878220893
264587452
523335127
143785655
215161706
261026159
947376740
594528797
864275497
732587270
687093741
83676688
117587539
331420722
624221663
344925355
385378702
332537140
706414094
509984608
154391458
737753400
488478727
10493408
816428597
683749492
447346962
491251977
746163105
357372282
471404628
836612395
756068640
845723861
517316405
610714778
886480095
419947494
344936494
492193686
984090942
752714461
557223653
356011679
163697820
741099203
336232005
209759819
761064382
468275869
368541817
30216277
808446155
194929771
434117783
218441509
915446785
873632669
231565170
993536479
203843365
754644195
612530086
165136491
512095162
845140427
790623638
204392301
332912641
865241792
343626946
424604863
291666090
723171734
745678784
231403483
845661633
711032445
817098850
578011744
351915994
702791992
546657422
123089193
381116035
539823122
505963608
455130448
898802749
393854649
576521256
580420515
714199977
979086650
271556938
150322875
262365367
215070528
152526570
623586683
442492769
631250364
383553342
274841977
847456674
207914822
403563468
379009725
98210930
567733970
366248991
926700713
599573888
719889557
750512960
945929708
112053558
615979768
615231367
587622734
374308848
391713450
16134824
288319058
379252815
567498701
418383195
9552432
815890766
610429276
371672400
5404336
888500102
131527437
801268353
545081500
795989896
381355976
452786087
511298498
638502356
142482823
936732851
235598197
386432558
490737295
872998453
554088195
291586278
248786681
491069735
169371941
817449156
590897260
531223315
677415023
603246983
697674759
620302936
8218549
797990660
919443027
338908776
73192459
613835343
662155896
93868993
784860543
271081396
201610405
459293394
856840276
260513357
291062269
367906009
295560281
693450628
719446386
174579465
211242451
741380690
768123067
372331042
340237973
567316163
787561752
247292931
157327481
494535759
653294487
131288120
921566532
429746624
627910752
849322447
578201038
554983141
264299126
658108750
215896149
822834324
489929412
321024939
382208657
956847673
203909055
85198224
259889933
401457190
855344948
82708797
650323292
651264906
60953646
463379018
153003057
288245178
518517057
644142788
541766554
413601393
268117739
183391405
110054115
983569755
278801986
975569960
733804863
86749318
740509893
827548182
13736437
622707266
127332800
742054175
801655170
768151470
431540188
294278127
903677958
581044638
503619657
398883749
854045838
97684917
810467978
914612724
738776104
696558833
350558721
82468190
272070302
51805383
473025134
1779537
549656024
281962737
231980983
810155555
473001469
535037833
476398718
431382682
274914977
216670969
112054841
659249663
602457131
492771051
673665247
902068030
930593083
67635654
687964241
22030002
1270466
124890320
184390701
1403016
969606296
718307129
758656770
670601365
896967337
69499069
873489656
841116341
757819938
62878824
763671992
707020931
911697111
54287471
407553599
631190203
964659130
683133405
719823269
572031041
967813298
874051751
440566343
655193972
991250679
311687054
599057008
480043286
226210480
974155300
800278000
502098643
739525979
429538763
345721451
511767487
402256191
471610322
748835063
646030558
990519804
41381313
633276840
309208383
760188117
346191579
69827689
946321276
51142381
509644451
906717002
728021568
843396953
65559111
383290733
9751832
822071934
821523382
248261990
33842822
920980480
849168517
932062202
128672542
864128547
132850443
735006687
782733305
928542839
503784221
840382324
142753718
763254098
291627761
846451011
480839920
425802759
870522458
185963407
343398077
169626254
631669147
229011344
209166073
262192685
625889824
95800641
757959518
340429751
887534057
624763085
363596469
578581800
460327846
595611485
955208564
838175692
660140500
35495506
880516803
410873036
808864345
848800196
223556401
21894346
282049666
263305089
794596523
420631264
530798592
814440650
444420268
771016538
492794538
799454161
675019837
919653394
27570979
965907678
603197678
693070151
172990910
934951808
41015305
572262986
331314746
182051121
981411470
89422238
497854615
427435809
741175576
758587433
882615238
728909610
28341515
38798525
773119213
153622508
557121122
893991321
208399667
148346786
731849858
241925321
629590097
273958266
54739212
571779290
715633241
720172841
717814704
475735151
478380324
711952588
40717318
275608582
542194046
145829622
819792952
407523959
842398348
225556115
205381297
488917120
856905863
819309250
46764
593928240
544874238
951449196
757032861
816928273
897014212
943582342
636525908
305188437
123857092
187608585
929466928
690259619
395636662
837844927
755696964
996963890
253559736
396894698
440390168
219014104
711649247
734644846
88973181
853370152
790768543
688553165
297041852
710684086
367694127
796280682
270885852
860482618
642780394
280547970
267447951
251582638
691002769
832821128
97747932
519074659
771554895
141283176
577815148
81335477
309650714
360676735
959666107
882748248
457672454
532826381
915577846
319671562
401065985
27912548
210157982
256227568
85139372
984189285
573049163
255771544
132595400
285039539
969321555
871542972
362701064
862340773
492100647
478201572
160873190
557546711
592187814
89035360
563121654
248032799
324262983
264765369
871266518
77601885
21718839
335839008
648486445
150165782
471739374
504996469
520906757
142051995
850299750
492391544
88116923
235359305
94114499
322495336
872635569
849678176
924657790
646856965
185665263
244528809
71640660
532158537
349217893
697495906
335869555
264219450
802544989
876392438
963446752
192445586
382750945
122789065
729556072
799848253
379995819
566649126
766441931
525386142
957968735
880640323
658659865
988827506
176461995
286922154
519705377
444980375
139257236
673694806
692726229
234793190
848923732
314116205
844121202
769073388
460019596
616327808
398867068
984673931
756718831
591480952
401728108
365826559
907545277
379142829
690293059
623314041
38194900
813670206
410313917
760150342
501517017
773558712
409502984
388905080
541506235
726805835
211564878
933339805
503887491
551387732
457217623
727045584
773492210
769537703
913827009
902059267
103945170
789222844
813681390
309947816
482886041
757700141
247949398
368804066
703120653
23554219
939676594
796203507
674600545
145819412
709890392
718145243
201155796
266424853
67247522
744482455
383966629
204589927
686774979
781253739
459393647
374302109
48310167
253827252
656784104
295088762
560011578
168436045
912409559
356496537
397619191
950863883
587304277
987713192
621200262
569635199
427169306
647382871
915800622
573533583
464958883
201864942
44491996
469700957
133838449
585674417
546793009
608018946
934810788
546167893
193573204
236433121
527523661
404974115
902168370
890316433
570111164
38245143
170438962
639936702
408515447
8847737
174814428
391167875
174927366
996710264
444615921
87780588
691388936
596424727
552544096
269036714
128384966
657179965
242064589
730811031
966126241
79085690
416027304
813687904
161083215
537311007
45591549
357937435
666174551
145687090
411577188
78886399
960459919
770198221
549772044
435886452
245798915
239697199
968423
821306360
820589134
779790518
563687892
491846685
363978127
359531402
446650557
786244287
284230189
997405417
396363293
926282477
45758105
177746254
117939055
620374319
415947822
98598665
193303899
300623647
910498734
768428694
48000077
772112169
927955812
33899106
662253497
690781538
847323105
58801655
267501229
479465530
793452942
823844971
739949480
983108010
673111799
904866442
838999146
23234701
715949836
394620936
929240741
373485139
774800119
369402814
848783818
173296514
143716798
343968154
889720039
785683207
489275127
841062600
465787448
662383247
520952982
544698996
677338521
489844981
182782938
533910999
522113983
953918444
798182132
944399951
697636204
465515473
1613576
590545695
98611467
680104363
954976641
787885656
891116564
65945016
954953026
205007510
874998302
930775317
304986515
329969571
905750511
648547343
599457830
812887180
400163410
541334560
934459111
987223531
199539192
57456595
567310779
235059200
381999119
257919577
793479329
596717639
255598022
922011928
472547031
751408779
499503311
609120553
667395197
723166887
543614524
563593380
55737221
902321689
808289014
98558870
360336242
81080715
77573765
616355101
60402016
744314327
444299455
916015874
694239879
632643621
109483534
388025426
729829122
465059199
172745390
79349572
247976358
441184671
877385191
127286344
866622057
663259476
632480601
167507988
190712769
490661414
780981564
564075964
274610714
457783397
945715263
891078276
243221192
877708287
372388890
512589799
101954885
58042896
716171312
692089404
490259089
65600185
678678833
935383400
605183474
674691240
48627261
577916361
23829831
610466080
487510426
899485383
507374125
282892869
150406978
656558997
653518272
261174888
32794699
353166665
756759595
943010545
654540963
372265000
673419120
93867462
192815692
151849007
440572130
406203974
903771707
149197666
230060905
285854766
133018933
918509375
5133944
292344812
996053781
850292778
542686267
316094513
7516165
149953961
251495922
668115259
665943081
259873592
404482996
18973798
155221455
30739958
678429028
949522846
872295528
386144238
615350953
623902430
129114673
102283091
792835206
637673590
559732386
98113015
734305018
11353487
227345784
900639220
836656761
603048872
118715328
901546032
502491574
710337602
328459188
615786452
944538796
346432025
359187435
107693114
958281265
564198542
517850575
13076716
207368363
948181299
395872138
606087898
464413656
86940965
918261805
778788272
304396376
288705661
844760257
315759488
793732895
175658265
790271899
49971029
194659038
464169221
507254707
947978574
832387574
740733009
225022837
847565617
272838857
795836793
964167644
381141533
134634955
56450968
94848992
141649616
958060107
153058715
280491654
218651392
993812954
427996390
798228473
464342914
641408714
140160468
219791945
662132736
656352660
569908025
848881362
78264481
272348879
969693355
830149660
362708560
8801957
212741246
656278303
980119693
132794001
130782021
670304240
989445780
544560783
208739580
133838045
757624647
627009870
230504115
640176334
365231720
335886450
993561665
560574249
774812096
586207328
571791854
517242288
28569795
403803820
15344017
898851573
507691304
849638186
934266696
159136818
311690660
652756608
107296179
213244429
446522959
84925674
508050127
961119656
512739461
835237024
387869558
468901086
881897607
691342434
464804651
304080252
237879278
90596598
96152000
378474639
725210564
743275136
345990253
257263913
641648059
195121041
984470594
811077961
539225715
567629937
208940391
95997017
97656290
707191144
806340635
702341026
980609306
840716902
621275756
826563917
286736385
143589264
174403646
342533481
406677336
528392773
395225438
964886067
607929192
336940990
843039168
344883063
333691634
699660949
581433398
806378545
214688492
748996407
203753321
388246591
104345505
171469216
660514597
741174868
768115671
258343585
578862040
152646829
453188419
143472047
163096246
403127284
63975082
212960900
858958296
247608735
817119084
668513141
450099026
593555954
630431713
872789979
949922276
171471783
671016980
358597355
710831929
207418668
134890351
602114661
447497813
919578811
693981672
70236621
49076973
978916973
218610157
223984663
447232761
361699406
843432612
505799232
458603761
338974692
996462616
875180364
22595489
907268961
990014270
893563614
472923872
151874326
508831664
710639683
622660132
153784830
704088446
55899056
519531501
54620675
717869483
27670370
332082003
82681690
353232535
621259123
753522865
72708917
824454157
560075793
724438614
686983778
837739234
889786889
627891461
799152191
706597484
376887811
964867358
172441148
353664873
824269119
171180827
919019163
361335363
334595164
862943125
539474362
168717979
797865710
389330605
165531139
68335110
27005531
351230096
344245963
334634089
718526008
215895382
259776847
227766290
1068795
874938728
798209772
106426659
94297541
843189375
400389425
791858472
169552498
74726650
921459818
108790677
212283367
788112221
1813232
7292217
407331565
460752557
874494921
207617722
30331187
729936618
622876522
279737984
459655470
70707518
519918953
905726741
630339103
682566557
756227023
895185800
673708409
423288977
656753695
912402156
980161922
243825014
839897099
9438852
159378905
671244996
767744446
460237475
430763852
431261498
860837448
784436954
104217803
888886398
953340447
548955469
739968401
596341221
615592542
579969276
97056212
596182313
440345489
207271269
214066454
203093737
644204884
890134871
999226827
314031141
79834278
569911094
247543339
994864995
231271443
976834581
246135966
640887928
530190387
843052833
441224542
549812722
291403652
694964689
946057427
38645508
59049300
873039704
409099734
447794348
452102404
863645199
695973025
811213039
58261187
308372475
367717151
136732271
413873700
321220978
353080853
733744074
603648776
186130855
340497976
50219743
453097034
253022183
66526105
16005855
12060153
106541261
918417334
238874435
345421290
112090256
335640229
299994472
675856857
874988905
349314361
3705073
547028064
878950023
339096442
370505477
883530566
150090341
139105056
978687058
123905761
777935186
80365869
726541372
476380918
613960055
969627058
502456102
529847908
208482556
670976117
138090775
138737349
459071364
558922565
208353873
770921414
326994456
540961628
810350974
681866867
203811344
238159867
590979330
281892607
671135965
915328883
551216754
307627713
428187827
840745152
953924579
779678623
457987338
867588866
983067283
879218960
47482484
790204333
834137475
170661659
80154713
404667493
509056001
237920565
994380674
597244552
389646759
462304676
119694814
667941724
289486007
268509678
510561772
641329123
292869984
833549568
853733652
810723411
329457754
893210550
897560855
771205801
255861301
161417062
663282715
529570606
303067739
843180606
142114420
68557922
721677854
844699007
358870637
65107522
973413423
677717420
628096277
327168589
954199492
801974165
421814889
389140632
474469307
116504331
178553247
436566457
719135596
952557116
368163155
649136591
960362742
305271832
526766527
116329605
608513634
3282253
986777671
50474867
227632160
601190813
203837512
330239727
30801830
521779197
138557119
522169837
769861979
92082437
218629611
122498311
862772736
497486567
870843241
92392753
306662838
252570292
199845133
426910177
229792663
421995540
594747424
255769372
803916278
913889506
615683297
630170755
869254682
932233762
345482519
488547541
371119153
152694844
552222659
256798797
160224785
749472915
586409447
330333207
925371761
234320956
876984257
531381063
887455372
790891376
813807187
356937359
848631547
97700840
942460267
208178258
44688269
339630529
547714160
2617813
699997037
917244672
322219633
963594348
457468851
313251220
42238743
441620971
481653979
17435324
621915438
868654199
585694491
605452093
13095168
629030454
384592202
710611788
354738994
289931495
986229429
242836804
150218684
562898345
321690053
115396677
520139754
93659258
238930649
614866991
791440501
466635912
166317224
437008312
335508500
880824857
46390632
216942819
688499095
691897529
296986634
194843053
633117014
938441638
281532782
623455043
329214571
206433197
634288240
681426547
423192828
331456891
459978673
290375452
589041631
827326805
757132660
402231632
242583734
503870801
238736429
745802734
451449711
382335394
422399267
320965594
841459611
606076970
529308873
84250880
59914064
727535108
341727665
598702919
817606953
338200914
132371907
594763510
486583761
145805943
829111811
186136503
707101394
455166081
333124308
629640619
421821031
623691635
16465744
77471781
613194891
113261101
206832609
976343750
611619533
160971098
298319396
455938884
143846611
843302025
799683538
911174000
333711576
108451327
62332714
489380995
56119790
304778120
942813314
845957443
729426339
548975063
804793995
176872095
294667503
990864257
691693592
575700173
687501933
232524162
19881562
549671237
334762203
845974870
585959011
84600251
492772108
939454155
467947883
879493158
474629496
332259429
86505928
556980770
459479996
424895682
550748425
556155412
163973261
97269406
522663865
798432712
323654714
78420957
817863795
234372665
977981040
838148049
158349392
271861244
991770125
967700719
669426549
758898215
314089869
656656698
746322652
405575455
241853836
276164870
694324413
530096776
993615911
432957861
4610185
663751460
961239033
336546537
39222497
613328905
799877421
148035486
163977915
856608220
648953283
739471923
521939006
645148474
871437468
975104799
233293123
996828742
765454279
916009979
795834685
863578828
337979831
157523591
751393266
664265063
400393867
650844420
377000909
84964003
422023926
294005651
547176874
159924036
142361961
285076433
137258004
298284721
345045954
504501475
793051952
430662412
838796287
874520790
185589528
801039751
217128562
281690479
337452414
955020697
813664868
925107339
418681731
694766864
903015661
201408990
734918661
669307784
909847214
195749010
635241495
891701812
538739241
248090177
796978633
914360929
309281006
206555792
449569447
724792255
786098774
402188133
205316785
473145265
158753413
700318615
806550960
608012859
702881620
408180932
137942063
131252730
511505903
921323285
904233522
646096650
900837490
248441479
46648136
553688415
731377331
78455598
348965272
606173233
501886224
858002252
124621286
738294633
410772128
117189917
826897926
75300781
561878164
668345194
945408189
734131622
158102814
772928760
260679779
417364259
711855344
430692874
227931660
410750584
774938659
686109285
498028462
840501430
278916916
907728048
347592752
692216632
265170915
597473804
631578598
958733711
383755837
184579843
141265336
250967132
21904340
58843392
750336353
489101598
389168250
939489964
644182682
349472877
55976561
950525939
468300999
84364560
960266202
950089639
794057737
924005034
496389212
574698949
183412454
887001453
625959829
549040073
514722359
859540431
254243400
544563268
226330330
993260153
640534503
453195570
726826722
98550239
604230971
846337071
689029428
199320903
49662747
16394186
366984408
774279557
995161860
423224947
21217234
466486576
26654844
346388592
105279671
773986538
216558363
288429833
546356484
808959065
815225638
468758346
380429167
730155796
816662032
161901898
888428054
966933291
300729929
675060079
641692475
360842689
956978590
345145612
251893635
600160362
623756436
25395321
354276918
313202846
913910362
479497935
672627333
588951473
483825406
655619243
393154954
708639053
589571910
664577432
193785908
893660670
440870741
785112930
675339425
810130815
82003538
90209567
144725011
971924004
62213929
716896575
79027280
511585535
426184206
869145588
647425327
316454061
750390996
119603525
329992459
270528065
306240766
642441
682926618
83130405
49294595
49921047
892371103
450181837
877633289
776966621
107762202
912192290
135557710
864917041
206171948
902576127
788030201
47791491
273453244
265289944
682505754
945817709
177831534
436629054
915304938
177412738
991042486
75035085
13904078
209715442
535778396
953998923
444321614
369998512
256631660
520679730
799024728
851769737
16713256
803482026
526780953
915345024
274187088
782780464
177046435
276575681
755398932
910163140
507587382
228973729
321268098
120804188
404283972
406193742
818716686
963244755
609546146
745346607
405621552
912250448
624732582
773574212
566733259
948543471
192983581
711919438
893016585
930928915
477641057
33202583
226086128
668024085
173885908
996805425
494684171
305668589
344018444
454658258
11357757
843227026
659913218
538915096
463602693
229166218
430410593
937348569
977676458
112597777
10296425
699116972
809149333
911781875
343284673
136285474
995366606
846025410
270395401
486527653
334145855
741866019
203016844
287564590
594715507
541906557
3408776
195684385
449207902
686033906
137101304
118782314
796777648
52723706
718807574
850056710
958100098
794645001
13690017
961074216
579864587
895779071
984299046
25368732
576681128
293020533
161590275
206062425
684757966
794535521
519388903
683523769
61078155
145091800
612245194
657419061
727077946
21315460
658366628
401750712
658854561
439364988
287032184
146081228
19747602
234245156
133446368
200226628
554102391
968876096
393256123
848261250
425112410
50318355
727700324
731369917
544308615
735379540
3105424
26593016
204175328
119535348
708758911
98124175
200681097
9363937
598514941
761625471
818406275
439548661
700841708
192193305
830947950
93500048
106524983
726765189
874687870
465260660
390431317
490620785
982336203
613600983
891775096
636932726
567626118
386112759
366786718
975321867
92560412
186916573
964096045
255596203
493959969
372800647
277878399
615911375
936834103
875015062
120974971
317239663
728784117
263593410
908069417
925202186
19025990
376369834
67252807
529110634
15968797
847909817
508180180
46607648
681409064
494661613
827853011
916853939
559215992
954551084
791140178
580683262
956355052
515548676
839491451
255427000
126253863
20059513
911198306
910801736
182774149
852413643
632842362
933360506
887059594
695704157
816672534
4664790
5415839
493156434
474876615
703228894
367018148
623753209
2815874
295326142
672981840
844502187
112600910
752971174
199588800
757211811
437923179
256953711
752387808
943816936
704228359
954211622
95120676
169867790
532466558
470727037
207974874
67113691
274969009
228746422
757126059
20339224
302684500
803843368
711638404
835883656
376869845
440293305
855693014
396533203
558344365
971684497
459651022
216476798
953276357
160546695
913805743
855486561
106865469
462381575
31857065
873180198
673519605
661888557
719305939
540979584
383229929
389791525
452155088
785292363
489969110
687888824
396353693
603301616
488917120
653219763
501481478
409650863
899837783
137466694
386152871
701108985
552965574
637552604
13931995
759247477
956611643
984002828
172830144
826912526
204554524
880235552
681091113
901964010
106897043
561696229
43450194
537235636
224388543
954253113
782561491
370610292
693072651
179107876
120469400
815971775
521292420
628981709
447192466
764110382
681364172
114785997
16550305
827820131
40849815
28403947
225485901
925783603
269538004
133906294
583640791
697797735
743053625
429335057
337146593
94762268
943170239
749913405
718509409
783857388
30025165
86947763
207490859
189451482
341119000
572164198
469377664
162811319
538287066
905659523
385829343
497786133
204659277
867527394
338393850
879576805
55114777
817366983
590048526
671308525
523024684
821987277
579819829
609345332
890592335
953231144
5543093
626215990
726042217
75353720
855836572
891099292
408967679
37742290
693160176
266554645
442388584
303794054
838666527
568300973
576070134
783845284
185821559
419933549
11986940
943836007
729843707
818075560
592915969
268424403
234751677
113618822
819031406
205685360
174315179
117742182
256955484
18671713
879494029
711526286
977185501
981372188
946665883
48908347
175605939
356935538
18861567
68890060
70438889
975300764
573177884
556653511
182715257
1627114
898911335
860293380
460664352
374633362
363049383
166867759
590164438
190674423
379712798
925068762
664410426
277448435
142714913
295903789
396125970
489776363
298172020
862469382
547987217
541618897
469289515
687267190
750339073
171290854
801152824
355499419
102318471
516855900
702635660
399593815
720707667
135296186
714917637
176614580
427919214
229759400
953242353
41649068
810986416
42980535
835517504
918174322
30425835
264222701
224163470
287623083
791612521
326555347
884055620
263206793
863115928
590032115
953906704
778796475
164493735
734876222
140846267
933156288
272710396
29575598
725026585
29839002
544800538
855520046
59137788
562177560
47299066
799580454
847954508
161691048
460784793
109324580
724326175
18210391
82661102
695593104
15129918
466616364
301320839
119639629
955031893
328979976
413623188
45400358
295440480
725042449
217674644
808108563
833600806
504536010
271474054
85209825
819859666
727461340
352511214
265661705
43590063
788328271
246020370
556241971
671533199
615616190
230842229
605237873
944324935
360582319
522921164
392173526
144558491
2686811
826409465
921238760
409591260
210542019
166202901
534358997
770001090
638418511
238159598
1692818
732093538
592465262
134148397
969385907
925840260
570867306
358226581
107671322
335107698
621401524
200321646
8057212
963216260
453420065
693439583
511500630
717361715
112697891
984881286
135208984
649537115
197292388
49065768
378521661
395797073
485923721
5882370
457447755
672016631
829980702
565618828
978743962
492878677
719953594
770277555
863443536
977269397
152318691
204403705
264429201
856659112
552463773
712673891
400997694
741227135
40941622
731499406
471503336
252759532
981286918
378601634
692038691
743824855
96244117
873580623
892430384
597865679
708304282
342494940
97376182
755575545
577443665
772491764
247901067
473072834
767240178
697217433
611239547
708686515
728643484
4931267
500908046
714899624
707271070
36716000
318097410
643523895
328939004
135991712
276343809
205944599
276226611
829776483
242835901
334755959
249176626
860934501
930120689
394355485
545759970
414081151
464677662
559737406
288717544
964354671
461916956
872945462
931452679
852295684
199865645
993915227
580315128
777908330
669815836
621773366
947126685
71910796
720470818
122829225
940805140
891139952
843678076
627726557
67391992
679436528
460394531
264612493
25755614
168074799
316408913
549261517
21149354
597947319
919711575
382800446
266627160
671510633
518008586
273525390
241886412
434744180
822844584
147468307
916497914
435407716
491693052
598355537
115943517
939114737
264231947
539614740
638710733
700998689
829611186
30342966
860499744
669538868
905255924
267398613
809445703
675784740
840680644
83230875
749007188
233390958
442707238
975596494
240793553
687555020
73543973
955188989
259279252
555783190
221764104
512048196
553203097
454098143
868541797
450409158
642826748
301466373
778550050
749972732
876045092
459941520
5255871
378080068
354557276
311658067
404534646
796380997
485892358
278876053
565028643
627095340
649567202
915283954
428295581
768299111
340355824
565904231
140629033
362917821
916901685
951362939
461853068
813090363
164541152
816355218
529987052
566198040
179581061
142694827
538458914
51969210
250559311
127612800
738538243
81707982
449788969
932824902
500592491
567883169
749701909
38734511
134995763
761125777
781704530
358743655
254152400
973275224
215030182
760509984
905216592
495592020
604652706
970728641
384704189
420521426
543464396
109264195
147616794
40597468
288521575
717559514
923789479
629859171
832526743
442943724
775331942
803574515
102091790
799476515
112347993
77473250
939129055
983050993
709024864
554982776
315779360
468942611
707095773
838770084
68631648
906170239
55698078
220486675
935207341
596360840
684000926
512092911
155542115
275902292
321948505
922222482
933859049
534910143
35907777
506950933
526626028
113546238
513875682
776227224
278017340
929680648
339865195
609492065
201146457
231107069
477865051
476827270
198710426
794639551
166205784
960456591
285405226
626151140
148175069
835847171
481306526
286288277
366072723
85755964
466626133
81377235
526558204
986212043
27769808
307834103
223097713
490758397
303294634
82440379
367371157
786268394
786919257
139246996
761708881
472702
822730916
773101798
799688617
128068075
832163801
463544178
85332420
997036329
547777898
402820489
407306459
437747038
90023369
884809264
465140627
291194256
310995380
848874828
79861199
813685934
411190828
741319221
647022727
865874873
696602299
357611757
847373593
591294016
118253843
325212425
611885208
603057933
115412076
349193850
112120129
678303270
281815803
675358059
770701152
356305601
667737714
790414701
73131956
376784295
468563991
789011318
656208801
253241284
191657501
286251652
437873919
292122869
395196302
480817519
472265001
696935401
264351071
65033301
981332317
41207737
518860127
747575094
660592597
342041516
948270019
539169466
281273361
116315912
420495983
788006365
618020839
633553650
683664755
113578106
555893302
168300692
969581027
719922464
31352139
846787124
86733722
134390556
582994401
478612269
772227642
953929888
187461848
467639707
913779413
811257060
740234061
684984045
635213558
552658441
372427828
904428747
747707476
103224898
232940853
590694164
587739529
91663539
618067383
145898397
478763021
327308180
140612501
499800711
958404551
875301333
4491252
250436124
338386139
268559419
359038892
620033042
951543049
811377013
925926058
664359298
229759274
974954368
221083133
530387660
363210224
832723796
315574758
987225850
715208977
929579294
753716277
310076907
252684810
705063971
236681374
686977460
239011591
265462404
837194361
844966028
427685269
388280077
220408794
692262265
558782042
113812573
111655189
572518729
584397338
647241663
268096151
417533332
818919577
766205483
216956778
167135896
522084680
431512612
361950799
718011664
34847481
478034746
597766024
546361259
282068059
887424353
94067164
702742840
495560234
700256543
894990269
901007143
719471174
318575721
747694734
645832062
267689632
907430748
818168986
330427771
449202520
717738504
68492351
714534367
398766522
661580389
930640892
921667724
350288527
306780636
638718819
670433390
675379237
734837834
356312689
709503860
484645694
640535938
635203449
357929620
835888721
703761025
160510718
64924253
196258606
230101960
700188889
913878629
394567534
228876585
4415264
915462571
264156387
948204604
308170823
77222615
960823515
543694761
202754704
117869335
580755460
570434750
305501009
35515172
309010370
902928416
779014718
527017426
960526690
887646120
914176023
764110382
681364172
114785997
16550305
827820131
427265590
493842143
654068657
321052256
519538876
423956342
596769583
384884730
184647628
721574418
45500882
303113206
27353441
947554801
294066376
635822694
602620055
643076552
973502573
176168399
252786706
434736369
907513346
3063652
45107755
510498127
710539960
946715539
556104795
74778994
612478768
826596805
811553695
291263263
653586962
476340314
482012522
904437296
66236298
973296434
166248195
320342232
889495277
897219084
585530449
762602818
803359966
549183835
847484252
182669117
299660705
754058341
387412729
337406997
316011114
187172409
588912224
966794960
839208550
841636905
412541031
941391990
549905107
184469964
506708504
915993879
849928043
992210646
738907742
102903172
772914583
70291010
173078158
42216671
445338880
468516220
260928110
606057943
95749362
935025991
365603882
164980571
435668245
406563354
148028197
287784899
584243089
586174563
219537731
150631957
616602647
298896969
473824422
631902538
45162538
611374857
934913332
36515
289705652
176290972
858782308
288428345
963072610
592542982
420822802
891675002
476478689
760892683
967371623
580661161
111703726
815332225
888110171
98337681
428266512
257618811
171299090
358030780
970695830
299593982
298048069
242055405
108650770
935212607
202556746
115188263
490991811
843732634
270067396
490535765
194730599
150872525
672718578
901131674
780531168
327502222
506424016
863569769
681413164
854166475
573998338
54474493
496786177
298871982
679504850
57032311
889185592
158994613
444291299
532412762
727887697
515686241
932511893
958186228
625660950
506697020
700104339
824597166
559089784
38478333
530717190
797101878
530518105
990056390
832834742
381915845
637363593
773728278
982594859
452825955
8207056
480586356
574945220
766623718
295166356
529948796
519946511
702406023
802230488
675140641
412677603
357162017
463676792
138815593
751301439
403381978
75356856
487537140
14894732
96250136
494027117
989494717
20735227
328372539
173591105
538952927
579282160
521229262
827824839
870493535
644202165
947855615
19180900
329905211
601340753
825982927
655877300
387635064
227881048
870223253
397228550
522101877
106739797
610185070
795094673
72417585
36533925
340575188
238753450
725705936
381911637
177746700
133471910
202157922
933166115
562493452
950925492
140490642
975104568
909772649
877699112
984491225
139022207
615049021
605397607
555565113
949178383
15695210
245590922
113598894
994491200
200300945
729194558
82746525
343826348
904761493
835745323
43216893
664556204
618966922
629451213
973300191
70697482
718506668
150581568
125995536
862510290
569306786
859609106
697471737
281088923
332380255
366709204
315961360
583041537
717948606
217061605
167987867
774545880
979779013
277437748
123629017
52811496
228322271
418163850
960577237
130407717
532665427
271973270
42279883
875336942
129387686
687712114
801616516
934462013
495107248
575341862
426873440
964088319
517654387
806527836
358540952
615807660
204777666
922912092
604317080
524524759
699730768
660980881
167097988
559735908
878703692
109970343
304669877
438825117
678931750
825473385
282376799
625547173
503269690
525565471
663084974
772525129
199947796
687476588
931568948
104967032
335512009
582398498
200259214
404899132
465661885
959067642
308600199
229623107
326239673
750444514
355525648
114386103
233189360
777663368
770475073
96206325
882056534
213895902
540136476
445017765
644119642
182107069
933410340
554575764
689009128
299057644
918954222
511259310
706521331
974971407
342122165
315779006
715350847
841923024
559957957
913153743
797231778
575280447
6481761
120805657
518367713
732596214
155537838
5884814
845451793
355733528
792481425
424406589
906553651
448126482
665023470
909703821
106795591
128940587
602091869
522330639
141888936
142104741
599918424
853050549
935703180
988863655
125247044
381321640
233179068
795573159
627142071
419389706
712749362
970616426
202132214
123674798
61572155
55251696
607040105
282826644
782198105
38264038
169096305
980794227
559114970
983310289
712884887
617183818
481213522
747164371
377243568
268016078
180333270
692983271
104431356
109227687
526871982
126971024
807953754
298004900
856897171
615667690
461889506
179550401
630150188
406397397
658158155
750814449
744053451
619680031
169862435
610601177
38681425
70971630
505767995
389224272
62971188
27426314
628915409
562841757
319832616
58634157
578506448
868752494
851198324
791752418
221015599
69306872
366670455
937261754
383202409
876535503
499977804
172738718
277966874
705016034
43008543
716609672
31965775
484185508
989061107
957956846
911909840
140809492
706583735
283794246
833055
409078636
385746641
307445139
40463385
42429316
75320768
547517538
673688587
564583502
253740510
48582264
575761643
187524378
522294815
28047834
661125393
492385245
691035877
914452007
787728862
308686593
420950554
594653203
309728151
437789664
353587839
463379426
202552600
266153791
111334728
212166900
434653442
366162152
484125955
903796015
937547630
58035280
345584427
245300862
394783073
110017028
629679603
80580420
954896113
264690534
964651860
593260520
533054942
941543119
758314293
305718983
815009028
679131105
262450752
706230415
768076113
779741131
610698552
26856488
826493665
723098943
799893700
2535483
652398618
887267858
920659913
515980853
128598847
702138734
4287880
344052996
935216620
779954426
751861555
410102705
853997232
40940751
975822505
206078915
782582685
630621994
220000208
92292806
585007321
124113878
74458365
291087183
631996094
981009092
472797511
505190287
772106068
453320774
386681150
296712833
682048782
935081890
548154453
549712260
616298241
470742328
270258354
586025962
959311665
679064713
421676135
426789579
439972680
406799594
588640285
810681557
180641789
170374447
772843978
601704182
338525233
380210223
762467681
844537951
913922170
53835442
305481270
248635692
547316089
724800210
79443833
54017781
116701913
212761129
467336642
68591101
885850226
233134104
842346146
910706256
312564542
965721328
501231233
717645224
470374230
557346620
768881284
745976929
316079141
289586238
500074282
582491537
855306642
716366642
201308419
851808770
105337414
452481710
768521475
391181286
440609742
888974677
163148607
406516335
838133193
352155260
379401874
407608130
768951068
544203744
925669035
903761184
652418054
126651641
489496102
622968794
673942228
162354498
51890694
231252891
415621757
19448294
523032066
418316597
490728179
721233603
590973842
407294577
231065478
206631355
623731216
946471148
472090903
201740573
43716996
644611682
774117935
260674380
576428106
971984308
336081583
844925032
957293508
547836789
659634183
238839594
450998000
234347363
258710719
799136815
218185981
825512920
271136709
390402382
879321750
889063406
452872863
434289020
316750442
331803790
634827189
77505294
535877404
676882335
298487884
919677906
717938749
706717463
800185828
717500957
369024384
424807668
271803524
297750420
933382750
149910243
622136694
905588900
622705981
82474630
445123481
25293073
292273725
164818983
353505094
76800312
394291634
687617428
938244553
263324045
842143906
908653613
936746512
327427115
495202834
457835901
759934781
770173340
792326179
460888224
691661813
179022702
576263028
209116190
858603265
290029283
102115589
369911314
680265477
866929282
889947519
460114414
218407733
531407392
334757989
462828318
838908505
180743385
837467727
165806141
509186858
392874405
928684550
598827986
764419397
625777378
442706225
575688090
745892004
516683588
166629844
944207690
172156357
451700702
765158754
462126643
108772535
145241285
906438729
95541223
215140102
267478411
858851171
990867476
260161840
340818071
312974791
642336822
96051117
194015715
609189413
195632056
582627112
198251254
936827858
555092161
267960249
178509201
717395187
944253581
523546109
739593534
819441456
106034936
859209321
772299661
745990957
487529053
281602852
393047161
368072266
831898807
819287260
269746536
937179915
924318681
731518399
72300555
4220562
912772526
885448263
846758400
386102337
658942968
164622384
211718707
742706639
492821474
137055264
120560612
44262063
82639988
991921232
585873083
928189559
398444999
138362584
64502843
936343266
909687763
863231281
845870577
1106206
323337857
577396916
629423018
976704246
15221328
99974457
590341089
653121893
865523691
792254192
146196588
755169880
820895118
14670706
403836356
812556056
569041892
259227035
358260756
706867785
600717607
509169000
134372238
52466196
647913209
652228321
410012752
14856275
80439093
674214846
280794881
336005733
983100265
265810974
13132298
537585328
44949396
268342601
929868388
320410144
648212799
54545733
473421994
169098478
152815872
828937742
376785764
171495135
483848538
781449210
296920169
276686889
452383318
609887121
348071827
75364238
903313593
567702089
261472595
606477542
555282851
697357509
841058109
81076867
299448930
352506984
433023107
242869101
837481507
436341948
871580704
992338334
943661276
912953082
800020100
145602347
857670502
158263067
114178554
992428858
240250721
641279271
799528638
993411078
712584869
525201862
504774046
523077342
595195886
213522588
248828480
585424137
208858451
682641400
965207948
58694885
410806962
71640319
957988542
572941561
543692472
338055760
669801448
686713844
211205091
355533124
663867235
228048113
557241324
917538397
380448807
189243352
291436007
959421813
329273499
817195159
123263485
200414329
149599287
595833087
373504924
797356182
433504500
661729244
669940130
388036806
872130166
527171462
964195805
711771202
1665660
921797134
953745286
177361957
253737453
203847831
667300125
102013051
19887596
238815935
125641058
938374725
780115830
53531686
579353501
655371550
996538136
100705334
266372135
824551765
740531266
725584544
306319324
412740130
446321649
546492695
294022681
19258853
220374774
170840230
378291540
72018065
291152168
470391637
97380260
562891456
36860554
53334540
339072946
533050944
869541479
578959376
514760996
165511037
903932188
87821193
369264244
384060350
194916213
711051948
603763854
520423551
990612958
230107756
628032042
61655989
44529383
765884431
756965153
917557935
392998851
787999054
277210918
825249158
787065928
528693442
325910811
90182606
286796770
509544748
266796468
139232761
539768106
293427132
758464963
222923228
782361334
553089573
935863328
645538683
912936487
892310563
116257865
785939010
490908391
877514166
825024402
928493914
775774633
675625674
819699886
710584676
912129246
493277676
149090855
742553392
364123766
655225732
800004000
367157501
107293039
943134250
919261076
835082010
232411384
939088973
627148264
313437399
202863809
146638915
82949427
138354678
75667427
873859651
831636330
802248825
439662164
286947985
103489863
511775417
888572218
400470609
201249545
952421215
97295369
675042804
17176013
320689295
623455772
785308059
343653126
79521795
652103316
599047964
545509130
431619823
335101012
259977877
682270588
624934418
820814689
126089342
566091111
677739091
95817923
405532850
833684362
715956901
327762693
15724029
323402876
450890394
849443483
465846677
416939763
895713377
864187462
576478324
154897445
897749819
912122283
547890388
771280732
46647303
929714096
381569396
165793545
588359649
128134916
448985547
848066833
947045792
770048375
4598773
487431271
736928656
68157339
299505455
851691138
131734790
7425442
844982290
471367333
398954383
809214922
298841863
839866273
814443780
384394351
972155720
4395837
632097683
576523784
587700397
613152816
40502651
104049736
968256236
582979452
704458271
787251018
627856911
731018834
280440093
533467886
522343860
130513183
89407145
989349045
895957648
437682955
341804976
818929917
186289652
705531484
228239388
998567165
446714785
576448661
314243049
634872437
251580346
25068828
578137787
635626181
42300855
756268164
460653658
674992565
191308001
802396653
97268495
51611558
166880748
622102169
622981292
407955928
56548429
766155797
710304497
996369741
875086919
793753790
608591217
810501730
800489472
434011779
475063893
575451389
249019111
118388661
857212278
327391389
376786539
170448370
756995623
203053456
865134830
578779102
332288407
109017672
155534471
741439809
842113469
593188714
51854448
739877686
503241785
922936668
155317547
603089335
841691905
437417642
45509413
436215331
215373623
821581725
255600622
32372714
46693858
674040792
703207355
999322804
344503332
469256531
466823743
173008885
48499895
636706397
321728708
955659186
767977308
466650162
323749188
953989228
838995315
69057586
32729430
498470801
394714236
557938293
175385917
294429149
929919523
249345104
516265751
428011305
726532848
867480449
326742259
695932571
921834604
65967353
833227267
791313729
402467287
633705148
863437434
553239068
479994504
751571238
868386191
162465871
897154097
450417314
35888421
320575090
379439364
398028716
683122589
775208588
787695021
801632900
110622141
833431413
994304939
396673361
625236731
319208336
243846620
615239690
293776302
769976198
214224302
835202980
806924653
854221248
51208182
774381322
962726240
977612325
207025973
911876531
491034260
8629679
843694973
819728454
615903350
347721928
764225258
254048337
445858759
798551935
100092873
762101174
192058468
161736338
842875232
747873700
47672356
140753898
217463936
500976995
756394352
799444977
451977437
95331190
733856414
861237228
205668930
737807723
593625850
274142508
706337981
870512448
900187800
605317713
356128650
249529655
493944183
180922957
469150541
162505008
899869595
239285695
762725657
819201022
428852331
851287572
881265246
131731725
870251016
641229344
631794446
412653037
465418673
69779197
349905303
344077491
943804196
507487288
872405150
831237303
683620993
811107040
324240494
671250155
564983625
212330818
927121033
862313147
298629915
827203133
172390188
570219949
313969700
492305610
69515828
586307354
219124144
381027747
431752709
482467806
517933704
774196530
226259834
685720639
229480431
730656401
250492406
757650283
777225998
413869777
479255703
889681757
679782211
643447298
577728277
333148379
5345899
432267625
272139071
878617193
271730142
42379673
9950427
241343977
351181484
526758388
113083392
334649993
719018846
68655253
695234867
726938659
153843238
966018061
1797384
90254922
35630011
555384383
835660736
668537206
333166624
982918999
336041683
543951193
481232018
141279604
298535410
917508930
67960236
673789412
828112091
109477425
960815800
888683059
696095090
845547663
748676687
265020
883512649
30532037
989996359
419172239
37840842
96251963
523003493
852155729
814590373
821522870
106722745
981772444
526591472
309175302
865147676
42946923
40201202
737487586
619924444
398891761
588730703
648098404
823197530
452003028
644944930
513618746
479158029
666818318
269168077
545431132
817278691
122299970
840730673
871254961
216827299
663405624
226572244
810400284
176741295
848195700
501990381
364576114
93025468
278043210
913029518
175756192
461256664
153601729
662807311
522658825
988990626
270237849
297244491
182385761
307632493
571784403
502016829
11598979
327474692
43922005
288565635
732201711
674495276
69804632
975138260
212654339
329674443
497626255
961842781
308360370
960489630
908277797
456463927
901595648
889756006
4444385
12665918
771205972
502105970
461100329
669128674
896814255
733710713
985666760
649831027
498506887
421172312
62182715
400235768
745311898
338513417
102150294
721323371
852160862
320445139
712488252
49954159
227911077
936985073
7753011
30144860
510353326
764263540
358557537
871704336
948925206
298037874
584042804
590885802
166775960
789963584
454171275
639825885
825079463
778580728
863994887
121823698
535891281
882826480
590596693
374521885
745817079
465197996
123362527
686326314
229746021
832005005
520458081
5942107
884408395
203227600
488888658
384487675
486133469
473331639
431616599
265325326
894713422
524361250
809759798
721517799
971285764
73781893
65921248
361154753
801107169
493775676
387478664
619212666
938610666
968786072
818932115
977425483
918862278
975978019
485018766
258557534
203926103
267854834
648468603
712415942
651926769
384605615
504317469
939488887
838892431
714555845
663633533
996046789
943507401
179604816
206247691
369036793
356982072
937396074
50667883
793676862
868289005
882156762
504327458
963658176
377321903
882350103
975090584
846657877
774254487
521867577
706678690
998685173
616672723
493583091
137937966
374568970
274549427
856000986
703185762
365774076
753475288
233121215
16880472
24654047
552529082
214531614
380213151
706475380
857685170
207078399
593465260
702938001
17609153
31332411
957279235
251338005
97228352
681227630
425147697
238458961
592257058
233816853
879172987
666613601
791519640
709432583
28316846
664489462
429775966
973369995
401285231
7262793
753007117
561887524
869063852
598394928
751463298
183487482
426478678
625310341
993109388
573068645
667103145
594918849
944682342
270177874
233094656
626845360
122627135
934650819
579906273
437519793
566141842
721932633
623156599
58800070
4645232
876682360
938594557
209840641
453854759
359515455
950895312
357911996
21462868
322203526
608574762
284461578
406444275
386339829
314420405
873073052
913735388
273115234
129576658
385185427
183801750
687011355
834335218
11107730
481086696
573141103
95605936
606779818
162076264
896222184
680179038
467097408
589011791
468861340
646006747
881664057
69743766
511059879
602101690
30606886
995745336
52207295
406565651
475387110
76626744
360265211
421197447
548256963
853562681
861966978
68990801
423783340
137917627
894191589
142264145
523364040
584066721
838670927
565717525
459070086
722419232
73591458
886363266
700233488
38805721
60460540
518831911
692063229
447902625
25794754
560560922
897382310
883534336
956483195
452457579
316868616
485950040
555682213
433776930
336070672
734219823
506930066
728999929
425076454
199651129
675858
809091272
637238104
552356818
577754025
712567507
286453900
213106302
269316804
415106319
627537755
815479821
155154460
329778836
597348736
514892923
756633955
944447830
417021740
131890111
890896463
862529541
404973020
32090255
568671020
489573010
591538225
552833087
360801417
629882126
873494522
627135119
54223193
679299138
958626661
374847248
821385215
490602613
80515792
91526173
611413696
545100482
470854944
384749464
802621216
764311696
324023431
156547021
856320727
761190059
952840452
307367337
758283603
122415455
213564888
823884866
155622194
39535725
188753725
353267390
655348371
828101791
369554654
690434275
939186403
509860994
396970388
135429027
395063410
302303299
463154062
838460611
8540272
324461987
784590659
100899599
925070020
22039356
773745194
573929378
129699980
920364741
194217839
76480592
458042683
71064951
750368706
740100835
355634064
995456024
730992152
982852414
241814891
287549488
877699287
827522488
544587166
244011586
610983048
599476562
370451147
599866566
215658470
304905680
240320541
310684050
516672691
888594642
849951324
684417176
823653714
662180280
88204490
927959557
666039306
431142849
237280239
990705002
793378278
743046839
292141088
913967948
166732896
955287280
320553239
245365722
954768826
74970123
549097460
315885202
921449572
684779739
436195432
896722997
744831501
877915802
52301012
393271749
241841425
994244709
739783720
552036855
132479141
964335958
635342861
485945603
139037319
798753795
264364968
910776770
457055705
990447224
747465399
436577848
153708093
636785792
467165374
690050383
50570382
134604114
662210900
880274685
446278073
621187518
279716428
430654154
373469680
169567258
64662284
208870361
334967079
18473421
177454631
842595287
740146091
223190504
968761956
376489323
116213527
792265699
432089451
928282454
584833145
867317505
872026401
377687527
317372423
418777805
190149527
299581197
162314293
232222837
100424713
784754250
173919219
240080692
33443704
965534584
572353285
222859198
640280167
182798657
418325019
709191105
545440410
899160512
468085746
536420635
705181417
427639381
862075914
827621828
204202862
510749948
459257437
228869856
430346226
563813667
8272796
174990101
991725652
849931997
441913113
860048042
794050466
170244813
625984957
896605161
99723567
306684384
733386988
565324141
382531080
697872080
416178949
403593100
719093430
763219989
341552942
621330498
881039794
969554885
502319073
60430371
906627051
242183884
377269340
998143758
605477817
862975249
970572292
52098048
597549844
843459042
719356784
578467043
119510551
972904962
327204774
710381630
601203786
294736610
265746590
922570971
944568852
767196788
828241989
184456001
638250297
277005719
309813020
776163786
820226491
789601317
335123623
284007555
889704234
839324348
74736342
517116893
363658680
515031822
696573565
479084556
916944796
587889414
572853284
32019608
780858793
912580988
168497665
617177952
724622624
808169901
50604520
135755754
994996101
290579285
599223180
779247897
738821217
677277106
565485633
316732279
131992268
603195107
631624633
441488814
776803095
738767946
838564295
340472383
364315145
539732217
688448158
961687462
669905353
259966516
109268941
74290761
969480154
175527898
50423853
130175831
740456528
906933906
299147248
173229995
992517270
740676772
91529338
266949274
934881084
867021957
26212523
602172080
231383203
962979473
733751960
483800725
211285523
468074317
479630723
286921229
102587496
784995227
122991508
878534504
722575861
92653064
9009613
846330768
937757120
637393091
549276179
642404691
482452100
924196846
521954972
519393592
894068051
506158701
282185013
86965288
860560293
643221000
506884546
644496991
310857554
104919139
347295787
111137981
233054461
932833181
707808386
385379382
684258062
576847026
638017894
285523412
640984987
211540200
272482996
304550216
838930717
923647752
797505686
208330705
405423436
3925480
291697147
609645429
729419064
719534005
147215463
625609970
350284438
38167352
528057242
698702994
226826817
99549418
871353815
883706325
617477646
891475622
552754296
927078128
966039921
174172296
492695715
298849856
805376933
203516553
775116537
810929228
208492614
97250405
820301198
950072572
101471631
639600734
791990967
483694034
585787338
330943178
604218861
722468191
188295692
423605863
698810496
901812605
872789618
629208324
316652886
231396147
267553481
319714829
909926068
189773183
261472203
910609285
714434316
84221765
578449081
819498892
634486528
426689368
936502230
862318676
358395380
470294804
69167944
930366782
811642069
627556814
583176434
936063593
167804024
840922702
413502358
690311284
585457489
477544403
574364073
467625069
719446120
833463628
788854843
24078290
338594093
284556488
678844431
899957499
938202463
713432914
454420654
784306101
255782238
281964633
310961449
984673991
485628320
674272880
940499533
766633154
263121886
62916758
822271526
604512939
231037161
566185318
425594534
51020398
308889154
197329238
737001419
633610977
982836268
257639871
581234374
890121119
987176106
412457915
903705957
186419893
397873075
763368854
667462643
712778838
656759779
336540364
873635408
815374893
719189289
81435351
26497461
655379092
661617401
684769816
907884373
931096848
140907258
607652876
408982408
337808711
90814726
88234531
968192860
965306289
799292323
316761553
901926269
18605046
799732513
61772609
460591379
313339742
500205238
378217921
350384322
652038080
637351651
450702581
695449957
673811290
74800533
187458437
611089406
293926213
520305011
575912973
122419127
375981118
618844214
508756880
309702638
810496274
646920680
85593177
432221373
206939597
152517853
619941265
30065631
3835226
610139659
253516784
153220863
394754059
109217232
830068885
149930639
612113430
736484547
38944509
692728048
706391501
34589725
491539656
878856044
864430086
142302671
583418073
600113123
696084847
256681591
983511246
95774928
573956613
453145816
179855278
693682181
251195895
658814422
205862612
90699016
442513614
858735629
187726320
380455972
144327199
262394078
415085961
96612952
307287715
569520809
930760628
817789686
911106923
147118883
460679953
965948274
275506536
752181569
781600136
115957327
791538925
835828831
228816222
57566460
760683473
517945826
482346097
894942527
748266834
367807509
210221261
500107411
619655764
867063724
884257280
756937796
466165801
641817440
511323800
780859060
998363527
516291297
456928814
895517180
98451852
726765769
737662392
569357136
971656506
344327161
562282728
111002133
628107559
333341638
6819100
736481695
766536941
384945423
514851321
532347772
855535975
393356895
223688736
742427907
680267797
314040378
610347359
932418770
978522456
49694282
107445356
244655081
401001225
785985988
457211562
94688480
31804458
175869385
822381925
60758463
245841811
437794379
701713547
419179303
217645457
192049903
735294308
107250357
368373335
767706769
533784454
304108826
599402978
179292719
671027058
25034114
70262144
442546905
590695811
483203441
675211786
722775907
135121685
979811237
828565475
291160707
688893301
316071548
111508070
8575992
885743867
329901020
880283596
946112778
552023818
11201479
498592063
682533167
33912010
972634659
226168870
367604466
460421104
403107856
841212425
859555136
368472492
855768541
99085305
734552283
842129260
767347259
14846392
302044226
589422587
910668090
901787727
20580118
225848074
772737193
726410447
23842354
589253657
633417963
255862862
888697238
647861206
109007000
314992976
222415609
380332515
238520704
832625760
583062479
418582563
652378113
187981946
580880143
356194402
270745063
216479888
807661666
795148776
524489019
397194010
588589934
373694612
555318206
925477842
7636486
40171926
551913311
725819872
985861095
801451503
956203932
994944436
918475064
466785743
480831010
572228003
435303476
101757803
771728953
367527805
241829428
781755222
281529570
638741618
792784661
594386549
999208070
964745916
869418750
775711858
123656435
948203138
636061049
758508840
708462670
76864360
587101980
344244880
977795410
131196737
53951185
44194233
883096783
768156403
222303743
2900127
673444576
707017451
104468555
280520156
167085692
32055206
634830502
297920234
249811673
658660398
50929033
775675053
326703656
488710143
350675189
919669974
102451750
354595475
844609089
109980523
754381657
530324731
663532357
76630113
513571496
32017170
204521281
128299166
195630802
631591427
769899849
495715899
33815606
507010711
238182127
717492771
661406082
687198745
800852322
347274132
899483504
12043903
245213991
557501323
397178509
641941138
279007987
358895315
309745648
357777332
658019483
362979339
82779049
184892234
537350493
320776595
790125912
423822043
365014413
867861742
775548692
201134644
417801630
43496142
874592123
903583627
282271691
355467306
639378346
47439347
884926286
131080455
275973409
292859662
645683167
565079120
481716628
43102559
151230528
146113296
994487884
399688875
613331104
427218097
528555235
722246529
455036073
977953070
593716817
258818970
987652068
709496781
253681953
87115973
693446261
961080493
363073090
243128480
160333136
605275371
490693346
702743924
668473369
540729176
820652769
934905620
604461250
474056864
522807307
37157902
436833458
80165618
605078050
269224273
196717369
761149514
765187647
147832733
855104452
476174566
255895836
873084850
135880909
414277880
65697013
447435527
97208566
410863990
799663239
222129148
371566162
741638104
794642153
437399519
612614724
355496147
365249455
102460198
743281763
974500491
948894579
585533467
294668273
617882180
380878729
614365852
450083596
611013642
206662055
76249800
188581193
488529845
184666647
57187190
258365509
588742340
579468388
723836799
129792236
642304047
45501004
350047323
217985060
362584443
248793587
935675091
334401644
40556686
876116383
234869939
217837892
101346609
430588263
77341182
14220155
292905745
880736718
925225485
117855557
276188286
891240362
274599339
642720080
703022945
720254920
284188286
649330665
674612379
257849289
291888812
874880633
336550966
151151182
945220661
283845344
973973458
333331107
584659491
461356282
549045319
505853443
610649781
278538743
883117019
181471316
792162186
999298718
43469922
94158324
267280044
365000948
117132728
857225911
925928200
592853495
574635140
118774302
67760464
627955399
785260008
924696750
235970860
844066470
514075062
471240834
396698599
642637369
200816909
364684695
611150548
737299886
602318835
280995333
304189729
774750521
282071696
311250687
996656668
475896559
247270013
517608987
824561024
679514275
870203367
44162417
291496387
824527434
814618132
916073168
258075859
340800800
227849940
768136780
379255616
38005114
353205837
568237294
253486747
759326579
264829539
709040743
422747664
776823654
744442483
380953261
708054081
342886449
252917033
70671396
13819304
776271270
553413262
285951612
770516406
791105185
541454852
11912945
495799656
438980318
133065615
469903212
363222110
286909659
239161707
202343283
610629013
893874560
943537337
37796873
613971542
258035820
818024607
312361340
134019121
598505483
465711232
835584360
778469186
530963355
72726405
806087690
607574611
668386093
723500475
94565374
959985012
107552520
420301746
36836913
915619162
279078081
806347162
180750099
540787702
109287784
26588726
480660067
248886526
399768630
959749464
713786093
528264895
603023475
471509815
492842614
589338457
932403306
217792859
825515734
250341358
824075301
113256393
656614809
817019805
727710881
522833287
699079406
229256674
71220892
692450696
454120566
422720533
288684740
519348250
543942728
351176082
399021874
219785649
931590582
136177019
789492414
667041825
334776945
166224900
747239373
364710665
491295872
290869821
467951428
952293654
589730533
379416754
328952992
145056270
874834437
15829862
588659951
593438752
143187648
98494191
740205556
918749215
766466436
183224570
246990723
226290590
744077299
84691493
963418709
475080982
294429329
836509726
192286880
752181165
811596108
533831567
99401153
70842681
115270410
918251680
891866624
509947480
156594893
524300344
916221649
606357674
415944169
918030346
90970053
311319269
81259440
864004981
625772826
969113832
387508955
149618296
328950568
485431983
73760730
744549585
733123105
308470840
58841646
504531616
299945226
314368138
90281185
130634814
128356850
435356258
823873863
206370984
317464878
894780524
140116404
151569430
332392182
385538449
614709983
16321316
126477488
412050220
535523684
542298796
537333981
243286333
291454224
605649522
120115444
810899393
704896610
708076666
165524558
476241686
403090263
284042587
26520960
389186157
413233121
295786591
939809461
266650340
142704457
98590217
821612540
152113383
992816013
461310189
237374321
977446273
407930000
742231144
918450348
38883159
732903580
830364285
752257797
59883573
728132658
917074249
181392025
8111656
266448887
131653719
489320304
957069149
331044076
881204638
540429755
594182530
291399588
823510273
320514523
901816346
797772884
318675485
727411128
140243774
516418638
829133495
781302296
591951353
908450596
268960084
871692620
641216329
301155746
348310998
537847877
30762939
825504107
34961803
219894117
436512659
468650496
876572919
662727939
30216277
808446155
194929771
531729942
350408401
720241409
818726745
913397378
161464796
696166174
521555740
169779887
600332933
325052169
581972767
241914540
799239112
675136345
334024229
488830010
90488590
150126923
993776785
426874809
724366615
978831763
189934369
533220298
593168910
733105045
786189767
707924888
8099102
242863420
194868946
695126375
763044701
650406033
156529137
844785369
912020057
839654083
845873482
951268948
483280089
88306307
345248805
789263506
796044012
283210265
638671651
475608614
40426461
542061240
374849846
214933946
875986152
292937219
927105669
431139643
191269212
644808352
68538893
694833098
538037793
969965424
794383492
770597380
32527529
880188323
805828391
815132108
290995065
565438193
316723517
945841827
313593230
10550040
602983215
259508601
109670194
748200559
273165634
794654551
217203866
303672167
984097709
722288077
488791118
375593630
628127471
141716481
738191308
244287806
361061610
955710512
230913575
503287971
229135737
498792427
385991873
363087705
192473898
729736887
715873056
44038400
693436299
719605337
875503508
719830269
296380929
847255918
838038695
249335230
555564147
72729258
135354609
422614713
481013120
699546109
585972807
4236166
335513899
893193080
331498144
499414859
21653321
32222434
935275621
724378328
453312967
533708312
647703688
423789962
121226408
884622706
955888655
334369875
58710057
758491680
291827813
942152926
837491234
866757070
484992855
28721063
555617540
929005885
196945182
351522804
97526003
565150015
101439846
16487143
895812709
343813626
652161593
362914892
872499910
819528273
467129335
588267233
27853711
925586505
307613243
880972811
245761575
285166001
188455079
56341529
976708106
716189174
402524909
83693081
596041127
543259331
858457680
275192268
986153295
922965765
893436753
570288879
16409013
973233941
538884938
493809086
441180895
188910083
10418528
667843543
758147326
824157646
405110365
46960244
22686568
490127947
583388961
923085951
285388301
70012995
145425116
32232683
207237232
487778676
787696279
201702549
780193531
412709642
75632028
536778276
718287908
238132235
515198165
615892505
307929532
890777770
102661055
802287609
365607446
952689853
324556967
503422939
98104064
721810157
569575884
338500937
156533433
720186118
290033137
114258260
374429550
399011035
893559809
260963364
275977334
973830042
758991809
523780760
736332583
219999979
502731688
576656576
633055724
192627415
94750024
740668474
939608169
153569162
379389165
255019190
523907258
655630734
92719413
546696107
735719024
486504829
333728625
472085646
446998763
908371568
507890383
800868620
397387495
551315390
42412642
314102140
403632960
231727180
634786201
301699626
906826017
614061852
162526860
410566627
696988462
30303650
747930742
359384145
532215345
795632822
920170015
870253539
891759568
211468988
127080129
499804391
14672220
251976617
683109988
567514669
268862427
210032302
177467680
434834316
354753662
890801194
185204302
471549814
8159752
338330301
696162814
31865874
893428359
588309197
486000583
489862428
845088745
300543990
548684894
603661649
712885419
232661093
526036567
908108983
486531028
708977868
689666824
700262949
656127147
417033377
983091263
610300474
726363136
108168711
90714784
925687813
502804532
178217613
652317213
826865165
124056047
579647858
967413567
284264005
41988215
509658172
92525575
50309888
431462197
805785781
684010009
412327025
686529491
521048683
804542565
237448061
713771793
334848715
809867710
342174004
227188956
802446662
684432064
672586557
661505239
462325975
540029014
879578017
231282110
403145317
118660260
550302957
788490910
967425261
458988560
961211060
585681860
391996900
939570581
1922297
103113030
959444753
351403711
460437192
745877395
616897722
995570960
242497909
849066642
38018403
240212323
123827996
239125790
780350272
56522636
322478194
358829421
194655013
700862841
71716819
830040780
770561762
43090047
554494955
397267336
458323162
996157756
489506923
744974671
752205981
152186107
686399153
834092377
451585807
572293549
987129414
134261842
413905039
704805864
78897259
575868652
332722699
920134987
566127424
356916837
732962509
337362068
666144323
822281173
617214499
997582828
699452879
321201118
630304427
201207247
999681532
574840341
214661421
881314569
439470463
402287552
253524180
158025460
106713130
363081667
874374800
391602104
123898557
715802113
888793261
489349218
589978172
55819244
61509325
433190267
135742287
359594484
717689518
513226818
679864262
71220192
502334050
599379879
832340388
500731668
314251167
356688187
966373319
995705747
113824890
771070087
562623525
60074301
615862779
24306883
98382155
787527574
741210235
322386253
183769064
257357065
43763720
441444237
251693697
886163557
279240477
971462382
611950526
308355559
408661411
5765699
143111988
340958444
441551448
479789855
917080517
887683092
438908479
542920916
360377153
959942598
115509534
359384905
333165226
218556200
120211083
258104951
665064009
675145023
503066460
465826929
184856483
364824889
496201698
216614648
436135689
996765071
710911396
261328766
700668145
824071621
399055950
931250695
738960991
960742001
569674215
344392758
243097446
898258403
183899080
358303104
331159054
885725111
916813971
44583051
239657252
377805752
958395719
75763706
268546090
121140057
350971399
277875693
750801302
210772364
757137365
13716039
44991747
243214732
905328387
667935338
612378176
544339284
65798707
585414709
467896453
258067349
790210743
784145503
930629929
663011012
428638341
861691349
57300751
108022189
538934027
284785796
954858129
167634401
839505138
772851361
212998974
478354960
348997817
45267437
83333734
31558574
144958978
252973274
802559236
449618353
862057201
511532961
448798685
96396193
506315222
863613149
617911800
500248742
190315229
466694677
364426038
265991664
867797023
525022348
147548322
538367731
407490521
466510951
88361505
357951828
984422858
427858887
789266793
893395515
921764904
784197400
743048205
795628793
471384039
253468879
476373549
559366619
127025810
297544555
245159043
234279913
438416267
998933319
753599717
732664990
631994951
992469744
309105960
319774717
782754010
110081913
770014525
533359484
434029592
614022358
461047673
774933621
249652452
140521357
457944115
314276257
395475616
482530610
960539119
297952110
803530981
117483583
700095527
491214773
251426648
578916238
732970979
70165618
902213295
266203670
440687523
630491725
753693974
459676635
439988422
607460306
435593024
944654126
678432021
699267315
597271758
595937279
416179610
585909754
20784754
176639890
747307618
341252267
367057908
416915988
132050387
965414968
428643502
704953239
702620710
362785358
951554516
121012309
884532994
560936287
612503124
713845033
741145347
102951597
813508976
997481356
348872737
685146828
837445071
165228336
403666612
958709486
161696565
800844424
660572719
862403217
471889885
941301663
528866658
583505135
662596233
101766293
624363082
570400035
472108077
792099446
886627820
802861949
111806464
354412213
923153998
404583287
948712803
939888013
808885030
462102594
885803280
625548088
847517414
621949731
899186274
479385394
3057019
369131835
314939784
80842104
350934300
753747599
926691715
890755128
232103718
861681905
822283770
57719268
827402300
586329434
406293257
332574435
181642103
887430043
718354612
804667573
732927418
692879355
151826485
617316659
214254560
430130764
710914502
172366265
732470921
366052125
668637601
644606821
580110626
12795758
776466801
828272211
487710869
905002249
348702454
599538463
373832042
434500483
802874875
256223422
551062442
954776944
371294548
691977823
746930007
721752058
160980961
371525998
38042042
929461105
306537611
855382558
175767695
208043694
829102205
637973661
343010612
249674330
547981070
826835025
931662735
883711433
499289119
181342201
424929304
605325220
501927768
374611259
208485001
686010900
491240815
630407273
414366648
978579288
902880126
559111009
394777752
729373084
57535501
350634239
551575045
38627479
882321547
18441438
916553949
749814750
203447704
798015329
730236598
280143042
434263320
266001643
121434883
337620604
543949930
207416623
230035558
257600608
805978888
75334520
543293675
426737046
26936992
751888122
506218079
347740937
26848934
370556665
235725816
411373259
640807834
268563921
892497131
407141139
255152020
474279689
764931364
501011344
162213739
412799280
415522751
58948327
706723500
253297051
611657542
528420037
729422822
524149041
11560400
944742694
905768605
48265209
348150672
925770106
605250487
634506683
14687426
162716332
611128715
60220482
362768101
590679786
575889798
422770352
564068112
929437011
535184603
188634206
148246923
722748905
718105432
869413521
66681720
552582001
405995835
271219118
372167905
945581161
880049456
610674781
522179505
465758297
681007562
354849374
395067351
433835395
870912521
319100468
461689221
558101021
923024929
907417021
120097094
946097068
824980970
618011307
802802111
218601691
121521361
385758945
806241175
431622677
334358201
856351794
680958925
74084925
743602767
19739742
130372181
29386701
626245017
908347701
777523247
977670537
351287947
854301586
667439509
281790370
538822516
267213278
628591979
455675120
692965000
807630034
602731382
674331180
389808274
702912832
998598960
847688586
805130727
747188562
617491248
268535890
706369670
155566270
45623432
379605490
334803808
748922159
784102273
95407968
315138193
215453021
175075738
46204270
554187701
777717020
55076428
551914639
454322602
839308242
958869274
648460759
368019043
619635976
768796212
62925730
966377790
556269073
863954548
98837436
65957462
335476343
736605354
50007061
124034895
511277753
197833356
763075628
443483948
71601195
387351162
922098572
45980838
98394661
694088387
863783562
869047596
813043983
598056635
432522801
722524423
743126254
618261352
755098616
26802068
893993863
585649284
91235528
835455781
466051267
716290805
141866529
498483282
831584939
445599585
399354462
577674718
142012741
999701619
217460533
800755907
940964080
615681778
479828506
951472350
415607017
303598289
822175923
562695207
841693770
148685415
351980710
574402118
794237404
585622948
486938381
375848110
373833581
304300712
56729424
859039508
572100433
152061927
940159932
590016683
272407421
408183960
254813374
763178630
277279056
45270243
314006405
653819916
894922212
969090175
958729936
528815375
948677445
197239867
658329331
196441952
57507376
205796775
276591148
20957912
141529467
852130059
205373009
330926794
652492518
689311478
199405263
901589735
689655745
724197245
237394697
926257658
530940115
51253365
460707304
789212579
360857922
742913525
364543241
747009500
260646326
80444190
255120557
506537425
743104319
662287687
531324660
597673935
194359713
288947237
910344030
59457432
191254421
115630749
421014744
152440933
418575946
779271912
945680010
757706654
616241773
241902071
833171154
193921188
310528860
193428296
514258699
100013446
764450430
150881566
25461984
737390823
811321863
992216917
356524720
253498525
649769041
425732610
282150330
618501669
522066497
135347721
622413055
168640091
736497074
561089263
224627892
203935236
541474881
189854615
670259319
123001059
170413664
849839137
131680249
522753980
762856825
215577011
20149353
414753060
539442844
746594244
403760461
560190075
214462828
954716914
912993149
730715041
271004457
187705685
667039348
699693907
353516598
146052305
195843831
994949199
922908320
550503367
663518570
514728520
692504188
134033738
13179132
859064582
692643469
56480726
312315989
489972666
659411867
219844238
813313600
509809865
183904099
711149944
451988824
826005725
697916584
843448924
536101148
20453688
357163997
860334762
917745889
467682220
724859277
185770954
103768477
277284682
214566803
547479439
293560059
908532210
783354704
156864018
564011885
356110022
373635673
613216155
342423070
599839809
565712341
881951375
921842747
513981527
599460485
576934201
979314160
977484042
238860261
23691151
170061257
351475705
707805348
759238041
710985280
616037202
885385971
112418744
933161350
495023828
645969806
906701995
774315176
493729694
510094656
143654159
570016161
912164448
302987186
470767074
530651694
637235619
33892306
992835889
298759617
117910533
861069322
403842859
207106962
765296201
21485893
865009630
382217309
25451506
146968814
785940183
931179183
241670251
59630310
621599498
932492122
465850599
419200319
614056845
310126818
837006965
419702099
577687242
691091558
402421890
854777139
289846712
648159074
723796013
40568098
828179688
662977068
612485348
605790587
316060627
13133184
613028400
937865688
882013170
231174940
859124591
261405639
40444583
465054076
725226518
76829913
66470774
720329971
28350857
626449918
546445476
232946157
131263299
857302093
690334301
891599308
261498626
4227785
2901109
866535395
70520349
177767534
275649430
481983976
816800150
453900343
111057182
64687271
434266937
385784503
182295572
567884967
736648562
675670442
243314339
339605436
827545182
440567653
525828724
920596489
994122295
437585797
351826951
635940333
62359412
797560584
390343940
308585605
326207941
735082465
280358922
990042778
458127764
679890352
438499451
62982195
769143943
78819152
576604316
584884606
794333504
843864965
374961613
115189979
950612497
88782232
407633340
451822894
343583895
592760075
247403411
877540687
90479005
318940188
695223070
289301927
316403973
376477047
403447763
73802826
530756999
401439514
563817813
266491737
444730950
690251347
620767313
136539643
951027886
621553927
661921810
182580352
868025876
196691161
905503269
807988042
150208191
1421085
776616419
410496523
368814684
343883986
637619712
992599261
791539414
153245941
558801229
786598201
778308902
462936715
686425913
197550681
100111074
624285070
667993534
360496175
965430698
406123673
478746720
782537532
795430750
771195292
304280013
396944547
939794294
209982163
364965958
884304983
285302897
171024887
835810223
68247939
323703026
372614402
880283596
949754896
571421175
502195539
354740422
222877691
35706719
273259513
161676147
356829303
282075957
314541362
95765458
279886682
240558811
55123641
808699874
593861855
674599109
526493401
42378482
883404366
627921948
680728109
919451777
268908952
124317291
473742174
601402618
307032193
466851304
344132202
13078596
115170923
643894475
243856883
576638192
333750763
639407437
443746454
607301767
963201025
614427268
395262555
431830102
528954079
135062382
833662126
887027215
971156903
904914659
238988025
341192619
168230075
983586799
73188838
140700147
603627841
902734418
125024150
172326639
793458787
469074125
686204030
846104348
459357792
637960909
896087057
697099700
343658542
457694985
771457419
899810765
271723282
475276425
128913775
696493921
129550653
776928001
608933801
495787226
606891288
404909475
514536151
196620314
815328637
796029323
299266487
712431126
530309604
832080501
633898395
209113321
131398116
886847505
994582259
685013676
633186611
963009860
946762855
694610603
76213665
816317094
654254261
344120331
847687523
219239407
712959938
672018626
416456661
482282872
155337064
417970300
716324768
109425181
795593431
404341817
677000406
858753968
693364077
602344092
284594668
696373720
687849924
396108943
956623180
665242197
624599456
621687141
144156878
220591848
57033102
469847984
59449631
461797669
747338386
955629455
814592824
111554884
80256879
233004904
16718085
28105409
453492494
889016411
584561837
545652542
652730308
146875825
147521443
142836121
844757619
532465427
167882322
535464716
391158250
783169275
528067858
102158756
389897114
631215845
17047012
351735925
63345745
885113551
940824151
513557149
213293919
230708527
553339629
935209183
793676752
98670891
921933639
426101645
188122199
566748295
980517319
627747142
431485104
720906861
751458696
140459993
977696960
320984143
828102084
639074631
798784405
888926433
492475705
829814347
939392642
175777430
301556659
445964355
488730187
717656164
592210039
424103621
935456685
372299177
481343299
666647062
803359782
561588336
993834382
964567572
131684181
999148774
417646626
283331335
80014647
33232021
334740908
898974568
846209741
141979094
62699591
265706819
418737284
280938093
860317667
114902845
174964828
215200342
896949408
766468620
618103231
678041446
216178356
170529278
641659988
679713082
946082501
116796465
556674602
695563540
294353434
250887165
514892452
719012214
860354221
226294357
448275925
234535993
151108927
925946782
274827858
905813933
868477091
82017228
155056217
107160230
961489032
588304506
385871937
330234483
233694187
338067431
50351039
223903696
532752702
397308354
828470136
557871140
814095158
807210298
827811568
63007150
180046371
381353294
45324242
183640699
157436570
499378459
264140479
783039614
765457397
98472697
839320825
752520016
522878628
991895289
84014584
391129880
174622634
1454151
918155378
444882090
830289686
511011338
698833951
948003310
962606442
63275518
171207419
70468221
506446250
362617253
128105378
936164820
475997912
669740764
909534406
767458690
262388711
451234312
31870355
801555989
534000001
192859565
598552650
241133212
305257234
132600941
538349204
422435633
856251020
114057827
177393658
700324015
949455891
629896141
650978966
364437174
858068244
992869471
374555642
509035076
655139284
105260041
471098933
364813488
400863775
257626322
616473476
729422785
483952732
364601837
510580763
554090094
403475740
713310351
923863913
511522573
990412930
926186709
838188284
999290437
786180371
48101192
674417007
695180662
574754420
51344328
53094307
882901780
988700125
428392754
675077887
590325431
317331216
223910287
149142585
608784839
535334323
264845261
974944585
887302222
970952136
145115327
714635825
916650845
882268580
736878696
20670969
690960441
231377333
791442448
875744735
493048901
644243179
36846136
129599331
691213221
218880875
260722199
687427529
570566867
895596246
699290239
296856337
828234650
202152073
474737731
667778416
319989833
518574270
886295246
793399987
966494159
493631184
233007450
107858240
692515380
86833028
103268783
977341345
579356672
23079939
63902672
43220985
631029303
398125513
36038707
667647983
316976593
810235212
992088981
859781196
357129595
679261377
64814726
183976642
994643259
706373595
933013669
553390570
773852527
384196257
840524927
488843216
74122063
730494692
346680673
457875068
17301165
881298474
965441036
495705572
194257152
550328974
848337737
29063796
249111150
855538581
808259728
806485852
598975533
849473806
125137762
750037399
321999863
600741015
871742807
224606176
589203369
676780013
855334400
648465146
492377312
964100461
622311570
685408881
811337026
601311915
785424850
7823990
992378489
877022793
838239843
428754513
807659622
476321183
286792263
776521861
858838258
917626812
119879512
502929463
653504409
143664318
885221950
204820884
17878110
431376309
7061067
735641117
371797052
921567863
990522548
953091928
736010291
688060142
224106105
610314431
118400387
10413230
942604657
882159704
965806066
782124509
566908251
707255156
424442527
15312512
684731979
449855902
616011565
483635576
340597763
568107341
230072761
37615702
730215166
201216326
825600808
465480714
566520524
102201686
960034038
225531409
622533282
707264405
373783644
874967342
715264397
232087608
147993545
834986910
289247355
424634897
547051270
188354738
183965507
529940813
90752995
644203719
609829883
642116611
888953033
818628220
722436954
401296514
178509601
320464684
553155889
939094093
880708945
293771570
844420248
888698508
484159858
787788716
84472530
801387084
21688653
898704528
626069755
753130917
2760971
25903969
686478632
568338447
405270540
677958238
40836095
584218435
671287292
168722474
212065523
578200455
565443387
89360696
865959997
792829248
734012969
611978059
708709675
529834638
718548430
526231415
104925919
816365135
93886550
248203891
433298380
751350351
18484183
217501857
661856334
623982312
955675232
244791048
808702496
742878099
627121041
491011105
840088888
210671826
193834872
216804729
497842859
27826871
207595351
173139639
937575515
695591487
620670856
58042188
422748932
273133307
418203338
285325186
553820305
387110018
530346572
356095504
459511990
397322519
301421521
388002087
858814396
355660652
322871839
907518720
512871930
774183649
66111071
894338400
492874859
390342769
881725329
680458442
930526683
979422839
169699081
304266604
512553951
152386613
946961054
6419425
987138425
30614773
417067481
913931341
791245365
751681530
843637364
934194848
763245879
457136751
1535151
238712239
591640666
10488169
856022807
661053702
59686687
913732604
764194471
752266808
727452111
337582615
781181890
875647081
811383006
553269914
901681885
382462563
483116571
370357486
826061439
162248080
596609457
914207988
128685097
846820779
421033066
275112110
583512065
138730239
680447288
719914600
662321085
772684903
589867595
630764074
576051303
680269357
305471445
751673453
972522021
112546213
539021898
7209754
894684504
790182928
703594131
16235602
166320678
143120428
55812835
260679877
405538369
463376507
329318935
223605861
454210886
924944301
332726732
339834065
371186990
794608729
851663264
357574072
551991422
730590375
980606751
200261692
96791263
775690895
679446305
877960811
619962708
785880183
669224334
654546293
79074754
401703160
75098311
114110426
615577740
954651518
757548341
403962792
166087814
140642382
930478377
521555348
118386805
145385248
172874326
610220406
422730811
177521509
934168698
779563882
840257808
255594397
461412539
934649841
20428528
932258396
315408177
512851110
759207620
251069324
655528147
85994968
537696988
427896937
840661101
232325011
138833866
652037038
788796504
600801432
601002523
131325121
602109177
324843187
362416341
184659517
53848994
622531100
959431501
326975400
847918792
469651886
811230864
363404177
31882502
385031543
202808480
147572206
312128742
73286728
18021414
781602267
183741461
262907869
172388654
354042954
336428013
714364636
17155555
51915763
984809018
492555054
970913572
955803669
367303538
79205882
9947117
717034944
99917936
169367757
858827503
495394099
60342270
318039443
204091640
591658297
881196251
661952713
459693880
185016787
80499815
310459988
956724923
378956438
356165922
898724126
479192421
851465159
896387540
567401846
951360271
333046367
111004855
492877636
567059788
561787794
314306134
33189242
516966103
592982775
455397238
925735251
774702999
350006231
344050942
958712025
531333910
259760385
947083420
832157374
654472661
838161313
847535906
286937180
558056984
644735034
647920421
652566597
451447605
783015325
63808141
425953247
728305520
255196408
478122302
881368112
667280404
578945813
735456291
259179238
465794481
6550860
327795678
384641851
217019535
665210379
185457814
147071237
126127324
811679856
699891354
402394558
193249963
217013231
20432714
7464538
899222459
724466642
809042280
739964320
499121659
225334407
771933733
798018930
678118729
808248173
287130405
495763534
82099495
323956603
914510290
342286258
534104438
226753683
457144186
793861019
381092166
616791821
783567878
899136579
898350176
313331953
842205833
965863228
167498791
226758587
520763787
19031504
820512877
307908642
883057081
829962030
267382634
494488032
672278205
407646405
137530165
922344273
581721937
189979913
97411297
908065921
909288884
497884527
192221789
820003219
654040088
259198164
605517563
67570388
963223796
204917839
496230577
965155603
61837241
477582064
301289545
466394445
787126734
992208256
321201333
285603675
198682790
902971756
610869536
313635479
375959161
862657471
630537741
418411136
757312831
313605306
213014729
882752119
714485741
908303194
14881624
80075351
534722243
888675215
115853455
447725929
474304690
101306133
276519232
335150735
578685545
416381933
935858490
694420656
790574660
265778471
256240132
722984150
34269908
940272423
805766397
563467851
348745456
261155652
354074234
471749041
147336186
346376464
162225692
754223871
678752000
657389399
161168733
880235166
504921284
867807544
499834193
696080540
512705070
877188836
572662627
624396962
23279798
477558601
592456356
223728595
554328124
461711463
326872462
4886006
490277474
736444302
780918776
997250268
9571159
226327496
929534455
248413483
45801014
678324370
705687570
851822100
509011853
398210521
905042224
354813761
574446438
692547543
288476512
535210743
617058012
918921197
704731311
96873823
395184959
29214030
476005831
345914992
314530013
95410746
343972201
520714359
552212499
709864354
502040472
232770504
330480936
907820391
487412302
464328884
985460704
648710876
981892663
643037500
27222727
630569727
854482835
107712658
17219333
157006682
639646657
210103426
244025520
906346501
490392179
597499469
646648367
390970491
725132759
350856651
318862146
261946904
611583531
581479249
617123410
586297924
536555148
472328701
510842063
839378714
632549827
914989439
140639292
217301214
280445301
921357646
636580935
514665674
826377511
513567442
511857411
537216993
699472924
907143408
880229139
219872376
795867753
608658289
877410103
923169903
109403135
11403338
575957440
659100157
708350497
296847653
547146345
424187021
746414944
401827137
244780405
926081326
916551181
171009950
63384114
325995382
868911589
417659689
124876308
638814472
932160222
417807023
791374535
426048002
561390064
629623028
707073813
592822363
397349251
339279217
609301366
292375768
249589741
787589089
40391983
871067119
908352004
15083826
339439992
664694197
483827168
418125871
623566998
117249212
331928861
212620842
463099046
778048473
776823828
394539984
274241514
956692308
213568801
187555244
409314143
560573033
209974292
453036136
484851864
241671769
463977321
915480726
974144183
929476161
639987589
950822821
233619879
786354551
142306696
457272087
742461373
361277255
380559531
412869513
11762549
346299684
657731328
398403080
841631594
658367993
816337989
979549144
790583810
256831347
136334294
916098869
490710664
869458406
534360434
170107173
81399237
46077063
828252209
753961676
244553303
714251476
514988849
548764787
258522222
902683845
791276439
656067350
954054739
727269585
626766969
304709305
582411807
879708630
619527870
976714814
270544560
681436080
200580101
848733866
855841256
98112646
238610120
747602360
666809175
190846336
762392646
398399713
218932752
310199697
842314692
3322819
974863325
353861983
360931295
232465184
507599354
229312429
735460
765033367
504273622
388258380
240189557
218983851
777313895
476545482
946013030
227490584
254296245
65771858
150131875
776349899
721015646
295351355
384028946
898939713
881392032
149335979
705563560
795700701
647523294
45258347
976233961
568951772
699146782
413757460
924866557
782165126
338881136
377151579
560180207
18877966
187750782
931481509
890094895
34406808
118582830
282689379
383278159
753364570
562324985
589541595
620754370
313205929
276422473
780215245
318373810
46406914
217203703
844633730
782904421
649828676
343884204
227438417
399015319
645254537
867478561
997316161
695390099
409100321
30297062
795779117
574199619
461738148
930359230
368649917
452766936
859190923
859709805
411794327
555681164
143073815
276345359
157871424
742484940
32958035
550669659
588792542
388603201
805066139
922569742
559385451
911231090
621237270
771325210
699337286
170588617
658507698
416425701
780938320
323613490
255093546
950283304
70724272
990428530
230809811
408162424
771136822
96036369
946484832
689239075
151328862
663324244
130079567
935275350
632821963
263449589
376429597
451200150
495583016
737274427
906726976
246330555
320802008
389807099
335242030
312480660
352967332
366443118
882842416
146803802
826652585
704396133
97132587
310887347
43417370
636722007
753255481
676525443
479602989
769941770
490249716
860652144
25189730
427042368
239231013
45816021
426208772
785675110
929155965
564969176
989644675
734223008
365846417
381035488
280315125
395208453
126722669
994721491
297386191
717222649
190237256
654689478
67923371
141880676
189632304
836913015
792021207
613005349
781754703
230427364
490437715
16529335
384245503
983410818
811207051
37393637
703194519
404056804
351032486
301374070
914722969
916927736
611683643
142913600
29940790
799906057
322884848
232405701
288826213
474441785
661456009
494331359
307255430
734395663
664732621
511597897
146755400
215158895
694387208
202790759
158411240
776418414
727979450
938990779
386571319
717591819
230398054
350263362
955760177
209720277
158299710
885732611
351088845
185857183
838730113
761664822
595276880
918154752
991168271
190183063
118650986
328416150
195068776
698335416
17616636
510600505
439856759
858931882
551173941
315846936
628051986
569142150
535351009
382548371
474383898
948545340
146234790
756745823
765098671
825833525
291706634
140738912
471076547
96356413
906920193
375437155
870262814
53780360
601728076
525311934
660540250
453671844
408794247
362007379
792670175
795751132
613971542
194834399
384828674
417587771
512143252
221306397
785124544
127000157
782106622
147705083
805371492
692599570
246807896
528278215
475217517
560524289
599228325
464567893
639098031
160948576
500486797
648189532
398883001
227292445
537202127
154131945
911282807
472853946
138305768
967719382
161794609
61571331
253580240
796591764
95232178
85296683
331752495
947238152
162358372
417598983
436704331
935690118
139587139
527520334
81888651
129713530
268800563
937751253
990159772
92715325
120592554
46902996
329147044
574113791
376003265
261632211
109730254
908386381
386055220
15817358
222247522
552584016
498762143
903783108
161561641
60070706
995291241
209153060
180976810
955150068
738551444
462016621
418953485
381248039
313118860
278162736
750662377
89132901
280158254
37539167
594400192
296452751
175087063
207547538
654508259
209720277
158299710
977061339
858959146
837203016
741429512
745453987
945290526
161026239
851975554
637591512
649916796
714343128
184111554
356705199
922351115
671034316
673801910
193756601
27606588
155581560
202826618
510695405
6312733
595064465
590335334
86962946
304496587
467398789
151247426
629224831
377804514
895649825
405551372
241609015
914446421
656619122
10948493
65490263
901936438
308425004
810684906
814514530
778207718
347414747
484047900
235031231
818010618
819665228
217695720
978890561
220404746
34814929
851004845
604125884
172843901
928086543
980181051
575381434
403746582
739226496
615177986
122114295
142290811
74020775
877560245
185172780
948279886
986488818
927965313
578520768
918334545
35386286
337943920
889826577
341855277
772277295
75244397
547724226
605137860
965281696
164701369
640502692
317910654
341837113
720745592
655149396
894832329
162243525
479815610
665978751
276186766
782073520
811312630
12414308
304807976
463326637
414757461
202449857
662498246
328601410
534925232
276762529
317025273
473180249
883917544
795210653
427759461
483624821
860139710
142463401
527672893
758813771
301816205
352047156
840501608
761703959
451615523
759432232
714364677
686646939
830643240
269705916
139588998
676168691
56504522
729312559
575054470
21159882
318965004
232877393
975579227
637348533
132266850
46783549
335750830
133424181
6294130
765596025
960045678
771438875
719071024
714974714
16189798
179878159
258845903
129303150
353263351
843341851
782883158
119505043
169133226
237183934
851380131
155724504
633152733
78721601
785235350
411655603
473578657
65143160
678908254
40094962
944817
314395467
777296111
733076725
719320819
90620743
301680719
125395182
874217422
620611112
20549956
891360398
7816236
234685466
354340529
102658302
674468159
212973602
828243005
989337706
460664220
209031644
288152611
2888567
823937142
895372292
751948743
918900061
542164284
578000491
757876848
775956609
903220395
257149594
871182187
253429086
457366781
192637797
777192962
472773468
250366993
932912582
657779953
442530943
905386774
836115678
490027246
398873097
871223987
767279877
755102936
168809537
890416991
731952943
606077268
525785352
868984638
279604492
15744010
271425803
657254997
368847022
426736309
398414613
537891678
277408901
190841458
250298499
100158934
449795924
120731766
237376385
666620790
891620463
694964772
37724389
92965623
690011618
435835670
270423530
8613954
564563643
108453753
816163045
494794258
177111449
153362728
499229915
274103173
42838925
136693674
231446737
731329961
241236526
680774263
874667156
986523107
439982031
706104306
762475401
117526545
966033530
148891242
609571345
889196775
769662819
325828224
532203226
370151899
264636154
808650972
991962501
504007029
481817094
454456354
547359365
193977056
693627757
613664573
233211378
329642001
155660693
694123254
581036527
630877363
487696050
990315718
486459995
950518288
33087160
108608414
699471546
388392946
839347231
221158524
204338636
337871526
850747977
230670065
682237339
168869961
583976747
722024011
579507503
223225588
912139465
213187475
292150667
680020807
571892481
350914789
770265889
950403679
882223685
693901201
403455978
908454652
295293285
69610682
98245239
47599360
665875372
410616171
485216961
890307933
841715228
339953786
552735308
267988137
652612608
583228632
647009898
658766640
311236548
993202246
474396316
379274362
721868707
872186447
112364111
925544605
88631938
55643148
332055358
997136395
789936668
665953491
285548182
987456495
469841772
639682454
520602330
362505637
9370537
952782693
500527283
238520704
832625760
494488032
669129784
923629588
331892290
57893805
338814040
166146420
456163234
553469036
500968199
148852397
811187989
99274158
663545884
440083889
433915271
329296497
699327712
297903636
110436939
716670592
931525349
447234372
737980189
421480281
147308996
541163172
630703576
56446894
459419572
235949143
812356368
693699773
667867785
248004569
354363651
354537626
633601689
211676385
910393654
883639234
263222304
951385076
137937093
488705854
837697746
776814095
674953176
50854610
513666549
294315022
59237348
403280060
726593125
325204808
869581838
814621912
11115685
907791919
313084678
493761186
79985270
9685240
78937545
66958445
700857733
414405822
832192240
494305911
110050523
242957868
81742767
443257497
87100128
223514258
789510452
447703309
102286697
432440900
367413302
791889163
406046883
368597894
776923156
665759211
406869312
836321042
228095873
153052387
532763480
136649595
879236172
751099766
613605733
463551632
714969221
766704381
897980156
639884207
586550484
774230786
281721870
948637266
484601685
810412073
994627045
443100364
84626524
108964046
166136344
914657698
504798133
867445495
228566216
430527535
819906050
30664602
520956450
276259425
295556705
829527821
515161757
758253527
949092119
8231390
975573375
905319759
802403751
916172605
276734525
635494680
539127905
738477442
637557113
890866293
404756894
960221515
607219433
950782139
836155570
664046172
323612503
123633817
878556368
82075864
662471842
131967972
962748845
574313321
595856348
816526142
828949847
927210553
707905103
453234979
648084639
295300072
877602095
726496466
419880113
354283904
650498427
182591230
847054953
195576048
407840547
827039617
951926776
297980740
857168855
190979450
87689999
384660529
401018805
576710706
448159064
626442652
481469604
766834745
363142430
42770663
162107679
440030147
926057483
796112029
56660584
204690933
34744670
652758533
620212467
874580296
974998969
382176983
273047872
799857344
842419826
684690655
467797204
737854125
652067055
278872007
683090686
296779920
668086506
281159245
317292331
891674066
532677833
581331960
941161673
402833661
571247443
210472438
813895697
833804557
192810208
558452592
309024246
956383449
844884656
758346150
826977781
310962877
298869416
888843651
145318709
469248859
878539284
978610863
460177177
832526087
469276004
251468751
816152998
150822602
20469438
895248277
319711987
769315321
785647270
615677333
529216942
126000942
763512373
399842411
965059813
592868196
894515429
601831054
104046825
412379073
676401049
553614122
617230657
198490402
720219254
549870328
376295116
108906177
502589417
185205624
457953474
717386831
75208518
464677342
164348612
546223618
721071701
847914325
907644309
919204996
177120868
150277248
228851810
17625321
672976496
862442584
32444465
231902572
500453524
453575317
376716230
517107463
316127028
868472160
722141796
354335712
91818007
941349853
566383506
545737659
488345024
619302343
756472444
626070106
618702184
982327119
19174136
262336648
752330455
435773419
474382890
50738630
486330296
42174625
83217061
16429342
76231635
659161272
400228885
484897820
493897244
186852904
417458777
89141510
843934681
891470305
487418343
670484851
652240359
566485781
894358568
468741108
97989865
212561744
693716921
473134583
472989746
450821283
390261863
847510095
379110684
624172673
482546434
22842712
99044838
285538069
237838444
981480689
652712963
555969455
572941786
397698875
251846584
740013523
378700267
505823997
71944810
61152664
438128919
27052962
897405782
489311743
787513667
826951027
481644822
268886348
207311640
33078761
724968699
822046889
422262636
878392553
547741399
91218774
963891856
687527236
646378492
719758125
933072352
331668270
852088151
544350759
633557919
355795520
422738701
453324186
174340216
269290647
104252124
962078395
394690588
279021332
105498812
901214270
171952811
897570822
415256692
951166778
357911597
151742716
48893334
672186712
89530541
346011494
551202720
524217020
55463558
241496933
613014479
229504713
727508771
678216899
498781963
778703647
719510135
871736651
479028700
174919946
450864198
37710746
365801789
304226060
546185083
41483181
173396236
963421437
775436421
605544487
557897447
551797001
713769227
615718129
838779179
328440592
874332494
623547794
200387570
414591234
102868826
888742984
913969214
893558289
191683089
772188468
75383354
357988176
518444087
724647321
89471908
561880075
332947411
489705638
52727641
253218053
198117959
607593130
494852133
685396896
654761819
662662191
109549708
215641119
431008460
810670190
624075134
83825099
216954535
67010223
478213447
446450147
618655076
695695493
932769933
790757654
588132043
880074821
28434959
903848909
65844075
5430190
106242867
81668537
616221333
99152511
740194395
963269064
428358867
498768699
676116219
318482720
220965130
36645835
537339000
887496352
762008893
656842253
263567492
90463020
530946301
469732352
162307572
539621118
960631825
524329972
908656936
211978451
633956180
909621286
986505702
948295073
146724978
449696691
748555582
859650783
288939437
888471643
915717691
578619136
282169156
956286216
926454489
479888331
445953471
162278515
940940392
760428081
204114440
566559644
133826679
663394166
187607786
714304595
109168119
611033721
482674458
723935245
406256458
48950325
865528164
688131196
555269091
783819545
828372541
797802137
577790449
679288310
284747730
871027901
457057450
773989096
653108960
978286250
393703094
302492527
297647876
800087064
525705727
340379174
491909532
964655166
802598885
485952587
584406866
578837910
170469965
862710321
498692636
804340920
500434928
270717959
860379525
790580603
382935634
821041789
50659973
771231778
337851380
289949746
455251031
843770519
906463840
931364550
198587066
124495228
776965977
312767130
355928281
528178857
820514533
214646991
897011807
206931146
997880844
518050206
708699615
656530432
391038780
62605431
981207298
178572216
276928394
94455491
800082265
487647949
561103423
622993466
665494128
450663781
938330368
648121968
883071556
598193738
164546550
466047873
207002908
613983813
631057579
530604248
89388736
495587016
571783713
533631578
769289739
978048357
777647851
722705531
733530285
748138678
532516236
782843428
208459914
769344648
571969816
449274867
587518883
680825792
661102144
121131138
240611975
45443006
817203104
573729503
342691129
938922182
676847994
854140632
364145891
636553603
398618231
927642795
213385490
72287803
124451173
772198991
29814655
165245259
54060238
294705678
383186976
555356872
560978695
605598760
217432653
60766038
292518622
302933000
738991176
522926641
276042592
18060982
904759781
723983915
144731209
626749537
526952614
207382849
393238718
765271896
381950781
67184484
270712669
46520606
205486304
107560140
925526647
972395629
492670545
295597362
768551495
794977791
461547071
532106895
536055343
404376263
435050634
812493038
532153292
433431337
525241564
498451194
805579521
844806321
538109488
265179497
851076872
156795068
647307846
844881661
927952873
718999440
256922498
137806845
559861920
299893532
615268198
736221822
268409317
547310869
376663475
697545940
432546650
731285924
885111321
184587213
166857517
649975241
881712622
715988778
814490292
461200394
252817559
182311161
332498300
95586897
706487793
127742079
628753630
848870345
594614524
897526785
691980085
241036063
701315158
361062093
1095291
462402768
569230387
854165241
28643583
676201057
287292342
134347243
252062634
170737942
150470449
459477400
33015536
427615064
302714188
729108430
538519387
756836397
248495512
84399938
356920264
182630087
197940115
799168750
259611850
500028894
289035430
927335147
366245742
74289737
425397002
59148456
705563743
217438194
92823379
874702956
323814790
657764341
15351033
431705054
302827447
860271912
619064265
148442286
852055214
200378636
392911050
105499015
330672618
418035437
474997513
91770753
603268981
909355184
40563081
570246442
978737601
240421690
244411096
551750733
178010916
789641024
823851961
147393961
110955466
147388661
864084643
244590663
830826056
103492954
870018484
540909360
427543639
315855310
909523129
346675619
642913119
300154381
523982349
51641256
412329260
259668411
625616901
320329143
278342939
574181732
386428949
933322319
551842540
298340916
160698829
773359924
181818533
415063364
463516768
88576715
619628152
16546418
344949236
330877183
43871431
308970336
795574527
250308961
422588666
671761369
788714147
320188944
713996692
902495721
894208276
398784774
146598978
207572758
103512940
800178151
772911401
946964954
147079346
320810375
387432915
59916766
424441961
12436856
512040471
980722773
253047529
224265168
167364809
339936237
828045608
299945584
70463115
806627741
431160916
46096232
146101918
621645596
482350085
996452497
98050650
772368844
751510896
945389869
243945339
864660063
650377711
722221768
127306971
879285689
425023600
838735968
223790830
677980631
780200073
760527380
667735463
572142383
655796859
514139264
791030125
208630940
427028169
789949648
445117945
325540913
968556166
841404412
151860351
751272307
497364843
551282098
881006568
267865333
44800099
196973567
713797078
858304329
717408456
875524314
211895118
428483262
627955035
198244914
47050109
403404705
75484483
46830316
580654610
398148797
335091054
505831402
732587787
270737707
579896016
164017668
651564509
441324681
226946138
821897814
818789291
889336234
914385370
650799509
744868973
30308954
771528243
705515177
228462418
837763132
846695342
360488503
50090106
897662616
289670423
558140109
737521005
687294329
177965515
396241559
426802796
181112642
388999717
442335967
549208869
923005041
449953474
783314092
610982544
43841173
214199958
207220749
244130944
227512973
327266894
805321574
140165009
568260425
999327206
850884638
347039863
395686377
871211069
856127853
443630415
58679757
438981443
416606794
274848620
920935594
239242385
456615376
815691275
415344671
420961226
758431455
383230576
654196300
151926631
735230272
649621050
930712880
307349643
804440593
571491411
524410682
444794931
410592795
767022181
565826671
511092258
183539506
999078559
590180020
986206543
53119585
803527222
913455160
125286796
386200487
913024419
701519581
650268381
740728153
307441875
298405113
910212287
195674695
92086978
726549298
990151386
118468535
530177745
333996371
698849770
537027561
270154824
644082244
11869024
159419742
160718826
633676512
64714398
957999468
997760246
325909402
559717485
261899257
367645357
159065788
279397771
668442729
392306030
286397475
291344410
397003953
518601460
95285418
859650856
440958271
2887780
181278588
356461842
48184321
29340169
315560590
127340559
734096887
426667944
300459135
994341066
147638100
278193212
789794920
469451999
767589679
981641994
619047555
968672788
493432850
753018515
976389071
279726399
15750789
696297718
376513675
333617939
806632940
409754497
743026894
7891593
884264638
982619376
669222171
426041575
68176666
571443601
47465092
411596332
104454996
871956136
689993997
709516024
654879429
87929355
362825093
585566552
729734103
954510559
376394658
623954474
186834129
825705871
33110083
593434797
834079117
504487700
23199411
430184947
814897442
685576765
217253884
402441480
824077671
28406792
485544251
909454454
930478387
818596896
454553611
658177413
783309538
3475161
421347365
724790757
90786693
159349815
623498602
895378533
97853196
58588440
484787875
300355859
74071871
650458932
823680499
111707068
233807154
34682344
655135157
613867451
709934179
799743700
617004072
350818648
219296867
673066554
207686684
224952774
393130823
927641233
372845209
302848408
948458274
856842862
767875001
371047105
725535850
917381057
18666007
370019833
133637274
450144754
942250298
996326709
4704269
82627560
220974095
175668845
205093500
294163909
261442794
969143060
426297461
947064160
887474999
786139684
937363714
690454092
63430834
896896550
365720746
373107522
256269254
816088715
85417295
278801017
768747357
97706651
904018067
404372420
157465233
130293857
762876248
283017479
392286778
219189732
626204499
780818119
824199845
213216559
577509980
216858547
145487027
301792768
213058761
574242115
100606196
170647817
209950080
634713753
10353933
399574754
579013314
986562936
382452356
282124950
90856482
413299460
577357773
203578564
120395347
598795222
738959828
694433318
241727832
620061090
48841638
9774294
740833569
109987240
824976938
797371117
836114701
915345675
994460869
561904204
16830149
726388309
416428791
247292922
239715487
918600901
445955127
447535467
816086783
693552277
124070077
696060499
517788960
452354168
942949022
101932803
619211257
671013131
673241805
232651565
673892083
551191676
792164211
345230176
808560928
294485822
788083400
21121325
619612832
274896063
329854986
847542718
907185731
576670249
951170654
294478594
359760304
339496850
2995197
659773155
560378659
74156326
960693902
820152748
19165042
78367680
467929595
35766992
706576973
105118269
657588180
908554226
847874370
950191679
804185295
498814516
383117667
400059062
353303686
263273840
491534539
231606473
380554837
753542766
65495292
278499786
421632989
442843640
107967667
222032754
318425683
212640741
105116371
369920062
561331836
784278784
854373315
242807774
184361899
847672525
630361681
920910265
420073864
155388813
305848595
478335106
903384087
336239146
235192109
810814046
373624395
77833719
43596223
411301770
653659698
510336733
955479941
186800151
13780129
723381757
312860392
221726117
681586896
765758747
686496664
507494309
182348776
219731032
851330909
11169163
962207854
117058854
582004209
891737488
755162802
743346431
488684095
442374824
99465563
783052954
732056576
213519017
283189680
1949106
231602888
389487132
737105415
152230691
507385785
248834837
947716980
713439716
322764077
346310189
585462468
86189312
55211955
238683806
863774615
831675607
386877299
243332095
623942196
699120361
105822023
618471717
707477597
601642766
953806103
814864068
514165895
747821459
393653081
833287130
976900618
568918863
237878186
575344706
457963740
426133668
267579408
969612199
855953519
236228288
83605308
403201139
585785842
231261215
947686568
730800589
716553030
336766331
819549206
25819865
672157382
170989039
782193539
856108343
723890310
977135187
514259634
769099507
790159642
914485799
751180255
267212509
685356179
706672006
251701163
374544140
225742149
168638527
420865035
613848534
252394244
322717014
998276939
566198268
106929949
44104493
224816686
236726369
648513208
483607903
134493740
724556375
925824113
536763957
836446468
840608916
447359966
247857477
303376596
405540212
595220638
508160252
319889918
9815090
492826943
776020487
148380677
407989532
875276563
740938433
840932736
858830272
968701751
573935715
358929298
334731672
945185140
900191056
539752979
255193216
719066738
51359676
465348597
909047729
247144029
469538713
913638915
366307647
426031953
15067757
693631917
94879969
532555133
993080021
218217354
616378524
780602505
659715887
974299066
39581087
9517922
209275289
826669319
969161852
832156788
673615516
909280534
757956893
289094844
960320092
808554068
802673211
79632919
456243009
862595537
951940444
847874325
123406840
280805032
686200233
305176352
268543936
122497089
215519907
74879048
79065449
262416547
753657653
248955883
157349400
264384470
30313212
530875125
937849403
296164019
52919432
775741023
663814726
197001287
184550297
509199013
690925485
970677071
899182247
493510577
170569274
798881767
953438256
603730542
872464915
106727408
828311729
122703192
58467991
533682449
448759313
646774236
64169122
913547933
431189958
379784171
94709524
745370815
414448194
70969591
113546199
456200873
913538690
862954558
959607999
85568553
315532979
144864768
542664672
610740937
938231527
79225515
585658902
266733298
262675077
540690323
539989204
199377447
953258646
506626504
686805795
88955399
447446481
584812719
307644110
557185115
938938827
444565469
956456120
322275286
225384041
249574905
434850926
948047207
907589552
913976505
709455879
864873964
104208784
896623906
143855956
797549077
655602310
727705055
983422565
689845610
518418809
467152361
376710183
535495170
667014694
456150436
173101989
367229721
378168822
536326828
408367093
865207741
581849958
71124496
443327510
961856083
40514176
272593572
873472462
867896120
626133876
408529601
703060487
87118734
833780100
344235298
231810492
533929561
922388268
402118270
354521961
557219456
646396431
161193739
588247218
482445376
67014081
199709314
815093815
811204653
638480577
425761051
980737260
168987164
347736826
996761556
558962169
554642334
186391106
899745570
878869946
204223191
668933947
946551517
791597277
930631920
67859360
973361748
856564470
123755502
969519472
674242434
660760850
244585096
167319339
981617544
344657394
556237160
45654659
546185406
975249178
479506027
975890998
902558075
14336566
252615192
350929610
101900373
219913251
259322039
930658662
638663681
381489983
339650560
1738836
254564634
670092548
909143314
272642542
263528796
689158150
467612
962468678
29374450
45649046
985164876
795990237
48232635
701153429
358815340
739239250
494465235
614750013
470083713
773715603
979122755
801004029
492564928
871864644
619080759
417909188
891453411
559713108
945420218
749398128
746317072
947462931
824749081
340054724
752201151
833962115
729661550
732779517
28855896
959023567
776291788
626245441
105071152
400173199
260800764
611936706
438160827
412192465
588265714
684757600
15741082
703214836
157040371
83513504
274128582
634231783
449324369
833635101
461433249
263536247
6421204
730632363
860250994
539522147
685074219
109038902
257383205
902305816
491245417
479034397
844005450
369229998
366105406
975128191
475755767
971404170
595261402
341132465
870714432
488086055
263866705
967471133
124704039
77304321
596820106
712640239
774413866
619739416
782275522
925510274
43435076
543251106
427306496
34640946
984448988
897710541
25883826
945288699
870982080
540772266
760910065
588827890
247606739
199321890
947473992
866094194
49577224
670103503
530543453
44647126
588827890
247606739
195919192
845525960
702440517
41468408
422331583
203581404
511683941
995401165
927594285
939125986
174524508
111753053
844043273
861486438
826256828
821985382
158240739
472384906
499045491
894976188
667397137
212595598
679859849
532161850
207915403
646495047
104091733
557271867
909202864
937243559
145380915
917495594
185858136
755544502
799087752
402585235
22054726
300158355
865518461
555577752
716409025
728539838
654475789
76885520
453608138
839803519
204266238
923415658
367688444
286464543
103884666
681579864
625374277
567736183
809410498
546917975
893925578
894818110
404909271
886394309
312990552
453138057
567045001
797875650
626614757
782989616
63939558
874070385
19749775
925801085
539607108
343886965
796919258
560281078
505801596
866593039
172438175
995273693
539339293
798514689
88164878
665986406
629139248
152083001
919249568
358452963
890725519
674132467
473461331
525771724
207475606
36677010
945064447
707065070
538907815
989616088
301448778
410571859
535804429
297869912
25752825
343309339
153475319
202305395
382671486
66549258
362914257
573136611
845398970
201310563
453212981
550471296
979564276
813462350
440705108
163496260
880320624
2582597
888231023
54926789
508558638
591676056
547451931
872464915
919641142
32352267
447960097
137878806
995297962
924383978
843066015
92072429
445410874
911322258
265157950
144195145
584812719
307644110
646707014
614932906
331003353
109574863
947502826
599445172
370936434
289586405
804423252
771317515
564862442
78887190
555182651
737059784
472203302
660232508
85544630
631218877
852354250
514627246
864300479
969498106
189247550
765177094
315029842
135189556
519239190
103172891
543328540
658455395
402046986
335197980
691028405
636458202
68511982
968770523
581256210
641333727
649104481
686310358
460404438
405098850
773208906
162635185
246434638
602874954
5571466
412681374
734782124
437699418
166575424
106231489
445947453
114714925
805980003
773612748
865450703
277020165
581526388
267391998
51755632
235286793
197315295
454275243
520565104
322865000
353783850
562835735
424300751
134384543
626060880
19782911
408598090
11503032
491171869
728217285
817850314
579720813
772587699
629028209
291186168
114433739
892414565
557610339
385216340
963940789
111261686
296826218
318278461
613351328
393589436
768294384
781495482
986902701
335090433
584564562
755409593
196286718
34526907
509380962
225085811
9776313
174906951
555211354
615056029
703640365
107440849
880292592
512139216
200661333
913375390
246035931
965888856
57149641
994728723
810887060
39456182
582886114
537091746
689035826
712854172
164983809
50539256
485549030
667643773
654287224
42148998
801638119
470687653
676755322
709864593
742647619
76684451
725441120
431308586
937581701
193393540
617076400
40139542
419965307
5135524
949324123
69707233
779669215
929102128
281612470
652900251
108449762
339590921
872297933
667851588
748713956
777051451
307673775
398539455
84105380
505772531
905238875
332295223
600586772
997640749
786935605
218795130
324943752
235467922
391265607
982467670
842704473
910500406
573465520
396277219
637128623
562988604
996455137
933724869
142805731
879906304
63762417
260258069
690387537
355637418
232287919
987592671
43376443
471282023
53703219
612869099
982105487
235613447
922761804
319212007
686836698
738908609
697948650
302931764
180524608
756083157
98045605
165908643
591431055
269103540
90143753
413201078
162838383
688502028
661386324
258691058
782363008
939342433
508300662
338416140
935414037
199612240
268805785
972883952
276941
52086705
750656441
237808755
331639102
899556876
477539942
660929007
447492857
901748777
751873217
652938695
782626953
256671397
524545736
44897479
962389079
45540457
64984856
829463923
321959858
849397324
549642054
378910909
914087784
208907984
262825337
96740115
222165788
905506907
939367293
378241240
628137307
392127590
27808180
806227745
225377025
82118896
774878495
366195488
909168244
992385828
209268630
433311211
224431882
524254097
139164933
149679452
710827647
907754309
997866370
602273294
50263784
585269320
63219784
526849692
795957753
465975134
528779030
203389015
923904364
481228449
644587918
843032425
17420301
341690991
307883456
816852967
614976268
367057975
376877248
302989511
604379364
11375815
283210016
101529094
714422389
355128870
697358123
489843364
589277731
207905113
789927452
752570987
900035295
760424061
89534739
1301836
659195309
452104245
607035156
689831578
101124218
321877902
194646018
195893022
944535674
919906437
303772609
288692134
345382830
567995445
447613801
966826741
108370347
179076318
420001158
735609333
266477766
4782394
117116317
418851209
18156921
300254765
853292763
212465097
425821042
608212221
371274003
477313335
914982721
341021508
37655946
641389525
803039532
962748999
580530186
795555226
745744679
909779818
190353225
612779614
242430783
303490451
737203019
18447456
813372719
394437280
450531317
927219030
321513515
703545451
668603173
381678806
713185625
28625037
968328190
889915533
472588880
933047293
90755460
661890252
390439143
738022310
584730799
420856684
613479719
990396989
116949062
482903937
890097621
971060392
318403411
344122727
5793344
147861949
273630550
53111719
983531015
88158993
949452931
867644419
27068294
826001922
768081573
732554064
538984035
128037619
187869543
583294405
412543472
11927761
210521352
449172905
111380638
179817621
465735569
7916669
921967241
531381966
344599779
200732040
215078946
687444399
418798952
993128774
711480279
927630364
799725171
873632942
341114288
613487332
3164104
34195110
855410712
986732143
414482996
352772437
63395092
365405717
352942093
905580112
711019230
754259539
853675181
230842229
403132854
679351888
907441723
475561952
905186652
102699079
310262988
149710265
628230125
608288947
951283033
769785792
877364328
239532826
612445046
917515546
688038531
823887241
584450756
412352179
838155630
74570092
919558167
851265284
856529314
970418482
869540271
648171616
884584487
861835751
292940346
947638512
163360983
518290508
903222562
133091664
727704140
222246242
529927377
90752965
147555366
410879303
5810362
505061127
893086471
472347719
477930346
279077410
949398581
576332357
77872847
9705972
52422358
851803890
439953121
371369004
6296896
385702751
850163329
581557882
907104473
592809783
631752100
48791420
269768872
232984875
845640217
187729338
439502389
523797954
999522200
133617074
822717450
441115609
945651956
188702625
158590856
596652898
607563705
830051986
499739033
623168358
569335222
889723539
393535275
401445493
701512479
842154792
222548470
663744499
962627070
146016276
160548836
453051758
611526622
818271949
477637927
99741896
338873885
422428732
780471487
761631658
412702082
581904121
134525623
428928556
616604554
212986546
169504910
462575698
204007956
288603827
946256738
956945245
480033742
273442335
166142982
261640130
103329325
662570421
173877116
313063111
275232801
743695784
667203215
11035317
538952986
618299758
258938304
550564478
782986299
877508925
971161143
629084778
842377585
697701463
504024936
345329315
297697035
681416115
279578821
888699269
847353242
256429108
516341040
640969004
15681364
426072569
589787968
397736317
153885720
850327412
695664233
179036619
995938321
600390047
129831925
72472487
652011528
375926925
251254365
151794582
667294434
894144209
913149863
30423912
278633865
605545645
560170816
796317728
475231798
433892636
403542120
621013509
265680158
222988691
312585839
314628632
625229078
535874044
485277352
570617514
157175220
395467742
108064213
289804448
603748798
564683719
83094213
785510811
148807430
54073706
439174942
657751868
998585290
950082997
975758402
498308421
558880134
195339380
49463021
525739195
419025950
835967779
75686347
937554004
959838322
82970187
421319428
770545919
862449483
407047424
92658948
120087040
392347916
674592449
543113253
381615118
197188282
683173287
294455304
295674055
271375636
530650024
452115132
803708826
306542562
988977443
117231789
362517865
112886906
491972839
752818571
608842965
279345649
641987547
689753473
472919114
252053371
471482824
9729403
977215045
638628484
198478720
940976524
914337174
778110386
912973584
39571066
220756926
341727702
990764935
58476838
589011403
12262860
186909580
41453595
408820622
74526324
306220616
610947479
987544357
411967036
26010244
563658367
259976410
418445507
86664524
4046539
904146034
165038603
244715654
804588366
365878989
352811404
440064961
305024612
84553662
615106033
640523865
513375981
447532276
131010330
681666670
989149788
884765056
137772786
582757424
660481844
350390304
953581770
909549975
36916603
711442569
267009512
215601967
898922971
358741727
688731923
111432505
145317066
192252179
844729277
849618425
564673392
155137077
944669189
729571055
824626258
628726933
621763754
905426986
612606311
706706643
228927284
550842087
855172456
478256123
298511471
116507566
374675024
150657750
878689233
806288230
360747197
674299567
743058921
25052467
584799485
563851519
246160647
293971995
70338404
367238128
256123189
421052635
476393249
238096118
999819161
585670750
983844909
707115660
907708691
956695162
2419091
959867353
419698273
218665782
944652085
928834151
735714376
441236504
868503223
807014613
763088850
374003913
8501922
979022665
112742530
412603525
145929543
456280613
963275067
598916824
310385367
894060420
865232806
139154370
874415725
721532389
599919268
138496524
153947882
391129649
109364136
426512322
223973394
541069983
645010577
340290087
482273446
558426676
519010088
380661151
56101088
205184103
478712511
594766952
907776884
179614858
189980874
158788793
323419112
721378794
122195186
105881099
346936395
480058183
218176311
654189368
228914652
884607783
484721716
596556595
922700824
408095590
389941004
878060638
713846511
4629574
688063006
439834321
740953641
46755515
664674790
942444579
64249252
724923376
657978033
176002599
849727814
77692680
140239806
27477146
460073316
598346391
965811364
814701380
192494782
532415776
332755579
934167663
652010484
768476890
610923070
160504819
536272624
969413559
568399896
943597719
38196383
521809068
964320306
781688622
600030623
77535931
385683158
745858191
347953531
703514896
341687394
659382998
130205814
247657977
781223019
187426951
685208586
31526366
574589193
272317570
180597547
828753865
410957770
966501334
816214972
359683434
387657903
157126807
78947907
943477805
881232282
448345051
901693103
740736895
797290958
413951440
446666760
293881064
442716839
66803148
834511151
54893880
361064100
966384592
675499945
498306065
870826131
658635057
75007538
678048279
689654605
187369711
547438818
590491320
527973310
987077495
175880704
558627740
965133138
789177246
19278204
902729837
856362998
809351387
752803895
829716993
326160039
604567337
312062130
336930425
532166781
137013692
303448220
806738819
797042860
921358006
29114784
692485180
181101442
181066898
952786324
382427743
13789896
364665527
842040054
703617418
150029184
682425237
433843896
179713359
813827730
287572263
515460484
202740700
461831046
979773372
607783075
276811222
475353730
397837305
540879920
871005594
977223514
215084371
478763069
504677563
940380901
112462860
956274460
356459366
508203838
489616154
844171506
982678331
590930430
802078177
72346835
415853118
510303214
819076082
179609262
328413817
257167845
717622751
133577354
485766895
549688652
607267081
626850258
641972896
460736801
997701449
146238832
925782725
266292406
818618608
36530452
112136976
312463356
465046463
584812472
792097553
572248870
633092964
54843258
620122333
31869297
776188967
45745432
580781198
595255218
115928615
526556684
382461963
324352946
76332970
709540822
980604831
724114602
756296652
790164826
246096539
471704913
360335753
603934640
511732656
454877972
405868724
758807748
746012458
965283497
490824756
926382270
306830944
734834752
767952128
327251831
580258625
436479475
320447475
378294369
294140983
337249714
260809426
203214890
958466185
504146441
540672731
896580449
412838363
114046676
455317995
904980598
560061837
102512319
50413173
225719468
14062821
684085037
840989766
858821787
32695865
644322767
560451874
466580928
83896748
310843976
487622823
935135032
775853101
346949861
963369516
355694773
410364187
932768720
807168249
893956822
369314797
111669479
381724837
244515597
203420648
76474637
990608306
143424623
510803931
961419909
567874197
394015635
131431889
920547123
775487891
543576827
415865888
780755385
121326161
6523775
965419653
851474423
359970556
774627216
626479244
538865211
857685129
148869047
822967648
629178843
71577679
588239059
854155855
615748075
24297259
98084359
781504309
793649015
831895211
281022344
583527516
761319260
389036704
723148892
209482387
282093638
570966118
613308761
519470779
511165848
570698668
746152665
546103987
675339204
719656380
2787869
999496892
330294688
27372959
213549114
402636705
347507101
48940944
550202671
523775846
750189120
993252530
550173343
947973131
505281345
603181235
161109322
613023367
294408151
813872803
417578483
164599654
659494323
316065737
668087769
492853900
769606776
485096588
20059420
595151011
12859416
959272436
311348141
711898098
311661056
449632506
428793983
422465699
234084440
19456677
474991911
932784124
461917368
792703672
448373209
793775282
952002209
214593085
213817425
973302501
138669399
129226230
137662374
371045403
692979690
758690751
679917718
789806763
799831050
663304659
773410439
119042818
711719065
856331662
418023161
227164274
320625094
284247163
781865627
991597911
90500283
280964672
2093156
432241593
269539837
944349842
733536807
355276400
306136191
475061378
932838859
66843528
417118033
915617693
43602003
9081490
866225401
590484516
495306157
737831671
809645918
904026092
530566502
180127255
710542867
112389790
213584920
539142820
865182340
607216450
943254061
606797813
730603285
825299089
784921960
293346992
772687800
624134676
775162713
616088220
672009214
911769053
496551285
623789773
682351541
363158033
89823145
930191567
874470031
839521419
117764085
826325967
565108543
85287303
313750213
705162290
56794573
105221825
465656085
780317981
962959650
418671176
651968966
780826669
63207591
517763994
636667787
951845890
36605737
71640749
467645153
336356547
650121974
166087814
39956723
809225643
585752874
946478792
816140044
444767198
848855493
870069516
843896502
386907054
439156864
318692239
462468959
903459650
680893420
990683249
472321163
433217601
53186596
506367266
918106322
239995405
5919701
793526757
979127673
777682584
965753228
324701419
309196996
74448009
652759727
93134162
580714093
552142475
309834856
171913211
439360869
262253233
918089612
529631884
547666635
607861051
374213876
980428485
776112914
88463647
372278438
654164433
490369023
630979139
175977232
115047523
119667140
406533178
390779355
682620779
230098550
992759523
419486214
348941692
882360122
923641281
634876610
125200003
961277291
671862486
919383036
485407986
234685297
695467919
657373809
65555587
446640454
443654356
957835912
26401803
428532094
632849784
298363390
255476209
278255881
316322341
357263726
734629194
445122524
585365291
835393408
464222205
598905164
225079271
858125450
257272876
867134853
845921055
81128689
493184943
68860270
349926759
519360297
888401943
90016710
782412453
112380119
184897324
481291731
855224237
891763708
894927772
653417680
716689058
25531107
736665184
222242413
977343478
465653503
223497919
393010381
797672606
153779807
734754794
157202786
925210167
729165264
513239603
181262031
508152004
45834367
299844787
25648460
666843827
696029580
784951800
401124247
859307310
158396236
104924823
666216651
999866572
562881606
341003973
331913561
331494289
689721794
568009109
476924152
33108784
156515736
464266265
962202424
606862218
360362855
193382989
625716750
216415554
20696001
985300302
114876631
349408351
606327884
259494419
337860297
495913904
707537905
397913986
886757299
361217930
721298675
148398578
378486946
367763224
438412897
597734585
401510275
477017240
307299851
217136279
72931884
581286789
696584269
161140333
468954149
64598394
467026945
140874390
149214426
659990427
26723550
319566264
33889627
288224985
805024692
895550170
253191413
368815573
378193684
386915224
923031561
435193633
602209855
476675796
296826345
431575364
314016667
295144198
487013796
442389900
606736685
504712145
991055739
965214670
945640602
38132600
800430788
439773228
12668763
173222355
686230445
773815563
164397823
968073999
103746997
437824382
952253998
531190977
448712788
498539838
365340742
461241624
943396259
672514283
899851418
415253630
47330223
130246230
245668103
627586057
60101295
483046316
199353850
524838299
616958202
692623113
207182808
334708409
983809181
17964029
893178964
215735251
350704183
357480892
403222806
897669722
297249840
525608992
638747399
260345174
637619344
538418668
937282650
619588565
585551652
375170157
605302266
613132922
841425334
805444654
901627298
607878625
859115012
552436382
961838030
555138152
557264536
162222116
996236543
70371337
838578247
685158842
848395653
595214550
796519642
112003458
39122814
254726159
711304271
673567445
367906715
193345787
458307522
768354536
118767577
349679772
439674483
974871215
994099398
610647192
760812238
321914561
82228022
335636081
181093664
509559619
620145770
800963253
349625760
885288170
627641280
192587584
543417276
979140500
933049432
306044316
717639790
456445436
928491086
221193165
652293819
767222730
895111978
697191816
421401985
855312694
108639434
30850015
371519864
87160131
885573858
713918479
242680341
65266032
753730404
498857977
213830888
426833182
383750750
516064627
956309932
767879051
184042206
334393517
592820807
551230572
979368854
243149484
680625506
300051325
576071608
177060970
150391499
598894843
936295488
68766954
573926980
942485525
880055499
602311820
559695609
936596324
513309706
700736992
628511065
294995900
452825955
8218549
591066201
504884375
597654047
965232850
267186778
221887275
186551782
901213538
439287907
800404930
513739479
714059963
447003488
177702272
404490998
850514644
359896445
198563736
350917340
261495384
760545064
143819244
428090845
336553266
494886179
84053837
943657712
732493192
574551390
599232581
67929638
417418087
616833892
715939165
340064797
638384471
8241673
332693083
883963231
43853760
147606402
523884661
850156128
601166666
475058124
598543240
52365528
153913592
235914524
575226157
640087859
150787843
704625553
65327524
945135737
17241081
879342513
158266266
278761503
986586954
674712625
435950041
746236508
921471019
736288202
640828068
78728108
292277520
868680504
105652993
363399301
292584166
440767536
423035473
111382355
84210912
392665664
593668343
397755564
846280675
134339811
879997524
376205267
579506526
191412953
667092503
551605715
232975884
687757760
502718114
719659914
703828375
559588822
533940137
154140287
450674794
962817527
607769852
571467821
923426213
899806481
565260111
515448884
411524282
632169423
46191748
537003740
6573885
632063039
204545523
589555305
64354144
284405123
814056736
899801289
133117765
1584116
655304783
237678623
994962079
120862316
574052048
839958534
100450537
820009880
903769870
426629229
348466165
407484489
866460182
432391783
515458613
282662509
142336120
406358961
189243721
645244449
440072147
22046346
198884136
789976850
868977345
279799223
171156678
89229584
386026159
189886267
428307469
319337362
790662852
34936157
391067178
650981415
641287899
828014984
697552679
415626529
707889039
219925172
338416130
798947789
787677153
237946081
471531196
429099547
316253826
327307610
57293156
962738559
932189630
706048785
523194570
987522058
579754033
905006011
847027135
3956392
690386979
74121705
23449135
113201176
175968125
326753352
788807361
597521244
33091575
55838892
539188688
421826438
515246283
391304823
201241248
74425837
992410696
77187173
600825867
487950762
434426601
549383278
989243970
874586322
367779941
597941831
737853624
661718129
680426136
223165858
115005087
336910827
555443413
769185766
182647612
870110936
587037720
131129892
121186724
419792893
358448874
914213968
767763508
670830206
845271209
962652666
907585804
473155859
820057512
87155404
268851223
926461647
58122938
607628277
759331480
884145012
373608239
975886848
44161611
961026582
549809276
829647749
286095637
695195988
70837538
448968131
96030588
766618001
354517292
983978841
517511601
436506777
367663876
777383037
804253703
639591387
50308740
898416630
785561684
36753940
676410320
505511978
413470861
188576988
942413501
307909384
754370496
278298290
485112941
150790389
780708344
900080536
31517298
615634936
123214488
695744749
777699174
801469421
335191960
761509797
459940323
369357557
659579632
662847913
420120047
273461513
370961420
60320202
267741406
88123158
607205567
603315423
73336733
52135154
414271432
43074834
940369849
751997762
515730860
766245840
825420922
43418427
491876923
50493526
935952973
634336429
433744009
65855646
155924438
958161689
619925121
781022754
205745907
553069707
511490091
100076345
128476053
692768377
279870758
349156044
251782239
616971440
412713994
664531313
815618461
646145572
899054318
867765885
324080443
537729561
638976334
38566765
972779507
964353037
385063287
132403430
91305534
4549532
485997851
914336296
838597585
218631042
571633109
508766077
765785350
497347031
705768938
261876065
989899506
148672188
410459682
536151446
708039351
800690614
312545368
889683514
304526766
627257354
177543620
379156247
868606571
54135726
519819016
247588487
670353259
700822257
719432089
508225795
68989485
283148886
65570354
165776882
801994171
363895815
292149371
494979339
338301917
279022349
818461119
604603306
175808532
941200416
106573679
79793112
127982875
907397280
892256051
712801895
759642194
67057360
788532796
818151572
364695595
449707474
951862811
265748311
454254189
452538461
373560919
156455005
417027157
735015073
98490324
672995230
116978904
246240427
249525267
805983616
478993841
785177500
790745304
608165335
985685201
783169026
162244069
255447482
57219315
88572956
976027699
440735576
101210636
622950162
423441409
139633545
87885435
61457708
525257792
684310850
530820504
473549701
281529000
402652460
668876732
358528714
861788961
9769022
873817592
315255797
154318342
584298086
685460404
245195963
837178672
54894231
321028982
740038212
759490212
864043685
131618423
542415115
686708195
848758536
374288948
539342183
555354931
152875234
222710327
13181233
427136607
283153634
396621699
144328112
584328135
979082039
816019860
447060892
407410291
977792960
362982522
690415638
674300020
494576552
138461849
80556478
1938995
563801344
887481784
716698389
955148094
730833400
349167008
259824475
945769996
840707727
988030337
546592013
292651332
406368542
807681263
629377892
141860406
640059824
383597084
25689876
588168125
316035406
135079940
925244967
879104320
484392725
528476809
170917176
875794141
227135798
985788332
272135714
659182807
184435564
460012708
658156666
563179465
124763063
567083868
984978371
488718906
495248310
699852665
737066363
467895418
479464974
764651553
194197540
439710322
529483436
887120003
163716139
621330555
599043983
31769761
67515775
443490330
310092286
230458507
16055165
429203272
310041838
796125263
531812139
694100080
864046290
682622
360737498
886775101
18586125
195056933
192774113
464003929
277499820
409087292
650073001
150950483
705061687
170526979
853258772
909075206
389348069
218038653
645593553
580322253
776656926
149041366
187204933
36140602
783381212
74738974
486753612
862394568
129462162
358295807
929291755
701755752
772148427
503629213
399072654
532150458
366714041
314675886
704238604
964606196
689668880
478265106
794037501
589854765
146622869
942274265
639060854
840167653
536426588
759134583
172685866
76580004
523589342
741542386
941580736
923196583
864768212
556824174
415829867
766000082
882732301
709570427
532753796
82384369
882368260
967049836
850379525
820503512
153636762
227216476
121675053
946276467
946417773
709801367
14899957
930797426
516887545
859823925
768135440
532876158
150869740
548703644
940717363
866501570
210059884
198543082
721757778
891476121
723313224
975903709
31604251
642742719
492916046
47879851
340446900
202185682
43212504
118271371
709449115
332795640
741557054
30561273
912332220
505274655
451630649
825980
57797641
973670681
124210571
426393300
6443128
472862964
653593320
410248033
762392446
979034374
528749694
289741000
946348927
828056501
245679108
950166117
59181879
864816481
575896125
531210032
34547245
796161845
95670184
834417355
675015081
547337385
304088225
284311133
551142082
285280972
990094693
740021376
127589756
538294768
376485012
410294454
607226997
742441643
703506978
430980302
482600554
528516181
175212180
349978445
102365461
792074032
321909616
874572422
79651182
391859284
742449667
455236177
354708409
59030757
249757644
957728195
208734461
278956818
259125847
428131982
60342270
311157991
990766979
978581019
903033433
338901900
571372544
587481899
453861677
488311873
386828668
939776002
785800211
251750825
887826475
121303560
108834908
535842036
52860208
983633648
105622430
501117362
664693046
209465196
433824381
708880342
320159743
999603747
775953608
923100356
11637299
232498009
485402999
987893713
595960502
355371193
693183207
531244299
595164670
812505823
169070081
148743814
158702245
707909410
66651561
998205884
170470850
317123214
847939143
476380818
335813823
99461833
739172028
102362203
143354281
752887654
906439115
742548889
201544318
393028543
594058141
116364313
212320559
914512120
256598009
733127758
956034075
428751148
953019454
726261292
283165717
191395692
503620141
379869195
823863214
270562779
313534076
553621657
239633073
575160815
45232859
625194521
175883126
111828902
650544310
956996556
235466473
798206966
681174318
868087466
759182386
408554611
303180119
965620014
504575155
513682668
223884920
93800279
526553810
928098228
518897571
731189414
626235197
980209958
724649600
114983808
676133225
626389178
644595797
275606081
332039384
837698699
533643839
489290355
786746222
60457520
863019521
419675775
143347792
69828222
629151949
358955828
233813778
867083501
614685850
97699760
67224403
783927939
759732866
278338507
948364567
274689247
687002093
959566953
7998790
231315045
389268424
46091236
472330425
230425428
255851482
845608528
286136162
742062198
170980199
185297717
163315118
822329493
229604066
878003592
642578842
349869050
778505451
29597109
539310752
459743594
911504950
225510138
852152604
543365190
280070477
468866243
871490540
819531203
183186571
812168248
895109050
527083623
98943305
248975344
508162477
859126257
254761143
676290470
724349448
476000951
347194948
201352789
560598964
165135454
855214380
178112247
760839239
201503798
5863074
493050467
514830423
193950461
802372147
951105804
880387645
215532649
517839489
352900700
607810423
681013067
358292562
968107646
843574879
409483780
498829430
299560039
316559951
649575527
347795283
571867464
602947597
728246179
146109084
704039421
657843331
35967392
915870216
483728316
611649763
625181940
306237325
523617242
67982202
764869271
295658008
30721430
510433433
916261333
185056756
81739815
330882478
114953700
865027503
253043131
603089147
447853953
505365848
429393088
906397570
355351023
921748736
617812164
500692279
705334112
885249615
897296686
499641871
704145622
51486561
640482320
623702244
427373050
35231669
245904180
283200024
800588312
673347659
38937628
892035984
510705222
985462417
751187075
564334467
391271857
467148511
262299470
113386181
385115175
161147316
49112151
852859480
935368858
881328046
58559739
494555571
482016685
60525918
589215543
137533708
154003126
352408858
593797651
487303614
60169761
96973339
108882665
303067739
840138072
47809090
961296441
764453471
170629128
721728493
721763043
150575099
234843676
282178546
577662361
572392323
125218700
670019131
21020578
459711795
8398327
981235106
528289604
103064342
421050191
724515698
926574145
656377401
159130556
897170052
646576277
670375865
627040479
352324490
630172226
720599809
128515453
293457110
485339334
954017403
425933408
988299076
229312594
387626210
693142313
423780069
234950530
155322045
140245507
270826297
214797759
727585065
387423387
236747003
489050838
111965476
37951696
984324912
729220276
265182033
604696237
483073223
39491157
96060782
276328390
154332560
570990852
489484678
965683698
853035544
301584828
971430172
459297421
287962124
546734632
489824939
372306946
329655078
404024032
341358491
136775794
675226842
555127397
342158815
121583759
619422427
37942910
145466996
367066513
116547881
921550699
439923454
135152192
772740096
145095438
417941044
813750975
865748238
616884168
640798005
209721088
943115382
169139835
33024417
315223833
760538155
489556606
993419805
526608785
114958900
512863699
445719551
91780882
190172402
74041372
368135673
27841345
6841479
155546186
600520724
274902060
626043207
365029319
917359917
109001094
169243759
746730755
930870309
597507137
314025168
861378134
671813681
483496014
497640488
306595403
291124648
770996880
337063378
318880189
545334287
853431883
317225155
788294991
296464702
65702818
673485410
788815202
292359210
109829080
693167475
579837508
12113912
607241796
398864695
755842419
286511198
833579104
432217416
512503603
646949844
991714066
431063495
397349460
946218669
996066161
37952053
521382425
617045008
804714033
291003795
43482744
937587544
255696408
951432126
160949219
62057140
539035247
926735093
955498432
747049138
49799954
251769969
60997895
457856811
980228260
956407310
264890113
781953690
178593313
325986760
596928690
942174280
326007806
50853753
675117304
591640666
10476557
749334445
403554829
77217962
722388905
183763001
264388194
971852938
815371429
241412203
285970804
88163971
372494689
162810375
883449974
226461402
207230924
952497746
699279332
22639527
934075430
523260537
6526790
453216841
397760714
688286340
903798398
966450171
332737958
166059050
602041215
283179296
1534018
443675764
557082384
888398585
330447329
810882761
842395130
332902312
106638818
526890615
481909197
712291267
811606060
946455005
732447602
478962190
466572725
797982119
945365778
747220066
768855318
689196861
987489972
341490417
244451912
786026144
598476655
679372104
529872395
924707413
454173561
406246812
958652775
360766029
895214095
814955358
743128805
173230180
820182150
311777685
536918912
153335185
423006634
537661276
81418810
104916448
647640822
924583282
862257708
445451960
907244056
996400417
565106774
499924058
68214313
573638875
570944441
459807157
434854532
654963853
550024101
858922344
822145329
261652383
849063381
729533986
945171142
475347060
259420545
609057325
667444268
569701186
339840217
830420628
679897339
816515035
533756198
688408163
201691178
989928123
177182722
364406077
693479858
421070968
398168574
970710859
661975104
564355636
746697178
885102477
643584325
882774915
144852506
460533204
656227471
195055004
184049601
437380563
404661333
225062788
982091768
51140853
244827080
671286730
419871047
59615552
231210658
754091562
720394729
927044463
262915559
395855550
161813509
242929151
889499133
671918686
177321692
41075821
122026387
29574920
807365384
786134862
718174556
179094913
775882824
135807041
744397674
125917372
122668254
794024097
124473763
323163538
809741857
374804472
841914238
652053847
784237736
313363305
615196774
988730100
411579489
366971338
599083864
985724008
350779888
57892372
906338502
90436025
28911322
254624304
671942717
168756325
792886767
10517070
660474895
671578655
246161990
665507430
417297752
707633238
146125607
864004175
581461447
248787648
68043784
732707614
459447736
448711266
864483747
868176065
453588164
879942521
153045122
798371177
743548947
255958859
959201237
801902814
193252201
775939182
911597477
819871048
875148673
442299914
960702147
119762474
70816147
865147279
386587382
181405870
961414698
497984144
958240970
446153565
226096910
755023277
420235126
136079759
162228282
811312031
762843756
316905437
797534554
850906672
578878747
374041443
475357351
150620663
947278506
819822239
200648617
284671273
391825034
776633314
222081458
672769165
777325514
888584396
90849737
43052785
867075492
12532557
299166806
564335094
369684775
462738135
133127473
998786685
774957202
115412401
807521072
725949319
14655077
18379258
760330470
994193608
424934873
577126015
742419971
215679567
420181381
158815242
268257617
536355349
435092825
23342160
511746780
187410880
158647015
437934224
198437250
910800117
278411292
408826521
21839300
59592193
414387072
68974865
540864795
331793060
205566218
959024557
252696137
330755208
125153262
399856403
178601274
319143901
343785105
938207780
840743156
225885155
496612403
398400986
314731839
171346132
415996615
657415382
304433758
762918380
761770615
262861440
745672589
989438500
940506258
365189164
64124044
688040939
44825296
532916816
73547412
386295551
684611392
557159979
885697846
197743401
697079103
445704570
532231433
429452490
880047575
626443403
992157076
518062214
956982044
603312949
7449976
271003127
393482461
597221703
919935181
173274334
377143892
258476196
82811271
679263778
797331414
259972025
847383657
605184315
821061414
929120055
17866116
902042875
711063520
562734632
691554970
432246242
651382011
682304039
322037375
695684863
352794708
783885386
723710719
112664175
93009147
106370711
741854937
981986154
635287288
188630485
196125736
84608427
186717874
94013645
607096155
3590675
821826978
50341090
886811811
443609348
803484869
865295154
282109721
520451608
356975455
481177283
925337421
908832277
790454013
998236449
37909341
632114521
258575423
649780699
710670969
413942217
167476092
822818473
597194923
564790708
136638488
901852636
921806792
669786763
919452796
577530585
218545268
119772432
395400286
229069405
33920974
77928464
639155186
158679357
874560306
917974693
559160266
205821091
517046504
120927872
203959049
724287780
801383344
107589649
905853451
45717352
272803350
131663554
58677918
851650517
395219766
366994008
155403527
20306547
461943682
665119753
571168733
276446393
359960981
141080185
472137715
30035751
382773733
785956514
451259647
193610795
869143733
507611921
522533560
773969610
471693650
940249215
270633664
616174962
535870517
534998328
171107269
567024260
426317295
973067670
906502126
859563648
476476526
309033173
803004205
769332288
72276613
550226700
574529298
337048200
203742451
512877742
974655148
993009963
813297141
722632892
338378042
358257927
566030062
377742337
56130222
728490806
806190875
288109110
496480677
600496661
592233009
231058166
948862953
99496397
852773011
978258606
946945426
582018325
815230176
832745962
530699328
806370670
617378660
348345622
901154364
781833555
972980098
953670707
562040352
179364049
557640327
48525131
547777560
24868021
764965517
667697446
343786107
880438334
127685836
251875211
880589587
617125692
311895154
233848239
610525939
933382025
264272440
906180183
612421146
745316084
893052244
881783521
425184515
392866882
415426392
398950668
800097295
565956606
574641988
95180592
176769665
179119719
229401090
513623861
476516105
263944123
100672643
622314140
866512323
718153241
138011007
955146970
532786339
324546872
798342959
505966363
829801016
788635016
239322169
979503693
219993565
837190312
940205431
790161888
35125883
401354355
998663036
20437525
415347542
58418285
806662745
847020200
796226042
294335206
768843070
394216081
432113440
956015576
628867973
933045249
453164683
75482813
818650521
189798529
665988385
626478698
118967883
923014711
533432757
783197439
189496398
661055654
791551807
316694758
689278985
379187792
962745032
518899972
705788297
370569958
501733219
33754866
996039953
579366198
183328063
527987100
409992533
141206777
800539876
688588938
240086483
685553171
455273072
332043163
998367727
519391283
346219194
299717361
391813327
919299764
694798527
490085306
389507778
92143009
574685102
279820645
340542912
346483511
376481191
261164781
874808784
224561497
551113755
957089815
609244610
234468191
289444526
578718897
449473258
926156123
700861455
51038
495544304
517552734
941029784
691021596
227486744
840339955
684643360
492730556
665272720
286365432
414028637
431928392
584657802
350715378
439098666
234444123
519533385
761397946
899371846
993315399
684576912
10135028
782037153
394045257
727718856
288373246
39162133
605329617
742283571
355659669
780821355
784324257
537127320
301932107
39915493
544819868
870800070
781369526
932964627
584812472
792208068
578874705
414115998
171709653
363103085
571056356
930393874
778313391
694637373
674037075
815129206
57244494
72110159
802438452
862775106
147173081
348933065
380467615
53721127
237899278
373420744
146611615
396161278
704801799
620834416
35989595
399503536
729578191
453127108
887800638
441687333
830301574
476845600
894093956
503479765
830948011
785707161
350467768
784371970
123707948
573635019
523005356
65803619
377894615
35754506
422408429
923583795
668546215
513072336
659024260
48493613
307353331
874882231
818764313
307489982
755165112
385154846
252597136
864461553
718278799
783838923
921191539
335526999
67532569
880170425
514376221
554527748
62101589
966742178
159577055
970179118
88333775
630391153
959863215
882257587
235103813
365701457
126868185
847854847
946521621
356103058
606211550
984157997
62121628
783364751
865696884
298484298
123866520
776617235
483359797
244724297
378089568
762258968
853096908
799305872
650316686
210151654
5834160
371463232
939022167
605302288
31253770
191953081
245150069
988811497
286410182
209909363
94004717
878104811
2164771
415539408
218352586
474480583
838308800
775712090
74174606
929005196
509577004
811144408
636612982
401436556
844918594
99179018
642548348
248147287
855645342
733027153
554788152
124634301
316019947
890873189
557471975
772767295
273370983
282852007
560197779
238169894
971291178
589610351
773559249
290393703
67844353
734026959
941581775
303888688
566455300
982616262
393873498
277393373
814342558
618253775
128066893
841926654
451115093
782543709
30298691
851015117
726337576
360757992
750420121
596323351
143185664
779998836
542024816
369805549
925488512
674765864
401376913
481886116
560752681
240812546
432775511
218990901
948673244
124333713
187490213
60194661
433068199
762979732
953972927
960747528
208887653
820497622
41951858
660908901
147627792
240042434
789741164
864181006
742508480
954521434
995589734
49932207
408936839
177992841
389519930
450991182
152583332
363700413
894618893
784845320
206463523
216439098
970179099
849909840
366126630
747798572
314968827
990547973
900357846
655088712
436828267
160421503
461861986
715577468
387463174
719337821
284532135
311632167
448834817
191740321
967239973
486092361
21070123
590031088
259194987
843121437
368586515
703976403
65191030
603838532
310156655
362189975
470387650
419158372
869176761
280773413
998480431
982060140
412042468
495824525
154559638
924448270
75519996
211281523
152551987
648789559
984317544
351495505
244767763
797412213
47634035
266370909
79652848
184805839
951957020
39683883
273702330
707747661
931049385
621776228
396414367
614418609
638142652
513417178
678733322
69122292
921618974
445288968
590641777
158459244
996251509
724366730
520529265
247725101
388925235
326288876
142164394
164327819
954938751
240492100
310651453
757305293
539084581
64135498
436337231
462828677
16812004
559803595
351178076
989629849
457208805
952185846
897459195
119037613
444972130
578201449
921833672
368513173
489105377
222611098
103641157
431670141
761566116
806261772
896942675
596792332
715821498
490709024
611086327
592573885
32794749
364846754
245853533
43378503
951349735
283537809
428958447
783555176
813531066
998052035
126263538
965118785
586165911
91014150
390465915
69090601
820920754
564262162
125210548
496384268
965361508
135578332
768301602
218644863
214244899
15498701
355847662
334156338
466909772
285443448
160771318
202131563
708328938
355244421
804271922
138351573
782182292
745306285
15148565
953069330
626404047
591130280
297166611
206107575
734339515
693186781
746299744
276193364
128913225
835980060
683074819
838230458
661395762
729799639
650227139
269221073
143829134
543391266
936771814
86721291
730504220
405038205
177751949
504253336
987562056
162349980
990867659
332519516
918475395
465216967
706728990
521268647
96086458
677094468
594961550
14054416
477234879
618441883
24910688
114137359
832701464
439115779
106458129
280799683
468511723
121841714
575991125
730820444
792091302
477994444
487441725
486198184
400412607
417567833
172156521
123419829
974094385
512059377
240990201
921903570
341668267
54894593
924807943
811267015
550394066
455866793
944043782
52031498
777565817
15291864
345789140
506030414
908558936
930068920
437169613
341179620
339606841
1830501
155130936
595626186
118082097
597414826
605489658
800118622
367748690
450483078
536488132
257519158
645536079
931489530
923511942
545711352
435084604
565262147
720511706
739896095
828834505
316707001
215790082
376397755
801429834
192749331
477803886
669403374
146129261
728204483
422923723
98453309
125104331
810208507
581050710
501226236
281962413
710360511
919557460
363863688
196731652
877270709
70671508
665774265
708071565
867059530
984069656
221733570
327433650
92195882
418588832
560117861
777200703
990204348
484584502
893971274
637414653
801760142
726661627
383993101
461829855
696423632
816956307
245626833
105682084
285033927
969151193
349830193
705870818
500833532
17114681
470974841
313975898
762241214
417728372
969498106
93083980
787514312
4204912
469739716
989442279
17679191
906942949
301964497
108905733
940234301
933930434
596754191
285943903
504485041
623160687
697679791
384599448
567090177
297725150
385612594
291990824
952306388
976634453
147509284
838572802
340737061
773703223
551820199
317905294
207253865
773381218
926725
965598330
785538098
312043239
969542797
647085401
408071835
832460299
996457644
967582789
783206049
509438415
902911170
534478666
188633432
719477858
607117105
278128368
48506540
986925133
393841315
274407984
328859200
826054628
744533329
300600095
264561400
646348270
455179948
470884179
21071106
790323832
991174793
941677681
514104404
745417517
18230439
554510589
534808539
857118467
288601722
69687130
739943318
703558491
833719613
292323508
414779258
257614825
601689562
763580555
538394738
763236038
151453185
391163061
123554072
976198617
303734201
1635581
444353575
652355662
334349371
481841207
2255603
561060252
264555273
316132704
298042401
279163600
525813090
219034724
977040591
363164941
193199033
760021449
783744946
316146794
446543868
646300651
950052091
683307879
328543306
211467520
666700415
519531956
465528615
765593955
159914377
517973253
868303318
46317822
224103418
458031703
543851664
541526433
567783129
946146021
876107162
822232908
697236858
508597230
333536225
868784180
423545378
310905474
300980521
538419467
891929351
439747392
435491037
60848671
95400503
753479304
991597860
635882885
569852431
958866554
279543496
151192983
871699678
745312851
201181967
673274504
110640113
589461272
868462597
519809698
386441534
205811612
616032571
596911988
90314829
409305957
732092237
614730393
814065780
187136813
827650204
435745641
78138951
492637757
930772577
869084919
715624410
626513742
815619218
295198546
496023998
653698447
990752916
208031786
264470317
395453833
652762286
772707315
45572699
442948491
478067946
435296512
681118876
684921659
196834917
338633995
69780595
393986298
362007885
619233507
673031563
623223301
414887866
57877695
874782789
717736578
810350237
350054265
67756064
181208846
712733898
79590178
563052797
803061256
499931563
684511824
879216925
202726174
184068862
281495005
457934365
419040620
452535685
142691590
78899504
597180580
253634401
829393754
56168499
917625476
786390225
686859693
866225131
644651087
203702805
875303076
793415432
30355450
946662292
536593796
297418589
564938537
800159102
20179555
19316440
973215338
957912938
244775161
438518118
335098124
876044788
97500801
416121568
562254033
645133277
976829752
875438653
985303253
175776274
699406669
264113616
62819173
737604226
200556176
927657425
336911555
670968918
921052908
944057142
921212840
125380554
399653001
262831362
5251738
78510305
427762316
256570005
669249634
62322314
681000331
982748383
389404813
186295322
68798441
600874521
621052300
667897103
193605778
859262057
906462414
237046457
646138763
902159518
968516512
66062302
492876591
422216956
194451521
900504618
769766126
622090796
821383556
336495827
833268516
462179176
514188022
990286166
928667704
972668800
322527914
336354012
587801016
558776559
113314601
845529638
948805499
195201471
829958564
140742259
658781389
645315098
500681349
378302439
936762202
298548909
369875723
592745446
212157745
605461884
233894800
254472167
96655234
879697206
435517225
287708319
205504410
975569960
737217322
189108773
474640112
585585086
286343737
368921980
892874468
788549166
122670376
804548936
122749401
644234305
919326082
461742693
162490929
556983873
75866765
222994071
707672993
931804905
301227768
830468848
974777508
418861403
117802522
946143693
775498333
9772109
243017699
341625929
898456491
222228703
115614501
529559453
307877584
330772441
411804302
828501670
684513095
435979704
9698400
873759317
223170521
410552302
183414432
843601734
809509769
96894143
296175176
907007075
684141369
851484827
121195745
609371458
760565016
948773600
935285379
100172113
99278018
869286402
252335861
311317327
142073207
924130266
584796410
122737655
362862090
733237493
915413322
869060286
598830084
225189029
590741253
739980960
64948521
882053174
454855884
888783232
195069229
297777247
175690336
879837014
619909550
936664720
285066266
963552114
246060070
416001373
506280530
238688047
19217500
603261166
709632193
834815085
12366361
136693068
153896362
432416305
276746724
712340920
432589912
505450969
239464795
209976368
297506687
240719551
270476525
549052679
976348214
53358508
384186755
701252725
831154126
420194008
252181361
112163687
419541429
572820588
544098795
428540371
224595999
453711947
686827787
625868224
258146071
401097673
220595173
867902562
719116297
100682160
981818683
927515120
541104709
334477223
859930218
726543763
292199160
281242986
976766480
846682906
908082808
751092041
345005021
123593205
326063746
850370849
971901501
263530948
109755936
557472288
669131592
146537310
880651558
624829225
481819855
749137921
59598193
626247290
657105700
5319804
820657939
276243392
182388293
511631330
315990972
667575729
185983627
102623355
980629681
448970535
540476300
417786745
183805859
501115886
749833625
495146844
507765610
541209488
421535439
855852126
502024208
847190681
964860984
112090411
93544447
678581161
310380565
183092663
338783964
725378363
326558514
886204036
151881091
809023441
953879710
280786793
573039311
534304128
148026960
949716562
231210658
750446955
607026097
409085874
29901316
169328053
121022596
649370150
475447968
372741093
122010181
957357503
545820975
431878760
22075311
303179328
80679389
42624821
537796978
544786084
625758852
615148537
839334189
242335712
984899889
423430974
62411104
837325621
962867527
635460246
915329791
362171130
787914468
887980245
118549685
464967592
124517348
651730178
509499299
788417411
953491060
340367504
475598171
257044060
965648606
902045064
814893618
931366587
515299318
481099873
655472092
884088039
545802323
708123041
821958867
435169670
350890219
914041808
459131678
838125897
326885686
391819913
768717663
716013063
53987297
389793582
395887172
192370022
482680521
813590474
215986329
33575693
358670119
798922519
239113539
49905897
567065968
415262146
553704105
718330567
266110752
930425733
718585402
319325000
351018749
264541461
193263
221237297
515777171
577045750
202232372
438886999
542365737
600001205
197107613
26361089
425682732
56822751
449321897
839747323
439964730
730552279
3792565
992923775
125615163
963642187
819063341
909645019
643940025
116335306
608075537
156101267
826662759
682531534
383484853
970995129
976302058
128781819
248054457
609558944
553417580
342746743
934409215
648302550
230478398
616470049
106512341
498642887
684736034
98658113
391259725
346767581
836345562
131180675
977706612
820444453
743037940
327823087
653768298
694061953
735445376
289942781
606971318
927318257
265201922
251915247
348444208
368804075
27964167
473399595
523969587
609640174
243807582
169111376
809489017
952168111
738989690
696820043
817493934
69390875
787739591
25463891
664568092
102384660
593700691
315482126
289610181
195914813
771481058
224483198
637832746
646055413
380339556
353607876
259021926
520815856
902637738
217652210
335188176
637611880
289093440
306871458
931472747
512734974
888821152
71485288
997926661
863544369
719298006
906816349
105249110
615239288
517456055
292250468
309839743
209262754
6910639
2369323
67503213
445232647
285469740
657639438
906682657
51919475
766100896
792630115
67055401
92885197
441747379
177417375
407481448
151689897
205384310
574837471
157682075
377131473
282241117
921010244
423170310
197206281
602190267
476086696
577996614
262760609
559978425
926363590
62140182
672067918
828047775
775999976
553530500
356208910
276215000
370742251
12775197
834147212
666640250
185706237
648427987
301550192
155550451
416875907
355882310
748265760
953589737
29051862
119311103
880470079
318572484
986954483
948105355
978908908
680289710
941163420
695938232
337118864
61982200
598694503
743139477
375044598
418060158
182983228
21389803
280999965
911404727
972564938
829555795
379140539
43405539
599763770
460763849
91854550
367253131
413122096
982578850
34744845
13962712
430324819
131635654
569605171
10082244
931387936
588588781
472598136
440673411
618288619
955086288
815594977
920538159
664917710
827692852
415937133
977016622
881231623
668073453
60936377
759176119
349434291
704204251
664636753
456583492
94401994
627796712
409401849
543540732
500054292
842000826
593272064
809694576
545588003
559252242
952343845
149833416
165902832
491005165
693593446
213348004
433168203
67827810
149719320
831374652
15427448
628650665
373353512
531556173
521743173
960698948
405290718
517651774
179877475
143124139
405914506
298812403
94180165
32629126
337635609
773618863
828623133
154333521
574130545
177942614
781353437
138797535
647692370
844170520
190439835
671725966
384020726
835061833
837699574
62962440
608450900
422494090
863721241
890210797
965896351
561531799
745486134
659823969
733204585
145691554
83453781
935295654
137500342
832952028
733554244
528432311
949335980
48160298
253693521
202387955
621922072
421693837
642986695
363238697
105300227
115508259
985547967
122340495
924197041
402845688
833085559
3002928
884316491
268418983
785465150
221254358
402983040
608134375
724018461
546685840
351548638
96434616
344632007
331616138
878798176
9288820
854987146
706050206
698703483
534685180
404191530
874917755
697693762
119737197
110581146
299757372
622000183
215243392
271997066
372309781
303996767
250089850
533494030
411599122
646918868
97986510
382550466
702339841
698725973
319855535
513091697
643346802
616220044
892944319
17013828
589765294
999999479
493852520
158010253
71995565
168716770
869217828
283751889
141174207
862506134
927463159
729844041
237767049
27747753
409020783
456356009
681274435
640946759
453187906
408603312
729134307
172741559
765279149
927432949
702728574
681810478
570657262
359891224
675931328
266667997
736206949
935828617
501822840
392836290
853614970
595277351
424214469
773998751
209865327
615198928
595216900
473446412
504663494
146240105
274388891
657683029
505082827
160276844
310113661
369677125
68127363
456817006
873839502
858261479
990025300
562636111
578082960
137541537
866303962
949072652
22690796
904535544
671661278
754981651
438762657
549562453
982312871
415962956
471191335
838638757
240698286
22415809
566729853
701724436
976532758
276081200
104698310
182406335
574887539
562459345
930108064
15675836
468466753
214893824
635725059
298740463
991961030
999665576
620494712
532003619
432426042
901362437
603572149
565442484
197408972
346388879
514227623
164028646
794508513
887889849
204605333
539390223
944072856
797605608
63659437
731412023
295947610
46117569
348588412
785579440
66395476
46040530
967988811
356164328
731237491
826679252
911783491
526640146
926934254
610115799
46689126
237683022
85571472
310278464
109171162
366375310
202250976
914625771
141649594
133478261
38813812
172208191
1361722
876089166
876194122
513237811
725108107
701327206
388537866
107010059
884234270
865470157
846109320
231385665
268300716
241104709
819111645
856319026
628456644
164001393
309893256
833223376
895560411
69858143
199646177
537455888
847782780
848287922
713285837
996888577
823512546
20123121
361318401
556372321
905114668
245292995
282134305
91146700
486987481
475763721
405993151
717758665
771368434
797954050
938427204
308737255
745461204
731579331
830028769
294612830
936372676
902970086
618784901
640987130
502877827
918620133
953516573
955812581
700038050
681712804
474587494
770650546
229072103
36706877
582957800
739839817
978646380
584933400
589134618
563552
926187004
569393969
306516197
559043228
202174839
739037776
950366576
756511041
432778659
204391937
78317398
36127001
982987335
796616553
317413515
192552818
879900412
932196694
834855430
107322027
14798887
237466049
43324986
934351595
412116856
442572579
469581602
331722776
628274721
158652660
983900923
232767938
113333688
108152354
697592286
143492710
931527057
128444676
108397219
588915628
390014140
855754072
398782337
981097035
996284852
845395088
927585971
246300814
372826821
847267658
603053278
307995078
269397148
568139872
841141459
201993766
803531338
420554144
512534893
755150717
458756620
13150190
756167347
503553610
148919055
475861546
348272826
923049061
951809613
257846756
207655730
386372382
765683026
783193327
311264683
359282443
9497538
830951432
372357053
331319489
30550321
117864306
29760520
332696087
15307899
215939714
317158092
288406289
945777592
548399360
95668439
98820526
521714397
930965833
939273639
247623191
612662929
800956793
267464930
192567467
99583157
180640310
262874795
226135682
355173288
418929918
427461959
873628232
665391233
761755059
283922629
508367834
12968197
826403024
73175645
859703941
889509355
631473551
752046498
369709445
252777036
930249609
986281476
133320555
25569723
371481153
39200175
560184932
841390281
552989868
661989238
282454007
353871106
174330198
178811659
379478034
688124100
325789604
240384924
263384236
476383374
508585183
625747372
211241762
859294134
395352595
195013938
259300906
533019689
136491194
367666653
636682012
366758101
392214868
994877893
416736357
698455633
76580319
618717341
978213174
225622384
446415595
447273960
440266788
819568022
700141651
378018950
525706326
248825121
855589488
723242640
237114209
658085043
299120496
266677589
411351379
509127299
440267288
130209490
656400343
321240753
581641833
838973573
735430847
146565234
432505143
87621506
307548735
868238474
861172986
693453290
840896974
179010255
171268004
800444302
857274927
685083946
231545016
318819081
378083096
244052994
737091315
721572134
979477169
283663191
980509077
106197343
814925615
960291658
969367601
996269252
375482755
292378993
107247210
491722618
31540710
964312153
936810947
264214980
458013292
765445652
449552229
541052845
386820743
426626703
570296984
803609769
783644177
15129916
580349067
753478773
419480149
84619838
114351346
630421484
939772486
358978645
396199944
852772407
153489827
160509821
234277932
111190331
567837591
677960581
686405516
148453423
280909911
577928461
123110404
164367402
574934311
393404941
689999781
850812027
641767150
209146544
240894185
298562615
267492248
204151263
575470879
950804656
684440087
526954865
327511663
647553138
597624224
338485159
514440043
58848749
367888591
591675435
89645878
664933340
862030390
856840804
319299933
555718860
524736691
753428717
943387793
227487049
838665883
221480891
938987230
309009753
435164488
981231968
941249648
957442365
931829227
428337065
275539856
38104369
702064693
255138242
432255941
443546305
419451592
794781034
635799633
850601668
226250804
536884261
897868301
859570665
718490673
636285392
591539628
475994128
513052923
712834097
529827189
647732789
15981750
8442261
372914386
912862518
124984253
978075913
190389135
899524849
676839686
780031980
681362576
730863427
417556398
752322115
99699808
82945195
201268357
347981093
891887430
220734828
475922229
602059810
928160477
379054032
800531279
729840525
144821571
985412467
296920890
863901347
304706048
243863172
821814281
557801610
954865913
808079257
717012696
205756390
905584242
733624328
326953690
382345920
866891447
988405039
632941115
496471661
465978464
108243550
337519672
54275470
531117498
654617098
860052153
820054299
219658769
305972743
998530136
567814307
205507612
178813405
290503078
668506771
774956288
478777952
820291933
926965816
495182018
58755300
44501463
445137918
72761753
249556619
527821516
710471348
935268931
491955705
870421478
628414707
470243756
378693765
371603704
962861826
908819334
463403948
532467670
690104399
974730477
811403484
212353291
829827049
947728155
780140761
859111814
202726418
618749032
913361241
162665783
650956771
71604385
331054908
120994702
973811608
764817642
584607429
794155000
87867007
725903146
927452917
508380978
224286691
270453734
584726355
727063093
317644834
983284026
803657721
724826252
805043537
167792167
809803905
739847676
562707324
853322109
210219820
114722597
321561904
117969821
435654049
638468075
220849897
504037083
493691427
800072632
938997417
868164848
774259943
496757095
514234117
901968788
702359467
648440308
79917494
351285609
174728894
844697590
105496128
884993209
768902664
829925225
814986089
820859218
282947038
904457298
797421234
546242658
539153704
318698336
477639935
326603560
998764021
624595630
525218926
819596316
279333950
558893134
123662758
186505720
831754005
367384755
575664482
737543488
978349027
730227064
245684065
761844392
486897236
449850253
192244524
372158325
254453999
511730067
620977225
594814970
23863292
330131999
465802419
959976754
833778593
338272556
322771997
139147477
855229512
166537043
386020540
745336366
316100400
299616327
70214428
378424604
157187932
845086409
238981600
165664780
269598556
253211244
325534849
221635164
742538639
4782316
331858577
567709952
347130748
759265042
191576944
23974614
504419598
250301472
634642707
687255596
641477774
217037139
598201484
85873849
226349538
167750132
697679947
617445148
474099193
415097818
1520637
222036332
347717301
55396392
929800148
825798041
517320311
557665576
293447776
982425683
678171653
85666285
222577276
357547662
508432966
281301286
177972206
84060800
428383349
91016910
440265933
741861984
564753865
408718123
769631189
856064894
755155977
907358850
331371400
581331505
869747512
491109513
161149918
191760760
885640366
119198955
49136274
517278458
622185734
373594297
886017087
507539928
78713726
681618617
748918688
786593286
592315379
795268576
258760139
15506780
646811098
574363327
546851566
519320688
590077557
312060092
138455979
641045444
325501424
291019415
833722746
288650422
819901312
937629838
250134936
319273924
325466309
83508545
944546263
851501131
786499916
138848555
902198886
824263522
420711126
919215195
606972904
616894421
924044335
986468358
229882030
734922522
20261260
524541101
401587535
560421038
94028444
594771458
498356329
16079781
989721339
309278600
6942366
427765111
609007400
628400048
424568904
122746729
173957899
101712674
176782283
251509947
141677656
617633034
844763920
42970560
151103299
639811100
946323873
681007974
439610027
416162140
998871760
905633833
441634769
757876570
243752628
528475670
173957638
600610648
229926090
314359459
501295505
635605592
907552718
636166549
971497386
171808582
393951338
636946711
675760149
231692768
484830362
906696217
81901116
197954888
587904456
294611329
699873166
990512382
54271857
748222748
636121160
310921388
983432286
664991432
459196025
622545253
793594465
476814710
918001195
474303396
957577412
229543332
77128439
591639044
455222900
370383414
620641113
76781991
374300714
744135163
462458046
574761841
337710614
8577047
857053816
141778946
203498228
95128900
236592014
150473058
736834802
465236269
533625130
556547337
902459801
474183151
678052246
807870391
645937937
542109297
651990779
869587233
302189451
790678594
382894234
925104579
555604391
402529825
129555472
127427157
159737506
396807888
37126073
759486733
35221464
611735255
726229852
500416936
381466864
819415357
81839964
529424626
263866750
846335759
34380800
606588920
676103822
606547904
722954140
405520685
677660056
786144064
914918852
299242530
771014538
492709426
717502212
755288457
225031651
588939730
45381496
555996791
494373575
354939541
530145409
32413658
209139852
375279474
441852176
217279904
514266348
434312741
27853083
208311301
304730819
13577528
858503940
105992871
279721274
817265671
744524738
504038922
8169403
796196864
441452835
985806194
157885327
99121536
216014
664134111
172861151
149974877
190959475
915183029
481981151
981309069
222773448
846926874
501514480
754978220
125508718
410535932
720664243
415625774
769054497
141564700
765681175
683817660
643849491
353027428
129852589
80459488
488186607
326037553
77549408
923797176
876728072
279925334
280899719
301845058
656194915
11674908
227591662
484987390
161107077
874602748
227455361
122916646
720298819
738552353
766980781
847328728
605189935
588576228
317663394
962185303
636095655
899810112
95230828
258315731
404993723
426546806
651622948
197896026
280682447
242903534
939392294
515833083
241941938
119994698
831039906
975378869
635283321
565521074
943617777
610872165
39783104
344600244
905682905
926645273
12174458
986053486
682213620
886008994
413397584
332837310
501566567
113547664
514025996
780886802
318698336
477639935
326603178
906843213
778613084
37823923
710253324
826041436
262019584
393225976
687826715
999874297
340972081
185486813
812329750
701987528
499260862
673966664
960470303
345213171
678325217
666745432
783878628
91932466
540743473
496845571
806416802
977185507
141221030
299716499
992623816
900252813
901872805
753181938
439182202
187650238
408417094
995159934
126700390
921752812
92366731
774247638
116440893
47957326
423432247
741193128
35871110
298655133
349954860
842543449
17429080
642953044
20632138
805322694
836838222
409980563
431042005
408398042
449628854
730153038
392083914
688580277
506539628
372361056
300427477
970572755
672458192
778669191
253245802
263553937
242088781
183699291
662929779
995947973
121168618
374799099
828367464
318385543
166660101
998935787
111276589
327742545
382994344
820911041
321912865
770752645
553491391
722252173
987728831
755453411
567581309
185098170
740127386
816280091
485573259
760784326
959114345
392004168
209520295
330135137
874125407
831525631
473551670
659405494
610957931
684851644
18633646
897096876
144216697
669160803
580781996
792495348
404153191
297133515
616729120
783385472
903691166
886262356
705937565
646954391
996612629
355718541
41442703
438169023
833540542
47785174
427854077
768553579
952591161
287677105
578651564
526316881
514079730
47527822
587596073
161374783
759853144
859908164
380511728
363664924
700960492
220908011
367913397
702386918
472116223
596812222
495121262
143677076
326630104
6782838
57459736
304661997
142550264
380259156
642757874
393264199
438086164
655819738
492846259
389441454
425198606
701892321
460229026
228311260
600774337
621138697
146017647
15342622
586928661
614899432
54378114
249877784
313130254
754543271
323306414
880093045
262162974
350028002
290926952
585654453
503769567
82780790
625118303
150114843
880181967
730691572
512698359
330732196
751593869
500168657
286952931
392966516
473876104
551420081
145946195
698329381
218688479
916919951
769487050
259503761
663210041
293627668
366405176
148646941
738011122
95838767
907380965
986292533
332403103
689392609
38406457
158807179
442788052
934469230
385598520
421789000
931083928
373365438
617830822
941005304
791053807
722317814
771547255
540832029
623385889
339241850
989280051
665269973
832730924
312183792
22659767
372068975
546858949
454093777
863584901
108509828
80114802
587778277
230102849
734342692
801322667
983016521
281700462
23948488
696296105
868559857
588266758
99319640
39563577
461396892
569314236
999225295
631267886
536071726
945690046
726403864
649410701
695890186
274023795
414707814
497486454
652346149
352588594
264359815
670374587
325603789
320542114
454838710
265415218
422079311
645068061
536811390
211607978
480202086
499127090
261193280
396296724
290750767
214307719
232536101
922211978
560165795
285010332
364832908
443104575
990721941
109586037
634157108
876367041
758540362
679838819
464214137
622349065
347550192
997031401
30711
771288068
476963618
502996343
153514100
743745822
353295773
300593437
168329462
692206529
115985814
819495457
946083588
537265270
661956776
337273483
823636094
324413650
524944752
477866124
328509791
444942928
884876629
299717199
244571283
985154269
465984772
940094108
954606930
309169022
879368973
608862504
120767001
192254753
967523053
781354069
558118474
428264086
159081334
875828778
717614343
749774492
31262670
277676620
522189097
865107918
749172930
956203609
612910342
874076347
131087711
718312215
19763871
300607720
457995719
797372247
592382754
787638380
765152112
374307301
173475037
100581212
294653022
402596045
817511675
289801086
645557091
482694009
182074691
608579259
63990330
698880752
426093482
606103970
452233708
983184764
873456529
997134667
240620607
309727220
766080623
699569999
35181119
175329591
193036937
424787410
80451014
741171147
379348899
108240216
450392602
845124596
817607026
951445772
510037079
160059094
534069843
802028621
85956133
904107461
787130472
748939458
948941761
205333613
103652141
947749651
944785253
860564983
813937672
529168049
546458379
274323428
690771138
635709640
712038283
983844123
29357202
255035612
870658882
425592089
65207640
704561071
629532699
921892591
319146488
483891624
888732244
117621944
708028610
296729051
445672564
580148665
120986202
203200368
57180839
458670755
488592315
523334907
438629854
890848071
736857691
858794432
786923553
602665411
390212833
735438292
364707382
650902773
152976266
533988576
251674490
335994624
181662855
219339464
440187996
987272428
284648531
946307484
459592152
38820342
818770244
21345568
440412283
873631833
279161642
291561611
970968273
26177217
980000771
188275337
623103156
430793040
396440112
74333577
61673982
787190570
870410721
150537546
747909031
121934904
353434298
905171486
932173859
104824557
243503777
650645186
365442227
440009801
584968772
226429028
36428126
699487729
131327649
254883598
115619981
578273357
303386352
214574335
222746138
868395397
438841561
478107296
472974080
978615869
128677087
416216317
347756548
195657785
551826470
324845330
826699600
409832033
816000895
648644106
868218471
953410944
475610069
239434195
118780269
800313114
750775780
936960224
122267402
584257093
158765849
968799327
34771378
850897456
371856801
880074372
202290471
370926914
749850744
36652098
130264615
475830401
551179485
958405139
515768077
929763894
645986458
139992716
77280848
517033296
903485361
101454199
289241951
404163821
618974204
371810199
11561314
60042015
428518668
775321625
554732267
422969411
557089922
933492419
521177746
153508614
111284231
238061025
248550169
698994453
930506212
717550356
767700844
913125387
285769428
999665572
100938220
329745512
714335031
637620487
260983823
30616315
443886922
183829487
189964376
444164569
830853708
739855139
929544804
761089539
375220478
60863883
448813212
697569672
858378372
945094893
543992413
265320317
242240905
140280928
548373
699217475
89364499
53680047
452320781
452249101
215163810
593242664
166528130
952494993
439216056
490455636
556751956
742551816
264252150
932547073
27067466
696681407
447823943
506972360
228445906
868390572
386952606
69078836
525334041
855832875
529309188
310708441
462907985
141842376
534393615
426701232
441172975
240433732
376872282
344980261
815571931
870058310
654220479
507638654
583827082
905486599
537565823
148703692
508277956
719788312
29406882
7124768
407629634
27304539
509445185
403535669
803231977
248480138
951411531
381362432
455751392
557254580
51066830
897810675
321134899
825232359
418419627
415939359
99951003
946951913
615992069
232465843
472966140
285300416
404127200
581389876
238119884
152320400
968259296
200379292
783884878
53268627
874811342
683093825
547516911
844870692
108277341
701580657
234448690
25617558
455111861
716446252
155034481
469079675
32711909
229328538
699896367
310252805
355226845
794154127
963646475
963565751
346424028
359050958
673546550
494256061
294436075
275950835
899444634
739167151
784231718
345960484
390312851
886379810
771406729
563923549
273414324
657687052
104661958
34643541
707821318
501898150
586029657
362360462
153150322
607378814
874661513
953165493
112211861
462344724
917399821
166083857
180625402
76130015
824607014
181660422
655267768
534752664
792594711
748821080
150328157
564819131
995047572
84474302
190830298
27042829
806115193
859620935
678443848
527281345
37093292
928481677
192317132
310846729
859731378
571654986
316292183
492873880
57785247
311336526
999946053
483892359
523620237
116477268
609295911
134955186
294818131
129347713
841155566
546452287
811856871
239359848
139983785
383105787
340755971
281466784
719517802
812367704
962101924
344772721
445755848
479398734
465694204
161331610
499600103
279298019
873386577
340425415
946881284
818007481
41116547
272992775
501418917
545778729
260919355
215949790
214303686
991475084
129374615
799164463
294834371
157559550
880286890
611334815
73569649
152400420
24374895
679135162
538638354
485928091
686979748
313303682
959489682
407205111
137868195
169783547
877769624
702087701
489529954
143437967
318315243
964867349
207453625
824752434
97072344
27580721
59470823
806767450
236084701
113986151
403976738
60906027
859778093
175053311
424150591
940349299
766459347
187370285
678528771
446776918
198038981
770080265
319817024
681021434
217883848
882257509
128571922
260205434
260919383
934837629
189676020
217845422
98073748
94184520
331668425
295889289
305667070
693173281
957323484
111073958
120538983
227944340
939341170
56427802
644699160
543788374
594829664
561372893
589483617
742893452
794238317
676116568
209587068
494158046
853814658
462196879
900229667
899504610
2762734
382580512
427016266
728640771
59436031
190679482
101359227
78894845
941355720
328404519
646458891
908860795
673852818
102471049
726536708
150756776
461596269
619480045
922536176
821696635
884803610
670668024
627020069
430007521
70699165
714893566
615796699
694631034
331637331
340392289
196858201
722515404
889113885
874015901
299957453
608665124
150452314
535763106
610769589
378907926
94119478
737558780
936122656
226780757
808904049
693137382
408509744
539255276
348285068
287084034
562251344
996825237
399281388
886069868
652841179
130125724
607734499
187730760
545895905
489694966
837976450
668806478
942496486
298337172
381551437
318341464
302631951
948606177
171429297
689723595
662994902
274796533
728188299
908057772
362465773
867186387
641847113
464288515
391255265
844012645
158427681
6076876
970527817
872926218
184682846
912095374
185713363
257223936
967881230
576444149
941674700
825581935
554983276
269053545
135315390
896770034
206651776
973127292
714433807
630807677
204389577
671794214
271235008
920489927
240856896
512622810
333289639
66386972
284924179
499206716
114178763
326204901
597800136
758514805
843743716
739064602
97635953
163369289
66470196
962706955
632150716
488616689
373827621
718866093
867872068
417123237
802678275
129443806
196473893
428411265
654215984
391902879
550396638
841001308
207331375
8361194
922218612
14444453
558985356
324487006
542236205
666899623
993238271
381665840
683233938
583240021
98743356
552180568
736442289
560287787
681332952
465333649
297195907
848785855
968126903
435595633
249994623
533503986
342478362
219425905
369125624
810444914
276817637
531572758
913916020
206657102
196583889
903132390
837076444
826346948
774418766
216647909
897817736
871698666
411697107
671043864
672409833
335840966
789637200
704491605
214989376
90123753
164489657
970921021
576518865
243665046
339733465
136671188
238712718
438625838
20850579
683553632
61997327
221879085
248810362
57986879
367897124
292415977
556028163
643409475
167789131
957107583
155890141
48023901
649688981
187626042
339675646
112861579
765715862
650573484
119410504
594089502
382216701
832622751
378325549
471708470
30940885
93339783
437312024
719595740
909781006
272925668
362153465
441905022
772047133
413368644
305564069
870245456
51006596
366542906
854059566
995711381
813699719
643950479
851562774
296014220
484393883
878285327
568260682
362219852
961295839
10019180
893622294
978256979
339305340
810999966
715710103
531882334
693662702
951015084
8502783
752686770
205124587
581838074
639493803
778780434
833809436
639423675
160019559
309091409
975527157
352660588
858790571
845576574
36714172
705154975
107316943
440853113
454586073
625266893
174552754
995704957
536391948
198627983
492735326
51550269
663694443
937057898
23338263
219004940
781634594
990023343
522094073
168368698
213372472
601233654
416930524
358407523
696617231
466875308
154120706
526316409
624374944
191951478
50932061
489551071
676546800
68239043
564989976
971171644
998377666
381233600
944739862
320528770
104007074
139639783
212948371
281640048
123490306
798390013
788728532
578323329
325897139
548547253
422979982
695295603
6596792
644217449
412949171
451771347
620600903
540474723
591033042
921406040
630967442
716661278
88352418
813652131
536017427
202198487
314846694
987804941
630882626
418347121
366523300
354719055
61056530
527149564
327376716
556468033
528702656
875346041
350986396
627876740
435749448
837640238
30913462
596464510
531742243
189916603
454448365
760845532
455527322
716983111
523322385
567862788
555618842
439433132
924781592
538347792
351803958
586729006
121461690
191334313
15672585
343471886
212612771
379240389
774541760
355761553
546153949
497694746
196194306
669695637
697433452
366573328
587142279
522503456
449426796
789713172
196741427
322066745
169161582
593247974
10596105
69350900
732790892
238163222
708689494
357720360
736505666
54744492
142135606
821634748
580660819
717943415
590359499
646106612
557989287
234796136
795264660
978760971
679349854
216594470
483667758
854828059
344564803
896656509
732731703
266175987
498237477
281578607
862150047
75058883
705490121
440475815
145886130
144747746
976069442
610436731
441664940
858665291
624040839
255227543
222782042
694382935
138283284
996006646
601804430
6172788
645384307
932862921
842267734
946513210
431737050
687115779
683842897
414277510
457396281
170702005
291161294
949426683
240397365
132778926
898348568
337806550
45623358
748437517
296838110
860652346
941772210
712971088
238741388
749371134
703008478
787201906
289676420
468874753
292352124
920398628
526399702
157739271
413354690
305235991
125223494
89851602
297130519
739045924
216314421
699794046
485184661
131363867
280314850
818539500
947832772
599847609
408463228
111938427
796362293
281750620
991508478
355619460
281668804
519330570
13606251
513533115
665648768
903358209
230394374
681628009
27798445
3616355
193527407
147781822
393037175
657246023
224302306
950505844
540497690
435645550
313187290
319447092
999321376
722580539
211289394
490374401
498252314
262516884
489754660
119152509
940506266
357679980
789447279
964001656
17150257
525600815
811055855
330442510
738023709
321903911
738266736
883504697
786519466
275244886
181838300
508728823
523538971
574576960
187781130
480745370
397590991
700960492
221004633
370908722
791814757
244380508
536887531
434725413
37114130
495407024
841973712
56462598
856859660
257943381
487381267
753090128
741501700
794626387
90990862
580061762
538940187
575687410
840362569
517520283
829797046
296816931
337986827
248641918
227664754
290921493
794792762
620197687
723341871
86607129
29686709
859084106
542260981
137526072
200177081
199431999
55184068
290542139
763283788
519276817
730664871
925078806
903274799
281893574
732643265
109703679
579144724
143762068
700960492
220911277
368014897
702100648
463148802
322320531
675275376
453301795
222762562
664884376
68312676
189854491
693666270
493642303
527129039
578578824
598854465
772411831
72244055
914404486
58560062
623543559
849708888
563951381
927437368
505311098
556033266
28362477
802065025
997226181
404105208
45294213
400061717
920252054
872679159
879711085
835204398
739806951
120760555
737519489
380642458
46697638
938862935
511778114
998220590
631262405
702233328
543396691
555806859
749877545
944176272
860727985
792122785
347365707
76389725
244427994
514132731
317812996
561410416
611643048
130628427
813108709
872893566
778481766
355910281
28893068
576313895
314321857
833973284
344414836
927976171
761296894
702955060
491545037
182495681
224381655
289945031
295368030
563118802
671827373
163937348
883679449
503386630
393236340
274132836
446094112
313638594
648887911
874277205
807810059
30324932
690220024
975786189
518554813
736166631
502653051
466504539
150490604
639282151
32987741
704461259
994448437
674549522
699174268
12071351
103398166
292347780
616210320
722424977
625020554
977130835
937880250
689811643
241755036
271348764
616039929
341836978
591895317
788471562
899815424
363670210
943385977
669532045
104462918
16939817
458429362
643954267
307451405
795333376
996227371
204069771
965265541
911444838
829678036
29184356
564069043
143561198
548509458
622636267
814824916
830049919
518226112
963507240
805578679
24785152
688210778
679502750
930109786
55980862
517534123
443654820
521897761
943572451
674284067
618269143
226450887
575736511
583956920
543343521
78937297
495708549
153532474
276940649
204019164
671307112
575044465
393411979
274364706
295888714
214174715
200032101
938723438
398097613
958897594
292747620
861854996
934213684
861861437
759791428
894783115
86438852
821714334
132497732
762110146
223558975
282845404
643504589
81834573
364261425
544431511
920956158
278731177
71668370
841610068
941722987
742605873
549122044
656888154
42346737
825144912
73982415
100905058
42360337
69397868
988735332
561452397
373081667
780793849
553033687
150719520
239333267
554805818
875707190
373633612
154868226
806148013
603225477
609293345
763479926
564768676
945311027
377318452
100905879
377965912
787273467
558051655
790841767
391027998
674145748
398956182
745986304
92164679
849596351
529021159
35258389
57908179
616023224
380734507
774006668
186682521
727265857
371425989
375203950
445011838
410806982
77050856
274021110
627851736
978012039
49962221
513206841
490653368
257336714
593076332
423897814
119576354
329508670
533548426
158846006
124486631
127526209
826352458
822856893
891278392
495771566
576841778
196110111
820068096
540119149
543234095
400883492
25188555
91293144
175921496
747096101
589705776
504345928
844095105
659238018
659353881
499792017
278404231
438608576
994966676
438687737
472964462
772327373
884395510
75614170
360664509
669232294
582417843
496418023
932687488
362791924
969427635
860333747
407836086
728490558
414561984
774302939
573868888
490039585
139441903
927632665
742759033
957120071
426837728
582568780
887492582
234739491
817138274
651777543
888462064
24443450
632620231
243535395
198719481
819657453
72385240
451630373
177707202
814040076
843397916
479542178
723290254
258328741
786780419
49182799
741414987
475000949
454098059
245412990
485258414
108913093
708231511
922995993
573527275
289659229
875943049
946746777
269120716
569066138
272314854
349746048
662899401
696441090
39846611
802260584
837897476
729501532
818889549
397150346
99800469
703308093
433915069
283559682
868493513
240077088
105831773
393808214
579423080
243890565
700906826
298387858
41714032
598146118
549443464
165846759
55462256
721115095
925045489
780226606
343303499
212669147
253313014
944349349
176953315
976886301
155328059
739481733
690203147
246785558
984462621
61281764
232586479
984279819
175197720
654198382
666200725
758423578
350841211
658581903
204289758
217827146
97510466
287644610
484016555
879937383
10921597
829705902
339624470
873338178
617575176
387540663
925832288
923887857
179194798
731919667
912485566
368475730
794247774
950136788
219029441
661653973
644472112
685355896
34272045
4462804
702203701
151367172
312177218
885517199
353823018
36838882
162301259
708585305
177623282
478465534
721471648
328886063
544377644
967352948
988234773
875859348
90545861
702421570
971831842
87553280
453136531
65710962
881617338
34400804
338482453
735442984
143708343
539397956
380801757
727641568
936701005
858806297
149144305
968342594
885238173
171452152
732572163
45428121
978687583
186162254
120051045
204819869
694398998
900713553
489041975
915799811
576427153
488098027
97737219
590370115
23159879
309215204
930540034
912053962
463994148
526900382
122050965
344195878
881131326
531608484
91012344
412548239
150278918
133369195
717358019
581741381
789625347
160477088
600360696
837471561
454000624
649821044
814068391
759724056
88619398
95424468
939545640
575165807
939644020
790593651
515948472
599561438
436025857
583367665
956139366
271182295
33815551
500932759
503707781
486776000
434925048
54345490
275664497
19468056
391649587
213614908
279483112
327606477
507389223
804105557
647435823
8454444
632518799
175116315
190659279
255306552
742817194
516468049
452266682
250052713
559711363
984827232
191831365
690621020
594462640
995363654
91180892
462099520
384811385
159049064
668011105
996611540
514752174
794989085
863365056
147090889
957975996
505332916
917187406
281276906
494677335
768069377
152723932
968181082
7661711
438170486
897520918
85018451
507313299
597957937
759671972
252283552
451715740
136392902
36530859
7431755
163154051
114143669
320570300
700619710
933268722
722074931
317185454
490608997
100822940
923592789
774597194
494895358
686736023
363965295
802806368
933663893
697074013
366640551
67174261
214963227
968870714
605000071
99969239
446090271
256102831
75933000
938572240
35689464
8425327
174577251
612555791
712777902
88500188
560102944
441240922
385788572
25526418
282455344
750058135
43371588
722825348
318559071
442363876
84822982
437589343
95732692
540822156
623080023
589939885
416884049
451405193
249247205
584146304
25202792
727349452
334516700
807929600
242675534
583405771
863288285
873143930
596001618
84538975
731912502
375714414
780351823
975066844
147049777
841608428
487623878
998071250
485695735
639484106
232671021
779724068
170915329
273160981
35019437
488705734
373246837
240734462
649793818
726617764
547396327
405209728
500325828
446970379
303510714
713325542
179112749
215406294
26019506
930918902
625987676
80382545
983099606
756297826
105851352
129302471
102618957
754296753
511254404
244225101
564920605
812427037
540130578
542020279
356084188
704643017
545662630
129772015
16874972
948595049
136929716
474115294
649373192
621705167
241085601
34169734
150904449
589242043
833425772
605119023
421601007
292723319
968772194
791276474
90840265
47782177
592455344
58631983
27087467
954474737
899689527
649620085
36833785
13699270
273148358
62417412
554734507
68511132
643835695
155669719
211793637
228513767
575063273
820903962
239592253
184594686
179414401
433693421
818408879
861807981
756128251
668199685
774684683
925993599
703156469
425564903
683648271
995860569
216546357
219685538
826944628
202205529
904753239
710354642
683990002
336971381
969374976
47349346
255965966
174761377
834069487
617462186
314217558
737772959
268817550
984312794
800199058
589706391
608385549
648091366
354271040
570481936
643988734
800448038
480355781
387274772
364011746
892746203
484348374
265741981
566457349
775322330
48867684
500347331
887570493
302821289
129846567
769475866
768141152
184231706
800050902
993830572
565982363
415614765
931079490
486747872
900823624
592089584
699739247
870600892
140615639
692876063
922212121
922689495
394753133
868097954
702353878
142512366
289625062
629598415
806922401
597510490
77137125
614734771
382700441
296921553
695704053
549662840
387972460
758134836
912909631
436710110
275781674
94401307
714576740
697013049
1051619
195282126
169637622
481741756
23384300
817899608
586598147
271176816
539580167
346776517
366126356
944098994
50603746
87257005
698906414
368955636
791479841
300755948
887530825
510953327
486361181
446131145
257307371
797851093
653254911
883885238
567928265
950738421
197153049
23246426
914859469
626878244
225011027
799107807
836926183
859634208
759974874
859347323
582993206
523883842
424008756
482108655
430922596
978394958
562023238
152839000
424379065
848546141
794592062
484343710
432242832
687093704
613291107
912383363
37326353
195648468
724456634
689866337
713228325
233563402
838346418
864126420
38884297
813538603
68274117
846728970
449258727
201384998
463725870
71516089
383431074
559351887
137979000
831038825
530953845
656437687
484554611
233229438
978003025
587195279
860374448
126978540
563999846
702282738
227986327
662384136
95827153
440141367
873620267
131724543
278637148
629062791
845366652
261406077
441577536
731077308
283301569
263809746
885535776
220093880
179687249
427883620
37001572
530393540
303241127
231735144
875250642
126708936
30742700
761374639
173232784
242313947
509231607
925166477
274881586
900681794
920982902
740762560
464468
934266323
636543302
360787598
818307969
232496880
201345932
446192325
999325975
90899502
807281324
278696824
130831042
446052874
443828539
691454052
616355254
286970055
8304645
177315061
693530455
82460324
320881857
274789021
181367433
117082162
508259680
695874134
260025684
58351358
447960431
566841871
491965654
987621979
64421087
184078966
13992519
537264000
230955334
366940171
422021520
743030847
641523586
755884414
578499258
438101927
16226689
432674084
656511628
481068685
311005882
884402313
336435888
999087249
303202930
18035502
507475633
479410597
855764280
565891754
305584720
731730826
513109632
807635942
60171986
528337227
723319622
750107997
912701716
602793754
291539911
264357736
639994156
406737686
394590651
951429285
744237769
204655406
338354960
78120382
462283349
377645441
198144786
156762240
15485486
419824931
532606143
328382363
293862484
102122683
283911610
560505072
840130554
642085657
888779747
342294902
197891403
357709133
22852959
841959947
642389367
20982547
858475892
705929231
110825205
343124196
394201361
121699912
897218856
662360158
759906352
668420734
232123551
699524499
342580480
748909997
327518506
97364774
261766225
175924578
389677065
12851573
652169743
780853945
842206234
184356926
616302146
953944243
492707351
331973555
47703913
138268485
284534601
406242141
777383440
123507324
715910297
955595838
286016421
628770668
666011985
368872628
407195242
615438189
218341912
547548750
50501228
866577647
733628451
286585197
696279813
982436858
441780465
507084767
893158992
449992547
613579431
246963980
395703420
253517238
743438035
677330003
565113053
952825466
670799807
853396787
440139701
770280523
93605921
397938776
732482480
483022886
285016449
296401454
996914156
321270066
589420626
186251893
242707409
20018309
713399336
903046007
86183373
504561425
556922645
629499237
81509893
984991099
482620854
694884989
78717968
785231020
19058769
519782015
347494956
391219111
788668994
577653783
759723007
916910101
804022794
847866151
872431893
2193855
474109166
42369482
660591174
50449475
700208222
771096152
15188011
180275508
985231948
493877833
55128968
620731368
876450752
600206064
795917569
78390540
430737054
915892644
559313673
846303873
726556052
749859284
185246817
40663235
147743556
74739316
517579606
348300099
167967657
823272490
449364182
400314024
333251827
469734991
955546589
809073336
566816268
775520326
169181763
698900092
847615894
884165742
329125299
196920078
365593865
949376542
804125296
39091263
3680411
382477078
476677425
608522536
484109672
194655863
459019574
538061892
599789689
708334121
159129702
489887287
924172669
20010964
838828088
828119835
841280545
739050841
218645296
290307136
704070033
92610018
742652217
133537511
668901863
507518885
764451457
166917728
519411882
635838573
614277960
87552368
822559850
400598652
320582353
429404562
722881464
590476832
986806441
161333998
346322839
304414405
820766159
132776955
179248682
764633095
929985988
617821359
488456769
288065984
388834857
577393512
10511298
352021725
788059896
865166949
577524202
395710139
399484805
252567570
637671598
386670270
765496158
300757591
317428119
915128035
147558033
724627515
599055869
442571551
978191604
990210549
45034173
266466029
197316673
615768950
606870709
146235197
405032819
904196779
935330225
866978245
883681073
732002444
522824796
837626535
778055080
134730906
51545341
3592962
259854543
625751669
958922776
819969010
867311310
216057998
822431202
815531471
988950570
359748499
24056368
579871406
602520921
842426710
750831825
620655543
631728257
483062099
766706803
517579444
611984734
758188560
53139757
62801635
462729324
134324751
862615777
205565765
107361675
838679516
153991485
436177624
830633841
855481311
582158999
598234082
547346715
270535048
183694988
261581193
890232553
388903867
842583922
806936582
535869404
624142306
271622653
643277710
415233118
609728200
124396992
270687443
951827014
288118697
276548709
182897777
715394336
747702095
158152809
111681981
248822912
232480920
691418068
564104471
228504722
669060486
679942704
655665714
540785072
661228265
250170616
349603047
641130189
216354846
674819642
668063696
882600427
664412064
839254254
306948994
710860196
429181177
98587046
844449353
589876791
949184844
783539754
622190873
632900005
164333732
886040623
124680088
918105946
80128761
799294080
701257929
525563333
279713002
408493210
781412158
414992370
624008353
706179083
382787278
645193998
335221968
11675848
36592709
871875629
933531105
544507999
119764698
383821886
243347511
990791038
572104450
779580660
413881842
27100930
244076538
307318416
98858436
851179066
656567934
729685625
847076236
673024292
64071918
931367488
538345631
220754701
918804869
574596837
277089964
310900977
35851970
52364361
27537185
648118056
55914667
978327411
916811304
285728440
329933272
446204327
618994794
697002772
519685568
900375460
961244646
586723648
903595732
527351456
918248789
63559166
929498463
471718038
216055199
489084731
915231375
602386026
594041383
666666225
596014661
559385813
343040829
495304052
189434216
66995637
353204042
432581179
636841171
772418101
468085900
549305738
665529718
253812448
775148258
807658661
623447196
61701981
127909285
605646568
913103114
894238544
401978812
209565234
831782762
517727645
387545882
276978241
743009913
699773677
481123267
393375188
385205600
700798194
644726327
659109192
601406728
547596788
868878431
280100120
809632201
758063280
664701232
73861115
809559739
840523945
401216091
651384882
408078851
437122160
409694488
357960689
225797285
619507265
65413043
342322139
469469035
960458205
198115269
282386997
535910317
458765708
648960750
574898598
693594679
820033325
979830534
423087419
423514407
351922251
529597086
207756520
529322151
217442230
588705588
775438651
32540844
529501830
96782052
225979007
381428756
696138804
699967780
989881196
680256075
883120484
168585214
814791709
195290067
277083930
34644897
486917942
734575964
866156762
894362316
665274539
617453201
692593818
940887459
39369004
262026601
30353698
676619123
193896261
146387139
699253514
281303601
928088196
619204834
429498042
72636629
596601210
70787952
34944711
392912669
854946308
785445143
876699299
546354370
151372623
253067785
100998732
501516190
888082712
251380026
671176568
639033035
792574072
562274796
731761769
449019731
452698740
832276958
351267019
679691212
868402951
355339587
582449566
574725875
604638221
304300606
880394714
862214276
389653898
76762293
171200850
735039492
44697438
257478605
44405667
900105201
338088693
47788148
691170651
301587259
840768542
153442332
871475516
881171118
168330952
88665805
56713519
124771219
515102312
816747402
948487979
851431996
49675633
94549922
588468582
313644084
244645727
717222562
853119491
233387873
955718028
827919697
447423829
675440148
53057097
688271734
665879112
936695405
31499791
291022382
829887389
929927242
451151683
797067888
136329425
337416434
672596909
295449082
509189233
389799787
837825405
968206855
657408064
39061330
777823646
119309678
624691600
364212700
494308526
121633423
44517592
630379881
706491681
505686778
406027438
791412313
816798394
737693169
322910403
933955119
744160561
617422582
797421079
86928690
878510849
630899249
418088620
480512471
376604458
705248490
256353892
545517077
574056831
144276721
53814329
147263424
224618149
183766622
966104118
82421465
946286759
275286030
992771393
814444193
667538363
808092223
786008075
243129747
468475431
68372282
615131754
277107725
646229640
352351039
711021814
256935404
230424328
192650388
966886116
485073908
382276484
783806192
106180544
688422715
768339575
671027286
209209953
331560021
220854965
507471424
19707978
120026663
315127961
735771130
6083801
725679289
366104722
518933155
450261679
610659486
867309131
109672679
461139099
63063601
327015509
817834034
81248061
110727779
93074191
17627538
730330886
569331777
643227606
935516950
463353915
239268259
80491962
191972713
873977953
131964302
14410517
918298364
36826868
77273219
506775538
910698996
509679201
933260184
429098233
238919990
400462506
975565571
24317226
285643634
927495360
624213944
5081157
649555419
331854162
679642061
180209035
810220159
234883532
541293457
796284117
46617580
678988888
389919479
220696289
939804433
9234429
946783569
954620547
490772692
551842173
955578207
234414561
109269737
533268100
429012431
499860605
542717257
592314654
233496016
549678911
227367887
681507055
218364623
200374018
842858822
73166656
74554990
177858605
869834710
556134856
576711792
308734166
609287325
549381885
243406539
112630829
917490322
901022059
39184194
811087983
922421490
980045074
639020862
617835359
191101857
602222904
797825233
460965325
136070085
622943537
595318020
564375040
257563707
772728479
736499098
815955145
135856205
60127480
486216044
234886316
841988640
237369069
988730100
407867737
859047676
951063302
846120566
212281429
71860453
750995098
477150812
663413348
356234028
706271794
979783895
503401880
599494065
982811551
245746805
350432853
213863641
705882150
50688698
467277973
877144353
268384997
362187801
697419284
478131060
313304847
232215877
113945897
469081150
915629885
264399226
71680106
183356636
492132994
801309538
255777183
93370922
395634519
831703707
356578148
391591730
927593316
903924900
370077964
364637077
530559860
210893905
917502842
666624234
591439073
763471590
278906917
434367980
128425426
204164093
828718688
181520344
987168742
546319874
502949894
94980516
601815384
184084212
876292854
433654313
242987734
469489537
422101123
873274556
631557988
786072724
713123225
723416532
297654198
9895767
899072201
534242464
607976271
832103777
143641555
993114264
737946980
773831934
478316498
709066787
910312865
640224723
239537697
201526582
423754724
755241161
29701512
651752660
582104554
916982761
216677582
846735123
109542034
455551959
692679262
70949552
936919679
87893869
291866522
547547400
70443461
385738498
756134774
342202036
103058865
857835860
766797505
268637363
388419272
611257937
565157026
61388645
783795615
141835868
963934111
319685906
698402856
357457761
415403970
111506661
776187023
933535800
458210675
991098531
308200967
99767313
418922768
189325729
82859115
943974402
259060376
991766061
504092679
591691862
964110883
214825089
204680444
135216580
774630378
723624623
249563473
34099871
980089236
582546104
568580739
996433977
626943180
54732175
814799418
752761933
676883340
194862382
109479750
700193048
781466119
616855930
152525591
837035060
581045533
773808220
725538189
282103836
154276712
220757248
223173104
819603655
520736358
397236585
978246155
988653094
311102503
108768362
112747619
702837064
132814515
69219232
495154007
160085050
585785464
344394867
176697643
239022007
666345946
254085355
90239468
976718952
218690483
515161885
841884776
956008899
343096389
882883859
475721737
729658817
944923004
552433436
495750736
591342982
281639151
496333352
690794453
233338369
654726443
953493744
900340334
416238260
248354764
270711223
408566455
629937996
286933887
681611199
860507077
181924115
262038890
466224204
959630930
242776139
286226588
91727537
25742339
871442067
423065326
8403136
180482398
459532803
122565018
807987180
512185000
713826258
840913545
402547437
446265598
612822378
40530188
975469615
686622455
670312128
399563894
567463288
288583417
551016108
420431610
821519311
953377122
177676831
730957213
169530253
918448745
992087724
101898758
921895341
330318200
26531346
742438189
161240172
786694225
3144728
182846104
717839618
379632045
645530798
798129026
649367382
817811840
130756020
705855336
883259580
256389446
989752712
100845305
813424631
221679481
231955943
234135703
827895276
534913833
342649785
479626443
491866427
105435320
912712575
528934075
367846449
231821194
73745037
504329713
402605856
322976705
235253516
398948785
434170257
270967684
910769372
724986808
741262126
313239695
155375165
575921363
612807340
681112559
986325267
709293629
798604864
247886954
365124290
150219116
1754910
886297822
146968843
779009802
796517765
483836377
660268051
78097758
328151396
791438507
787210313
273241084
760274082
181452241
384370565
457463543
944027565
808964145
715173186
760703473
5580842
295988322
817643615
150696647
723469431
276958097
901947503
251600276
671350015
377718214
619922074
309230472
836286297
736144002
578904650
817785519
221168240
374354367
707009013
537472203
469811384
252074963
495037257
107855133
562215965
207957279
228624767
867544504
987298147
1584333
256345860
464754433
403414996
476367159
112247531
497323242
36910002
395326226
874907425
116167360
851525494
414649981
132318098
235074527
304591280
60858056
878985105
84623680
967188737
675622028
421846501
885318910
308774177
725224310
603017059
610604242
800472908
415486676
63802782
297835491
728400259
71543999
336447783
202988830
925323597
699750221
85508866
74223492
1068024
27051241
674905106
352645439
452113827
356122787
847883630
61841202
695666459
910525777
767202252
384144968
239596151
918710143
477376797
791062739
169882064
757596630
819702339
116438435
603628886
319838851
43202029
127500611
43349752
468338082
461103934
446885802
887655222
536803878
924311441
573525827
370466192
668328476
383453798
643183390
810426823
493906547
930992466
111998826
202482488
148814798
724462997
475712610
951143034
337740449
513456757
146948444
547787146
875642572
639409912
652981133
74402
665334059
964743093
500866211
209628084
689406127
578568430
918766000
2598114
426637829
101160269
767338774
220960366
52425072
728549275
788981582
237112582
798969029
522342202
186656557
142419176
22862696
820058180
567709471
377582783
818993601
508425695
702149716
333560028
138336294
356417054
715395156
668490888
826713259
607095550
971131785
385116898
596043145
408126619
449907631
155060186
579857906
312782036
122054992
989283345
234805407
876170182
265270950
615560580
939960617
446825186
245274207
982763932
419430215
382035032
727489613
890067229
512053787
26431412
927143966
800118072
675513014
649611007
630737492
157445296
909994572
554800420
916465044
69770283
541122425
829435373
16958254
180022134
452427423
848881447
835090333
62492716
557168874
38731145
187688962
693744170
551692780
452044463
861849410
240288710
408443494
655690703
532242852
119507525
790338819
124251660
659989053
794951406
389737679
932429723
299303515
135891700
92336101
330199895
250375581
634095609
225974220
160264472
746788138
705096355
449252358
23329302
159862727
153941920
558860258
532591378
343192550
264746607
93153131
679034973
858261077
532820096
598707166
15058825
513495123
129506349
383472765
65196645
892930910
334418106
703682187
603863441
217306396
524735943
7977271
755624272
467970475
509398962
731679005
905024817
813474049
332196391
502304202
499191291
845593183
207331166
779887504
187501976
664223918
876761790
403082281
68656073
465721496
622206971
908609310
771822044
14857387
115752455
370604401
360572785
481362058
153828324
283101477
993419681
27586787
524704838
643078273
122465066
64469056
660380416
998247476
889017052
907953071
528732974
10622699
3273301
696282764
436428202
317530128
536135976
490375619
361993343
214277164
753916059
246331059
826057384
912789771
115396193
692045087
445899400
153377740
555877544
331601919
821290798
574777526
215865816
788116462
458710328
694469629
448535278
398921584
310991535
864110162
13643992
201653091
868854457
554774449
711383512
841942151
868707858
291248591
595062214
634087539
803057038
9568873
976697599
506919433
780246250
425477286
864549318
813632592
317580381
793074736
696622367
553753855
392206246
777272464
36492830
166745345
508501113
703736231
348977874
610008965
605924954
120587860
266221803
291518785
313825156
491636728
113722089
936188404
366709602
230322516
251305431
987871504
983773755
368727657
110813995
917775067
88640408
139915988
149119106
790192013
222179308
458036227
68944146
464006549
308254070
782225658
450051438
159611387
558949191
818665197
619884946
365946643
132485117
630144231
731332805
531099241
335818079
543557757
732447438
280552015
518245558
649029971
934643518
923086757
850374960
427579967
633583264
281200924
444142092
182514721
457979052
72647635
385269340
724277854
230320161
531987923
631903607
798603779
535306475
398539424
874591905
421005027
60299204
744208752
415433410
770003203
252232718
314736584
752543934
663068763
270594697
16775497
391781969
397024640
209218678
682542909
537498482
325464908
434281233
398322700
219856590
354182147
212849382
191358929
587682153
563015578
51380172
580154447
704311902
134201161
823245290
88386523
468604592
970402706
597767940
467657696
724009026
201987838
49762439
966413806
815112795
515378137
496487649
882249941
461050374
586311924
558920869
129315651
2822238
915309784
815968596
327565855
438077359
185331538
769418396
349658379
596805118
530978247
983629091
837370300
429298430
267614531
862973104
470899657
414272046
799238959
396302200
891214179
818761691
308646832
341600207
560543695
725764181
22099603
866936772
254127091
5381182
941274745
426298786
326581240
49149137
329422961
675845635
518137128
407119595
255978017
594770505
733493594
610136140
47319361
979202899
292048144
436837200
330092934
724016855
891528234
435350776
598525678
562418858
568083809
374714572
282088792
611406413
812397192
633354118
267920136
873589858
804114944
660749060
173343285
366127157
940264732
470152553
600835182
566295015
766274028
942725455
12628313
385519941
151873332
848886632
348674744
620185994
536735056
247074273
153756994
232907603
212521390
148454261
516294827
95035106
988032112
550125024
662553107
109406337
514718706
910140933
46599688
17695789
608919016
190303437
22112840
38135642
176248681
315325321
542938709
208170581
44553493
313927424
390764839
95343644
516269055
975277938
305514352
412787934
266947666
655176002
405801603
629702589
585540674
896871841
10950397
660601304
961876447
163155058
724022331
964457277
50943940
184307088
359488590
348374508
875054821
313441258
64739780
58116813
368543475
671729349
733630504
734930595
253378527
517645348
254929222
680676118
892635030
968579352
834036802
375010508
922688763
697101193
100055807
738198998
567601235
488712417
716583535
89386536
143283694
291247154
767364907
680361265
122785184
498178239
462104580
368743635
88485216
130998602
952900963
463160630
877744546
632519583
613355012
505239630
249139642
856428367
766134527
903780626
146442866
578260338
244044104
698466105
18315954
504157861
295360375
154839787
391199110
469132324
148133651
550937742
308320696
754705104
386029909
903685867
688010996
5798822
674048120
938993693
978525652
14828988
45462667
452844290
908010633
817823391
192650260
197043036
506590260
815505658
440753962
705459938
657397403
335976693
92923839
401283588
291973710
574075350
555643566
80273498
663964585
770067571
18479118
565333939
643458808
604617275
313392529
349557599
22919132
754188877
910527622
330622332
775228839
232376568
632238224
166401610
122713926
140705303
879074366
121352072
366847572
939193663
79266926
954091967
828592241
758159756
499921290
289245668
905789598
653711047
365175823
171639928
338727613
282664285
985568850
532464127
814340937
362688898
506883462
585128543
242261735
848002982
636516780
874126347
661624564
395678074
332781298
416130710
7089024
244650689
365952371
167057878
257461968
49637642
569335585
641894302
547940792
29947000
358838773
758410688
289413683
179748007
63521744
840915795
532866531
307100038
391842417
584071165
673239679
743462116
370473198
912117290
10086509
657550736
148573082
919557742
916747319
339137527
321340149
900468855
734467566
478861118
631355306
195364517
264223506
507249595
450922324
766731813
688668498
327497413
322008856
919144301
973217714
775555927
20117840
190575746
252822971
846818998
739351524
915384380
978503995
112312476
420860691
819294177
986086172
965380898
330103362
104903527
49984869
808141152
273537934
718640974
346019228
287212093
951708397
275715519
285659897
926312893
923623139
914685796
143398938
989365587
362412641
32767879
981625605
60482609
126072177
225164742
946696410
982391219
418388134
739539912
799677657
626224442
128537073
207725111
199644556
93191118
760666544
691869986
318194754
387358110
567915687
625270295
516477917
107638012
260009383
98822103
214555292
274720500
503153814
119125671
217812794
421961611
264519689
930653271
204766183
919977981
417567414
731255350
683531884
416641439
647480955
63803767
914675356
775549207
802586408
389677843
258398280
580698992
938923834
421322967
519919815
897409097
804406671
738377288
112668206
881251587
224423536
518570290
263259828
251885443
932352173
335461005
360488161
95003963
575873609
911263348
671082761
181765486
914470488
11590546
373435480
234568929
235900624
48585501
221630506
962254597
97768734
553622619
507170219
32039950
48724785
77483969
256739203
296804418
545805880
942213828
330691488
563472280
944265723
763473508
464320080
781181342
847372174
662347015
304502185
306011405
578884003
575893464
963904964
467764870
177404953
399653938
241671928
62307444
970161984
251350347
515105185
280048926
604943275
61310786
513273176
445271794
389469821
886181361
582829681
81999411
283493284
133160906
755892283
3138434
442253938
126350651
254858928
559980494
589122239
344297925
217224295
45336134
213497290
736524525
666734919
891758396
632946520
677112427
198501929
648355723
974325580
387702597
729313102
462230562
177718071
55902964
44475358
489943986
380616121
178798278
746971452
428236464
257399586
769509973
51572510
596050310
235654063
985055668
459920997
65727750
555590060
11430967
424563371
413231213
600381276
605758663
62268678
422413119
699740280
182229828
872100360
791226880
875171709
800087796
482072408
839835213
846506733
686154936
772162599
245631097
829712054
436647953
454807318
814489566
249358542
504283623
977661517
620791839
864458065
912767308
13618734
293922451
494370296
663330439
84831966
885501260
251706457
679056779
994232625
744637876
291442567
27104671
907951500
853213835
301291358
812524759
808062192
354513541
983858958
637435575
497987424
239141361
690223516
793631687
39145529
822000507
712368575
293014659
177138439
583042048
304546771
567447777
199869204
425741810
774108581
966693066
100584387
611174382
429901037
433259263
419869668
514617146
755324143
645107119
116633922
246402103
798899601
332806428
74070150
223152777
161559375
964169767
112354726
205444428
526510747
174250045
297251247
325995889
232482088
171596424
839599454
711161595
156585793
202584122
911248024
458426564
608986366
70829815
46141185
181444594
266949676
147276002
698746492
130214435
780937034
344700962
397600628
633218235
849528179
532137053
31431958
408536622
972768300
118310912
465614352
733548065
143713893
71097863
691454350
306925924
330290461
709446132
189686805
602859961
999628042
958556045
669982601
103667458
764864658
828929305
844404562
168181511
5478063
823100211
134678299
933028501
558507802
497351524
217024890
111818309
961149027
313769129
382113520
884145105
963176811
880615290
410281262
942069780
809093181
316437278
329321074
100356914
889746878
318641689
766021370
423908575
16867083
311112465
27210265
151471350
44621543
504803170
835825824
692436633
896316976
993844477
874391688
977883430
906776586
532815205
534644380
382158683
980015000
756512842
445946334
60075122
635436420
692468126
675667444
792957952
958053569
573035100
758130427
753808665
220252307
740655022
212077697
840347714
766168789
775261353
603378177
190430997
229639839
874436523
244186608
480442324
454865346
972567177
756192167
536619397
623671689
704474335
329837144
536550457
751178565
376865394
470966630
593904681
611819778
531890938
622873285
945630610
308490980
182076736
507953676
740506358
388804845
233355903
582457632
460346256
933741023
154000927
313113208
558298585
983216224
167612319
974667143
973168989
618701524
578689450
10014415
1909517
837877619
387203826
187023095
739468668
142232138
596228101
735697916
504413414
970929147
950812338
48287679
316070941
692329022
22815608
527966632
589940950
469458776
123336086
133182652
681143302
735336612
909912928
499239872
576407087
676696824
107850933
534600962
392600831
214227253
541863324
508279063
494041032
285885927
608356623
806473037
380455763
457039660
513098291
647022121
951469112
286830141
783675353
105148371
429188617
472487828
690729351
745138811
88690944
676867521
92697889
357439223
684949421
865263003
460502451
623977674
384644841
491028416
843141079
632873334
588400247
960683388
799769960
48919451
436373832
473744480
302591799
563955689
28281007
535757900
917258054
354968700
815639506
907126247
759911026
966142339
890693559
613497401
205162687
168120140
245166888
599301982
673427679
972301466
904285478
559749855
588324237
477981281
906035116
651246800
186861996
291691161
850596426
23077943
966532400
99141526
507444260
521954261
709233284
755887726
148075729
816737617
318335173
91366196
885259745
823860473
548861954
424274938
722461706
607590421
150438950
61470020
981282594
537765524
691716054
314938804
974668697
87414014
707131113
638677159
422432871
346635000
774607707
15505409
711478826
274637465
721790818
444442499
554408698
310086449
813433934
998453330
989435430
130458237
819255955
454365060
863264643
843579321
488847556
913516076
144408020
699624329
420650592
663111409
15275819
487555556
777129956
651331792
237935569
637157129
975240046
455521413
537714585
821162174
702902305
824832531
143033440
220369038
957150006
332349488
602326613
358494942
874810679
564181644
328406575
219135605
967671528
874450367
306997177
936910760
919166745
627373931
585088477
753366722
351178076
878905644
24663926
543298130
479641311
163323862
874672536
638043835
976122495
435680260
282314494
600313436
594555412
998239601
293418518
430774423
142146847
927388071
8255324
871981799
680553147
971905394
336990517
170968196
723457969
235274328
411605782
258156678
225926053
288543954
710422485
115710346
731527581
468686197
235302336
388640410
542544277
50583160
952281212
741568721
475212679
380795651
649548993
187725476
317311606
706381106
210504962
739825255
636150235
595954381
845144439
790748879
467093095
87862167
572197997
257903118
773585547
85995837
775916192
548070704
984699506
288730817
268977451
94825327
941680304
313791791
841127813
397700717
599928733
534548729
535271070
212455836
605409640
752545880
920181037
751709805
797336944
704736521
907627486
924591089
392807177
899586629
506979774
342818873
247284229
157053149
882815383
503988505
529010871
976001183
952380619
110926812
883675875
704682010
900515097
42466116
9921452
868174549
252798220
823570425
101160807
351947260
648585846
976211626
991632903
285671077
447080344
756324035
317786618
528179018
305862668
826611966
596504150
58662205
954213578
497462245
296411624
797426629
68299414
84674845
191953894
550014984
838604047
137631901
206902892
758968871
489266788
734192761
420544904
267159282
799888908
105123656
829400548
176003972
227197393
478540985
24923820
641273765
740532010
683748937
647830657
971736139
912070993
548497915
519334295
120494769
326500137
470025223
19863375
931580794
188406262
63679233
3138266
459476920
293374079
221094557
303909560
209335545
13718830
213523063
220581935
503311332
225568066
888109890
468728176
205866120
171812415
56778959
873609921
815563639
600774323
957039170
529252440
290245398
437324154
947184314
929732582
392076116
598111459
377765378
238529549
215114100
507941324
504563010
429692508
770189498
204963644
129970876
367086026
169425745
385474868
1160626
569953364
455221367
342451647
790517487
81515628
204360767
121865251
576524520
979647076
936091851
537790493
293484247
14070587
109669147
260540788
56086334
668270642
391591848
764806420
275633815
889517368
833878762
857542334
448502066
460599828
958281278
655874296
976661919
350719878
554434555
634327371
482966409
590814029
628039969
385497877
488239004
487189813
960367111
534828912
895807323
257684833
853894180
104649355
713852162
835086422
215116252
274411020
823839451
327753260
273464923
126759093
411651565
632939721
106508999
252885982
46479625
103879304
996302045
470560869
378880528
790841179
142853758
321119966
81316863
259047783
389871976
373995556
217173062
519030492
881167294
807322080
649284852
56077542
675161961
500374345
403549224
740021035
964376168
486826718
522630087
579566937
121155314
828774884
177946699
130130851
179812312
233635399
962589516
983611666
942119059
534156820
941751630
557660640
343055925
102823008
184542886
713314525
873026725
470878320
45156710
555827803
77571236
262190912
246020148
218752597
750509082
999936195
681918943
759877902
904232173
283752145
406214944
129643199
457631184
233084809
743409691
903183421
399772747
385440291
79760693
62892846
821531215
763022224
440367585
547422722
657410899
724706372
103022541
538673643
198709391
33545821
777410489
957301852
454946351
911707677
309813448
390784397
737817278
538801986
617163568
844123885
734866042
444930682
884496997
287948653
783985583
389386891
224741115
742983601
526967913
944476899
786152919
513958218
432294649
916751116
134847236
857992203
820733960
60792267
32992850
76248936
26628118
22345727
691820837
106587975
507533023
337763804
432975013
41063649
336059635
766360005
439296428
187302743
597954591
394075193
688399152
685352995
983881233
485043056
606903260
305133838
138709065
666981344
86212153
887724999
745999534
244223736
549744897
508924917
651962880
214232547
487317379
192280736
835874142
71555120
631568753
946922038
713399528
486061705
698756865
487303861
978254489
967710552
915961569
702027967
493316159
457034912
959237616
62548989
2027256
680380804
500388436
868071851
791988719
341862434
215961888
313677591
298504518
331800512
654128365
86492340
300007317
306626882
363009479
405799356
613341332
574208732
39049246
998666313
819444355
844845846
535201425
48957794
84614064
107072638
137428085
605232958
111406801
23953164
839880577
532428391
472476659
853614162
167819635
641905253
235594072
169124891
204025533
669771902
255752298
794826224
984588295
392643208
516919773
461267937
341998862
256281313
121144723
100465849
767471511
135741253
871789407
856473076
411680762
325394050
792995355
213706249
844340924
235399337
217250792
595697497
204012801
511083585
238619828
269049388
630919878
543355585
992878284
893951005
537430362
326268647
616826780
226328333
752443302
63242642
78530282
252879415
312667093
522938929
851678154
90076443
140557182
780700420
75952081
695959033
205480568
797382079
262963599
139157659
233856671
57733707
530691874
205358601
406218454
529644492
205546831
344850418
480485738
1147746
65564373
727417291
57713118
708977489
216683258
15286144
232224587
93148050
20688887
167811738
990417467
648300349
465697026
404603680
524895015
129051
747855382
469615847
260961034
947386283
170015998
792989011
728543265
176099972
747241164
341816013
186922225
166808968
197601330
142661686
209079436
611517931
898546855
112641361
20591080
198951309
954057703
251077234
446305062
827346062
598039311
159123698
336209594
42403504
198490182
253472677
715132512
243085131
858182676
943071409
897997381
60987666
690461197
990343931
908768806
269053969
178201098
860875699
309384413
840064076
609002968
241453455
346095485
426898227
541872332
406571597
850501515
595750331
227399897
170943594
554403847
58260844
953521084
213869486
440264980
646171279
598231533
174568838
264038795
24541691
539381627
857468033
541711060
729797858
239798367
927958349
636977888
163149227
207791253
587754037
713654894
159716845
442237165
694322020
898633385
462678688
899788155
912342413
154455937
103457078
177544828
742848128
265757548
81346616
839717149
836941753
208064712
307092599
896546475
543947418
659452216
246259257
157347335
447811799
759120751
341328832
855176263
198936831
786051417
564450676
765660973
167733188
815502434
715642327
299507314
854468607
376799367
589611503
773121030
431321819
152062131
723510662
949550367
673825945
676838180
852138662
994388687
140563710
990833706
436756710
494464529
457425768
516254462
809636336
825437079
858642692
578248766
606848863
683305742
134877373
766882576
507774134
315345514
179844616
834509332
845500161
967850186
864102847
82669388
7802984
925775286
707463559
135639420
259560104
48018333
389704949
224753531
14416749
791788558
466072056
236373544
872785664
914803698
106299332
789970940
34009231
46776082
651910383
828810402
613086665
728156228
149311572
204040467
388913112
844445888
768192250
332098524
903626932
15425120
969314929
995303252
761437571
741306140
410380826
617179944
133400286
539463461
951165461
456912063
284642482
213800771
225729970
942998909
692986613
463272425
197662176
909672316
233430300
581318709
507400725
296344963
38304336
975573925
100274267
62832564
46196346
918577352
138906986
907576512
529685264
109181659
816808193
257926284
960085441
529250861
11710379
675309371
553335633
128997717
660862494
245982368
828018351
247534281
940266476
665202705
284194967
814867925
25758691
561257640
783300197
849228359
658158155
622130287
754937485
956985439
655994937
983267919
863493190
868213787
485104902
595239525
303582129
745265474
197804521
36818019
998841451
800302002
588050870
958266692
348970219
309212753
457453298
967725435
916423158
970017903
142354813
527619038
138298406
437578117
716598216
805820575
934204240
717566279
102147782
240974130
327786725
566342546
779991593
105900191
805819683
759115631
547708026
77334058
435980670
558902740
440481029
441479505
751240145
76580529
359885458
503604289
135580347
44444660
600866098
546860058
827925274
881214626
267188432
61430294
686954815
599210434
427196809
640863806
3588750
684525815
637357577
453497888
625467167
576687975
103577273
147653620
363922904
953386965
853229543
321857503
110798163
772210840
926592172
512493329
872352946
154254540
692641425
174807877
412983411
964850588
689055379
511045088
671176098
186593693
999935795
262207749
476864602
721962375
508037067
240391052
654138494
201809031
335036854
708956374
756342507
465179568
667348008
508659869
600828007
404257013
247523746
439666285
440868485
236659424
927607457
946112468
647897424
575952921
644120898
205556323
717197505
760015523
43503130
13466777
714670143
383370357
674196801
84225990
447799681
694280174
868518922
971232955
894788761
65193142
175534710
769431622
99162182
593792757
13215728
853503
363083207
127427697
83354497
414897025
853782050
753319240
935809251
7322599
583072927
181696669
697876620
731277916
22132204
606062752
648983464
161486952
624879066
741915562
787521507
333149003
324872501
216953721
507799755
875002892
344317071
335169229
265327843
349498328
182962015
471778667
148244399
107990472
26035761
675650752
72653907
280850790
51240146
868408403
487688442
128557846
259852822
146995249
954726785
864198870
853073705
317119566
298007581
583104105
260249349
729279868
797962521
323069008
543396671
68269125
450454342
25726315
440121464
149146568
607542057
976808394
807550593
653817680
666210390
823328277
971936161
301258752
992893516
600219220
325088207
756648127
418860318
680393803
852473701
453896570
776053534
642714727
69653737
945944686
268460699
672892089
647888644
442186382
56255268
156455253
257444462
525860687
967635072
734689977
435139437
635858243
338200453
485301442
670846359
279901683
783637924
791324656
489316983
831737467
441296562
450666174
801186394
578184484
543979314
485473933
22336709
128635506
822243716
718034908
892821635
296308826
651854576
140056542
819332649
959938588
948287800
963937191
668725105
852099331
123603413
36469095
918787356
139729289
919585030
469766093
770537605
757911351
257926717
403594209
479024856
810448388
210035092
244880898
463156154
535288057
817010401
629768641
43120880
333515256
678974147
705516303
484000826
972908525
811505788
667583931
918077851
600416569
284545237
763926759
839308077
840528075
48862556
722283625
650938357
334005984
821666006
371935578
301450440
478342987
75806942
403656391
445813061
315727246
627407619
691667006
736713013
329239207
705492841
74583535
740428968
539274028
291802851
965759381
807187045
830875098
703820841
751284255
683025930
577001941
204436976
984536399
607348141
86713108
925491583
385421215
527749980
992268979
228155415
400970752
80951281
787766052
940906523
342406475
582647385
723034807
543104323
455078556
608015193
785323787
591818961
207032569
149918246
652514311
832876748
310315177
365125393
188934045
419449956
625891693
220234386
624348868
905004263
434663118
7137904
685751767
86227990
674852894
237693468
552523147
791228476
242422255
303336168
832581057
469542927
763750916
626640105
101490928
16725023
647147587
284662198
468939182
287232105
112232863
600081203
947386314
346807513
218774064
400840755
712236321
417214835
915725104
812685277
983449219
664224857
253881679
175774597
63012536
283589164
618708728
666766601
841132675
92295274
521912653
155156649
364143015
295326671
892516943
58251115
745244471
733329169
129313626
850374734
15673700
840219135
942375718
214595
737213503
19133057
464976804
553813267
615867632
439769267
858628995
475092903
81899272
16236126
523958390
244635160
928559072
870157141
337957881
703515319
466823840
38460952
936050998
2281382
637120052
369577878
175986988
663371447
322273691
854032023
819861250
770186530
667566681
530895316
950382912
595079594
643015285
802110203
210284823
619471104
294271144
776836011
736339822
417699671
197002689
484193515
628744018
697187489
173442465
494463797
313625744
292858474
107492831
161827724
347492497
906943318
923611467
597492948
825693903
859779701
472204519
77422441
745058012
608870161
170010830
787042581
383118712
785052303
79305185
216219731
252111031
752200082
606686733
39628578
59221305
872248634
176452966
280175557
473688521
661236473
185885823
977714302
701238732
840396843
725170331
780686648
979986517
749875394
309045976
491193808
279693691
128467931
969328822
768255596
581239100
112874310
985742117
902988470
973788829
806623700
358065690
861249654
320898350
587359311
641156647
156300841
755983410
331466135
501928427
967322434
570991772
267766746
5763981
750383567
18681266
745974894
862612072
508774367
109997866
495888700
140970106
241908174
68731579
163908446
17182281
209753356
294049078
943269226
290394246
925416902
243166370
768423605
856071345
576251894
156228364
329491465
897593736
639730077
48515200
578694952
154647493
563749841
973729810
533641258
603688036
432627934
378878141
734514533
816985890
784529338
652327497
265753689
566049511
545184966
560087973
697820943
369839258
669578763
377134680
673240308
526309551
880585075
799385284
347977305
171122321
248562460
638012675
411299845
98719662
635406412
214293915
987980060
62052067
150431499
632703709
455951532
897434606
968825488
616506322
734125648
740412936
416936487
816615955
652983462
66907793
395846417
708426293
535030907
343716987
507934701
414724923
660217312
693446889
333067051
119869969
95760844
840327708
183254632
130301987
138516102
408594501
997018293
685838538
908094498
483637883
457250941
713860441
216888130
647218327
586826867
999709875
582631095
581443267
311283403
2302645
565862374
559664910
972002016
356566811
20238128
772395338
434677906
670012818
640444147
491115866
165661485
987906136
554836660
193878850
686938427
406404505
876713385
447832827
677201109
512999563
681681420
174204423
741756769
674600871
432492123
185938258
738846567
982399341
391237660
508159052
541069946
81220832
296434934
397506147
242465737
650970795
488044163
937445823
372311882
68687926
593902132
405008416
346923659
243528711
360522861
484261499
319492747
729121580
813985587
712733143
306183630
514982516
71718709
453889685
839075521
480438787
214819219
57158578
30388872
799648363
717669854
881126962
647343108
687431263
555125848
464338458
185780002
100155394
976558515
410130999
181673437
555500372
438548696
214804381
516519864
181810507
34201567
464506575
752914249
273210640
251548582
457008215
209070988
763979337
473573021
407580432
426688380
395407571
216776154
442602990
927525619
94749723
63739747
945370854
322639528
803582165
945683160
975843216
596108247
988418850
108999368
400935626
265901399
29604071
97944056
311997089
197448593
907584225
923364357
636764241
261385510
838964582
865496109
933097843
57655050
819691956
279092218
175468915
179350451
483329377
834300716
609629050
629049825
627039319
337668298
219580804
612309453
771802574
251056185
109824906
838157216
743102656
290853871
795186197
235763003
210776925
416191157
475723814
410442584
813650435
442265868
690684130
763853865
626788066
287913073
260676126
813422091
38510200
718334376
665796965
159699567
738940166
298361263
25904236
90053620
599739347
210776032
992241372
153247140
525552222
955029619
954342383
746650568
666903076
671821072
417716857
869199427
685896999
464584134
160157124
905041833
834992597
543793485
990977319
68357482
554350176
767768313
431106511
203667094
306165102
919049277
713613555
205871876
425629702
91318885
435819280
477433542
683838800
76503796
43357441
215822224
480838972
422638320
167773065
15284034
136814380
27809888
596112917
612884857
235986301
130289856
261961205
35615122
890729556
999725477
631709603
490537507
948827233
201883420
680459484
801937988
886380065
353169703
159739842
212505782
305347918
186038315
982335612
22778244
836940389
454874921
687824824
242860554
150977687
843483054
912953531
999009770
564838691
83815269
406443774
222148256
246446926
962332231
402653882
83873929
815239507
780612963
451743139
790252
727237662
604835227
214368787
526329002
75623433
255083426
140823170
932440702
678753623
707828699
732379057
861119829
562367471
813090269
623899952
182106170
515452890
109350089
239268975
869349844
802244942
214561798
449539539
521772596
948337446
186596806
375814198
360656437
802649916
689923636
59963212
271431409
981406372
343568014
456047127
493271672
950775293
243348624
281197495
658706366
25505156
666362796
828782366
968848418
2091277
311298246
446996364
305100271
137838230
338195037
989850748
615813977
439236213
238622945
620283709
675215787
604706834
80025679
403991379
746801748
688980522
653904337
146314039
828158005
151434416
191892369
286666583
110808895
586757682
166962932
831027076
380584310
774734521
678398885
540469815
51498669
361249617
270308159
176349970
105618810
844542264
698890029
293147367
302914504
229841876
774004129
777538078
43097354
941051438
419375885
322169415
607352536
47550545
848283812
857313907
965749578
729716878
979548972
464473659
285655335
52189183
533434406
56166872
971069260
791626673
254289447
671222778
55040939
801539126
848807186
853141395
304862599
337972214
781599624
88864629
366044720
570361972
215363789
243199443
409363529
991921778
244071028
976661690
899953242
529400857
619028622
917259300
175734649
663021830
392890560
740123769
996631481
38038758
585658551
454297782
954969419
164088155
169896668
961244802
292457698
399497974
423347457
106616250
825892479
570998116
128940491
564074207
803633972
165914468
253195715
510503845
48706232
22586850
408564821
324956534
965744828
282958573
681869567
1395491
924509934
492136698
823159785
923217570
87263793
369116925
219065546
880808602
113143720
942522557
469582520
603576225
543422285
489086511
969755592
186202695
890288872
648255302
94692895
537048439
896848763
25286904
97692838
979575818
649867301
932674857
504085908
834698022
538066628
379698920
68756137
788869799
529164212
971419393
347311519
883882946
270421272
893619082
697715488
427699624
191153026
733820866
355664149
254882660
138842895
924024148
455841936
416642258
839427325
833856746
476131101
881446472
393573461
419116990
994740029
130640678
96093268
81056631
909081622
296256757
296486473
219352705
462959031
939912207
806345012
959353489
733897167
473633615
273900688
662550302
832692359
39524292
219069823
479984937
579504376
736344713
988276151
734463473
542890578
4219366
335055372
917255346
893910664
342173757
481987380
116503793
368852214
304468770
879337891
35222141
153527781
382711624
358753229
395714630
333929580
946684020
195786627
369348094
16806458
978761776
429316611
806476971
148470212
393791948
339547742
312602413
324764752
609311020
64543128
144496780
297904626
15380975
944478843
493988544
727453796
901775119
503675651
609462454
887378588
625457381
359678014
552045250
562479981
205260926
855244670
506527415
169365299
873674552
49291202
346949839
773693860
597111429
80714678
808915313
739397037
749609451
535070643
876751813
743014010
381858687
492417202
900343288
53974325
665682705
442341793
906348310
85639849
110028320
235727662
448166592
680021326
773363015
683323805
706358709
97438971
603617839
587417311
986341273
146839376
778727975
690778381
494479584
909688823
820254584
650960986
621299912
211252968
967289840
640301039
964911520
222165790
507045616
889487550
193908557
327992370
211371058
994260051
322342601
487275930
619837510
993666177
434501692
56180362
785997086
236057891
841606362
585976854
348892509
432367315
259148297
205945932
524444739
560211233
555921504
376893586
998857602
794154340
450139208
673113706
648669493
33088960
798480964
361362361
872553572
275981587
500865719
387554117
771409161
941211479
35136656
956268282
570505655
375168296
835684526
143709207
770704353
560590025
831180049
980947129
813504837
798397004
443108604
349868961
603172944
555955394
86008213
877373753
441299751
450779870
790187272
714233463
633182190
148413420
170394052
267009634
569721436
137693723
140246931
838907516
794367171
761805553
867967788
909279188
398140256
356611944
347509719
367088961
715135556
536395283
315550871
893284817
307907580
68443173
86002233
930756923
728636008
246905893
912848705
931387292
442677224
103927657
745529483
446785760
994506792
617961227
566069
128755872
564652171
123676743
178941356
395190077
789408501
820087770
656686772
148628521
69491871
528448041
305406562
500922616
951046271
141787974
57405203
146085906
244126124
877897678
734589875
413236497
290834032
506991088
410204452
939408205
834380391
107510266
144255336
899045720
570940659
160566384
578451823
450139578
87520869
110336256
193662780
50694766
343002955
650905910
292828795
173948763
861411913
280056541
858235854
494489808
900747968
139439813
526777297
722270489
821009078
259358516
842832708
624286088
599815569
858988667
195567464
407570709
206252689
329911036
693390872
492370171
783569186
5800932
628293000
200611556
747254271
233997847
10048945
68862671
98990117
940435357
560721314
2271799
927908386
976419993
292549989
64630591
114849345
323381603
281184054
545736333
712925854
310197102
961084980
920034622
102342739
310228028
813832815
102254140
504097869
221122075
322615165
472066144
40781750
369279307
675683128
856933809
368188397
257278294
440198676
173295036
158823761
633953086
421030562
66210222
163840893
576492970
630527462
769204628
863066874
866373902
990686646
474143679
916904428
663850779
788869767
203628242
757513746
671983332
724136651
449807680
893766249
494892985
929835912
36857013
348494381
30033713
594072691
787301811
671906703
723462573
423065585
474035064
934608476
437339663
329106239
270397308
209268105
984052129
1137932
31180482
886914465
366089734
919038822
687070816
168812997
697785505
294361719
351529555
893129697
836490835
761581609
380977210
874976530
940699389
929327610
682761592
329887484
512656007
164245606
498745836
309591955
495813798
352443596
813014745
446170858
222448971
968516075
557840072
440894461
543116105
487018327
192731650
895059607
431717444
708712344
110714312
508502955
279082896
414801368
823102917
597491304
59312412
771554010
137774008
139483742
824127732
762087329
4505411
199732942
580833049
970250578
422902287
317994177
12468082
174760526
486544789
576844082
668827163
370604755
439187982
233666882
543848626
647447113
45670180
637327425
646620892
521939565
51967876
56846467
548919316
511169041
74841993
703355696
364653989
410075924
809685068
897806491
20535251
39226675
552558325
728131211
455394127
726505045
983169716
355609153
679147850
276955396
428425345
103278169
662167528
12986994
22391900
551631530
171169387
117476518
937391625
943984825
870739797
386802609
38070860
525170681
914237251
213921548
895623647
161794617
673052497
993538988
644886063
774931990
805279935
900536122
139693487
977698013
839948760
677075562
267786856
238264990
594138200
183248828
372175576
107020997
936489198
114337372
331137353
33353864
114047000
869670451
194964927
388875042
976056036
674696313
62313693
620947620
199547210
142618494
500848322
299289977
579086825
24575972
622040171
407956796
457886134
958974816
73181385
946332354
176762541
699427205
563658478
261658076
958346716
929397036
883700486
230928504
150165224
566252111
328965298
7000520
439992207
805741010
204781651
987699365
889886845
355557815
133992245
632923761
553194824
960672132
511635292
313507562
829636823
506880591
940120245
195344945
481411074
597130934
71679991
308241813
512591870
319790757
480540168
648914176
245360207
462085693
551274383
977534894
139798393
115663840
34170309
302465246
509521909
458189982
168414386
165325515
464609418
969925558
141430412
607181825
135427344
238587952
735613893
420829662
917572412
190838532
704134134
86946088
432818867
765786579
373938272
162362774
675228229
722403113
363923524
405375458
866037752
937066275
133051626
573683876
509048135
442214299
580478076
488512977
599554571
156451965
294448289
523390142
525761058
310458181
697825501
596854185
959685005
587138073
420946893
45551412
811409806
772448731
481454186
698314519
696260087
766070656
556368525
126594780
888816152
878959003
231274785
105576263
488062647
858448599
899756587
680707579
449084416
526550300
45551412
220282344
560601629
170342686
619089807
140828316
710640119
711973577
705126973
246369476
128589907
774426941
668088909
843309535
734733525
224306755
825250913
584875000
655299750
881324633
52759
664546994
918992632
206184223
161756590
249291916
657137675
106084851
316991655
601885035
992654610
122485291
478550506
81945537
749923773
904957717
19191955
958193664
644280905
84025905
199613579
487819504
895811163
530800790
312400564
556514973
687374125
23184612
533093160
314138761
968151990
750195130
815593
867413945
234701391
499291567
687530844
523279186
860410996
544482204
121690101
995369027
35772478
503974387
286113716
889861848
152639461
564977338
711060933
36937167
501936647
361567145
125419546
410963133
432558918
724966553
224142915
945928300
90571030
4563718
52129187
563472527
562612387
73751572
223157263
140850840
584083334
637129430
355946022
802711294
415747409
71877815
3299429
974140344
334809552
663718430
512029902
824455598
669424176
273894113
636919757
616347220
558772594
656064071
296004635
68894978
103802127
433013998
848602992
939463911
48969988
533651052
399472967
610005099
846916473
312172475
874226721
582171343
838590721
193075726
908216597
738933540
693774353
309194068
185548722
975091984
288778505
424526636
154264876
931308933
649166027
190701786
402891871
483590204
159801931
150716781
778063654
88602930
239789225
791792028
336897304
436198492
257613388
363752178
258379050
224274147
946437780
471289771
755888487
236323300
730833685
695243013
310627829
978033415
939159468
43226389
758588451
672009717
263195561
273912155
486955693
296101709
495272925
347496564
23602860
431704785
566458016
622434421
504962307
98278699
756518081
71966484
944332798
894111408
52832314
318039443
204088380
561315758
967707375
347443690
706358309
894692208
941289196
270795662
500343099
133543658
390969871
739860420
327686082
821765248
164050251
960617693
9135709
225301084
600309074
214514659
743210202
670266612
342717808
313485325
209288307
6084664
61171404
562870754
247074888
382807
458837236
849352353
22764059
487830487
422521967
582057965
897967520
919564737
430022492
825025227
476682882
304189129
750677780
517793089
43970879
559617194
669365997
916671738
288664889
20506366
43330571
480051632
186106796
77358136
506174132
627766389
221352253
731970360
296014329
372964072
869839097
21171872
528167806
554398685
405026186
373403732
549642009
975755436
710637184
790157188
57210004
703205103
923850061
33002193
719139772
429730482
804786814
300470570
834352963
72596495
939721300
754863799
183281842
172968156
817928531
578760137
319035112
340751199
577454862
519973969
315956255
266793762
6695704
827361582
678571544
55941121
774489746
990710495
515578449
892516341
659905358
217356914
608114851
654278994
781689987
912340339
375958333
278211975
969533512
237065039
521668822
581473862
403280291
293187886
551275139
282399481
966952096
420569920
99402426
574199405
797679514
834583646
369629786
359978213
475190645
301276200
959357297
194341421
963214782
345992833
422034938
675493327
89487573
625204736
3584995
175514699
75066370
674100980
959161314
559230945
223871367
458138889
338817234
755779569
717764846
695198519
763997840
80639477
414125797
544000947
959386943
29112227
253560347
117439730
915065428
550638247
443875457
106669241
137468013
654518305
513545655
669291719
674695589
968628385
81820246
53661352
665463881
774023265
228456615
955906768
134323919
488207452
57528040
509483380
853803519
595086096
967534321
791539461
843914980
155403889
593894922
179243511
47796915
932464184
737356572
646193048
46854475
202123794
536433822
473471405
200897960
777268317
540259279
471018897
17375295
299511327
749327573
535249715
485394369
805223298
489440642
305755693
908316504
499239126
699385256
593702362
398821499
382053157
332443191
299681503
827266770
423855577
23665202
866803564
668886193
37054294
371655582
296676223
529272445
974479852
994197026
798216319
283243872
772354252
846143591
18590782
409456425
445668767
345078673
242989924
870577005
630595812
418620054
4822950
349757811
714233924
830589480
645164832
742319636
639387968
580271829
831553375
846070924
296516587
761173391
941252875
962488647
419388474
830986439
46788152
868640601
259191089
555982820
349760474
835065924
720081660
279737902
696062167
644591467
761034981
176499972
936070386
224860832
893635505
560183114
792803687
185493940
347547527
909732931
538522881
688258753
438669490
460996357
540802535
944073102
887600297
851903029
878109175
981550732
348036796
492427533
765755532
332985669
75963828
688992484
585298018
807854024
261012312
322830890
843877354
80168630
715063188
899611665
418627464
660941668
275852302
601017437
371631548
346709430
385036940
724395986
987721593
235348040
861417670
489130926
605788226
620195852
793087018
301253718
663948772
715696520
685669436
468894335
869834653
155325297
481514457
841337554
184115544
811167100
338432919
248766736
701699660
415600563
403887330
87429583
58261960
562401749
325988751
298624915
866080043
619925035
136513480
447880130
652665581
358248138
103279547
773789208
512382261
877792339
732642629
958703081
40193644
15998090
567740879
815115020
759812087
18750910
95839264
686583037
176018466
317610715
690164517
591860181
370747843
831071890
549529161
704918452
956053073
209771842
738765712
959169463
418054764
616782378
883017962
33721644
9639813
403053668
752173457
232655956
873298236
201253410
130800320
852785432
883064835
230839487
490137823
69209360
278705802
401098956
840371576
853206154
393417779
307158782
43510945
369555922
904479711
95817016
308309913
409789812
781601688
606708904
681558913
387665170
204875034
841283036
566628168
648118645
323070601
265118736
475294463
467237269
882118221
562087610
471736705
459843500
147801536
457127352
3507010
962840401
624989550
37583725
979602314
130707826
375952008
147430527
174949763
36398514
427975897
204127574
797428877
429389674
212537606
429487128
425305138
291615806
372261840
937977819
956704721
880927430
376336691
728053465
610197867
546884831
521167867
156151891
977847850
582856493
940390904
611672815
773048514
639931251
457763178
866864445
337274473
452984116
505348401
565686028
161770460
581806279
841817867
441814136
94000756
890445026
736895091
976766385
357907549
758138405
166234033
965445943
398292789
246962083
444058580
215843446
630122753
298786049
660223466
932135120
559192121
669179727
563559088
258565645
721204717
291031616
882519088
755850891
863035146
709698373
392422888
298812364
662586761
749254752
212752114
357798881
56122457
712466621
125874640
492326044
818904798
177214394
354684483
503222753
592390450
994954710
46316802
228420033
438936680
393711129
431231842
243493724
612589950
753334689
740044399
804129025
412816101
369425667
230784770
265532102
695971584
317674995
327690444
50442552
557658380
79093393
618896763
931990952
500178885
499604311
110033965
795391251
528969813
698131921
779476472
83748529
590253672
883909487
179779794
812946862
199564441
573050164
537621107
660196888
717887057
129670256
709169272
236820593
908360384
981616513
527332880
160550467
468197389
650542612
428374112
863011258
502659498
576503314
126920970
911001084
949304184
555231320
323378116
55864866
936279496
431320028
851840657
967692782
513959643
503283768
803365730
398046162
607797568
51320246
35872679
338226420
261248364
225809139
547382595
766836244
588523757
641998729
870119635
365583957
903067688
599552613
752458989
511368350
747388212
193192175
590018254
465033900
223026177
558657171
85543102
14699148
347567950
381779246
402190244
458108614
989506604
670305469
379668978
227925527
855239621
82660933
746205995
236605111
625474133
522797324
201271594
728173238
236281484
249481423
170969387
644920105
318667444
102059892
519938351
155088702
112847465
274676917
508927234
348870494
811017011
236690976
427082127
114842958
632048477
921968868
974640901
205662185
917158722
543124417
595256863
386157863
465585320
356186919
264884464
841336425
419429459
793031670
3249643
621475012
941134978
143452342
91547839
256612957
521924041
363361985
480747131
864696692
725468058
686273203
860709875
699528077
304892710
588185431
896659322
158434768
389478631
985203825
495085117
14105064
508363086
942396441
550291396
396918945
985306959
96148823
500378612
339704001
528323254
829671260
413151459
810293954
917181610
729077935
265780451
766608139
179394837
770841474
493086232
280540033
187873899
735674026
584589713
194552876
951010367
478458734
404440540
340686132
81264216
675890628
163492994
581665982
822856015
380277559
748014110
758697395
987217950
123638013
452683502
118229065
279414179
277917012
726634860
45780236
176421966
339224438
663491655
88116959
510214916
411240469
181194018
574290705
852979860
965494954
422606310
806639019
228895584
32145888
907285198
137424010
355309418
198530581
864639201
867683805
671596172
967713559
463596917
16526807
224367468
734086556
884054778
776355406
175825240
660192404
636371387
172574227
108920660
983050993
882740404
937078779
164295812
769860985
628462364
909558235
45991709
745600381
336701465
754556799
999624186
115943812
801662001
438277009
809668807
84457367
185097380
217897314
424549088
996865854
978071630
314162975
535979082
110006778
627704283
443554071
708916208
153233461
510514773
696107881
573283391
536441986
598615228
679238830
846583651
990623073
983761822
185484114
269772848
807996460
415451355
269780407
528414483
43756675
789186226
325331557
974240561
891402561
860101262
581039517
955557451
410420234
997497500
243231018
974617847
174418367
926731440
477133545
622516571
502335156
819792952
407523784
12783921
507602468
945288206
426028058
18138701
869837032
753197664
364100636
284148359
800984232
104872151
534123759
347573452
9518016
918045124
204074509
913718938
693248324
484640392
19775645
155090962
984547539
243753137
222777470
616083031
445617544
381062760
49952859
100708125
992002264
382991221
95703488
279992721
583648776
660034374
236864227
624513365
665066140
286564734
110238615
814444579
580500135
806651502
864054028
847316485
532363254
152052831
340084137
570211794
903493526
249438089
956046661
625995298
497496779
649205528
400104919
616300959
893583415
695028349
560046656
806456380
924464459
631218117
749931622
19158702
840808353
409927711
550478732
928932285
598207295
130897839
577708619
24488188
30639643
196704060
328149118
191748298
511119268
416128030
794174742
367516736
931886284
448990896
169054999
363729967
136164780
477446717
371327158
81402567
475053403
85465507
49397306
718061423
131642217
593522639
187341162
67594338
808866397
63319066
726576373
341459439
203987862
445720635
747468301
435077844
951889584
380429841
746144549
246001973
198150058
6322933
540876660
565871203
109036468
1749522
869024931
32079147
754620098
608780825
199267712
303796975
730771771
523646331
386409698
850442279
211004678
621247680
130519172
261768513
684762576
117731744
217360493
46124918
704236652
952883335
722993321
920264373
626847327
223836751
146940274
752011762
881550637
625352192
183893304
881819569
714031615
339448526
262693237
170931007
643823477
958706981
290030306
338930571
289370790
304608405
110942593
431705475
1853123
8889407
431850546
78277552
737917024
993542088
653178736
739781044
766823901
289570543
755275712
535858542
409587163
81758611
528459638
244447889
784388176
817340199
770670423
457705529
353987055
804965990
247108457
771569659
199528828
285777300
630186036
848548365
968004760
972447260
364204597
30546420
252637927
436825669
410137947
799329198
883471224
224051004
56788806
632194881
692465312
430688708
267669139
657497155
254153187
307879791
41624515
254740313
758835554
186918983
280971556
64833466
121045325
838792751
784876014
842024222
698187372
515550247
61291204
87077479
409818229
819162455
680963764
297005708
800021389
367585466
350322806
724223122
208267959
232760914
87329989
634783173
858023181
710037368
695963669
945352653
233592229
181219158
418337425
751727935
57152201
641768586
108199740
662314996
631316886
35300034
892370127
522167919
998994257
114362454
65001584
349274176
929990737
13417183
481142624
482343250
172225755
554529846
255542687
915765776
183667918
787605164
213735819
524710284
964525269
961921479
834932264
224435370
141106790
379930831
771892755
133140410
230004029
1866709
928865453
399872807
393554904
991768315
609723594
452213428
695752340
491838366
240928488
300043144
303881783
409869470
577507991
896689899
588956411
164454072
181447405
654225141
844687241
504980183
105297900
699675558
683881386
196068167
620062287
985113354
325874538
96052919
738030133
871319685
128918406
69357299
710592604
543280766
858238289
738482651
619471127
770527367
796762946
160482843
968910769
830905637
610255331
843014428
724612814
857712708
243535306
626604416
581313513
743115532
948021206
858562659
923488536
16877332
260389860
947022768
348248190
977139594
788116497
100734339
214000853
391368395
115786055
446962197
495040784
132929793
555737367
58312998
827470203
890227174
689275062
184762162
189845906
312465034
448587451
643403432
465268312
926287921
59794465
51072763
150177925
882024135
485755417
625340272
671163937
468992973
540775750
305866101
129351895
639448674
718408503
264606067
658894604
623377779
343483186
570952171
497586275
700830723
852247147
750547226
22472416
484784179
947688941
372394003
116456997
502074400
807167118
307080052
589403850
386245915
697841789
985826485
697275409
887008226
367805319
853976472
376196552
581963830
560640676
539298989
818016930
858639691
413012526
797327475
988622086
111867032
562346814
877812491
379845015
846995658
287321536
325181429
191831764
377560027
725979452
937684483
120831114
408672361
915625199
282188646
994746202
632346473
596777920
371973394
974791527
324263069
496805429
349784614
954530257
782790521
1072245
547895058
198179742
734737892
87540382
916983176
31523161
936979963
918230638
504999691
309307131
933489920
80296703
346786533
507733808
614783017
437971970
41790640
77741312
517738913
402423401
324067351
760148851
815840816
472881188
531058110
299617658
535045565
447188769
438082310
746774017
25471830
900941102
746679608
4664826
642416432
545765897
505207995
932918198
444331993
841049750
723859339
446574206
463705488
437061343
337040782
788408634
687448969
469131431
84624482
246493940
180393614
94151867
322841432
551176494
598867235
223295745
526390327
526023752
948902531
204117709
117368895
758490134
305859615
861346423
364760266
271930242
54605365
666892163
874370711
746156473
70700494
127037058
239237910
2934760
879227354
238553985
823196417
761236566
468495004
78132832
7120109
402456162
652671132
606353939
515001370
26300844
657344189
164336915
855285234
721762325
973780872
612843160
744231810
789217685
688823713
798586955
335944341
146840524
309764439
237316872
694544142
99474564
746622586
636550292
705387446
629811329
353299532
443535726
454532485
531501598
903784882
825408250
210042986
227510231
26456743
967888600
495682507
602417432
943546768
690933585
338811806
311354477
8145847
839252599
916495732
975295931
579153063
132435539
334887383
40862768
316283552
662273065
583359558
253829657
985356821
177437168
706327997
411030785
346987697
746069238
861756633
709864204
73958106
500718203
440238559
335899592
857832376
580195087
987728622
205615933
42707307
291768070
252840479
958742311
312698278
480210681
21537630
709257268
637399395
6262525
422916070
21166686
606242483
86046699
404837825
589253444
611825423
818470925
281970585
549165208
906338934
247596412
463739654
843780433
844499859
426442407
64351728
627932326
860851166
559878450
288790201
623821013
250606976
895428492
873434107
960860803
251161708
76748389
108268807
728558100
640400579
724257118
893729484
669988119
997764177
554016783
539644358
352325273
779566571
713770092
96294480
35639281
675188612
802702470
454753946
702419852
486185343
929338838
527397288
188220216
567841616
949538875
296602029
758912443
279850680
744680527
305467390
386102393
757313935
995523833
581142378
44788281
569124524
514708702
475960239
528059583
863608065
33557094
981334650
249861500
537276429
294677189
61084180
321927637
406040913
459009717
749294739
26228941
242730678
281991758
549937734
776247712
174984623
909763892
981266349
543526471
18088594
500517370
417187718
186963304
929303256
449886458
975839314
91371316
924912903
543284971
832986154
694312289
94052632
32773364
340253383
227862787
630768573
902333025
990565583
685475937
747210064
371435310
844794969
63908269
329365920
739542493
733894408
488228100
576716030
942880082
762166394
194173650
364363529
114515088
538421638
368702758
217921640
103799238
718111114
433037933
90642372
33000686
236039617
222109179
66554232
563955199
831096141
92342963
2102854
401268237
513068227
894510117
754558977
324832459
751931135
972774521
893514220
749244148
54558455
184108542
452713025
773081480
28711214
32250585
659232439
528923024
121760906
17302038
611037769
799753357
411205957
642020774
774385563
723641344
606344277
134486640
849094159
653443274
718247374
232445804
317567607
716337484
422104593
884502827
333800049
12277103
23989821
491542635
809485588
17569018
269564711
740975557
193435553
376200362
916392745
181583866
1319234
827569577
110194977
721915372
490681667
895930896
552443473
512736166
740872941
79202453
550136366
48281166
980269332
585205987
546146558
702850755
408412968
996317614
673985067
887479569
926641987
106465602
415279697
434186843
367896791
241934515
288109836
231991999
758674538
969730721
953593152
166305985
417001322
898060561
342607119
727861112
815695548
408729024
927468890
255664017
734369399
553139966
19173717
809468889
272269112
550080618
808615350
855214917
414418197
506411190
369197370
316953295
824833426
704837658
638213767
68720088
27894147
296035252
854752162
441682703
259086299
531849453
313832250
60866128
280611944
574244303
151605846
17447766
835913488
261378910
360588693
1383773
613179225
231531323
305057648
869542980
70577902
555086169
340770029
138104569
496484426
177249383
177908604
134958163
180688171
615501288
389050335
846677249
244076755
194403969
616937327
348126198
346614585
518726904
22589541
960668152
993359331
295241576
500497505
80752949
502566548
776474646
108778522
248851385
728266641
364498544
668701751
717951693
751276732
423750842
990975797
264658330
965399538
753589413
885691074
432149451
200617471
424892013
928103029
379051562
589453230
61189612
249011761
210500914
216266048
385840490
911170950
973227535
736975611
523656841
908860267
156146092
148741796
102128588
92321644
826421550
834215763
841973712
95124107
546534238
440093600
134149354
639730529
54738438
905018923
638502645
639630338
220698179
937503785
704953766
344702771
679728690
85757001
487696941
324436448
657349416
249666640
641432076
84372447
185822325
953077581
427558232
14451326
132044591
826051767
395837548
729065248
295846620
776178855
522950521
420958417
387118006
398971626
706009558
256966321
451066193
335565497
707541025
375410010
982579214
795354609
650029756
942603578
314821921
254134850
724401512
61474751
751883385
173298800
129614130
576420129
473957545
927128166
313096163
339359943
563502125
30006450
424891616
165582858
449516953
692367144
336720191
358197075
469589598
125860571
487789538
565712052
107229847
511333218
585957395
656623704
50357408
490511508
376580423
827019146
445670788
907463383
45185721
211904800
472728056
288976876
868940459
859518582
215553541
30584292
307527169
103400056
720301328
420986947
328052203
377492711
316960029
182485943
176829507
632477047
594814424
584988471
229595656
928857231
484851168
770593354
603736908
507539070
783854569
703633437
475547432
493731237
875928607
549017198
979851426
183564443
975219963
43087603
855480804
615834990
879024215
450511084
958336010
471356554
456131764
710619537
240694695
802775516
703632854
335939102
708195145
427145713
551078012
541753263
714222080
722880782
976223066
37614217
583203761
695970107
621171876
69262260
183926216
701573386
379618913
443264616
459354154
398255292
960708199
570204853
311375617
524478970
480271984
103579479
555932762
868546511
810518183
222788437
477008605
658132876
824789785
752474092
431270644
575915448
316544825
777229998
809763042
99885301
804575412
46930178
21754530
308333079
908654043
956414734
365521613
325112783
306728185
634334325
462336409
570497666
560308787
627082122
529670063
413714688
947907251
190872669
113816288
110633613
305028369
63358510
538026306
341819818
622883204
556267976
863052291
497411284
317208995
557214384
937003240
614019209
368708713
788934466
248626911
934103063
954692696
387159439
674220980
661220718
271227935
328048415
25587134
997429293
531452422
812278325
401142388
389272479
730474338
637461473
534869257
799186405
434226724
572235882
391681277
17572799
548764010
619977659
975121329
879797502
457332702
890865482
134862934
344316641
47930009
357568572
465554967
628964194
411865426
859470802
640676898
28431016
875398589
227357773
271066831
667802889
534286137
167800364
980400294
730403828
981236096
633118978
78432698
663641032
462082564
414451953
452549012
568871818
244823722
168241250
209421234
168080513
780849780
271533689
585753579
50398471
647349022
277311912
571329959
622485729
88515323
775620614
20474022
399273703
156070625
928084945
684475681
790504312
392422344
786671215
178377289
187700426
545222744
567975828
496216120
606068803
664205475
817096183
252427574
195281216
47656911
473281690
586432114
637047418
411377633
147213670
920943620
600658590
712062278
300462682
224699868
189731833
851058200
949726371
945617180
930550324
653411835
120952341
688894767
416085394
990404514
160724089
316219759
745160485
766532320
89401747
707058149
370814103
13444361
268657837
884051886
996873649
69234753
355943704
332930856
650666592
957343029
894342680
594787182
990883143
127444824
706897751
56033043
682225191
82669531
97144819
702137902
557971034
761575376
165907297
670255173
116857257
381513738
50001339
957989790
306310390
70510310
380511910
582436317
285774250
716577896
832659588
177934658
76590468
147708378
370247612
140692020
603317711
910872401
362132422
569189527
302196689
306344004
606665631
927778177
199155338
933061009
179515335
497437114
210615038
152507237
599462605
989862595
908716098
197338215
332632543
534695924
387556631
584790432
465851057
104293941
578087958
882280182
795730284
204654500
682175268
835058876
453857488
277622049
713846559
123182400
26620072
281984098
840249460
889725172
899381358
904769804
983884181
286840023
752714982
861180707
509412773
711766718
104845258
407957522
643795383
213486759
408189638
179298628
429995725
504189475
744273020
108413468
965850835
938509646
666024989
642176352
623628396
445503383
78007187
809537856
217326782
121655328
595784302
918504113
663193827
805900706
840514802
260286906
801751140
722937582
268647386
182032798
398936560
428774737
149606691
30140922
845767657
992189515
548080614
328219921
492164773
943121330
23434283
23993607
229970575
889253729
403182254
277238926
187240072
253907818
390965782
327956069
24103816
950539949
668647466
283720972
583489327
441404209
80221598
779667497
630995294
152019541
582656099
668210714
761226025
89254212
351797779
584113559
932398956
62118316
740285972
128313692
252089054
621155357
478908115
940351037
591739713
681919709
630751638
664608111
955465709
489580309
112248264
770441572
802036092
813188597
997097236
427766429
817794513
141778687
315117432
113619774
13236048
32198331
784715430
667541257
809060631
711911030
565286563
143789480
712002626
208643733
87750413
295063284
277556264
998008786
955832531
297364145
509008163
169851670
884146492
328408807
430602804
816332841
16187105
121694823
388374586
181702218
186008608
934274197
752427239
38852297
77487882
881900033
895821789
292041046
155981437
953433341
770395094
532101059
497130000
281277187
943075678
993797155
705838297
752728580
738616138
843420836
356029581
815506463
303772009
639907949
869324405
76391592
345612702
487079204
818996936
8699877
36185712
972434744
188890183
169753394
137741562
632139796
793096902
280337754
87875230
970914064
644702214
549397609
588313424
537648564
708072883
938786002
791599384
491493134
162327033
425267375
624559893
239498283
120822121
379427983
250367029
328300295
284327126
459740547
312354959
471236465
271023697
75765829
752774320
917661185
947621627
7646163
266298351
746385204
756785951
151212415
646138000
149931265
399858585
185716190
98479474
732572832
251185230
927225738
745994599
312482504
477929427
306948497
929114274
575215023
597960219
773998384
560871938
952128267
174124415
407126465
226663193
947740092
23083139
972474056
234217662
251266365
772013021
802907989
358269008
740220949
780660084
608015193
785323787
591918779
207071948
749061390
82028586
151011544
470941695
940267441
38558582
427126485
233416811
456130580
50805190
975127685
496742811
256509868
730621799
516024491
933127641
110272388
811658233
898906657
195053560
833227905
540592486
690927827
767187032
901402885
351350026
236719498
525048400
506475365
827327725
453632748
852099331
12993577
674551360
798380050
407102706
204894592
332570257
364172408
853497544
624651088
709052312
210639895
248135671
918224124
874862712
715458457
524077698
978684896
774298988
875121419
290037975
217799258
664630012
506334714
41245165
812277254
579254800
301878154
715135118
736224866
31000114
646427017
637037577
416701027
540032188
519698320
408461474
325216878
835718307
920751042
891797416
279459287
230156843
118730364
705477260
671091945
566787346
682031358
934459697
816721365
214753559
9810438
617420153
430684791
912669141
712662807
781164667
561068014
125171772
380596771
457853809
608802675
626805167
779475372
309764222
264460982
165746128
956790379
878797841
109640379
128887092
387180683
66376814
101182749
795574081
757071962
532101815
103502257
663388888
59339977
461817030
177423349
721798387
331998222
335546707
404042578
80588502
639036178
397418768
88366814
164266542
25603864
393073621
500620469
860387972
179120898
34177087
250284955
356745199
240409578
386496998
408543643
465220374
770256040
581849950
353119555
831916741
829703866
294510132
1667009
610674781
522179505
532433698
747831924
623507765
720158654
515197951
198064390
15293056
304009080
546178202
146783477
881481553
936195952
362173390
565375509
774009127
926740675
7622390
283376265
970472017
386139996
762200837
726848477
496566432
927218730
742452169
579440813
120982838
734873954
950681301
373715102
268300721
185356994
956627214
463618730
519381137
972673148
521349717
827950849
603345843
558457153
423379522
901526811
769305119
973874271
405250023
432570103
281415063
443051414
491828392
162701819
836981490
644658055
130421937
179539169
686017796
641800860
184351223
826095800
127100866
427727565
924573845
876936649
54753894
736868593
444882217
937359581
420214030
675190180
591066868
36725496
795904932
257766383
604764716
92669578
57058344
557052676
897641031
462438963
35888590
227273008
618682399
71252002
435343247
735198563
658632455
366535015
154073314
22599621
901245696
300621927
59111212
856932021
780938523
432184071
633617987
169177491
804326261
752827283
858495806
830286875
610727824
168585707
674253968
136410572
895913717
561464835
750278503
368800441
221069555
908040112
275728241
775522485
117771152
723448463
187065051
436830360
681205373
356833730
563305008
685430614
276477791
250854472
699534925
831485164
912785383
924467434
178348869
335665507
403106170
693868290
725175252
817810754
153664372
533837195
79615084
158803382
124026042
857421568
622155607
413415191
13013917
818722883
220368509
680000152
91468652
941854155
210471826
408135096
220040673
273716654
425635932
971525505
905429863
589061402
780665400
239262695
286761372
697679947
294337721
88738128
468811218
666748535
540945927
467466301
800038704
361826249
241910109
307390404
147844176
628807373
458909269
229835216
803382236
127938952
61145777
671555954
912094952
179345411
175003401
335762925
546378988
711146935
603651262
791350456
126009662
180788740
671199874
200941019
577578742
144074964
153478950
813610567
826860639
348242338
228864399
201221868
500714233
142029194
143940141
629903957
975927272
189524606
666957825
544234338
839170568
61884924
175565816
12900501
208086038
701261911
833280603
564064086
963425878
654338206
44910982
58168002
664617623
89363524
764208503
686401712
396577997
484234485
255880424
929880449
750498972
376791954
481870272
609581134
143793497
532951611
632823826
59396896
990851986
713909409
55393680
927117212
918656831
729477804
224121169
41336500
170093698
192889775
912611226
329572644
164688891
569948482
287258265
783318493
71118478
936675419
335599178
261057042
929096624
688528499
679099284
854685141
86504679
240055588
130762543
662275429
97457132
248609464
772986041
754225745
804659800
154964259
571638757
270089727
700234544
217046090
505278061
435650809
522399083
683296172
626510628
608479438
67061792
337505223
460250485
630135951
325883903
591193075
438192564
784735982
512482208
266646789
433708424
516761319
155050249
458566422
706694931
334773053
758208106
730283123
316360070
398425894
137869704
592538005
156923404
322809985
943867870
997294274
724199143
228759167
229912022
618507048
45571315
548985262
241518892
283457615
872933286
405800620
936923122
426174121
1377661
515279292
636565763
802527639
193584581
394769247
489303146
369047817
535646210
897083012
32642227
617650710
733104696
837943520
14886316
252807180
627292982
254159758
11303829
129007905
924955235
593405183
254837012
909243646
677685723
341306576
443459526
520649174
848466211
525428012
780653375
930409494
948509585
732159316
505120776
18782035
384747967
536260688
382432335
512818036
26273758
686228052
789458105
532081510
102476927
799992078
691698710
620721145
368853467
781899520
106580715
641891562
728678107
400273554
73753956
684894745
853325263
679117680
859598327
405271872
771465613
650630916
246579944
925836085
991701935
731359128
237762620
715621590
315841299
999115672
921630216
979448278
710838163
117769811
506648170
933078302
231794929
682470549
544989414
549526515
483444660
453262269
177721758
840006124
483434343
727682080
468912915
423905471
51820043
339697025
511997478
216790849
304495294
230497391
169846052
194205756
295936056
813115265
227212663
356283948
267777808
982796236
183603664
917649779
318884801
22172758
260122847
340347491
83810218
469858241
816032068
932485981
718456706
868759368
450591148
836867393
750966063
431740131
621806422
628736450
900212478
718305783
85094922
842411356
638649487
79909164
39960680
646683383
806429942
715005690
1392915
487721021
325182710
575319309
706640299
870028795
883809300
626426583
176458763
232986014
884164089
915877873
840950773
877662319
968335028
864437559
457017873
355342641
360584131
521373355
729607587
825862351
744954211
881819801
252334297
167232092
742570726
891434026
90191947
826419088
338900594
243308498
56378698
295451216
750153217
429848065
133461599
49630375
197450832
695718807
545551139
714851094
45594544
288532389
116039601
820600042
742311608
930060560
632412305
916714519
226320365
98647105
22417473
636701072
278601954
921448507
356228302
831216781
69258552
888500865
680366915
710235349
680206704
748676490
526961685
909628101
213344072
421854759
595627706
962280464
400951281
24297259
98084017
887931308
92792764
209875167
505765582
341737383
611090313
510828927
800053847
245737547
406096786
640493308
193013416
771655309
237562255
545875636
917915287
793356035
805515900
157757181
403697830
351872697
245722867
537394002
277959097
120932767
411827206
615214059
544665897
468555127
75239648
204170638
537327413
885823879
613302434
800614625
313744825
344834455
302830245
324492656
72483501
279963814
454965500
841434713
307451925
357124742
642567105
589312828
887542340
273057288
958774139
500714090
393989653
409374600
315836027
662756530
775439746
493828660
761523983
594266923
359144297
767653985
588484227
999226702
314027266
253360859
430150184
901671239
850475133
752023439
253763607
994121398
605995939
498908604
375587774
504350120
253698535
154039721
857430563
204902915
867868968
111971813
458532008
709345084
865081258
70028260
28359084
497988041
995678090
117137020
755932739
771903733
306390031
183762293
568465908
395546601
397108655
273582557
696300489
602512948
248187727
474145786
330549334
38185228
864327319
500772074
137047242
687295482
427316814
472659623
563203596
539018841
978574897
379323107
545683454
79589174
369388396
806315825
556306703
401929464
376654864
181280385
917316321
3728158
333198465
899717075
661014051
520902565
139647341
107648679
463707154
972276424
990190324
350799205
746610189
352939174
141144868
692744815
972889441
947816952
886738040
598488727
958008120
16517376
169471286
125577906
507772770
529195193
708173591
298361556
900043655
468275521
724564547
915784035
734173830
444181898
340116577
710335058
971979667
794391966
408294390
583099683
714590536
815328977
623586356
440533956
999852374
628096674
476474094
952934219
996221231
293686704
671321469
495424307
469781110
176584681
390966654
467927052
21765677
866486775
323580322
727386609
150264049
433349923
634619645
827696603
433644970
667878929
323102095
474352172
777587880
675162809
267332547
144792083
889610745
573963219
21192329
160500271
850892387
730181005
598683928
24163419
211495976
682987501
44354246
597492146
370832229
882345781
84782289
499992277
41361093
939608439
111736104
861692564
845568210
513236296
648545917
891491010
23515625
961127332
386207180
707490447
807483440
168694156
349745772
447162838
905663753
817214553
131505359
794971418
501694810
315792764
409583335
568936275
148800931
549587413
824976085
935079568
332335344
968651502
823524150
315816179
974438428
107647319
16682834
840306032
924569041
6509185
345830753
287675534
552016538
27989095
438236295
471415174
279917216
973005125
386631026
127648649
616461679
407680195
681681075
604419735
494813156
930373645
414716263
403400190
447809779
216216855
574464019
841353478
633190595
402006120
32763963
615519838
740568594
786222314
11498139
467129614
200921733
440016414
105012921
990636183
386415277
755721624
188247498
492993345
687453543
930965833
89962146
939720238
722609193
322609261
345755772
379765687
827423876
761451987
2774039
219210869
18612307
834980290
431945052
282241159
856976565
307375253
719116885
773755322
861326109
245561792
663635873
759362615
332092125
184105216
470295512
721556767
243533892
742804557
499085025
263486907
87745022
832816802
144291449
705313754
51484638
987249307
570353217
912766242
991066381
769543306
305712420
878017377
683219
154279286
378033930
590793471
100813471
699034785
429417936
377243929
261480713
399065195
557787801
9673519
515026795
873034960
563637746
583977528
501172689
244168615
236796043
582663687
838803578
589120504
914069598
927323230
860322393
71401555
566081561
34984278
959809755
163388191
933575714
938825644
252143590
386711613
155717932
902611646
827038584
752595309
141855764
858612296
536852194
639916112
936626938
329877930
986498387
29666557
768240004
484954186
653474085
371920465
206321795
88677343
240227185
614491850
170901944
966506472
481465504
713566739
780116784
494636396
608092935
983980124
729914777
40284024
950392371
334004488
724697979
36914803
605086205
750057953
985479712
746634520
205773300
756044749
309128916
130618982
419747306
701444112
225806187
746105689
911780550
635848966
927763860
987370272
576781168
250869387
939352344
911133268
335134016
136177594
826532270
32992769
69974605
506933777
256109078
616702850
465849051
985822727
127426663
751847122
597940918
528553465
897459735
195034557
441263190
766716312
559775540
220691565
374837149
302234134
28166947
368804451
571145980
541742354
724048211
767932362
804111357
963921731
336635348
658782879
837234807
948221086
669214597
853870197
814844716
370752859
116688732
611407318
306370442
678829589
645201304
921209531
176240345
255142990
49690074
374721151
553225428
950963305
376070814
885019874
900652221
363703252
207984761
367510266
121108784
977446234
482565704
902870236
835132396
25920027
23245096
91157094
170738658
845441802
823991342
6366183
184258662
845222288
911179099
324701563
60294067
162138497
364419501
235352369
36653862
959742947
418554899
323246069
553183185
660981294
713507115
661102370
419408074
463163696
116840903
59545058
33336507
166217405
944491717
210721812
829078477
679795239
736560083
278406988
962584536
308780186
177217418
487793886
859104103
832112727
428167484
213506002
966869809
217839096
593268550
54236180
529792409
176176321
359156068
76063062
363999656
775125211
688333375
136421637
125094514
124234233
471155626
954389232
930935114
932713347
408776419
409553651
791472133
873639105
15692979
551802314
714450060
142005635
527212472
189752378
366313504
701253447
83725998
834279505
581928254
223652336
31072035
834974404
802263079
997071111
500369920
411083290
363474838
616629803
804898337
148705208
453573287
997529948
721497191
420906833
235035793
871039045
593375528
728754617
847986833
281627488
866902866
736419460
448794538
431417106
165125416
421831608
389470982
299588625
348483942
285728504
195579442
624359663
384622389
590628496
524631332
846598862
974425797
825944789
395771746
610167306
20123202
305937668
298384095
383099412
469794665
886828172
279917099
12860195
197092825
332853271
611579651
846998410
233000810
53750195
325010878
856943077
228146453
126809994
693387297
297510315
181520703
325556815
751281494
409409767
311497591
528266751
899605129
232628086
857103625
50701937
779680351
460888384
828591278
655454026
624085341
632391813
222984395
470272517
308621357
30987633
473549573
471298315
712071542
192337680
712240127
517994714
786901035
172761667
219891573
779648395
736022093
479557686
860335710
603952755
32634432
987215863
361026085
849235641
325308751
867116016
712912559
506102747
471329680
446452840
27180751
183970259
836362526
192287616
144526457
194005660
214835876
796351890
294344148
348316516
114988399
184528448
214313388
452283061
910043401
834647765
665866124
687085518
264624091
192493379
197524490
323919809
174613175
396243551
302141830
995134289
657240176
37356164
381016577
749496797
845967065
96720100
131422264
21324865
625782946
170293846
898903934
257800116
308630676
931393221
80791995
264351251
767246217
450599729
733618253
408632464
298357055
40372653
510025201
400381542
260298704
747079840
497226994
176977356
850209305
910945450
497918323
733092434
292787537
25454762
39966026
438992252
818348727
128915830
222921897
172225105
371263427
751821983
723565037
353746987
153083619
427552193
218924553
686217060
794317217
757044133
84660269
229402020
653453353
180073250
816321688
453650920
630100458
971750045
167752695
587905413
428754399
424485196
438991045
357948408
727151106
216460869
322199129
481881856
705065634
993427193
764218354
354909316
323421833
580116640
339771085
630081101
870329378
845998379
340326842
847663087
582563152
667745240
156786600
646259180
528213234
597585861
439023869
538501657
553934948
297796279
111510751
597646966
710782299
951092490
688084418
110772892
655228571
423409550
788700543
636367318
998378242
447623622
987539726
823226911
279379074
918449924
408799164
163910190
604627338
530014734
940468128
942748556
719665439
412277611
271841865
42991480
491776429
300535260
363377440
164371971
343981438
538314471
444805389
472564760
331532478
63708673
18570760
237961898
345112749
361512145
877211739
962046510
111559924
31466193
754037923
708478908
805210843
369584321
532469642
500498035
192237579
389571540
853350792
600222107
600828034
968514363
157563145
952315742
942301557
83089683
52242264
626224085
364490893
170959324
673646053
151945129
26877848
268164488
880127248
848928445
687028306
789013856
295751302
688172603
469611774
436942239
420380663
689121981
495251826
236314961
141833893
540994775
928856647
477914207
295826595
837098097
401654572
886885162
156108010
583191356
554508079
838819447
791542327
516417256
690878539
426057341
631978872
351468803
578169401
386712378
687562662
977352947
247580358
80408275
899367654
668536297
911275423
121393539
532091164
629629271
138302316
181928244
258520526
800797017
823314964
155527961
890889138
111847664
483091336
847573194
341751589
1686953
99352771
750510147
137649220
274550290
434819255
377057618
935568019
336821931
326577700
19565621
141647612
729061108
808923625
808297342
74411710
381654777
519114582
176601819
245176871
945351729
294199136
879418564
897510954
640563504
108381596
824306534
427325429
470157289
366181728
630394841
812350554
798846813
603421428
967907550
447689205
755413543
741757042
522952999
864502413
756784600
248461659
788817845
417616619
631558959
124387814
475910313
828136216
695660907
529752153
993992130
337135948
543700690
416272568
770709509
236973833
523534044
796477852
133070063
510768916
474407322
944904041
163766329
863323535
232999305
842880194
98613228
676916230
891945818
186300818
537807270
539678232
75005472
923722153
861919227
981814909
238743207
746014251
380297544
975968707
424689748
306413560
334767730
264496476
970955461
819671708
844355356
683670100
707634896
792853120
453547530
169863555
672925962
165165535
740037729
411939106
895340871
371533996
180576327
955838229
591733212
290424522
570082185
20972275
688171715
121572960
660802145
45488383
447370954
53274608
509102800
568622558
405888351
365119459
105270300
703942827
150386848
156276881
239918586
421171112
787293039
469865010
835960803
270098064
393226507
981803587
621264176
179390159
259657030
779817666
300945437
167827476
267831582
78655548
776210809
852657989
585061952
18394908
61593848
708261196
804567897
700949649
420287071
800463861
679976917
649560688
852621851
768998351
21576307
869184572
855478519
393687946
76167466
214409627
751688954
88925121
94499410
666983342
804897147
78355580
931967943
677683868
418223183
686076852
425206512
415666729
823824957
144204898
915410854
281977037
395687488
990647204
204611654
961706236
726340034
734880663
874838279
1719814
548005909
824499808
730620482
926671957
829190694
627824973
249251879
552609046
852278741
62896512
463776465
234663620
892536376
447216955
339503467
140131538
201653860
570619916
561070241
263145807
648656340
896585702
361185905
541742428
458994507
795748613
458386888
812716204
158622330
800707170
154659457
437463561
737102839
514965020
527987109
113097443
735180473
688376718
823467172
450908878
874843334
471711511
369519958
733313050
881905909
45753594
833717820
158043126
401591516
853370711
245239382
646033991
913086685
198340145
26894350
268337217
663322994
141664682
58071795
600546532
673955933
857595241
166611893
848333091
626512388
40970629
766099155
740916599
644957862
701100122
702733465
807409803
423158416
988060841
667776549
328374317
366237585
603052385
481191363
736676258
915107222
240065370
732404707
556005367
9458773
178249782
420105451
313852562
333767581
9817471
404841572
976669996
717334831
896833225
516553132
104052762
249308216
405838035
462394289
432949053
287719533
13649347
338801695
198603237
263802971
952914289
616327451
998476735
704445829
625960019
784554456
673742658
12520384
155884431
495328233
499789977
364863510
202713211
62798511
733913841
96291223
335846417
978160885
212397269
501156489
324101969
19967145
210147266
355784270
857867716
967874273
519022566
522916831
267621075
297023805
819682546
125792012
171894686
405645691
801264752
627460721
943972768
744241732
641764044
848366880
848884105
112489424
223820896
503531763
280876117
684585189
813412174
947696497
98269030
742902498
866287551
633614483
778578113
179121581
52148722
436543677
877723053
306632189
800030109
145802462
913173002
649611864
360943123
233424327
995499141
112604794
106396968
431504991
149329451
415873719
295821637
637764798
774483212
251792826
610453158
836259350
710706861
176134959
249899517
908279073
123847383
625836436
823968506
589813924
507206984
464160859
956019066
485061375
384046068
40769514
121448256
405581329
534016630
341189615
71129360
66025820
758276987
510117094
231684884
56193249
711317774
474623964
853060619
223503496
643661873
514144533
996061158
107802946
908813363
741990642
952098342
135352806
128528269
117475667
447685269
95926873
321764055
771808882
493108852
459905627
193343220
652173737
907167043
561895180
405461979
233945670
597184882
316335430
958992473
394766055
377816357
282354302
97852620
518991150
10243981
104224185
280556506
569103452
987072588
932777230
810667372
481164835
470793984
817589465
5444658
234108773
83897307
559980813
234789072
623440685
550182694
579412392
535354926
385343976
543556740
51484688
613132922
837964432
713632823
914399293
3810936
990898182
322773625
954197251
706706065
657220716
285997760
92548684
386868612
870403568
813260172
731900832
815534252
87503886
790309778
374718291
402945770
856013570
155258799
764658438
569093740
986774541
820908814
239577004
722237277
358782483
742051587
604713622
947354424
591692496
129034804
808267478
311157991
990766979
978593590
650319618
504777153
457970434
68824648
478544503
337512505
29903208
175473360
902799076
331751537
508123165
961489141
808148214
527840410
711335872
620659787
921190890
343485092
629417641
407816238
987272210
186026562
638676375
666983898
548356336
378745053
466030824
769499096
60188127
487662890
876888060
598897662
658972200
773006774
183467264
478965137
192788115
277724897
556706452
129641763
428309933
768743781
272529178
494563260
296817489
58872554
416214516
485677593
474762775
380197054
353784001
558469494
657423583
777016149
683795048
954997683
416537808
397024585
300247584
290913308
129636496
24046699
905474130
841293720
155461005
934144799
51579444
169339655
670970459
30142932
135091588
398722919
471617782
824619603
128191690
869299300
175100116
780427716
662922065
70349199
578088398
580476171
555893650
428647121
811378910
597807395
445527348
805394720
981514512
351254885
108883
114699402
132114447
619097407
978700989
231674468
287634447
209204972
197063128
555927196
242275570
380692660
420217362
362314676
739067163
549745918
677836124
405162440
196862984
986903368
111007786
245096279
812775416
696610027
514781488
858539109
585289595
852500379
625708943
530175949
170276328
761817696
139117577
738456817
200114503
61125882
472845039
675275720
325720503
592957383
182473478
915150993
367037377
898262944
632718438
530692706
971235850
974050242
56595675
277873735
126396170
52658212
838235591
212118743
931147256
558380760
192009287
512909920
479203156
436447792
50617669
310176296
397611047
330989262
341803053
467750231
519691017
886249412
818711001
603860460
429349183
845874000
154669283
655273234
779474066
744757870
667358876
52819775
72580450
280655964
572192848
82846969
799043950
541823079
868415776
35182020
162547976
578256098
697385927
387441838
190456186
561556402
540875096
17669396
339535616
8838952
576408964
52404237
358627076
364220805
628130513
497244268
525776460
692216131
736592183
745226786
669062970
967574004
931179068
327379571
23700048
620421885
448226331
112290101
475046342
718915256
66796715
868674263
322705673
391287040
921450265
143520942
320890906
577935642
967357329
381727798
257161664
538930542
705063623
621833830
135242354
767283864
988596652
409973067
807921829
722830989
630736631
167765678
409817980
314252365
499642798
984543215
647337584
583865997
995381657
978727849
948691646
904132440
232573875
31794963
783619392
903892765
940543278
681930656
976067283
304752204
17673225
229012475
859552841
316950920
130595289
653387227
473248781
493886268
545241034
684073656
432125560
65408803
452125198
277873399
643434530
783378055
47229209
458044747
956621787
637344455
355474895
224037595
939104660
392899069
256993850
960751830
990634614
76500514
314841719
754943821
897407007
432125560
59926939
282304790
431453276
404410672
377096473
563189214
77710306
864155976
660688020
42054161
347180936
549276162
800239624
152297458
997685520
495284567
143882405
40108365
115212304
311157991
994077138
743940314
856626239
900393608
974551930
30689614
577894692
469416014
896858667
873253227
230363321
801670296
383165670
666274938
870596846
427088584
478047126
799931873
392609027
515842034
169804245
453668145
851852229
637453770
95180102
591261265
906972693
100993045
423312481
942820490
969181312
912289022
148435287
258814812
607968962
991253058
551970250
690942710
326181592
972346234
961767015
395858075
708070115
25475304
715936210
542155795
767543276
753257995
911627929
924826071
985577250
887423676
863804944
400008532
35638420
666917230
602553630
225324667
815913903
919742402
397042029
742593236
985212724
328275702
948867930
45749705
889644939
436575408
152579264
148826437
716626018
411795542
503145270
820590416
903765074
257312406
613699433
815997090
729616462
625427303
344801442
259322351
81816666
895935021
436896296
35021091
625414528
227709606
803241658
33590515
931639434
310268703
571084619
264138959
385171084
694164859
278450230
737495337
485792453
849492793
68080122
4424843
363991231
413268886
872977019
976590921
993569247
767682366
629468270
176520621
687398574
535888126
402782198
121089883
200114045
553817675
358643111
684969107
759254093
132506335
925863232
573946872
649946210
562042195
214451250
282830549
395499352
118076776
907452376
246718749
568880507
539117974
331506552
499678945
517235326
111287466
743044382
922498397
598367777
226581332
247393459
95315702
742926431
795108135
275306434
297533243
157700033
459178720
145297340
603175756
486682339
230045905
226383768
829699927
446784656
764565302
268446626
961358927
697388062
490771255
955901249
856422372
685695514
581904375
847109349
990870877
61866083
143384165
565441319
845582565
505482703
236997375
973867330
490988334
201495986
118113806
10049016
930209648
241921518
295515839
478851558
876942446
973448463
710887580
273779835
477814168
382499882
645632484
777866078
136362481
391533270
203252426
523894259
143674114
497399616
767749935
249229548
514255191
589679831
151815918
404131978
128981296
618319926
761729370
233405193
43749501
222832380
565239249
872646461
660559603
705067190
640350605
613961059
655184037
366625679
573517891
339668846
138155386
350043235
168985961
578761417
977405955
958607334
7678637
729926266
317931572
468841019
1954601
501958175
198265683
364746031
93787636
684313012
890953226
964418760
857590047
467531207
221833897
671703755
489372170
661670084
275846437
848486918
557766096
537530602
886421003
365595738
222564240
671365989
332111149
224199821
158075484
565351576
178485978
292410646
820374513
825260241
137283717
4519926
908499383
654730954
819620357
64353584
773790893
861866748
370567037
979522715
30082218
926488027
105340015
132451404
600469892
738725724
123473324
541274561
156296489
791066199
41850091
172286249
1535140
176504375
76569412
419671064
5600900
689254894
250897097
537155317
192322707
452542731
431575368
89252516
535313045
376536400
695196918
345633376
237938135
144463782
571785466
297574034
550537412
173940530
615238032
557943816
233016681
780395249
764379169
773711711
99610652
86409831
28820669
773975695
343455470
159518273
731739741
883817541
602451553
464237439
82301819
333093992
56508762
442771417
933837511
297827382
279236189
1296677
787514201
411319952
104553346
307928896
222471038
103930215
697104902
370572326
453592376
899060703
678958700
252188303
736751176
640503844
346869317
380658753
559663210
113892504
382362447
471981101
437347221
522032592
750859168
42326792
288581584
606366681
929877906
683698032
935168758
194814083
157245159
172851847
840292551
851261608
879289471
920991298
895692345
357989221
664693944
795634851
381628373
622265342
285621329
632850085
123954071
922595012
815698085
52591741
221509555
437168013
798251893
817012808
911996396
934798904
326959221
93962466
570681927
123876557
460061346
588536801
864535246
675065431
763245308
559067615
134719659
962988250
118064142
128988671
962912843
776019012
511781918
94422227
588885723
440862739
308965429
639080411
212503917
900426605
378057546
593638865
332923906
850496270
819707691
438037986
236610079
719976853
729349937
3552210
639921815
182538444
161492214
576206924
702321758
885706431
245038817
337290159
130808976
26680413
576670650
100162472
327613604
652746846
48766114
431620343
263704417
71406018
331711654
88993879
491620687
948454436
942242504
320725343
515687590
195788840
837839265
883996341
902963959
418652734
104837853
350683072
226069522
390545940
156435146
501329131
125895666
145048215
658516534
2051173
933740584
846480350
697679362
290971139
243191448
360630357
309496955
214200042
631294131
427600540
802107750
737188413
989052771
645238728
566472150
761042560
563864450
169031215
325240962
418609306
103386730
842551005
460473033
365664509
655994813
902758053
333411075
227924840
399005652
500066219
496094877
497173321
274544787
213834657
855585247
263664852
952305449
393863155
19124090
352088756
925594299
894049321
227831589
778242279
348584390
104114934
583449352
653945348
872142602
973178632
593080353
824151450
899798562
626124243
973900288
490252914
872592294
203141561
867604169
796397993
140235374
284148330
956671063
9319925
108910942
489243838
954698367
596355312
472158064
423467270
595820308
647619318
694940428
982453659
119074097
477864734
998516846
947964251
813434861
3141240
972613562
670964579
415462909
682769013
954089207
954789551
450002747
824137742
153203675
606907220
409721286
959833284
973338939
43228467
197675706
584109431
866730750
930399710
13500790
677162915
103351093
541516682
444338198
237918111
785634794
142817753
184685032
216465538
111386040
231666888
433381589
221396896
50230834
378842281
601593468
854421598
517640971
180074176
795501194
326758413
80159048
224223168
608239504
637858825
600596201
248431904
537602642
891551675
693433055
368458970
307843240
66846820
684103054
995427527
412817646
748056977
593799705
389856286
235875966
310628088
982960936
363733068
624746234
92309675
48527401
815172843
933268789
276294503
165554768
502676866
152718194
328922548
530712738
263367474
686362198
391823324
939287065
455898355
628058026
190120845
657591363
912468279
993713114
6337505
889161143
964882212
337422855
609184008
404697918
662429516
632645430
528624057
519571973
201971191
639652971
76428972
393091529
533792249
622955080
967335695
332375096
443596822
382388224
642279387
248181100
573291644
435051749
881834478
997722600
513999465
788701418
663006934
173009510
332732510
934602159
830255435
597106491
402245723
89642198
516391696
786836674
809313797
699113597
153128176
370691474
148756547
961680136
986753758
348611219
90328637
394879426
586241570
439999607
259782450
924997577
274255065
557258405
47623505
967465049
989895904
854047098
990132147
653208056
989818559
470942229
266780241
618589147
914394978
680175402
680158451
379865801
777837047
916792664
7707203
780659610
622985587
184392136
924193860
394237437
806133606
551277126
36216692
68427837
927062661
63768737
646047781
372461464
688994764
18301799
350334175
592728595
719455622
358409140
971721681
490258270
156690891
729259286
466548193
143578345
960686134
556359370
15625384
871652610
482636630
171325621
565534655
303299627
184223904
892588298
275167256
559258961
979869484
144432149
298837751
192724492
369515372
776534956
285403372
653332401
12504379
381676498
671310457
103140420
792074171
304227981
370911945
206980483
204644903
889235912
521481799
426859543
72998451
230758850
602111683
634882664
921349423
901964308
309803085
730505173
836090542
637914594
13741861
751752045
652685331
122231608
657721743
223127158
543353597
711334538
926615197
137353988
278367124
630846799
906477813
467812018
578004848
323223108
254753983
440111004
387562889
317785521
246674988
320792471
459127553
827444112
224219548
285036053
449900702
631444312
829964946
721398468
478205797
840474364
562443337
196318467
293895820
836857306
662428553
343455470
162834798
99082292
361046203
381011119
415935447
287760734
297496370
649604579
974539061
900396734
260780188
973275933
608074483
341538381
209990180
954751898
169934088
956432754
670061761
691785437
793772931
333398083
954185442
311653277
469422013
292524802
584217862
318788569
730007218
418473588
393334143
408605943
14669568
723075372
471194284
811789915
906432938
217522774
188151209
833003418
38365092
762952820
985746730
429889680
747929626
534117281
949047371
348394859
391520461
482099270
187570225
566637705
694684073
59022117
521148270
937741010
445565492
687827149
881819977
647152707
631993930
528275203
619553820
747354291
694036417
106294517
640098821
171533024
822114212
986591363
635073862
577747765
247901261
837603001
755815805
241763877
726485446
596404547
108435225
588202727
31267984
574241367
28303220
614890173
258358923
911801524
137693587
87863512
492247331
368370713
170898891
955280141
963800045
29351349
874155880
781956286
31932580
190229149
132923588
687646865
877215631
237300216
930122655
335890538
268843864
438277087
33560017
272499932
109818627
959053306
118319836
539770567
221156594
423733748
480720970
495448933
977662140
294817560
930659117
629116131
574871962
696036717
823555544
478303498
432341607
190330460
310219612
406388391
376628987
812120871
515644246
599814894
166481443
297579461
39517853
164867939
684477000
669769560
989678466
618512098
432458557
237060696
975399049
190349925
626695540
511688268
311098982
426213136
850703348
565035531
433036080
29760002
792188967
355613396
718938329
526004996
963569243
609503507
760725332
897869457
898918387
293786935
769020586
945227313
663087240
427539184
834874252
219242750
873788062
153310553
962298268
176115377
867570320
513390806
433430868
895048886
618350309
870777429
232063619
92554521
95900504
126665511
796351857
447697839
346752086
372284610
510261517
441395032
909956676
338710592
458255439
550787485
780155498
751742854
152498873
55931649
253741025
623207038
194351444
157993902
615740586
696504214
90344242
903303912
493557229
638163471
228105844
642310709
309441065
484617014
518760791
294510132
299241015
832187727
389091722
406712276
327658714
419583263
197654752
713769111
646607801
285861108
746905521
372774463
129612712
241366670
700829443
595434172
685169567
201622333
447149234
504428634
509029423
913011541
406722915
400068938
743699171
926415459
698924325
820873292
778025634
992400128
324919658
644249097
117969139
276351780
665205343
185030040
74754243
976732085
774314328
881153934
359366643
710737705
271503012
85242689
610577781
613655610
371748311
481003175
541187423
841676106
754963662
72759683
85051973
600968390
712594977
299940184
3793660
643583885
739337985
898448658
280757674
645385628
232702157
150525689
11165068
863624393
274972708
833748805
807601546
655553890
393298381
890278482
302656710
112945015
846275871
998553601
522179505
532433266
747925007
533629968
933940668
438162432
177243509
707459741
151508917
354097343
327244749
685720844
733207525
392343948
757003202
188422809
234893768
462481583
956723457
508480878
182443226
447442080
13154773
27686015
794085713
341027698
736043301
387713995
356439017
643419059
679444002
721895704
468514427
644991065
171600247
578610241
211393141
393944640
875194606
769696748
434031410
291771212
38960410
999458834
745987990
36606927
54161257
499723555
580312306
741434681
842051131
316624800
219500555
390450045
974001530
982186989
912367052
220133502
315370579
296249967
943108255
924145191
871592888
309903593
601059741
254652905
97883550
258915898
258103306
779788355
955441292
388361373
436964878
679010712
272307567
203268771
185285795
566364387
52818316
50017066
567611873
432863399
703755062
926177600
232594522
619719777
148071703
938466296
697925079
894266949
597310280
386339810
367954889
6817139
322535596
754599657
994053130
434498808
215436139
901495758
875590104
934597073
970717353
860395880
177005154
821273561
247619681
673709337
112654323
6149472
757670038
919052213
364368698
640409972
467082750
98403487
818928621
258528716
658627600
730822759
443644955
294624755
131743886
547494529
826937857
9278487
179677362
563941056
778681393
548412243
215927317
73445554
244408754
146249333
446515911
471999696
391235799
516257963
922401616
798915065
124282509
223316839
219370853
591707535
264126331
983023052
430794561
442931074
226385649
885352805
965669596
83738444
723227274
919130213
642554978
67643281
933735719
611923294
951445660
943402595
636339106
720454994
475025996
952516125
654595003
747581763
50314218
988079942
110480329
162680129
914825464
75052542
93132144
217841984
531795683
194323815
899426151
860475291
304495874
96689947
456900596
379066056
81968030
750986611
274527263
656367493
480491135
701159144
676856745
969351137
161191397
68845030
162008086
115658881
421642233
312943520
159433464
514346978
430321169
6241778
541450076
720556806
277438720
711807803
264930940
433232686
305314683
119917561
491079643
243698328
665855411
163089312
314238582
703099098
790014160
285621083
442092695
698816307
741946338
133551931
585054519
749645863
114319884
973768738
298034903
830247265
432911866
606918111
688316317
73041288
447667403
862028967
618160451
820295355
558070748
875553680
238293174
480539773
789293385
877483859
128185209
191379475
581005946
785599013
500662593
125567077
19177358
500412083
384516180
554155613
516261997
885614708
519125859
901933952
757928376
747551546
460327873
927599469
108969656
253356447
537941507
464954992
393469501
392036775
697966621
364122178
632656758
834917641
400591161
923720363
986077426
440141840
838399637
335257852
94584775
639596287
206453292
809441138
967741117
981582759
277536247
532927181
307403241
873904238
508718155
878840057
339877564
324455339
666386855
323374712
135788405
81182259
861630444
926758746
750901311
93276280
458580251
564412357
897679129
599956856
420238790
365054237
762770515
269307341
202650710
200576854
933438859
434388888
469715056
765159122
805522313
759331001
170011355
838164449
378946991
664587905
217756090
370233237
268203571
111393068
873512619
614409074
770132100
186892817
313937275
94121907
412327699
931781044
471773212
333118619
756265140
225255953
455616614
374161168
947209138
408938647
743868573
728355391
780134523
669820284
328447820
960471539
829211750
28005484
512564327
778578094
101986835
372808973
46171407
344207324
339076343
322624342
357135898
317994518
645496336
933225547
527791683
562774333
563387964
84932911
624869480
990748640
58187994
349517131
183432781
46977400
23221672
64737560
467696077
342621674
233427257
225611884
991430059
526011728
400173501
103523489
676896750
741139873
576152541
64833466
121045325
748339492
980825012
635173851
286044282
739114574
737662275
161671459
949267284
955354921
491356541
811271640
288808699
421065503
481158898
360870819
214129407
426150846
967911330
310372536
33290529
82509281
694406051
285937659
898320984
780513515
65640460
795382694
314277800
185335593
682161754
642532981
157810338
226350561
310493728
116438435
476262109
613918072
252796626
628447541
479175601
527008443
520868370
891763796
89622320
839933568
793137919
226007313
682921191
978633732
857516692
879903636
803794000
511751487
936210416
804260265
259523387
268200670
496064739
977116972
334244112
744559403
744358311
512584551
868063996
125086701
230201335
917903118
290573306
760849532
191598261
353754208
76418692
866504816
682501145
817426367
819160454
261532781
894083565
505353157
604022601
538142132
31312468
595161346
228704880
151492636
710376606
115082848
772131298
558370619
900764916
131635723
566155903
155763093
165213448
933909399
549072127
541000909
997620107
639716290
748120399
827224057
263737026
471064437
826083442
893524982
319069078
888402105
159951244
513172507
870627175
113873813
346746392
267635449
687715362
89738646
246474566
496468860
632900927
212069556
57290670
562578173
347859916
493663460
93653709
13155451
70730101
443027576
356184374
957780510
211065941
219990341
264645450
843137864
781718131
894115799
529066882
998954217
489168994
297337870
219471173
512166679
512655783
331611148
803355815
666830870
588781041
634783674
870546589
855597444
713493994
248314829
335321112
61129982
504534608
969986428
318741900
482354498
157665758
264691580
423999455
378523455
654191380
528392807
506675191
103657252
423986438
477693075
352477519
724878713
245997602
383160506
686052737
142988909
870840834
830370534
232622962
122894961
254688465
300932579
248878841
210880394
109514779
528163210
132421074
773796175
222237036
749850070
23941505
856450305
700176655
50345481
682077255
16232368
761782525
486996370
970161538
214418604
334903472
163861228
77285509
320172694
146209210
130286037
239988094
400780938
535416531
428971789
173422362
746651968
534591739
63585875
903626932
935391632
491832135
178598730
318796154
15780247
972438397
372417134
906320001
311064451
512829705
562325319
546811463
739399751
144302705
463001883
554285017
49824308
205468098
957648581
6228587
975230982
139851262
123361280
539662495
232696967
137840344
479183707
252457576
258652449
463170918
625544970
919030105
657301053
823336552
324434697
312666962
803983245
136944898
879688954
834910180
751040365
592917045
106514881
517225690
823857209
154124937
814320478
315828412
9832894
660845061
406064517
699303564
888011867
337489359
267043392
673206898
557323324
58638136
170299098
16164526
636464558
143972308
410197683
379038942
726069188
691859183
457089687
433702431
892794848
787964074
309302370
14187018
810467779
255789366
40784583
112300734
238674102
746957971
744931155
457945239
27158309
953115269
637999967
568412519
743887540
717999817
56069718
201083045
114457077
306170924
384126868
694496961
561956368
257555968
747125254
512984082
896449122
782424431
578553010
935056694
943379761
811694962
384078909
105850762
691540933
480359761
857741927
266799522
190755041
700083182
491235614
64620672
781923385
466859638
987390027
176123323
246486470
429325918
630280606
296033655
129457819
701008605
509969882
806615484
773564540
577348150
709425229
614286883
917953500
264875244
830927251
985569295
822250326
817213547
877705102
700100953
321874697
796714379
638258103
147672559
672259260
711778632
201590740
814947523
911764406
743809503
380510635
710042235
811734835
334889701
514791263
66427267
581169652
962843353
198352814
340636876
143707612
341962857
128874126
786399472
48821842
80399530
282382633
542611896
708028763
735458836
999019865
113648418
182369046
522082188
992735313
278510890
934779899
130583842
834666615
31516166
595746152
684986471
911594095
261315687
451012479
501152091
294956652
222382994
651108003
36349216
789736770
704815404
106504974
173502778
248636480
604645862
258305366
281944842
681349232
75867796
476811633
651207458
998661330
610796499
733254578
157723215
112495308
366295565
276742433
544371915
658033806
404170824
185132462
637103914
817681972
107386331
711840121
855182828
186685039
24322961
977384611
446740197
468840683
759750033
800315727
81957576
842828411
335600812
911247364
878836934
235739023
77111770
616758983
59137635
744282695
633279691
251889703
898586986
924434744
606076537
358827517
534419436
546062564
847810406
590535659
308602418
168387703
694440836
190690957
922104154
911361234
216538506
520767509
766150334
204965997
870090823
539848035
961557918
256795582
208163392
876202138
19749069
18507942
493731384
154255264
69105800
709300284
412548290
254840958
746225910
759505137
481417224
549870210
342566325
507585170
606881703
946431823
618194441
381573384
389287703
562701240
934874682
225868347
227767851
349848789
61061940
321782217
927795313
360360918
11745166
23454153
621049698
463490085
280435792
686263661
250223636
480297220
453666888
948701230
727989195
430397874
764728386
273502046
109428244
183597694
583711345
474750190
436066242
228560191
430235197
308910385
446299158
502314650
913576459
192725655
368300295
168605233
571631517
409420711
69421371
998114024
568130813
483908048
238014596
719738619
906618180
813987660
85494075
225436214
485860018
288470995
950567660
908051506
866893098
826234178
821288768
554631841
856498383
849027188
446434160
618154860
234962384
155675346
643422519
133125205
713443529
988490952
22917847
135448212
410166548
182542795
172009751
130383034
112689693
194941870
861352717
459165634
894647606
84290488
585870590
494693552
342819811
619799811
580773743
719449126
526014927
317129051
706453820
443144678
308053307
660976465
281465839
909144340
3529221
313599315
836343015
185106204
213372936
39354885
37031650
334737436
971471937
939424334
973681029
899562134
579239094
785366313
38013129
440526574
414032279
179986003
108644511
687803241
537148353
620363856
342483660
484391110
692818175
245748170
234701876
269700404
614563047
441584866
183591430
325862033
234822461
85424235
545933628
178700520
197935224
11057699
129356423
801897944
909449998
307505680
807306995
901314286
933128383
958789766
995673632
569794857
95829120
846090633
956848415
233814522
59369905
270831710
57163087
998677802
443553662
291297111
959917764
866442692
991529083
934264855
359214126
125049810
225564245
254723783
403729253
526263983
425507358
710722173
30883461
234753432
3528542
220592699
600674944
735686244
567301143
595086933
319529685
724144221
511698409
713840181
167914307
993577546
221445478
170969885
89993774
335441023
113001631
358413279
222015845
400523971
207921174
591578752
601060490
630135951
325783966
588098466
342353147
233869552
339963340
644248478
542271053
144515918
718718917
625155603
981744985
634754984
814149644
453786445
45045612
969416952
543177933
966426863
202659426
91915166
631202269
788324710
302811849
750802512
521659444
394511727
943360374
879756958
508051
535613695
392269815
655984425
545012793
954010152
223106367
489405805
206868747
503919029
971716979
795131541
923395878
393744045
499709761
446797987
828662540
985544539
330271365
886436245
53434886
444621308
545585816
981489484
237321391
795585820
534898506
242185972
723023277
185520690
671012417
795327289
967558881
483820656
930999808
355573457
559312843
144526169
235955761
923174747
810093805
265805836
731217004
187590497
260250249
598862863
462665538
722330373
332340264
207513549
955711378
250378233
633566665
934861890
706317012
530785791
547539808
353532198
128340392
814768831
699309377
895556405
548816066
917701213
827831371
520255310
537011723
519104583
383573014
122622749
303039228
109679061
166637488
781750987
6184481
925890341
197381476
319486375
37176726
909713407
37854006
42016166
110678421
950793132
246894432
690918920
909622554
970329984
74171545
445224126
690527906
897501456
23315979
855987843
294968082
760860467
267747291
820160172
759178704
746109559
30439147
112730188
366377209
737508333
81199590
280127731
707503249
4400813
251278883
246871680
558787847
450260191
766143064
951095450
524709834
840230054
987541820
987440867
418860226
939056084
218183967
884640031
773711711
99832990
93202641
494671503
333196458
679305711
222661771
26528812
97219207
557904466
81722179
344758218
445616396
6578136
812876229
310370435
974000309
159436822
582368061
181148760
110266895
938039046
885035097
299527660
485640154
812172932
95765565
962675345
873882293
850671682
561179156
187857712
586546019
390259100
148534684
812787457
534117961
741266803
888269767
103390720
787462932
86114932
40221789
691640275
133550043
251258857
312574081
458181363
471883781
436585666
54035010
527202502
863142729
140156321
689714872
831782908
110056163
791439847
332297037
109383414
515014353
723823455
310364332
13602571
358531473
956824145
884523939
701715382
297275680
7331877
877253616
2939309
529026688
433388588
650287426
364401633
55695758
546334798
343227060
827076592
365233272
979660903
717969409
196015197
933953675
739583710
305531629
919659461
571196136
53133781
873857619
118121231
587949225
258494773
774075658
556957447
884228545
200970450
304476934
595636208
465086969
771447668
8292519
249966358
99072765
585601362
331722802
432979366
405422224
376165732
341769951
42985321
40774542
42449966
107515327
126173426
822361622
717735932
321613986
963976027
643423051
305116447
856465804
358516963
933159601
687192618
442470656
93365110
896344583
136914074
764194988
98790848
562954763
666742172
780309598
981289748
603708433
445504236
804690210
962607007
875350172
247162783
623832425
450012519
72160455
913667987
92092265
795903401
484168292
212933725
734044949
942614276
335292537
845785232
477929512
687672782
272823025
847235589
231984959
425978063
311045838
214661542
355767661
322070606
475325255
341791589
214383994
888301616
992579723
641712499
668189437
500551215
568921037
424799513
729297693
201279913
584546588
263153488
36874974
366210405
735475193
671472353
461706375
381418078
681442932
888452463
136143905
353443397
876727719
801873096
25164736
65214801
983938415
950850394
654952789
539731050
388983942
411787645
660395
156925591
31426126
862941651
533695399
675678453
265817104
746579887
300195958
967844807
905212601
329475585
886623877
577097352
274476024
928132664
47388686
516197402
347088258
886136465
300242813
780212853
498010370
818020156
149925810
508331351
377110130
745620668
989520282
838425781
686011382
453280178
634701619
608563564
88445815
330894414
185002117
943100591
162381830
653631616
497426181
94935546
614326762
931147693
526113196
298896394
992932829
245394155
468257185
537363183
222134159
338458291
384151381
204081494
881209878
66088784
615767938
774385701
48043630
84160574
516984930
993804219
885969798
691874061
574594065
115476843
782595699
475611125
126936761
444803486
378794271
789767169
650440060
516263613
970500582
382640921
112981350
932674558
679880471
53715558
585153298
244418778
193043671
913331953
188223728
218156895
615270284
678410375
27786142
853755820
440495681
379595414
704216335
552739667
797837387
815936381
166699684
391062979
516645396
487140856
305834640
999812941
979040715
483361041
221679340
463224837
692089929
215836382
499115209
91416288
428266098
760267793
114100015
91781029
225024467
471349444
565599399
215776542
683015043
999342474
786003245
164072884
820390199
23371815
603698430
233804530
245074779
707360159
425587021
787335246
982594859
452825955
8207056
477394481
438368498
532645415
78930008
826628395
288497036
15819857
385972578
389018048
800505061
594246300
433646010
992680608
550124971
976761478
775127604
601193482
993606355
815931737
411892222
431569893
727148252
711912614
613282581
914676897
874745663
531930203
426199436
803347993
687322962
304596630
651448852
799848073
690593833
326809810
257598943
601534076
406907330
786096540
717902441
548286489
181999658
532792607
193364733
992784712
126441532
317450127
436490153
911004541
325193197
889182645
87720653
382344701
173887750
251377047
903895954
376829432
469848534
617158976
623170872
838058969
698584424
879207039
702504544
876994024
273365142
826936173
873078218
180274351
305099205
144467667
858196125
49024910
874551728
294813309
849625467
858154362
525297793
990417351
82636259
555666554
17330883
634501212
580403110
668815025
227593678
992262198
301857355
351517193
65974113
37699377
958541641
655142385
532389635
352209112
203405428
652603561
905480568
871166672
38514752
624442029
227753135
171666113
887892439
589862479
196390624
655031426
650843015
648642815
202764932
279748758
104010985
116285172
721848077
373213817
756552307
825126845
453759464
203586251
26637137
51803310
82939436
582960235
975451480
114030714
568447507
113008777
898979881
76471924
726172571
112607729
10605109
575536893
359165511
698700241
469242718
212594974
584386855
962073419
935483283
993924193
375920089
257003251
461799787
978704529
140891811
814721242
850762766
355506998
818692748
234248724
919028324
843073416
810034176
52887010
844220196
391229515
468653489
694497830
592544879
796617269
260299226
939682701
796388995
590957063
510884533
769885390
365531440
479907069
855387312
305145953
76933304
412148912
306353889
63892874
475427982
992910608
35288138
962953490
225669613
440819350
727041572
207804789
270301613
303671864
528395230
947174050
318801477
297497642
336804148
962499796
292578473
339539623
397466517
407213574
339198083
948846113
286076706
91353324
288770441
472619491
487421050
891763789
777776394
211815340
232829060
712402687
814966777
156020086
331403669
400008572
265179696
746136089
52659766
211272477
543389612
417204203
309504583
264154981
613259768
769565415
928444464
386711659
982117983
517457846
887372364
619843904
709852528
624266542
111504605
397047263
646131607
950067186
240322153
443929223
675178282
858376970
720893816
116197657
93363491
514461192
249373987
229128127
269305033
227925021
877399111
534633137
603079356
483599694
810513399
434675760
175152376
217863298
513007553
743905608
82447301
464115852
954606938
390897399
309570676
384923746
986181524
359859845
738568114
690341229
188717761
717919276
43637178
490547060
74517657
181788916
15151553
229048972
783137467
629227145
25807025
921739664
293044507
977029547
549583983
908938253
750004209
687812286
316123329
10803318
126597954
563916284
539657677
414813617
888304080
767692318
8064129
694933113
459863680
43913468
379719082
354208054
547371639
162487406
556875251
902130417
906462414
233433946
625458003
364592125
300735603
361335146
771877390
715180227
749565766
756304085
876954800
658811269
641214872
817712813
916019025
39548008
340387669
73067183
617599555
211613004
671210936
985006993
653318515
919429739
501085985
293022070
255811486
718405790
520767771
831713139
128081974
640167694
345983356
317509940
530624302
425811024
697566942
686216666
877649947
18518491
88634125
367452943
282985230
584184876
337284934
950117502
328939321
556650751
729266106
366604719
408247972
578644295
585072743
994435635
918061037
954674237
829645223
446741089
969416952
543058199
772115755
72332324
48130214
273872040
483976047
401865782
433125919
946668868
169908830
139029363
376091548
297972299
235517750
728710913
208783286
917342910
796690782
694998844
685870707
771656027
967990426
813531306
474298186
248337696
457713707
386021238
447148075
45294796
978336806
139657594
437463042
866365320
462374681
831037283
535718722
608777150
439013563
720727840
744969144
885612876
641555997
448751654
484357364
977125997
99076144
751989233
184934272
918578293
628521971
520122605
117743459
326741165
508671244
722339041
490729420
975395338
309052272
509374643
598795444
85979419
380825045
28552037
748702357
97798983
955077370
98534377
966148871
756442697
672699456
917956126
264810161
781241768
354685406
757833277
520399248
923446012
386185470
950609356
111500518
587901275
911344732
263290805
825037669
827836527
764851251
894115089
427983742
113661775
517454267
985778859
612589464
481409422
542436917
38634135
379488993
315366498
738811271
714348517
860741594
619747590
23576757
175891193
68687381
761287870
262834882
399553671
669989793
959970214
425730251
717403032
241585374
531108153
525994438
541950819
466905531
652199823
202919242
857534900
761720841
374223046
474520014
219784292
856812324
854749347
748451592
91740168
367051151
675683142
18071032
517923207
265096876
282785990
538848121
8627171
573792373
2711338
463750268
768418950
604629248
322481788
520256293
887283490
977925540
970107925
496718061
17308063
870660347
553935847
551826057
654918764
10594635
325730382
46693829
562271697
204998188
943387310
457043072
92090521
949627130
436913953
582864265
851311384
198834327
560992421
182616165
813205668
320693513
514607557
877036323
422507054
911455813
115782462
109021996
602756459
779238273
566054595
679807341
29095509
143989650
843472149
825845726
399193006
247668003
459656694
857645078
610189277
723944570
377154624
753534730
231568843
584819528
792316334
644601476
772825686
994448552
685481060
162015723
785288069
702442374
302593082
168524744
935555474
918641212
782986489
286848793
616650586
64140692
69497426
201506355
33364187
232130908
190000380
940607557
824103888
337343167
899119927
463879827
601159372
702561208
871141443
116588785
718522602
120397999
846572021
493039227
593025437
60575864
989059641
515024066
370780708
706952119
703766672
576008617
922931447
612793099
767148520
627656112
546129738
721697286
861509965
322432769
490938147
55406476
496189953
627122347
925305388
556313371
863959043
218109673
653470908
936064191
675424979
499415833
228085840
934971232
22734015
323592849
427648017
702033346
908799797
791104282
302398762
482350348
615885892
548188220
4408105
264086607
877438603
819341211
497796969
306619469
291771295
38946088
998997553
907301122
37203257
652133975
584478820
879999932
482800985
557992742
962320114
476368496
109160319
957078353
663370993
803929629
306522316
648214127
372044896
776818620
263209748
453545183
171104842
620211395
903247542
769168869
905992867
79721168
927402320
621213541
562476952
551548372
589252070
178397210
292877426
861035301
612076599
236958652
831412202
101228373
729244912
954779457
926525560
27303398
860573138
814404902
336540954
923902441
512716732
27318045
338826821
295482628
546763288
741231439
835950162
825324108
768656938
542423372
958596071
355472332
894588907
865471534
84379603
909933286
201870883
497426345
534500026
770161133
102933996
517582235
226781752
973456365
768309379
710972964
725787203
990539106
226570683
773463593
690984161
59192806
398509598
691235331
47564450
589351865
406145085
40544133
554503345
392406875
379877423
445832425
245257364
693979295
405045408
670737264
945796075
542653944
396864080
684200921
826195391
391004070
919098568
777187790
415667141
693758586
125371497
210792247
72795876
987288453
172974529
52667178
574976075
818197441
570055663
641591245
697679565
404295760
759336072
260363954
204850836
161625010
408138273
647863648
201881234
703263251
712029553
944657476
371614813
257559837
358178146
995560120
673751096
385343976
50827791
776782386
872005957
866293353
481599890
77111111
881676730
777029225
259875177
661175381
239387681
112009651
247439058
347403064
114363997
690686727
359374824
221933991
930030397
204692706
471019179
199394650
382355306
250888480
913780249
793561702
91549179
101583927
497162582
84572611
33596747
430839625
928250886
768268534
78184992
49938537
645549731
699857951
474296011
473992595
991084473
76135626
930838436
680435328
937866569
873211727
941418981
370938463
416033350
829498744
310306526
344408762
189074184
827095441
448035933
91182593
872389558
251999784
38337656
60208881
476326089
275872298
748910671
827689165
550308554
698851286
401776631
236737240
619486841
75833422
955290601
611142782
154916258
299829517
102792269
584416286
529551503
339851864
26643588
392979411
519998189
355022956
817344267
167670386
87145396
672108104
205909826
924949952
410992897
986339394
516593756
892528545
878368551
161886620
12427463
537043230
935708747
134306181
157430852
671925777
891340696
188835193
473685687
678310144
822472621
495031026
696181951
101402391
491661477
521874195
745137971
987417730
884415730
15169830
799672361
456622292
500271359
72922298
402701143
355570249
750831350
620752551
229971374
315745795
475005217
73673049
122630117
912905718
891242950
530441168
573276163
714424588
295688999
41656155
921389680
5342773
562630305
49797070
386698440
675567510
791687422
203749154
720990841
224077063
752985410
784019918
671503669
780977266
874830219
273615361
493535011
869593413
261735798
721945678
452140016
551320738
570882815
173481835
698434104
430326648
93465889
656687533
970176024
668671423
823802686
607362151
812069110
176168376
25530693
387794966
780982443
904575781
257108327
410514668
190079798
793711178
301872760
876800552
914607553
471023720
261182385
931560132
53062809
230990477
50661838
358749840
847436785
301117059
804442232
883733855
183888771
357984486
22077558
191570868
614676308
578907199
291091828
96858137
675590921
801557296
727062251
325497337
92524712
262052788
119263066
169726625
133263624
407529202
250497245
676267347
632685682
839787303
723648925
410141862
589785545
53913909
13207211
331423459
444012194
979630862
343546935
943077019
854095554
458622945
874632550
165623637
871723267
368289805
149649723
295244697
380984122
685804950
393166563
971281470
363845339
67455438
942853887
847215588
452997767
983244645
887715652
720306179
201344349
667236036
254577119
146707267
419666560
464856005
413856484
8674837
238246975
10937897
306981150
856366879
167441868
341192662
347422455
902081189
92710326
841446055
594686690
928530845
558444418
868653780
217282698
182827041
603413769
84132976
371176853
472553981
440546901
487703426
937703007
780430426
839627543
954656311
151676254
638232747
208070047
791324971
875942676
90264146
368666247
26564254
24726849
330661174
267686715
218159501
781929051
858542107
171964064
303361630
276063922
289484489
200640081
815489238
323767615
887527852
319995081
941981835
59019304
570306860
884074350
376807419
457045239
710696611
668806834
117891081
224667930
434315582
423336003
103988828
135093367
25315380
642357848
749421502
164578825
298707311
694072616
212219739
923774214
180235479
154222271
571013235
996359937
678939637
964068189
137570186
184546554
863146035
114926222
593086267
690784896
94678219
269250079
314356532
403961291
309367636
847777926
127278682
571257473
200211080
965893702
102458069
612652231
686668145
450946424
640302681
348820416
446626084
251209390
199605552
314380716
363351836
674387838
18436134
440168039
502692290
460037930
140351220
929446780
685054130
108419714
455243743
367424168
357968579
759577193
306231318
58104136
193384550
224991591
101345451
475822982
637383651
547139336
822481628
925269441
638961164
23057952
49282144
986554140
203078719
786576794
763648148
602015225
729952366
324535396
595181988
582430889
320352005
695777382
399959545
28381430
565842698
945157124
175258514
777976194
882966348
223625800
423536132
344764639
855455574
977301858
726489975
388842033
280725029
604070809
750506004
378625270
900627326
134591518
260843648
560708061
168517336
12805790
126248048
84988346
347538213
111684111
917437532
679561148
740025309
164268286
633507572
317053013
919496279
801341668
244225386
864123457
406423508
508054292
817712857
858088520
219489077
762918884
957572565
355715017
388165497
260115466
193033806
58635580
538656396
320705822
481495358
66613419
32922314
281804404
184527748
823731070
861839291
843609332
618794254
240794642
813149205
693185087
562898536
112858939
902468186
904373228
380439155
273521202
267297010
25216760
405058087
428542329
575955363
617416792
143875035
734876767
351277180
152532662
648497668
819365786
526646336
384335994
692534817
989402163
690046218
54443369
655024768
316340476
742225028
235686042
43768889
478274275
589553373
443553097
344867058
35748038
350576031
728952416
373688705
252970552
824552776
807332993
472365706
351549710
129490478
866625557
669839252
550913179
864986336
203377554
412528717
917274452
115615713
181994402
720501423
523072585
881807483
547511008
769236426
19760241
180665529
815779246
137737630
418221508
350538370
654927101
110928532
680717780
756567845
708439724
898501101
201751315
562840999
319812556
838506050
341904752
777367881
262418737
701996427
106758378
894309499
403568984
740545559
855375405
481993885
788002806
550251557
723080774
379767679
431818260
844550377
700698463
528299384
448655639
253193437
788156441
67590120
921080810
515562312
602332183
524127807
375297743
983139497
931093342
637000997
812314678
56789587
897131832
664292601
15025032
815252529
500381803
431818260
844550377
701192502
540076725
405289219
908939309
116368948
733935544
720631538
476106760
925549409
792690366
347737191
507491915
44413923
83428837
888140666
594297169
57094555
504370180
42743144
328234875
94223900
561220100
212798749
385012110
991825137
357482338
283073589
202257905
614864340
742930858
926939647
416202064
232558001
84363812
960146909
7040946
529527389
655381917
786579184
975224591
439885630
885008266
445372725
441255286
567043083
72593793
869152917
508178082
625258701
873045913
735299548
666027694
98970502
291061126
353034406
691774923
320283158
398161634
559299393
600114217
391082312
617437491
462358877
628961153
160317166
979382612
866247893
964992143
60778575
74221537
422312382
771933426
701650617
862376498
985103160
942960543
802130369
332017392
815479750
750015054
163941620
262667377
902045294
69423914
571660480
509707544
691213307
865089429
261091670
591525290
671397239
661720522
806979515
803046277
96286190
604773370
788907513
313708905
347276562
531540355
867627881
369036025
228366567
306190611
342998851
927500955
44532287
900592981
33145301
597618487
959435150
977568273
246861594
882975432
364740041
871190922
598195377
317860996
416300829
192082311
164047257
430445355
50837585
178460714
430051085
997686516
276713224
517269699
823500049
522443836
188237498
866075114
422154399
578015831
438252699
18562853
23469281
203998100
112197029
704729742
28354183
653968255
187319291
921661106
772151487
69794818
634083208
875282796
707218743
262901850
941638373
792688752
894890124
737130229
834275518
625719016
79412581
423412101
480619466
466225740
115442907
515604974
328622821
630527462
409667818
713870033
241284282
612912207
762579584
236929096
968152253
791402269
408923443
87378179
943284396
471820180
928652699
971840190
422077128
287044640
250994146
204480321
714143990
233869174
898405959
60173634
663358545
560464638
162543445
265673847
448744827
709065059
366958572
135055423
298036151
760418174
800910273
905720487
443287108
339700412
826681450
466754289
519861798
496161287
959070731
567409527
93669498
242131772
729060372
5928881
754147686
850236289
333067068
916340483
751423908
536639940
52769496
862385688
923904002
867951863
652529908
998597532
498154255
701537948
748215046
857577684
144205650
64745757
971475703
96579012
868686238
259474085
957344723
560401432
412269391
918313727
37996005
622432096
953773880
438731541
945646337
16081233
463125328
612535453
796676204
434463758
589733460
963881241
802317021
442305291
59977841
667665419
243956370
546603023
514954337
832237731
767063404
469372259
70661073
745718008
462127380
678659804
941758680
81175175
591619676
318696158
344542512
71458736
833817588
12641389
85140094
866053697
43217263
997007236
252207363
279962454
491239872
993570528
135783293
730014680
252812572
190896202
393176591
403728047
738541826
186840410
847992107
989462116
451914868
105064641
550477382
701813430
61338525
879302239
930950230
464504515
62656855
290585644
405403716
88362891
357994794
986763845
500429484
38955273
957191439
607168164
640430170
543409516
606829488
850660666
376869802
734083
987190270
389575987
395405973
384079970
929257439
703064002
652564277
966975992
199227959
687850345
44976403
340876208
468399843
163817586
873775806
654068123
101067299
795609852
151453483
800253167
495664434
242798378
312416013
103877890
577595598
128935678
186871334
786750256
961594088
684800489
320892937
722394014
358571481
539680458
860125059
877283334
302598177
111355228
322160482
959834882
217463972
311643682
426017542
146947044
557465776
628592933
56949402
911969637
660241292
325056090
907491477
187593272
65728739
357525096
84865045
364650244
939208804
342183628
737501062
983176994
49918939
255700050
956487144
485406246
677647585
222222878
834306565
149748078
607891422
81455859
89977633
474861908
231328295
786263771
338533930
129094911
364519456
377465217
973324699
964743127
34837056
154536375
263580804
959144127
543778644
424059875
508905728
965876244
562069483
711677262
940664718
95232800
999274263
849833206
391987793
489044453
819731752
260269035
141269462
891655998
828362914
170386495
89436265
735795832
900922265
608712092
532756925
172438527
132272179
100650536
738911941
411035541
729805939
481560150
658885306
297186058
345866903
640491413
973998486
985163704
766979783
265540904
732445561
751639494
867746397
15233013
574305919
428986718
399763361
55671060
287234695
690942571
301170612
684713463
415984777
313516899
201292806
560277678
938966512
144386550
589079753
102340159
85996079
697484943
993858836
333897748
189300511
832576411
866142515
372097575
670934637
739282955
999588966
713767247
358363081
724877778
134221858
967341715
554626621
773119346
476498562
558022886
841565335
335560248
996083872
330630931
816592497
275305979
930296824
359066475
666680419
12055284
686929193
88987158
545279767
244741541
359177656
774390105
721354322
219560002
7132148
691442409
850047405
142773404
803900811
265794091
113529213
749003883
487551742
43476603
914796798
819146023
95197540
105875508
539492726
510841568
316372270
596881703
441651308
245866318
750949308
269356746
976470878
435549765
847022070
344763912
228310788
681532978
794116997
475202855
286083666
397830776
175474935
606654470
539675311
504289629
980846681
31814394
774485547
533574940
286131956
741942601
659684538
347111675
29146457
947591339
343137869
195149185
331726488
184664288
25041841
743663346
321641493
675479717
707227478
888408874
465679909
568488710
84495303
610416824
113952121
499783456
187456955
602440911
402417004
219511074
821926315
267956300
569849195
862085227
500908168
844922149
125355695
447674154
100874549
105170114
154649818
288835982
264470317
389861805
479502590
728019267
52060885
533869013
419989799
844944037
657741450
691442970
451788563
764687302
580584669
558640752
634199106
342321049
122099099
809624482
761269845
846146762
852832608
512272246
192091450
478119436
484723979
741906477
948245002
948741239
171561488
65043946
666279124
788326947
938800517
934314711
640297270
479757329
651309909
412661722
857416736
74206000
241339460
274913465
543714903
375020570
825970750
861255078
223681721
38834510
380693394
773849075
989517925
857417328
924912748
103222799
298668970
804452247
183195661
898170323
410312526
90614606
252280008
281560217
417932114
535434547
456245530
517115333
802155711
526388833
68168276
742828893
8320287
73380437
794669372
525382684
346115931
778048865
319685909
960231256
578689511
651724019
679130040
390855229
52887476
771740990
490992450
443349030
309192933
971530347
743171705
775811083
828844002
209777501
726190133
266317913
192707003
318896511
547131878
587517198
16777752
353716538
822788806
441984948
976011839
125936004
75713211
135245764
770998409
712180775
536841369
357639919
285287198
532849082
39568190
128148664
3365546
514709855
619024116
505666803
137176690
681387341
349178194
170527985
854662921
955622714
244500690
121221371
862300140
165013614
889458343
921633092
534834490
866415484
234557586
318325089
553868232
667198443
250073591
883030293
159907500
821710748
329183157
824472324
394952151
593767361
985192364
151310062
251239488
1411538
900600531
344581321
386526335
327279830
275305095
374224562
219812226
209224526
91005209
405190129
397111018
89142086
490946497
44502327
802410041
538521646
149367623
328538985
864213554
578759243
572380462
645341011
624316171
833741220
447097167
194125457
109115044
158575427
903489003
734891527
55399179
980703558
253366645
80616133
825309283
90225531
559333623
411503891
628473511
951460065
646145623
660358003
38134310
915661626
321778885
109439950
276181414
180472305
384885517
598008411
488653187
277978935
74050243
733515904
957787127
544096660
653563522
883331141
483478441
203090904
210150205
555464534
802431008
442397429
59189356
532998443
301561471
869141763
449848438
283290358
568661800
365390733
302937548
999750561
782480902
154836456
693261858
893561026
40249425
568946509
718589306
387176523
562985012
158041630
293082078
300792093
150248698
880796783
915843798
328030012
955609366
299182841
619537329
524979684
836388150
774194674
298335402
293590009
859020573
234253898
429122635
818780258
330265558
26483628
274973167
676357643
627604971
242321684
368542012
656582313
290903295
946005499
308235535
146286103
623167462
109973120
305750030
446071484
184226500
817458657
762440874
923955198
519916349
948156140
19248436
828075588
134988324
277387687
114175663
765732232
717337065
807903858
239053184
571175578
367882564
899646871
402876052
764925274
435042066
223690875
402799237
411831945
469771768
503202389
182592604
573755197
774340987
222298065
69929226
371559080
655257698
951747506
982632641
398366743
593159376
339892347
434493390
263026432
376795065
379914982
84023926
174974470
307626212
484328589
359055127
426893360
67999074
805859594
995305129
348800080
699773030
263224173
541608346
661706046
653700390
391460628
626526052
820184223
952969483
675259947
111640596
318452741
494282921
963531598
810432577
690431776
774313999
895719357
321864275
748644355
994542397
964000191
461605920
972787879
470773789
161021050
840235257
539349840
602618220
300959744
700626597
885893550
700340082
310453152
495788987
413452845
659206075
237893027
484523480
482875626
933519599
859094456
618834891
884879876
239650907
777361453
211380402
845811578
690873644
656678934
505590623
339723322
754498323
255587573
684769391
572818141
649689005
977214904
75694407
317728169
961880742
886504876
457143431
101933003
96191554
883243234
137774669
972598891
346752086
372284610
510150087
538338108
918383702
599409148
388530636
539198514
946974813
869344691
67809981
325081878
592988656
484579436
251159839
895753905
88769206
647723479
431944575
158766322
451792124
581457408
777893439
75581798
498287527
565016398
577855025
171194726
398053953
578743322
546090472
777275498
583701393
532504478
231729493
740908355
535081093
483995906
426617844
708294468
578924989
466439623
764639144
735417990
934701509
729236663
307348935
304038319
270702325
301397008
566282917
271785957
403616750
745455408
61984932
441412358
833654575
309267464
779949694
394486404
847921638
877711543
700194149
324873709
893328808
630061690
318575721
747694734
679097722
890049865
763763382
364592354
771349061
523061923
345848362
936779994
54358479
963885824
781703810
911021057
111702922
962384057
182092708
330543896
565087372
506865529
218775094
676544377
844553324
144554005
430909138
849419202
609376375
292934576
942010717
817336799
124008142
365434477
532430792
703781345
718923660
287365575
472495288
107496942
399279193
211959783
197275319
333818609
679480829
87996452
819633744
269443499
525892814
921549683
786517543
743946815
701975396
856147545
238713916
961032724
580265128
682608065
754830058
249428196
259290468
317685188
639959341
549155580
270604606
614914054
818091728
252221173
607121085
748982597
804019963
774083026
87279160
409659879
664670078
266723753
662086829
520726698
930760395
141022840
806885783
893716563
282540504
949238357
629116231
360199962
970501127
462120654
622065980
92215716
42174626
246574819
595440114
878065781
942990241
184671643
526063537
558306864
533680251
299728930
332574959
202587077
510448166
819418162
553949429
376900627
238603324
215132265
179314601
1969107
831898097
589902076
634236581
59948840
140544481
162800420
745587408
787860064
993921954
893839115
979362371
215685379
680189410
35485266
374404429
422062119
909140560
750279709
705409734
856162549
116811683
183365219
553120101
907106309
993990396
28846669
120414350
576537387
919716325
782383144
247816525
677889505
842990187
236440656
203585778
308431291
553871832
503330141
967448949
940637361
173975113
861296317
376991373
34960916
444200116
296939367
434414565
313007684
764879558
548239629
960396355
998997545
538583059
829268427
52190006
708515334
530897757
49035318
125028370
370326152
662719212
303633988
829711048
383953512
736738323
465296180
215645456
621767834
72888830
402322536
469092255
793532230
474558707
231407025
986691914
784246161
805803436
510336850
612137299
925300563
681815325
894369635
282514254
328295590
177051729
715310917
529556628
877532122
986153504
263259828
268095385
743961608
489939958
58188550
622462251
57467920
775444788
935067350
688580948
915587448
629146812
497586900
737606453
700538057
287248228
192349668
595267916
142247982
962317331
153421740
180776262
290833623
637710427
297377642
203304448
172443668
108572164
947617592
38847359
225599931
177588993
52542912
192959118
683120669
217760697
271415657
104620550
688275321
398290752
111643488
401225683
406707670
470205188
97189956
705690504
633640182
868700627
423025134
348150772
564407209
309716771
712424115
694454175
526863948
34453296
200579885
321540478
160007936
174296296
933623975
387287900
506518454
732992450
220587063
426492940
626554901
425198911
721705075
728625018
932244547
86437148
349316543
677283753
211438941
991521164
328321407
21956816
247583583
20074114
915748549
45634328
247733488
174429731
26177092
460721620
64252269
418950892
907345342
972850166
419838854
293284843
611595425
182539651
186327603
471214477
246489229
563518205
247653827
171596657
226996064
735017041
981336834
789691754
472829582
534421570
168387919
424476002
831337009
651324727
596101377
346705183
217369192
659336837
752477303
198635960
834520268
757603683
358604313
176936659
814654158
599144410
997551901
587919252
12170879
911742973
130702562
728473518
387145134
578933771
723822472
114085329
27891656
291883329
25178149
721705354
988832851
208501967
808535822
700102737
318708577
472942463
184537044
499330902
351106206
17486364
897114612
730525046
595869279
54863513
714937345
292491224
90529
2327784
692072531
949767060
613194587
800512146
662812160
751991883
645047942
178215367
108770239
508695725
833357726
183104963
670196656
971689624
233585629
237095559
131981560
850673745
435680260
282314494
600318286
594591568
2690821
428281188
322648720
942424236
13220307
394550978
228631618
201627891
357581925
294629802
356613865
197890023
393811303
592842494
986569854
821439285
170776078
884515075
96661377
753837394
227794229
142168808
107868424
910936894
25716776
507636033
659928556
216257385
28639969
666532864
282313348
262628896
850669537
67718503
437393751
222117413
887383904
128695524
581282494
80248763
288773332
484383558
707430779
419259661
994547378
991794993
649305765
220096
507787206
81420307
872936020
394698350
930529618
444758965
404885418
774423595
763660693
738258795
22840781
771956264
593655230
268610133
931844321
1934153
416120474
777665150
37443931
265028420
243977209
810074964
341633632
563072959
804264727
163913818
214541615
947735664
426057150
996022487
873987803
692554300
966724471
62143654
271322259
112110177
179327793
689618448
180364265
85983965
644462468
569607832
227421012
945336242
532133621
237087908
131910213
848462152
370201316
96129997
607169205
120502185
722474697
573710531
390064341
83894883
714991706
550373230
680278203
755340391
194234476
18917323
879969808
627251003
505379207
184226453
451965787
630733781
942682154
359801274
466628723
35750848
731501126
891679380
322648720
942424236
13220307
865913119
229586676
672087671
64983822
319839784
458634586
925878537
386575764
305229229
563264358
597893554
325882208
882349608
456097438
744064364
63493189
182005269
195763380
44994192
914919729
352917772
337523831
254881326
694790778
236702667
861529427
693453776
174617199
119464144
473943203
23159560
245541553
751506287
684460472
106304176
101257740
535059965
54594516
881425497
196025088
75273659
988651056
759506495
897217884
601988226
679852441
967469756
102769899
257663906
616910091
269118931
722385273
960971457
13188670
279255445
464995642
938153046
861330114
425166393
55611386
202201687
238868993
506825914
903852797
206062834
472719901
14354919
152908687
963144966
948819280
111425768
583113770
9105866
90359302
98801059
686220920
80925611
131090993
996781490
652603561
905360834
791411747
566305548
982718875
334433296
361371363
960513262
700222222
579358734
7048403
212554466
383392904
663769303
516027709
274999980
869962861
211538099
124600036
207564968
463612931
980489723
243651967
547153411
979045792
847958956
206595200
299411806
991921074
365520044
573572590
3725833
583120108
9295045
205985207
679805412
992368768
283196902
362126061
578657081
443705106
119426559
221988661
660337580
815333977
365398679
284271408
580034169
781019061
721254841
754053393
961915694
117469727
973388140
745146235
502033060
752140120
975252738
348870494
810695010
229704522
904998884
926806547
195662392
895966693
440705061
192425560
751759905
928540592
896060211
554834880
206817316
981599521
737944277
222499023
168525403
425064635
587108324
898386661
892468792
875476523
251072887
463509127
935705443
315447901
468229518
234001146
795777222
634447912
702944819
136269624
8693723
127081631
960922268
687245670
653040283
66908258
862295676
76146146
843786678
486149683
802430795
438827414
948630150
595170896
12195424
996896516
79451612
807869129
903788699
325557982
883751272
379150425
320585513
682125083
477421581
948501055
184618303
920045067
161635023
966476103
580553470
867319082
407571217
413297009
100345581
63121331
304954522
417930605
179332552
897727034
167856796
496083535
949150247
768526571
1040931
518069445
846813434
331091531
830870136
229093781
459399277
128982693
896425999
646781965
202319486
616773187
823673755
850132871
443545618
852671547
999740324
324029025
618508559
714405031
928700559
552004952
460170777
968809553
713157346
212794803
35352503
988567506
416140893
151595169
481780043
150329308
340327035
490160891
202699714
353505757
538703798
297711177
430260582
964589508
199379090
73498260
66585707
690755120
441293509
934234605
749517917
527273130
250034697
489680677
798945811
463153575
428841788
238693869
274807025
563223925
399755601
275648263
567341922
817664258
374157064
296867171
728879272
940219593
132861075
819455894
508670768
199747695
983440178
96886174
806673748
237242955
95567014
582100063
678939592
140777227
930362422
863369577
991167050
755175967
520027666
375557677
514029792
68022368
71540700
599591128
44774244
254261564
18740420
738919351
109311221
53536040
460433489
242869283
724487385
77853495
377832729
171239731
112362659
240849573
86131630
267992169
512404741
503292015
92082437
195793041
894745281
912640444
965209787
379690444
468432031
197923681
502881707
651669408
746808402
284252803
661444053
158807194
859781566
385236285
733824217
668421369
708825187
540503231
53414914
694226000
654105175
46225410
304729015
109158524
978091141
887859302
497023651
170673545
622107333
512218927
628312021
901786561
715182572
515624394
163057651
947037816
757480837
112656360
678980795
649558846
337539470
299940389
370048400
668369806
633414545
244339703
382701258
554909342
980892774
182427484
575123367
15751336
420698197
660503116
425235345
54137089
631069327
107141286
940124623
677925819
223717135
813071188
77048114
680420691
759146764
321787198
843435047
80686806
470359715
424994429
111585552
423515654
534355559
691517100
341482698
394040871
62980872
824611225
797855647
253971378
440035278
605357230
425082785
996950213
196139887
952174104
686085605
758679798
566738010
377055251
483384357
615666057
646857938
825830786
622971889
849839724
430220431
778703947
107434463
531326682
210775179
995477903
393393675
893232378
369915890
670090112
89781664
440205748
454555165
471041966
93439609
993450630
364002977
495369967
330911964
398484432
16021760
836062004
511737845
188328002
234663280
66256701
927362111
489170855
53659845
536035835
187482603
716978814
317989186
106783206
750108823
598342127
880158673
851841096
977434001
623369111
181639287
319733206
249618689
628067735
200548984
271513145
538256552
445194934
725945373
124101287
718878164
588612574
579511013
148991168
295086938
370781217
942205205
345063305
63327780
852768790
293314886
527825421
237469202
41451014
342607608
757126819
694006751
911478839
47054789
445605439
806154252
777348782
395516535
23776883
30216277
808539511
197820542
624427261
114479781
406356045
493121453
280704177
912173893
85560938
159816370
404925120
775747719
515795093
780992400
738479128
419742068
803335384
897338982
961496889
920940529
119865192
54846862
720476159
282853162
635336434
305131398
192465591
986907824
705349829
439064676
543688774
365515508
86245445
431367791
717376303
177335368
702803897
657081366
209003601
371019097
693844548
432406025
5764599
379823437
767961630
940009458
274274754
910383192
884889647
943356811
452082665
454553277
661629203
297072485
982338819
392277984
937556323
332493061
115362288
640076981
71119036
419838036
379732865
320573
474514455
185653917
249672160
358582076
341894375
806761019
226021925
896566825
41493486
735877494
558317867
931002637
167446017
576538817
673996272
295707935
189817155
947566208
162791382
930075343
607536906
450929805
934866123
718339724
20741612
4285889
676954370
301293292
628689154
904701566
917490176
232122080
385813028
681589688
344428382
439865588
700858303
757569445
385924928
722917660
475130567
778335486
325667412
726204202
132236244
159856104
209563708
460146361
217674705
347913011
394788063
902914427
108448987
249586280
401662776
434784565
643881513
958131375
998816562
414568373
418642987
661405750
439790522
25602529
333820224
469987172
239334608
39278965
441953189
45421999
675404758
603782679
74064027
704704392
577744624
28203258
172092784
99790951
308667143
438842056
526214730
10784764
10852772
956323993
503637814
493087616
23106353
519322752
534421557
912030482
394546179
797965167
192687038
365283339
115478494
246299988
336711713
769510580
897036411
378389266
960071312
551443553
321096077
856560096
425215740
133509891
766801927
404599754
222612523
666303990
170999144
996780720
40560003
916828038
798455566
583382836
68231127
477271246
417799870
890963746
595926217
623019128
574952880
38798486
494754418
298042013
129079909
940671559
505781621
626035755
977295010
260505013
968414404
735428247
399399927
586164866
859038412
884066095
806165166
285563237
899374687
225484384
869780
686415230
86949046
162425281
906924995
109521727
331931677
101318506
126077693
499574049
162719739
664218053
655771466
783011617
939619473
36734036
483723790
629177246
409294183
386148163
163237169
801112759
497406432
958946791
222005640
90098310
426787474
750173677
242771401
816189609
800826752
488634766
374099265
42021889
90937915
199449159
787857411
638383478
861789230
494051828
338427648
371079910
965925466
255051456
132919248
704816067
271850756
936838241
325002117
773205574
260960624
88263595
719946364
838102414
329688428
836915489
920569961
402583451
291512457
24960973
957396936
208244198
929331439
622468376
425539015
414685435
300193078
17637135
839770363
924203961
522164044
323797095
530147568
428617140
639743014
211848207
12349568
633953086
423926006
250799619
889325371
66626136
999944706
667268818
212352653
236480457
851630347
272346377
955140151
551026160
701206408
29586855
251306575
580263049
722126881
885998810
84899328
127401387
52602654
601184657
16422810
917124664
654236816
526904076
282052109
541702735
166496453
652526557
509051597
6338387
45835313
482636298
837079363
856670183
423035448
565764232
918482826
921467995
820270129
138633808
861897637
212119107
424256457
367212311
626409304
210383467
170294850
180374408
112438585
104341069
86362671
408401166
146620317
236601661
321860588
305144067
735215346
230355512
371090896
706515450
762653492
786543590
334088823
577225189
186169102
763738010
20843181
788354111
178061604
135434166
59206483
523217247
998323728
81036456
383966236
130137919
700540736
207899013
848902988
921040040
860771117
594654952
1323843
532286786
217072290
490032613
979150386
290519930
354304977
167441529
411290826
413031645
819516393
435488208
349686696
600453650
746670539
824117464
967742245
829463568
376281687
567313810
10386412
844132327
910684717
253134630
510084587
35709234
935385356
868687346
863111213
250932016
526348231
211149524
607742498
499371283
166073169
509325307
526574420
448210885
461557811
81584570
153900835
557593085
187966851
857345748
425714466
828793933
479272472
379980012
438400583
629809009
253801670
659546674
855672808
88982410
782484209
442743821
945660125
776243858
398820748
695149703
882260611
754212280
709519340
347716066
349648158
710948486
351852146
6590237
990864924
30633223
823648794
31243502
15427829
675026480
223832666
507111508
342571956
410050691
281842033
138069574
488371320
56377012
308203871
252348702
18476130
725686804
292081931
926281145
938198240
817893338
900561979
387392205
896130288
377953235
917770740
885009456
807473827
900533730
437379491
296247701
498474884
517681316
558760594
267949134
209808434
295272299
349771022
822726176
518312370
809558096
663223219
904061939
252440756
856877762
577329481
464135797
26281990
861800242
425351447
410418774
317295900
684755087
523812118
168616573
637820133
185780131
104053346
779576906
322441542
785901502
312102246
550259546
671437026
136245068
438745346
479746474
680492925
716805081
444423153
648859530
249014297
938835229
908610783
955073717
479126352
482323141
102408717
269400449
31434104
697647563
215202838
375976675
225537010
522152222
626155182
151885010
875043274
712025300
393357603
956720356
626150116
7918726
115530913
294604016
551194447
10431592
143217350
122816884
211357001
211532242
146716359
767874063
248006475
351206332
499755240
921858682
147870861
435200797
317241594
533875170
111759626
930524424
807950610
348031587
985742710
75136347
896149219
371969344
582946618
734256461
789202085
798960662
483691470
368747019
302898804
54766166
662108382
95619953
921240329
321390624
718611802
28014197
445995172
808386687
772039978
656954882
171696529
959194307
357410717
565511794
301639464
137484077
308261089
682685223
994501818
20675191
578480879
54445451
479140047
473135827
893391567
85666542
114121366
474173840
462429237
58759952
691703288
981658852
939483795
910664491
945366367
911290802
36675229
516684881
775368041
800924494
25536808
509839861
848630694
472614100
508613192
385853642
286972119
684275304
343695295
659934853
613640586
366218451
923332679
957426629
677138985
67272252
872118651
336563213
940530710
715337758
933229323
275083651
121309143
55129711
105141814
98961595
587691740
351542964
89792394
827066150
337178841
102099815
944652045
301345057
792514357
354512605
605053194
914248593
213557969
922534146
777290953
773751284
856438038
104374231
639125876
510661665
663484900
617888106
520146763
291185855
596875589
888200483
193568870
817180218
564391855
488643245
73307309
35418164
49175359
404503055
397077631
377603282
920961011
239431341
105261139
830017750
29370070
255341336
750073681
549908335
500321204
349285838
398131438
646256462
822189484
860757488
250503999
466705302
127317889
492478313
498497001
240085744
455801294
219705742
6187597
783091584
715555785
427808100
971943186
655564042
139494578
160548831
969510579
396384407
772408313
677220271
959986716
104571252
842975210
318429162
97926046
984620079
157062306
754676151
411274426
286234900
56504761
331470678
299399007
848291426
157457702
944870105
365483887
735265076
960554387
389130399
514035578
475209917
725560517
158739976
712419001
651376483
380872233
545119795
650964721
692302245
494411555
867879963
771931625
933856300
899339321
125329011
476887506
297873941
173160285
188709180
961191842
997714060
605936524
582004587
260745973
846175877
721553283
954397543
580266451
94878814
438775582
359373689
606559884
678653391
828464813
758318919
716269372
827293508
872920582
190466067
416652926
460344012
77706612
757219860
716296028
77034706
165614619
69430495
370697437
704827876
49032149
542973066
34967357
824825935
747732248
795840574
698226745
302461536
124684756
735274370
316894678
500535560
861578039
924543688
883929645
145555803
267428406
873196798
857239770
361110523
853036420
703131298
288316732
557713050
251296732
387810028
942086868
587865448
71943105
608420218
834858920
537944229
172798641
209064234
911677224
728067771
564039980
36626294
726697181
450843451
916097149
396476806
51046866
693660150
933329495
33967015
27035666
25101751
369436348
551312744
891909709
190832126
911235210
363031734
11985086
295739857
651804572
452833801
172889058
926483199
452341250
992019545
906691416
627199190
689326944
511248959
722260808
735981589
382351520
825297982
597448472
989801229
448685536
479786469
845078784
114283658
323283299
804016219
758188965
354714658
38362937
859723623
901507395
521925458
527557207
256954709
959535193
98107364
349877886
413253131
707742122
933948245
747577682
155884004
943709855
51223216
51086567
28728319
646693883
987806822
822818756
801028371
621965869
947182581
84523027
837708011
860975959
447489153
338249959
710064522
882144778
53290368
382120174
703312663
731673595
249311520
724097913
795941634
351189970
742121576
809093602
775791939
43489170
583080170
229882030
734922522
909933358
201876498
399096190
17950689
757132250
591166570
700277751
53475820
705414736
434884810
660694709
401407207
437565620
950423714
236242520
193554244
872022905
165805730
582515590
36431378
641768783
684955101
956354287
750242313
637140747
539499227
951284423
157884836
232318953
310483789
847973129
955930274
351930367
572752195
307841104
34324680
854483456
647641056
143681544
12846913
918989998
605919581
132022206
238330699
451617271
560648190
613103557
224374363
957602514
818280223
360745699
51445580
148319810
312683906
6577178
315096813
444694990
159642021
932265996
707020931
268451504
113566048
9436267
396794567
698394135
876068114
343227060
830521569
537378909
355610231
368786370
367981417
499066532
907408924
2946791
853771084
847139936
484313532
693762695
979784977
434625663
308766846
91537261
712065870
325251301
803845253
973696731
807931816
445340749
985520454
545182243
695410914
46645004
8514990
839226727
794617690
723532829
865832732
38508314
183142133
636146202
454735907
745331721
960761806
777558440
680149720
90736085
257863683
904643421
824397214
739923450
906918901
882870368
552113973
956993395
329705855
936341232
789518190
216491001
483632880
722737929
398818143
154932131
98226523
172358056
12249367
990941979
915961422
673465129
858781941
28972993
543068661
829176786
566507105
58781346
936722814
110312338
723961596
42310915
183379669
146908145
211470393
539356907
805125012
753963978
864462469
792278842
731059874
935230725
749387116
101050624
890328340
781910676
352851129
830422614
234349755
101059633
266064256
814914496
452570040
99385977
772427222
56451399
621834746
629488411
672108762
600109987
275041195
363824133
887037012
702491742
774828810
224161133
721701106
275637607
659619669
578263200
530427780
777468052
894521151
945300110
224173966
842042786
83950943
91692090
836394049
865207673
44413123
313075846
551798713
99702239
968814253
627641282
216224629
154440311
550586844
211564198
484691629
812124259
845677702
210044427
617893094
652111052
330188659
445340749
593702457
398824444
155127064
297827679
739353268
991751200
522876136
800420230
147140551
78787770
128937692
491757541
849533640
227580236
49046264
72830737
182064190
755197174
745226152
216577524
46314271
214436625
306324443
255302891
551193765
784038536
962515945
821769081
994606412
73608212
586976947
71583533
680723702
838072355
90274895
143390721
635408830
664572264
448716954
839177219
509223137
235254049
551349096
609959423
76483294
49248659
8990721
757266860
48491658
834209181
308515518
863965807
906752075
970316110
597915752
78519933
915701804
247884897
445079260
646034592
501627052
638280850
1853860
451220042
720147903
389798348
972940011
752406924
100060778
497894047
306556708
417285660
153744963
342005693
934583922
762313573
579696359
127147616
471939824
500278134
755520267
672060417
948726671
277222583
172646544
988940319
859941941
873464343
75773986
849478902
317731135
863929220
893119043
822924893
302170431
56532616
443973739
541886428
412851019
860023320
131166083
281293201
454895556
867355380
628654327
207076724
642460037
716834866
418644379
550301505
821811575
359457279
15027388
464328793
725920585
994399195
34161478
613784225
427828336
925689246
497467192
952490406
126654293
782544797
45555852
456088695
158552846
788833250
328707938
392388008
495478733
444819708
262625300
249610896
611543400
662329151
455266442
763376034
778276815
324236223
449085246
914027933
452988427
65419622
589261272
886999925
988133401
408934882
220339421
567912389
383984542
110247551
767768106
13726990
992569455
547057019
322263468
653545284
751039841
532354413
820278267
470850058
62327872
558576304
908017882
64212570
457422763
323442608
281508463
75169479
598591298
573273184
380078599
769805594
579536099
127469688
637165476
540379569
477058158
578510049
405198440
370745215
350677784
717623911
240856570
129464877
808748630
859347001
809345514
148254608
792754443
574376891
372602481
423474212
150352187
865544422
58891598
48615039
325810677
370168557
51663588
852785598
569452832
436501863
179541106
31866573
19470064
478505421
966866797
461666025
426078222
44641892
376284067
304274207
629362151
275816355
120301801
220602290
771135938
946681760
461122243
401420014
510023222
621996222
486351370
686875189
638000009
865086282
379741328
338996733
35019
876538918
297016910
392231830
346113975
296569532
257672187
984256954
904028636
516023455
615468703
452509730
962979179
724189212
582961300
294775634
323315850
445443710
599910857
307284994
320689304
430164077
643039022
52218257
913806784
495991205
138177765
844132756
538670719
574066713
644538960
311916935
448014239
200598067
923397105
192232462
293319928
890988017
877645694
559626533
915341400
971428844
111045258
111237776
179522721
559146849
538020989
250893518
770084405
338893952
996948325
777245269
208946520
369397824
404600528
761580942
387598195
185244338
200758858
964957311
542266196
522551306
544052701
801234579
872918034
278021934
341149367
648307163
91464410
926146056
470693959
392828970
371710322
278539101
253259022
135964789
282951358
164033457
378570471
393112202
173808544
906097913
194262172
781372863
709140469
996070111
369402741
746989770
28424071
14351280
449347191
717902441
774607955
84741612
405578928
539267218
719308385
282334629
868742320
64107603
615082913
261850635
925563241
289365955
964283810
888476809
14025943
546111489
321630432
369246967
618893169
993765222
114785997
16550305
827820131
427258949
911650183
619127558
128651741
658280032
744387831
257232910
866966671
664217512
469471214
231609821
766602277
660754546
828259500
69837596
863101164
440668321
766188367
366152361
558744877
658808628
4894489
827216812
803015177
222865365
131901821
696243511
351195035
447656079
469489973
439905010
750789520
865640273
179067061
408673365
331646117
899872759
600536083
800589833
664336139
964752964
655642166
231834063
791789762
246286316
883170664
724124222
961522634
717594794
3930806
913513676
194311635
814657767
592102285
426195098
82380798
878750539
86978563
931302247
764724050
524978121
679212935
807871078
126317798
702512647
314875097
552979193
861763240
708602748
116902260
519238602
62722000
679937200
601010254
201256448
418581983
142869893
927634432
863900991
902084856
94502565
391101767
231848691
169789049
149514479
342898568
783119771
149898756
716567484
540869659
273381692
827470239
821162889
922978345
484175907
218577758
270565824
381593484
520769646
922564565
955660623
385836118
997534430
846994878
368159975
645523720
741814676
199059227
193574871
936928842
438487227
779737604
173417712
963369075
994849241
360091520
729873427
802183949
429735186
107553395
145275159
122391368
856217058
340701061
527825093
473224926
784891893
795589557
886367958
480309914
754239523
565131137
250239812
905646174
76606045
147201158
254601208
3845109
323666988
347928768
165486928
243712544
122007822
783814152
244267834
560763775
64017358
978480378
600100297
30239780
177337812
825718035
528712197
623010023
880332656
631885973
247818999
768694983
44692149
172138138
180873316
288843465
160918485
796550279
423227624
233346131
898744457
76225605
435808079
244482403
931050315
718125215
853161185
170489074
146417843
790107330
78076526
39215501
564590446
893374639
167278534
456841464
98957784
971327916
298772533
53734320
36322822
856176673
372830319
795112884
863761236
684897878
962999329
401093546
925150151
324584425
831473717
774002506
733189015
347601000
273201193
177492631
280860676
580530575
957485904
741884654
422082531
999663027
727038337
745849354
741238636
81495348
808352712
667513746
501003468
839092146
316313934
80210432
705283995
93589076
233970363
343687714
276298152
10187573
351868020
779766566
980600600
725923758
724104179
67135531
942740660
798162300
132675857
425642825
539896404
368196597
202328473
160862805
553783316
375317879
666860987
277717300
706339098
515356793
822223885
785604929
141892434
337489560
841875060
719441247
553794383
39364022
459479195
3100495
850521499
988977443
72689834
549009468
891034772
614569009
172941290
976804042
392132898
231562343
957021536
20184361
8762100
772163456
188299561
460441062
647423456
771678459
47497746
583637850
610906219
930478387
815332153
200445653
780737439
582558877
934679285
854466357
781835993
258440371
531413529
32074483
553591371
815837598
748766694
434842995
30217739
603901712
614082345
637625757
364353374
473067379
259287595
911484783
568813693
57923720
42413808
191825721
720568313
942661510
738824884
130193311
982818985
163086212
913155570
729857782
924065541
350828225
724001211
11052986
22358184
197613563
23717338
986910093
382352250
627022002
718020571
888558249
652893622
238082235
392225629
584503938
552629679
392674449
932269528
161597123
792975342
176956437
892297469
772522898
876126848
830029712
650886469
906288470
382437603
42535598
175545131
50365288
829690647
69319790
970193941
209111277
487816848
522932718
705086775
541076886
996867236
540143225
239962006
722513321
264609093
547845699
165151610
118079843
750316449
850257292
375473534
790163385
691828450
827910081
717921954
721667679
168666159
227141407
814676290
238844730
274745500
848561441
696129315
549904748
704461600
167233887
751172920
532459159
288416967
729170447
688971807
666341231
840188027
846513596
202489817
478301881
959617246
268016198
656731035
131607871
77341960
264293397
304302541
951517680
849462170
253198444
843094012
757543971
262451851
208169204
325098268
214515746
208579993
85885909
534309224
908454983
795958441
241727044
838407433
976520247
358476795
633516453
973123531
456985602
473553804
582221830
540012785
260158282
824376879
260597689
625220679
48307450
720503426
321140111
621206152
440345136
669718726
755322806
990255482
636976890
742380595
581324843
400768606
979984175
99668538
959388416
374780523
815073833
301344900
832084067
975885913
841036317
693913399
290004081
749258888
225237265
169516594
252674740
354595907
499168362
346077123
773166408
226594944
496836435
824482214
670156154
2394349
392338916
729521940
655048656
640204665
739168109
806864117
800927076
868368882
268443100
161075146
359911565
354022154
305053262
393409793
811787018
745801973
917836487
86670687
558646957
309669804
693413907
990341824
508673597
387726322
472621567
690839271
506656186
383591665
929354650
540557627
306063527
671447307
606175270
25272032
402283895
972624270
229402166
48335968
706452688
560464972
489025827
654475273
146310695
154476334
154041554
620386061
99108836
680834441
896081272
609800402
594774312
331441143
293193393
307334909
21534761
665941959
209752569
613647615
19107681
710343483
38811488
72774009
113593279
736632916
132306233
198209581
274552741
557996949
283879760
201850245
893032575
455586385
184819812
788290490
935970483
575728390
839965361
914116903
72773113
891811109
419543734
496992032
491970700
634345620
884393948
357162177
748495120
980753263
948130588
892719805
209317182
179700172
772708235
997457196
468762958
162198089
747557373
982629724
186977861
459755350
597285032
405918908
150408078
63260855
97509955
782053579
195192395
673890648
762351476
928404281
371803954
374393153
243302319
568269395
683016156
952089630
590117273
673428336
924058878
517563268
287888107
413443142
348921186
831429885
598328921
224890263
82805987
325098268
514392785
504767949
267715144
173999493
741998862
685199417
732417641
323691680
541356642
925728770
800313157
661946298
11581741
194608603
494272762
548166907
555306645
171030169
730274392
129752637
58071209
586868244
656469610
964870930
768591701
755435417
818451162
429237744
282486587
280773951
48961221
869724998
618448886
565605408
810627059
15052794
290064277
558914986
549439982
882337410
877465915
678630734
108735570
261260857
605278978
330570779
44147030
395382963
488682335
159825201
826433232
501052162
198719876
950267350
23271984
579015611
879315739
864857267
383348868
450847565
417430290
599247762
136418348
288507792
838031102
121089424
955060379
911329130
811271876
464896581
759679337
12007639
525009451
271007945
605715046
898344676
440801292
309284868
555275936
85295425
787229711
896917280
602407942
558030755
965477064
584184636
881176947
310427409
414917460
307386039
590708490
919646636
980617801
335910282
572416286
52858004
756705620
732238471
458732193
475301410
606084897
685532054
742630044
626575084
417868182
745483190
910410834
98089853
228779099
23617635
223399367
270342798
933516259
122880634
297417356
439653917
12482471
187303231
396500970
639954546
964243524
995567755
732647096
284197595
143255086
982538914
550508227
292060319
832167432
130403591
705419148
417186672
402301254
403839395
703008478
787201906
198020395
627427779
303267006
258759961
15612692
589694307
477287136
430877399
736216427
118728529
619744329
167683013
343118622
931834150
195059002
898593391
278947796
43089416
170616100
807132149
373613299
148934793
863760698
217372630
229688026
643285986
813606963
199920224
976216048
361082623
186044844
258636802
674026721
207461214
749397749
168088600
68229417
512871315
106551689
468029397
75830202
951268948
486471539
187136901
110729545
426651767
372107338
624907201
568997138
743130603
825187756
933196247
455504411
91429772
354085013
314738358
745921695
289960733
967228015
981722499
96944839
696625446
368496284
479869348
59676168
33986560
810818376
5419816
776301986
180124357
190416706
273476617
244581662
496244114
475210111
779282306
820662167
957015529
587352390
205578223
334720293
509428184
491431205
575902671
36592795
557023941
87046259
89550892
991225558
98547544
840204333
906808677
640806469
756944448
459220529
657337581
379458536
696703392
189087030
624303091
708615451
292897220
65427970
142610449
942512429
809050775
905084124
229125025
276111046
479313426
751539745
956746673
861937085
935197675
482365132
174605876
191371068
595789776
344743628
623377387
770242988
695195771
547541051
731007096
513020300
844492174
693818409
147348026
267288508
751919543
3360388
274705714
827175731
737722726
380125949
570471910
589032368
211123310
893121647
713596034
692043977
798342570
486558533
71055572
155284634
60699939
842502411
153756845
690485657
710814783
573519077
931886437
792885286
989162688
860923135
319331111
3534645
728315745
668447604
246934806
52738312
410197436
660144312
86864862
193499183
224969536
155898633
564777132
668267913
827629152
413831696
689821029
47359564
977282183
407060860
55201059
559820126
351690537
894792317
517150558
813922103
775462286
333773764
321570848
101889940
647380285
868313152
611073933
674303548
508436691
755573131
418864030
776604230
185938263
832500620
141629372
672736193
860573217
238379021
742464330
242902590
711712589
820795035
232895645
839676159
999284714
600756450
497514419
977630471
417751878
944367121
445083571
102051229
783489579
329109938
289948673
607153792
584819325
276885053
59051004
882318281
374770009
996692259
237523732
831857589
781641687
435216683
251883562
810503806
570157926
293640689
325451996
964291567
578962076
55128570
599569530
658140481
344461642
216643707
812234095
472789509
336090758
853836134
260614887
73000702
57783269
550632466
724887251
300261071
415139892
734717730
554835372
422967015
763368476
136917463
210195261
510107010
830897816
211296535
219390919
423084661
460493549
668950457
417600367
865592810
469047090
107382101
956362761
435384597
354498554
408132198
848972108
179914805
168524618
558373499
260500622
936077986
88436187
115272314
799972904
984067733
449419767
842666597
436030931
608604716
335362796
336140495
414297970
634906436
747364187
484581450
11522958
927219640
530481902
580489960
365847522
198756281
231314397
949435277
211878893
336630314
307397680
252145180
11953550
361178442
816323096
417223057
455486410
445340749
593816727
402260912
261769250
562967656
474621502
332011437
955377016
74871660
485908735
665740769
304519722
398664472
297573118
184493078
848931062
185404465
427264683
882209433
970551995
553502923
110924469
36565782
338306470
98385145
907515641
705227631
806052359
313098593
197292649
453545183
171104842
422376363
806919572
782891444
331276344
266857380
685016445
530545622
689292756
166047752
715877108
748444689
696476827
731387165
666944205
161820988
626616152
348616438
801048765
627273024
252330585
246008007
486714102
85598799
756272231
982752810
405240979
356934468
115455125
150842709
337464056
578099431
670540678
417604974
437311325
219655434
913519371
596896917
291944085
195999650
864223505
500097898
886077344
320250775
472504712
755097037
849370046
475377264
575700352
92270445
106455365
294058960
6545906
691718523
437322463
182374878
545604894
23037003
234022927
36862484
948672236
128546949
402650754
339750678
690974334
361253555
985533429
333504304
947179553
296918547
658672
957838146
307459832
68931213
173711471
182817261
314904897
228024324
602743470
603476403
494335749
487222727
97952841
713231944
87082480
190791282
312292731
462690304
476498826
925809328
636953896
615403327
142318860
104474947
787731624
74107106
645708437
492910128
770242988
695195771
217883265
511615820
708660941
975382287
751506090
551527987
688532804
237150558
858038126
204111933
872293028
632355129
556956987
755925905
427743597
252436814
604127111
566962498
656903680
300883746
871178860
487132
986550013
136656800
581230072
300261980
875043346
584141262
491370981
991856955
61863075
272138797
430245350
693660843
848351673
854174318
312774280
262924726
866222873
75884751
143638119
850651424
458984425
127198777
284127050
605914000
121054651
905358375
877877339
985749091
181102227
532573894
29552669
882722201
845548220
359251291
813484390
211958408
410572374
974160992
542926148
575448270
330032540
477790766
209276123
598767314
331019951
632173908
472175366
712584991
494338759
43609293
688182139
443807857
456071888
264743746
753376710
752440584
610580952
994328129
217570751
601634849
21350369
853594294
331567665
126510560
482438390
303628724
628138188
77217334
260675641
206537772
188713362
379183316
955158058
575760581
43750424
75086175
418530018
158156956
240586795
316884395
344987915
55920553
848074379
254778652
31234058
457149128
665213047
259418034
465620900
660250043
245829488
424558479
937150106
392902079
801315632
570038823
879226876
853786150
985403694
351813979
843086225
518814673
396277247
507967032
140671540
968794076
563602258
244962188
113593130
280728327
383302537
117228804
304936820
944277499
381426810
664237000
373580969
257704017
368637050
462230153
405363911
434823076
287706500
537646740
267646431
870262309
786208450
994521146
589400867
582111533
188837921
662052993
672074955
704045053
416678521
532758043
387237491
413765545
573189492
880198128
319331111
3534645
728418948
779477438
275108913
926234987
389978422
472085548
443628466
989396833
813368764
26064180
70107735
216841503
746635133
516041650
538922470
575254571
640968653
676496223
844120474
154589626
835777688
103574638
951850343
625369389
623920066
564614094
927063392
954112792
450260218
455214621
226009101
686539055
90787817
423205104
365160382
366827725
839128787
56854841
189630797
845493201
901697947
831686698
75666386
925957535
335434285
673923214
420085915
685571111
556323079
812937546
357424674
436251263
521287031
415611369
692129162
486120320
416642258
835777688
103574638
951850343
628901763
622509556
524145637
393573461
416035590
519278739
388436031
902766233
88025426
745449993
345692588
562633348
231757823
522213070
725688221
320983144
208913886
74220039
891986971
969853103
534939187
888125368
829997961
407405310
136669874
531096030
231743716
395100871
557779104
950669367
790479715
869606789
688399791
212251368
654383994
639486739
621095867
32667955
123914329
887892701
282964934
248336309
639379241
387774671
80783322
92810412
343098923
135233519
880055305
231457929
565738800
297144621
982124876
254047974
59364330
846167604
635767751
417421404
322897385
881676890
715638191
102185758
108161712
342514829
729278600
393489012
421498684
313240867
332552069
654082989
748965846
300450404
805204562
567258911
967708556
758210551
769617056
640071889
504692714
237487367
620239275
747452445
81683162
623917338
953150955
861378333
917876332
327246790
198218954
786894867
781069853
972407210
206264652
791131701
52982479
795354609
653205799
41060675
366945804
870102411
493039809
475462229
84296173
791772367
275480832
919604199
378621911
43891955
168724481
205971132
51164573
806935438
967313425
882736466
928983206
845295312
589339908
874511082
42305073
494190805
471495654
386915237
806971987
239200479
944368945
465449897
215625529
404206954
318555317
484601403
690524210
754412860
440267789
523234530
90317255
914115029
693602212
644403711
97665632
21577108
775409524
680853177
865648318
418013898
449672840
436820367
146365092
460831163
805531052
861641705
464703408
165164872
481593065
549176373
638536231
602810413
305965854
845018053
189601632
987440317
128539268
921587127
486677952
824406942
747737472
264058682
533839277
627960189
665947223
9440956
912574665
490170178
815070142
675374465
806758413
567386064
508932259
268146577
785958717
668414711
841899971
84873361
492112734
593180819
19980253
816251132
641988736
50852193
459803280
81254367
360166375
627643614
864001951
393340782
688690815
581125848
111177346
564612241
475054060
431368353
477239217
29295649
686848875
284697086
72066054
891338140
188163451
438000251
989774423
181798846
728262350
149805693
315917560
57747345
944924136
924950552
161965309
79715443
321085964
225057695
625910790
242564248
652689023
105468569
830139694
58856063
513881651
867203572
986408337
246706673
514702002
816783337
446422570
143660270
29604071
23926514
703605048
299100029
168422263
9324173
421355650
898356107
236686675
896268073
389336903
298840051
437741781
966970638
596443600
407365374
485920778
778281506
885971891
775045868
720475264
683157441
621912196
353208487
736144535
362594089
160381088
758479316
98935641
689306630
65193621
786328537
312943183
49209496
818211168
11927073
978503283
965432644
370680182
73569929
41136789
741316141
820868063
791778730
809558193
25807640
731113040
294939548
666083150
993446467
194028966
805888750
28432170
873898850
753866510
88516546
38563072
385373776
134598322
566579306
556443700
334140067
752129924
107137492
971708287
330979901
143867707
67954567
464581087
175306112
742442345
794401383
357020877
301386107
736382809
635943986
455173292
715305416
364261306
175485125
251218404
915506076
191927333
521973750
314282024
501469288
539490508
607620921
219138344
16374743
450084186
519528662
906861379
274101655
587707809
881967156
563957096
781456344
96999392
815151641
892001114
243314000
158435230
717340995
25710498
716996447
845634629
220189410
613632814
894464536
204853034
158521487
671397694
919731106
690681936
755075493
382972440
350395157
745746177
113423025
630966252
791780881
817127080
675908195
977098549
158692822
34204164
609531382
278817519
637282286
606067292
545320969
887383113
835449139
234996796
962742652
79988754
609606753
821116397
114055273
6704761
192809375
740124462
257310650
764880071
637231312
338836017
693979626
206656953
263958820
920227687
761917696
934954241
592859181
910033693
829887453
108466836
902579935
274284474
306051939
583962043
889502028
952649947
269631672
51394943
910202567
655996222
664245124
538568278
40485618
278144696
551434028
407222371
271984560
631840466
885062854
860707870
482725082
179736775
145448845
212181962
754676749
198723819
505418768
369440350
129163296
140594647
230289699
487405179
351947260
648585846
976211626
991632903
282344360
343840455
569163807
515916632
670109752
561653077
641781487
600040260
272256742
121379551
698873940
958514259
680926255
847249058
173598716
508895865
569850244
827123403
705371082
491381185
570705688
844788754
296106594
411113311
877711543
700193993
387741713
855328189
451932377
318642398
215803336
173370035
535979853
248050228
915844696
995416135
520811185
316499076
242850397
638407281
176885607
680217717
128104230
905057887
189893609
317698487
720391310
524809936
251869462
378413750
426472660
723903091
471465496
185682221
471711560
21636588
23449546
973717474
654782964
704971856
690085776
359248329
269903188
935446241
553503572
226495793
953357605
489814291
623320894
101536749
202991319
924107058
100126656
820609372
933553230
558894673
175324694
278394817
261083391
473957923
253305015
968837751
872657337
754084237
539685483
518489162
204923477
420508336
451093021
583524274
875819931
637127363
465684926
400607899
6316777
762742555
117590732
415147869
214566935
137020175
712247965
78164751
195532537
683747154
419137088
592577078
735726078
152470570
450892425
568924013
204095050
564640811
295378324
471987884
419863736
172967357
67278539
946784425
455830533
338769919
420088875
576678199
444046246
330524831
599306116
566851698
664813777
101687838
731203746
343816217
866337646
714910152
403786440
105421777
672220129
187041246
948308147
802316436
438731923
857390439
277225329
380728075
435468110
68803992
417557394
732518301
777991881
945049690
50226694
216492770
950135281
285565214
824777026
354766429
346125424
639458013
747534724
441420790
28910093
923186872
112661713
234083000
972035771
981524892
88612708
317051710
691930883
677782922
861352022
946881900
342819669
206264082
158783731
301990827
906537051
3885814
405083024
749967146
566804964
778641604
890351589
797762568
806062407
824151528
808548142
545042521
104241749
256235026
794745391
889379805
578527373
501270449
325476457
584026805
891499465
19331589
190543064
961326024
28525249
820608799
71462061
152182107
943756643
675124896
115620189
397259260
101698920
869880790
460000428
302837963
317868972
462404394
821314152
901771212
336135640
644677308
55923846
707111268
657939157
169505922
372692137
63145027
399441051
529400652
148908494
424340247
953057085
767745079
573185502
705614721
663759191
236002686
124260297
299860562
74266883
916750931
38023362
146622885
280864361
578648117
503215909
362633699
165909318
710111109
462203980
437825417
772543288
608832180
365044101
642925698
884568995
383893977
18721825
441397641
519543461
645369723
212392416
303706618
130482261
636208965
59108790
40403150
478857984
558190279
638118052
568226627
782806320
124478560
698607740
435528775
861134937
432515797
168095449
130923248
845287759
123778160
692078164
111366119
786563265
481011980
29478097
470842037
163025060
173532334
152494485
664201525
376920409
275697925
596550919
984214722
129500937
793225325
824124953
59594968
989528835
565121360
856582693
985635754
362781981
914627655
292281599
847408345
615588812
306342862
984287828
672817012
202296319
380635146
513282328
760222871
922433182
474055617
757465486
317647150
149859320
424228044
417827194
742226773
848002023
104575773
17156777
269250301
431437056
381396982
951993899
611390788
616025340
585749746
752543408
500480949
612710598
805525600
155270184
982964975
258481141
707063737
628200521
853914465
449185079
57836851
703599343
903225416
494679319
630566872
514162323
72236957
902256546
805903033
791165508
362347473
11360724
485381316
977081133
894548207
623038635
125634123
635402160
716560219
999933972
204918225
824736306
477482450
539445862
533941550
574824110
236351412
218937980
573758854
24374380
882203912
196758500
307536705
155723047
462485291
554399510
171814506
63636587
598135143
328851239
505073385
982774675
688990742
119612913
527178707
244305705
235105911
160118048
889372218
409281247
86071328
328748433
193680996
71631834
891399928
249364585
392767722
718492936
674340663
136365686
893177303
878791371
716865670
327599639
760522591
262217998
187670026
555161317
112925719
372438784
841147454
237592519
346907475
689392355
182886330
288772935
487646900
616699631
730550903
865868187
307989370
968620232
863542092
878612488
363592117
479279279
84018818
305944039
891945130
591352036
785075926
682322436
458744327
436315305
308325535
887718417
727194031
640142222
636194589
259070260
599808146
730469936
792105707
656287795
567990572
391141161
215383174
339596190
702438521
563733649
350891942
335837420
48160946
551291854
657069554
812157360
671528911
307842606
50803231
954698455
369328314
80021771
275060924
374178676
386200825
936677238
828279364
995766780
936395108
746279593
479536165
241383682
667768989
314148548
401496946
707442451
151746885
667436646
909315259
907595826
214626135
809536246
440592347
604833501
267871790
296510660
357327232
285067844
907346066
112567608
276274669
133490419
8362995
923286476
383145505
332018273
471157621
698459112
222681270
89769697
212838347
271289954
196649276
164694873
763429355
871673222
880102664
471750552
904171763
789875852
294719704
877256424
733271940
878375657
120103338
293538048
22742348
53592046
320706998
253739191
787691677
410827531
844078201
831299413
19053291
260384423
943770048
76746038
343467664
539541765
439736617
976704349
497602841
293340942
301592643
360202094
41154798
978912587
976967403
494012482
18263991
708301153
165359257
46337796
946740096
14214116
625925788
172190090
591737194
84060466
732372385
933899309
643691510
298193702
115746421
721338159
989999822
34977316
574932583
856638157
763706206
107998100
966779445
519683147
158149449
565543997
97510605
810968588
1156086
727328817
802773355
100917418
3827862
522694087
764071247
1344480
870188257
194132077
244399768
786373394
136926134
988185061
680851086
575551094
77387883
177713504
68784363
577354727
946601505
19414384
809880913
220997775
455864670
393469058
119533072
50393987
119782270
280284060
750736683
952880171
112904346
669463372
98326702
344681607
346899908
646549994
907042321
906450974
244704420
782370915
386597092
264422771
342759149
557355209
975233562
852134729
877582482
704296910
496751465
271147317
195776580
732083261
255834149
849176691
185515495
223146774
155039066
343049077
545178288
992284192
386225369
377020142
211061832
106518821
560519936
788326199
108816474
427904844
505923193
211674178
433734388
235841693
97659626
364091046
617474500
933404305
501355677
102641704
529847711
509734645
721645268
955923188
371108605
985608266
858977408
533994058
342465227
497837259
783048131
132080606
966089870
806380001
931433831
714477809
841513815
145830602
964766329
94656296
215750749
555926171
575130849
241985903
997277138
747612756
393681233
282168353
619071869
231467882
809403483
115636899
378309966
72571197
804343857
978254489
112456612
406638636
394051233
946148212
121717809
532497628
640697625
480471029
752191734
138980167
183682161
793627593
389133054
541279869
801198732
757031300
299779454
154058464
658030453
68669995
812667004
628097803
864781966
651700168
980863974
830556092
237773258
108361327
543171284
373412370
655638979
135338012
762400782
968644506
927865157
692341371
637183907
952612970
114029514
990442479
696102175
676101441
181387499
971436879
570481583
251965317
1882657
788811989
761729213
487075704
335092617
103553376
876425724
555250807
918544108
590631362
972048067
654671316
424746308
225298362
921007756
167307068
233345332
578667588
550767219
967161792
768696819
865815853
497357117
337941744
940782153
359377541
969855563
609800055
241795117
840517739
491801262
925865295
23948206
630534252
116619764
259456187
872725991
160688687
842477375
286497831
107065870
29555691
704476312
860899888
642267460
27862727
848584075
921955311
246899330
394953706
954318338
243333482
907974462
8357795
932841016
406668177
951682200
912976761
869294991
952058482
560959288
176404873
388408883
536084533
83097113
311871846
405417701
986687988
124777494
531013407
66972640
947993217
791823441
647574487
840768565
519075905
877920488
40198911
359148820
193071934
456221234
339621917
66023713
135162248
869133514
869102448
280061459
387091154
783094127
767153762
400511758
638839909
900044730
773239385
153493769
630048543
668248679
650556016
515275085
959488066
760648399
826882278
34668625
857325011
292538517
540945609
750263203
538843515
495436751
515285692
110510952
895527992
551416872
124959594
502943
48780619
88512192
313942880
508670169
428240369
678627417
597849283
476544823
102667960
755981298
223555416
797870848
698353317
591952780
576900002
824012479
951975709
299496702
946887361
69007122
49878303
157284284
736444045
109677918
895973340
646915049
815009386
337898831
439238029
19844279
838655602
57435211
553844551
26663940
390018001
58364544
920651218
173423477
971260437
466081188
412873637
478334105
616596462
843691427
785565343
15801479
992790830
676401192
511759941
783767979
727549500
388463930
550468153
665889490
275822519
325423985
241968986
780039598
584819658
965370863
240628508
516653350
592687110
230882928
776222820
534936274
717542525
31957897
780904500
702899743
737967625
23444979
486139407
163698738
527582882
141636367
303215403
186344648
558311245
926393630
746234599
930630525
891241637
89910409
357791311
789401186
91231605
767625567
416280476
119842882
799541495
545031369
325048024
192068136
713455617
292818518
568510536
242571238
839894931
973500803
748895533
87602564
654793510
363388712
884944550
388200730
800719059
360939868
235967275
101553060
332133135
414271218
57666048
257156159
312865781
43707870
20607931
499975055
468554018
16743175
281978930
108890956
481826918
503654825
421555949
719447801
94576594
780452045
130882064
467839976
529148897
498456716
38414932
864649285
227466061
33513155
6211035
635818024
196074161
645331702
469385296
289852994
319546549
742740557
933406188
362574689
153802147
828903223
570877092
533998401
788267000
589452614
587583042
388305565
974324209
826684400
701609085
98891050
985691345
743358950
224105885
970354262
867647485
111458646
22233642
264826946
288137979
368874509
814808501
570298628
540069861
672606222
274230808
775405398
817415925
902533304
539048533
497183227
461250620
263253883
968696421
367577687
772392407
416557457
338041995
267441450
77252296
240446432
116860918
803523902
247129975
820531388
133118266
984149075
127366062
148666941
791208056
628193588
165592201
737592379
957119998
294127110
344275538
449736080
601272016
613644154
299034205
331701935
690616254
220066644
309370824
167118135
846765138
217297329
606623236
593032538
120005482
716110791
351196426
478368825
408804634
358546154
34801515
604662400
363279417
26286031
113304294
649144962
375610242
210839690
322711864
966984476
425018880
296102480
670412702
281945318
192308709
959010903
502630281
319028614
478988608
497870276
868180423
579652414
859113548
652646145
10714071
378324531
771661962
47766239
603089841
411355793
795631075
451130707
620668890
221887116
798346661
959277724
224487139
721992858
797031741
319646195
247340372
193776408
222309888
744489309
621835191
36229346
430857163
144821964
962752498
832422097
915210172
105358716
867112274
822873512
102306867
13742147
944134201
371269553
359844510
151695131
925992073
310687843
487271983
353148066
325034523
933766110
705994570
230562641
872931148
447768004
284841425
384541323
579689794
596846460
763648813
339695573
772428049
436405698
983655725
690091150
789859331
50603866
648797062
954951732
478574683
527409880
840842127
542904569
750005923
719714731
883393476
518410815
463355832
152269999
643853688
306026600
105683636
35434655
991979092
199941340
488273421
115220153
794898673
76016306
365139703
713024253
372203816
349435272
272210230
4699934
712620018
436183913
907351307
958625670
170196091
409177736
765487915
649996018
19926613
849435947
568934764
316067659
295630465
655680737
880559896
450248358
72875872
540243699
85443940
515258207
761243734
731654733
281435481
596351876
68055900
681916663
465792053
752738656
628656124
229285964
47493016
805318806
627893708
772352130
817150769
393408637
875688181
933011264
738902663
873346315
335920293
171237560
165940208
762891207
61394198
301642055
319533496
663222496
120413540
602713690
304012334
638057845
727019530
104527855
53186306
437014810
297088492
503170442
470123341
79889181
263225367
497707509
655292894
250937887
552366740
103993598
95542830
809261557
466916996
189069394
797525802
346170717
348850005
671944357
811000624
919608506
663038365
958223110
572880950
550305589
629950854
384456392
889038192
340146277
550715588
992147512
543139771
943533079
963118098
472321166
433287404
965271675
784258680
426019921
899319532
874485748
414069088
746910253
221663771
746873861
360517310
802113515
213404192
761202006
689018426
97057321
210734902
116577016
641087325
731296865
351820344
685019952
733284575
554947349
541085260
195990265
642620629
376540517
971438307
500063306
416107878
466266397
847344667
482938277
542632796
430105511
824406693
170059478
50433151
753349177
273695657
342353694
100970491
760525355
501498435
309026274
416145478
33608644
4729996
610629902
395502415
180050483
201360014
496825573
464987800
34416596
471041483
477582867
576483328
548713351
577147454
676116694
879602516
546824147
993967688
161006779
388657018
667112802
551988830
942914092
114223779
972560024
21102036
814371411
816074242
375659754
119904244
483833453
225166859
295026073
516951234
963188391
93699038
498497856
567671898
920018190
508796507
819748945
757190698
384952604
824512826
272309836
774381878
284842245
413344625
544578338
512790544
293630186
442536802
755228312
3336420
388670043
291158071
249384034
85452639
440726887
676398586
559627481
693320529
687837309
549667355
879248972
35405301
230774944
254365205
757063032
642966420
872255469
384785025
915887164
72742433
971576194
930988808
75698041
106915936
715421141
382523844
669282315
181203769
218312082
968888718
928232404
609566417
215351253
126474319
708957487
535368528
139733143
268094340
143130392
464915170
31386215
81391042
463264521
584175528
70189526
243350572
906723392
608813735
467946803
840569052
994497009
367757978
88886146
982181309
598542676
39323089
563978109
335005775
973850809
450388091
373722047
467950577
344165109
742391186
491518634
828336504
303565179
637054751
200069680
425646620
995637027
363436276
137579513
184836123
348776680
309510688
927527004
339808846
760735301
328916199
577269049
569007449
217033260
603147950
429494949
104757036
816287575
617605894
32492017
880632446
486532930
914644392
924543139
252291196
290267357
588387650
570638501
558446797
61027474
93079361
808247373
646834282
396825606
629956326
111673640
335659488
277185778
703304572
468908115
884576023
168914672
803370385
580702970
925309352
914610784
413539949
157407414
435348612
710954544
870340091
607068328
160520715
162775968
553558734
968509191
645583118
468212744
391823491
260215716
411666596
657155557
631353698
342414506
510933762
789335125
872564662
232137267
555998243
41866925
323184460
440749128
453138702
444433113
560084342
707597775
493164163
986114251
258953095
713622380
643127695
454186515
409599803
953881481
910765732
170495850
633856430
319063422
751987067
48985816
287905386
914362180
11694147
78095741
836146486
982779597
85961755
516639379
634565373
693769312
471525620
461382929
324952817
664814275
861882520
795361540
57631751
934755935
322302899
246696374
98570271
743482425
104969304
821070511
43145494
418359277
64339017
884801085
215400804
466188670
909544102
624874315
808914002
256662810
539574752
465113317
694718163
634070784
437116468
921539523
54289504
899051243
69746796
108130582
481771826
783812969
337393667
432096536
581705049
820996217
918623762
92953898
155935441
980375900
549671129
353536158
294690735
702334788
736741946
145127383
117808167
897970998
397722763
118989292
605509777
294730692
972968153
989826583
538861252
579588651
959726829
471426198
166117656
85381371
690324601
586989728
974515946
777027782
361343908
258012315
411313360
540856599
114733914
512616976
509837018
236304598
373904458
424935976
799538209
963734247
376725020
104720336
289931851
106008648
280031409
634652614
93738750
643291624
228754385
604230303
76122335
817170948
902759663
330418055
642742562
543863938
127765084
676180651
443334550
613527064
756835853
285956616
355791410
860569347
456238913
53536019
15776415
969558670
911332573
474681763
675004545
793391801
903712024
851400886
639630436
468057333
868872692
957445895
28717996
572282920
307804084
469453247
523965093
94100914
687357635
656458523
675981721
916153349
373990006
188370543
886517068
195131488
397500646
74610476
770891987
344426758
727620030
236805189
129210780
763356494
890873393
177682474
73137538
124746694
486003924
12918971
651604446
952981524
212670719
777871037
288520875
30149396
525974902
461575868
289627915
850206861
422733863
599532222
812320779
560651756
871340678
405322769
421724259
418432345
332150957
863715983
123619803
241917099
844392365
652810932
949496406
976019951
606611049
593081624
556311136
267023573
220101858
343713698
620475840
638781234
742181636
62125040
177946225
400502842
638661951
968439994
588561592
865640139
24924541
712974768
714162228
733697618
89495322
16742043
812044617
507594768
303439101
470921566
264641339
374181399
536381431
853971965
209018739
353839595
625813123
191776634
859274268
394853449
71299754
836809892
911378506
718709643
411727589
976494274
242396726
182110598
415937037
198015272
779137791
89638248
691740986
439305025
470465162
924420829
597163829
509232060
581475133
517649446
538269241
208031482
976257084
447579169
51332913
463155218
186396699
70209441
740349317
53256985
442181952
395647744
469065162
844329646
399893649
168248419
152069499
843782884
361976186
885929449
404126662
314490566
392532745
453503836
850404433
904274375
29807374
68190224
971379797
316989855
608473954
924448189
219428528
296750212
887560990
377187802
734091072
834966456
523651269
355791282
433679750
1042834
824080061
976971696
603698936
829184910
577070886
334138980
419949702
291459959
356499332
677891169
11862129
846495621
635131049
47862048
358805530
479199989
36026419
957358206
692272266
760217246
750341200
714633250
469513543
928494947
6715332
202117964
504378975
916321430
523969458
947536976
171727662
713977615
335269379
579778498
463853346
158141012
789504126
819608123
457435756
311780410
601951031
994711927
184576962
657490144
170333551
172395794
539414828
19496489
974946684
814512287
68794922
614772310
771164494
900153080
595081869
938691530
375027130
926368942
62399425
933329752
360059103
132717232
228646854
297548087
672587513
801399666
841043725
376508513
163016486
177945228
377099039
876696821
164013879
199170510
97576603
114304989
506195996
632277604
795087828
517102325
109770211
200852053
863504402
878551665
367213026
784659915
457556327
657451193
220680515
835152564
242352052
129059661
548428495
996716310
937397184
837898392
169880440
551271793
26183846
2385917
181224284
645158693
786483464
872123136
213823698
26407716
345688722
713886194
992671080
261598639
970126519
984787103
12385494
441533206
178765301
25316132
360888375
442197181
122518841
584744818
420154267
774494658
874130107
884600247
656641992
800199398
618452323
500267750
659982079
976689688
165864184
677636568
666197732
408606353
648667407
605325578
457842028
795464411
499168926
108753275
781562760
968649357
535485996
590478686
967848439
461099110
916242524
786411524
377402426
299076748
367213539
673661111
483074640
806063348
541769682
273227185
693129844
676688095
544253202
768527108
699421975
27043407
952768548
732682886
622541403
811200363
337784744
205311095
81167521
590813644
835959045
129989529
913858410
940606870
64619631
290136427
894394142
921279382
554923428
166927252
42153022
394069761
985470380
837083102
155665432
347662376
125696096
350598835
700049184
782975696
10365463
783242740
274467200
216521207
231336168
3233357
246136745
42720214
196174089
665628581
811726149
266891416
266019248
25299932
612917640
491676248
750128282
156351989
212652932
310526281
846989335
572364116
41392643
282489601
614660757
389855294
693896009
302226100
850774845
443630129
97402627
442909038
561039992
39470210
811847707
790628903
492700364
131293691
949228371
830996853
680773595
886930147
232221260
802219928
707576121
694199687
429776200
549322404
614199359
507805122
759682131
345913432
764915229
10108781
360214174
90029533
208861579
707595987
287992641
269982244
129688242
890497140
991685994
614100468
360761234
200680898
566082683
342378898
914638020
347720663
851140801
164052009
147253901
82304885
142728446
919330696
439026629
211502403
914209482
685359427
694209153
140814423
429712074
464983646
411575418
378447370
296130530
524915688
667001909
460916802
509346629
882875813
399721627
350209996
820773661
963047384
238080995
95412894
827850267
555397891
211384054
125028889
475504941
612394381
76545480
317395913
833328497
406292254
731507391
246980894
60991425
960448894
101970214
859205032
400811975
617813604
815232500
317660083
744353935
395702509
203536392
99554974
984105352
856175773
61213862
659960864
520428607
486035962
837623240
102974850
672160108
712064702
418874335
732008537
612132255
577563708
422606086
233987559
256769728
346502173
418261732
923393293
411759249
921635834
100090548
974545272
903132542
491563153
87039876
41889132
750328932
832323215
892025770
110985935
362051548
273904843
382991115
839603988
425486060
350279312
339941523
761159608
726632082
188505232
338411044
346408388
154134118
924063902
779196370
600130402
669395719
209599028
464236900
505881019
619168076
377816966
217511611
380203641
252288635
761060192
586808624
993259539
143041136
954040890
485924532
938957380
240774445
977900593
296983706
697745138
721838423
370933458
372421583
893978537
332076137
606028954
388361373
436965463
781182859
442720075
806559513
887286983
377731100
596703663
272816045
770790221
318158141
670321961
400368755
334821535
780578600
733622380
842669837
167556665
955024486
303887536
613054550
776137930
999868847
697597342
394018815
208619181
542607578
75795725
139754041
446893291
726030805
951900035
850463025
121681804
602885110
315966347
26690656
700778951
512398237
507792032
253189105
53206796
742952647
376400621
497003551
402546745
178791924
743316214
175901955
72850821
509491600
119493469
826015989
853025716
536116814
286178329
745394606
978350401
234077260
413094823
6706014
313612436
196447115
136916244
311813859
359042731
97811858
562795107
88130942
351292152
235018972
473021012
230573321
609175737
564278107
280760851
905568526
679757235
408547817
927706816
420681225
65698403
20971700
309476871
518444243
949606041
642355315
883853221
271288376
105162367
276505372
361544373
208439557
199310026
966861706
297929174
70110545
803168201
492719880
622688172
482022435
129445564
482434684
576161139
590191146
232777136
2770001
301129874
506926288
321729975
765411113
76169361
495901590
316289598
620416866
362947564
449800902
581390238
91829724
517350017
103156956
792677580
917985197
96225190
618007702
831566902
993721669
426967924
973113224
593557936
418971778
651147560
319066709
235936644
605724939
932513455
222471740
73864563
880967037
969431566
516962124
760144111
520169335
788260188
222740129
295311396
141931994
188031081
619086583
532961540
809979516
850310452
920233336
378730041
927395678
444874109
711079764
233902863
791774845
464495705
62391959
573744257
675058310
981921683
847161111
884294675
538605762
197316825
978076982
36466483
50442505
365637040
848732892
114846112
754356660
379497588
996136073
425782307
363037852
864444034
520055086
768741389
270044969
6004219
885463005
797719295
978069837
555889277
644407111
163547366
541992717
452634068
623889654
908425614
752359384
668006426
193468286
747370944
461744499
980553039
614638131
51853494
316595134
340622152
174567993
281657741
995341487
876866303
176909123
545388893
40271190
707702980
585776348
503935738
809679636
211276038
541939282
949446214
803391314
79996275
371927041
523781960
45683125
612940659
866713407
216113030
107559528
326141653
333864882
52867668
936906286
950322351
797987604
223561421
741823524
990569795
430719082
130880631
748482509
850265259
405301274
939436055
708579185
131306132
407238839
402107138
972520515
675266863
399349141
13718128
365212253
335963146
759726568
71811829
337373994
454081551
167084365
977591050
411510339
347982734
115564506
487546775
605086297
800499866
684154310
827525171
813340087
879250409
650572291
258286226
4460302
875656325
277427348
711571745
622795530
779904169
613307019
39617565
339452200
537737076
333051774
972534863
519139579
831581699
615249508
184035494
891871582
516912264
230111280
507654771
525548711
591905933
127406851
354316077
293794120
452486410
696664176
362086230
529684123
149189363
761524855
905282487
110428393
221372395
809281534
179373053
435530178
378787575
853738755
184556114
484176720
1716608
889530018
686749306
392251078
386314513
664707983
542811605
114603505
472651377
331120263
883473415
166264937
489736393
970083729
623825120
210319957
777248605
882962531
560427153
370513817
557828384
331246114
489233676
596499440
960609555
565463534
188042312
646002951
464329089
591002332
887994535
766964630
124812877
530824833
776666190
447303821
716696347
350685745
97945499
341026685
363522112
115223311
234833843
571403768
919162722
413911936
346708453
122059401
593225045
131425478
68246435
378186252
216215505
622551782
410405988
344522396
904662671
657805948
766189362
775856108
47046719
685895405
208167547
738971440
169186765
864294949
571972975
618001849
212551258
753274245
387204352
226427023
754803573
18705435
556829763
668433647
832647172
27209781
645091665
553494604
763266443
658341795
200165121
650177749
69791623
35281992
896041431
365614730
952894903
936947748
843472175
845350480
625347948
174031628
408667307
779894079
380944364
881191991
98833910
534869422
951507455
764769775
819070379
618849269
431109284
587363547
616739722
779996155
798625734
728287677
282896686
641539098
410002913
508066138
859784821
110114937
285304333
836048541
358953799
374349622
695669030
583742095
370369413
377072507
259488130
678594499
320263997
608424427
662473329
64203708
799647128
181212569
125680004
198970067
279276318
364902990
946282046
236678051
26249490
807771618
817142327
790077301
348258223
789947366
502650272
408233747
864689972
823875620
391597212
758258816
729115308
47519619
97123370
711758095
622296033
402384749
345668788
324398695
239969270
110228815
292390258
434773176
375504335
878442951
600420026
892890946
790826980
21974715
885684652
452321145
293338931
965248356
717912619
750039897
953027957
654018486
794454728
854594998
937389982
714373522
728495604
694570855
205082571
232947578
184602743
594519912
563332770
11885624
586794151
509128184
571113256
815811646
494533272
555114047
148883836
182321503
505491130
853951410
827032922
867825800
774341256
180587938
709430328
21001062
221293353
679322472
316367311
801329283
47138731
207709854
928924060
165421458
469366850
758407708
480477313
15440536
786609752
778652603
884359980
338256171
569450079
219874351
634682862
12889746
994381703
227188545
179499476
746100218
946325
732350119
377614470
629349631
125359275
917743808
251203333
125024487
957372109
548123196
828036059
454976038
789197462
95868612
190557712
474208048
614298434
358958854
231106855
484723112
20359216
623517846
450674384
354815672
408130493
523880099
558106570
22211486
382959544
360378391
650210921
992853541
912738508
510135984
1139447
983573575
427638908
636616173
343676994
647929603
337489560
841986185
4970055
508953929
649313404
708594618
311401900
107590956
910439909
790652525
688667758
728498737
801899010
529682177
757430769
400324641
617987328
74448367
163316440
845314220
893746627
598189340
351946948
207881098
319693898
755178932
197218609
609298655
406389434
336462377
36318238
702620477
794455878
661778722
685889576
824714025
781282482
524329064
998267060
339971968
540478629
417748243
295064165
542192011
174733946
814609503
999677737
981355644
906017993
441627130
208941949
156911050
839335730
807547029
462336114
637427105
777701652
425266411
242474686
86997456
690863429
866171320
881509505
739002748
427234543
377463264
332111819
86677025
440848420
934648055
762228756
437279810
78958649
248379857
152583428
405767961
923675672
812648078
373335074
236298487
728422730
618050568
675133453
591053848
902578037
163528693
919056839
468794803
573184004
501465840
276660596
165751894
620853225
57597090
718779906
454286343
122023727
910213020
710885314
532411770
662502491
839864512
944829107
516195951
567299069
324842225
275292471
825963708
5967070
180560183
913242874
701588732
601651709
111697122
954669532
857596062
541086427
901159458
806093008
906420157
765760847
498385474
73265450
61351802
901045628
979085773
982509300
527658448
277279542
655207516
439689327
30620606
558759651
544622985
123242633
574378432
488676723
400750252
363032569
939435323
883371943
850613867
676982943
104591120
159259617
188164043
261531767
982550523
807547629
519947068
681707514
240582832
752511510
776443999
461644176
368235413
194224124
516469852
137163152
545702060
931899000
787633522
907775494
452635301
878726527
585387831
814155513
998065695
627833820
382719657
954022932
146837166
685157201
647984821
959365733
756671735
948070073
86429207
673247896
884952323
83694312
95111287
868321060
726136588
837701814
266116941
133040467
498368684
49335521
300196188
728937734
32395696
918656089
701508315
793552584
632198848
782041325
222884211
350776034
105137386
333651607
218496994
7443367
457446545
501299862
131461366
923769891
759202219
358104744
348322758
135891213
266409681
467881530
730177649
202428996
740631150
352279205
238940657
253319125
883158175
160475750
762887723
696339213
587875437
315144390
187001103
459945573
789086325
508531795
972409083
803701622
787310737
471829744
537379250
321761082
319569496
1088527
497979281
807913101
833559540
835107821
240888016
286217141
680326207
708857580
55826717
626809672
367965120
431059384
345219731
694196989
715547685
569777637
7975574
733462352
400343514
176605780
56445855
708773546
336548127
170382061
399952435
27931732
182981586
629234877
172837079
565873402
33420204
907768076
511462272
865378083
322242564
525613603
520949485
336357978
219853708
382493077
823319935
442887038
723440788
262881171
927905398
917830988
803401933
132186336
989720889
489531251
916169370
62540694
192547970
535909496
584851966
961160249
887706813
563081084
682200733
908895255
838663534
460335244
638587640
435730439
124101964
438326792
200298751
300903939
136099019
517315982
911880901
401407207
437676124
643315517
721366796
229066144
278302518
328622792
107177718
14292656
234641986
613470437
447744796
103461028
639360055
483069380
938848493
709233292
649142728
842426137
338182498
688550511
339114091
304106155
746146330
124571868
701500535
559058678
458436498
770123069
211541266
721117022
114888204
431584532
898980634
423512519
45863128
644164026
460221021
281019928
913765233
5020676
594231492
988208855
596927096
109670067
755963959
363955322
140191226
773301460
307521822
948433200
953814345
777856578
300547570
692777265
703022962
786097229
970712666
661832718
121852632
993791847
469923811
39440800
159423206
599437276
264700862
368143180
595321598
501902578
782055352
505379375
109877430
164931062
535442578
385287528
334763758
178090476
392546615
544911973
764124017
684120095
995862452
743588740
388704989
509571981
466032945
201369072
587310175
384396202
478315017
394792194
965733343
600760960
639803731
328607150
760040225
422949552
226140936
236107813
411087936
297148970
556585198
726050697
187591942
601917363
793248553
527574773
688430946
99067354
631604547
217792412
96433480
228571598
981219264
913318976
262423273
268220351
653823263
188490251
334330676
875111784
261658803
505178412
122978983
35324187
852754754
43943350
570429414
774024172
627824785
685637271
699700148
8740119
534663249
549581068
825152651
335600480
193775567
475924373
958177592
383745692
859132874
499975522
901588611
537271216
163497962
513382055
356255996
820629813
70386188
976406558
140344768
854635222
281929369
698363538
418381829
96062675
900817822
862203957
407938362
374096093
115476035
695886733
306211784
290634350
642436162
855991019
60834721
932675692
701197372
673876943
73911559
629072660
664189796
439647028
386566564
997414859
489355256
157459163
262712655
897666000
403707551
876017935
622624971
816048953
281319604
590957727
156603126
646129921
648772509
73239647
867919316
109816303
751340713
290047620
491867889
234672959
234178808
129703490
799497306
375676419
997327036
218800722
337506139
842388703
722595778
848927793
736344754
662780886
66066007
492987867
345951529
86998846
897204558
700096220
80536340
56952094
341312459
206248685
688546021
917472403
724760829
93066057
187925687
408510787
538257778
423377920
849810432
785827457
966847332
653016018
570731963
621819421
264440978
860674856
617728568
136764728
859694285
500632512
822710955
19426295
172210013
302884519
605850968
234837712
368837070
543797932
355277771
210467892
700190798
343258303
107090208
54403264
989604393
947436099
810547099
223787102
945849095
381916935
49015438
735370829
978326318
781584997
226632686
43129668
413043037
741092454
465107986
341737678
292001553
984928740
950642181
84075095
363661040
930813304
439811555
471962063
914204610
277212504
175717487
269527845
904232755
713302870
457362394
576042568
415729331
111235546
741418893
321999936
976038684
876495693
726160575
115911153
216578670
650693858
637595904
815441011
707321906
752765996
558721419
55249140
285094996
489349448
518856871
695588490
862977635
372426135
581088910
537840388
855079129
135802894
453905875
706802508
608905909
72182858
314657634
73278276
4105702
821763819
47954928
480545301
111368024
949834032
823817934
6068362
22751579
477080486
409289441
920170521
293613048
9904645
709446089
612623314
798993908
472723685
825215063
904346550
697748105
647422471
637122501
154924346
466499154
52133954
402719735
727767073
741777938
509673510
731542408
440817942
455486107
937230222
277210578
840175096
598178049
711034006
774983193
961345196
803697540
101371111
608480623
46776014
878395660
378845355
481889961
810326959
714433029
711502449
782782013
255609167
146973966
585150881
412529308
407488160
96721022
46396188
49744871
900807957
495303582
702892593
612359613
681154775
682716866
390844527
631894409
845337430
941766262
188696576
50361332
256691477
994739159
948220915
146853124
138419172
498865855
124195334
161203343
25677183
576860882
434387969
264003029
795246416
700121255
78735642
792535957
534280454
116200996
454641169
87935124
520792583
827813690
922652431
281176977
827810244
588302093
582230450
578130522
527357330
459281381
450290942
182105099
707612912
848776090
309523995
698313639
145148347
598341215
540963263
743657185
134978046
751241640
175101502
614741151
409603846
551517199
905110512
553076596
854375769
490044498
301957540
232425356
839376888
414376680
330271144
931107090
54113137
286365838
683299838
102165612
978743921
913187576
371383206
232980080
842270532
83269104
237695260
180341900
472377224
544931303
434498264
764481828
886085174
578647119
710732685
26655348
621174125
741743840
105266730
661144007
628670272
835822193
709459114
865072119
887050126
439600325
194528979
982306791
388375710
419345559
791384481
887021999
638495438
734311822
334300323
710456449
901032702
803754855
435101654
671761540
909200994
417041271
973210425
513127230
891783533
427790294
692163739
628611409
447646291
540001422
737161795
688832754
873673915
306978303
722205615
598154915
125824374
880897864
652702880
573639058
30368063
818614809
562318659
307175296
963107869
79319188
637178119
510327955
740037913
338938104
743843680
140797298
301567974
218328824
743825854
872252539
714482691
940659517
656060184
502903638
509960242
680620365
289375067
758763254
980889047
224725332
311354000
15723756
655094473
874573468
386142059
107029011
930855250
286983767
766547112
634701962
977024442
474778141
354519921
557137954
69252314
19482724
392198509
106856861
249437548
731049649
55199474
319672664
981652970
410059698
490439916
532440896
425538450
680064584
305210729
799421374
258787932
561956638
699317133
76593596
852650197
371224275
863277502
572943959
114855948
645317995
876599010
230995534
358533063
642413089
432938491
313402712
355710843
105191127
135930958
741720196
895301181
359375791
801330089
443612161
880892081
319101108
769253984
911749065
715231123
742642481
701529247
743264424
489459629
896809733
342732890
486272380
413500647
41764650
218187896
754285789
496305333
786870314
557523077
120796854
681069390
343202126
614909397
898988180
649274733
67604643
715722867
994799522
429947237
579641838
438399485
677595310
190472310
127617307
348145611
109328358
383233044
593417479
887192026
900715571
55389645
61947726
719374565
747581763
46887444
348634971
570624268
430448526
215645545
74986669
42243755
660697097
435376878
60722168
652578862
668437885
460775408
372228681
538220983
540983873
922150967
805383115
702458911
114115131
281638128
799335596
699274703
302471791
867859869
301415094
647201608
932971388
624615670
299843783
702414282
361921636
715092673
740110639
76625994
633405742
627488823
118710581
25002874
515942921
599164052
689004763
432803945
198859817
688451669
712560491
27303486
806680452
708768757
100743030
429350629
17055855
66826256
290374539
477199776
502446427
235193117
376842639
127063369
914146458
481757899
847546371
993046469
7521907
375405189
634796839
856782580
764562740
483589391
102478676
349076220
379625977
22713221
623981073
644760433
755961426
832683139
260075247
259096194
969823458
279675046
781245345
736462280
321466868
95682759
811419021
609582588
962389751
514406293
130205095
924810262
524754210
382234290
887340296
92652485
299354314
749253062
696736106
780551880
240038352
571512826
69411084
36646949
702978011
339387386
379702672
764722010
383076066
634603359
4725122
766366897
751312877
362499158
164388507
465371567
218213418
758558433
587228022
408410775
866565493
783511393
180797631
715934186
812701318
938478468
590374279
173343843
744311181
171354998
77700404
520028071
681385984
457176175
747581763
50487766
753435277
123080248
540706655
159337659
123077431
554601243
407786086
418015267
942346313
703983095
121997118
915009995
278993314
585551250
497074059
542577202
778633242
165298946
694782936
745238336
96330752
452198244
246903829
507558478
239176689
905724949
790910323
388270204
969410531
20278396
977145205
307908221
285792551
542740508
80378284
331131908
683291156
175582104
291516126
591356109
779190505
980321419
397130961
681618654
173791297
252539762
15759583
253285618
215928163
38748804
343322519
736931388
838815502
171288674
896224591
274209949
863391898
563235805
257959463
58385120
583552134
208370058
107495755
870080231
885165568
660931808
234908262
93415002
658469742
125009187
773895510
750209122
405781730
640986664
768680046
592138192
701248565
418748096
277431230
295678420
280757666
916312934
172287570
689318664
155592776
580704283
653044060
459510344
821533725
2213065
856744719
932408201
240944919
11087417
343245192
114871375
170873
757772925
414023409
21873813
40153809
480125205
234732540
269094087
57496167
811428115
369419046
924389561
548020803
99852069
837257654
88086226
827589140
703606014
944885225
710797932
697753922
736301979
193712650
385328662
242116775
843446726
290069259
289072678
796624356
87635924
529255908
540032196
969418184
106458129
173592690
141539665
761020930
390546827
982248805
752804489
537258142
854728758
138600278
148181330
310572264
854451068
719693392
403448407
341586968
982889477
344417488
439975899
170673670
132422441
672132041
167200982
270924082
774190199
892744950
293838550
574067379
798910408
72835951
555126171
423781987
963730642
889828567
726795110
370786091
211082907
984231227
303507238
979202292
818846195
188069647
703377024
577370438
856715924
140185578
231329458
637189344
371711700
875700460
600979501
814357709
116830090
359416818
636620337
884691919
43883805
496845571
806416802
980707939
250527146
817136294
29346789
38765303
328434411
10145701
104827209
583863008
886317247
60947084
165819314
314964954
546058151
430131662
125762491
501764507
604556244
661214292
642781985
121938125
173774978
144843934
220972696
899649851
838727783
594918516
790504915
248234727
189950892
534054084
548062220
876688020
548003636
813899671
685080726
109240619
534438070
678897859
394859703
849230340
320082782
29183535
402208442
583224607
280623710
108624019
307641644
874716295
381225521
689825976
910563617
719913432
501019759
613152530
795868119
385383788
147558375
728082256
681757299
9863767
564355894
366773897
940251143
638921524
114083169
315167754
774802271
792105073
758833391
61546439
783236749
881051486
276959845
221753159
769847655
91987717
923416281
394389073
859385387
763188623
182205830
368600232
164113781
3679380
812694928
868289788
322247800
100982752
479375416
526280639
102950610
747124598
370455207
355853058
398317339
692706740
229438698
939464678
690441376
480978355
785086896
834799366
132802316
637608003
870447394
105433186
627844046
399446835
369441772
48325686
68353423
583774827
69550219
718187840
868867808
932363586
296921641
2598000
4831349
494640776
291108452
591283995
78791599
215832100
337874449
343134551
968102585
473407974
341750057
882056937
459629484
81171562
914081185
328898641
395813259
11427063
660851775
857061842
562859411
435545453
280612242
651556716
62204967
419490518
874367615
808078536
19761455
511108194
644663972
329452127
695256687
210910341
257878225
950977009
47320735
821043105
566959601
477250997
583031726
418964252
640031955
525974242
541433577
129309489
754616273
11798243
984490885
186879592
387459424
774182722
740903805
480478493
283518648
640261212
452851976
608769777
374727135
929331888
999232078
194769994
974628365
510559511
568261626
734119235
518271477
407860300
394831488
308091147
528633449
690728578
986401616
19499626
46745135
845878474
763824294
770292241
100288325
846438544
722620614
333704220
133081675
998624922
708056041
188127805
703814908
640706811
481061380
365439876
531318928
815869737
553620502
521066510
802264403
871894394
647569193
853345448
150606584
981609513
656258617
280775699
48915359
196519087
616473476
729517151
490328503
333282604
539783893
459493243
852346102
342711430
365458733
66611016
937145689
891797658
89639914
846247853
135598663
975565376
820941527
290455224
667023172
384088357
569619503
159900057
186343465
212900435
181073332
627586994
945865091
409050878
899641614
825644933
798774305
787201939
242761418
922463663
819453547
377982539
589199924
66655034
289281959
968868024
906760520
261257832
834547824
612648799
744686589
946322375
997622274
685649574
16529069
365999897
269423479
163761698
695469039
699936215
741638368
943969521
628885026
840304426
186065017
386853845
200582517
820085627
983170573
348337516
589932105
156551405
969192192
603930247
282353413
213638808
143539064
409249446
988195802
397103453
798327353
620580563
326897263
624951622
272433389
64279812
412075994
437943686
448095535
137720500
353588318
621930381
853418193
242527893
840440402
326894359
978742843
105432824
491507378
811460872
198788377
935843627
528473402
5066688
650226896
717643133
343305973
735639085
231397393
15388693
268721814
492671254
476134570
216980614
439096672
581422197
643993173
831140414
166653476
228866064
31606673
837289493
125562766
212569373
377685636
583325869
216297053
468254990
607844390
502623119
160390388
663560735
846478456
657886233
483343277
643106726
175020563
181754136
506231169
100548167
942154214
802316437
337477756
810109428
811534760
216201369
293505756
570900345
943942461
881072476
779863002
943163261
234819828
636520144
90370578
153877595
319301681
193054182
949049382
431103451
984782697
755084479
247100077
552009844
245510099
435536914
99444616
394227702
717351837
16589311
721596781
46065038
392280230
910008448
441212137
340580606
578454524
754656426
917942088
478783525
635915649
7828295
856882706
73108918
929398999
678917049
360753789
200499119
542484495
161888531
462388166
521773574
635721361
348500152
675360300
294686355
708688569
161122294
654144665
897340881
480575388
94637428
497842859
27936150
214445225
389128436
972141812
767146871
273824158
718796653
654675817
402493841
41674759
163658840
589924153
538040211
425362148
606740287
286874049
237964435
619395946
989510136
378996506
429398251
977812245
984255338
634156243
670483014
351892267
831885413
469899659
265055987
846333864
459325473
914459894
533401105
121903093
903023288
422033758
413668478
801112971
622742645
688718523
485768707
930687146
927572038
687607263
985478391
879351256
867547908
509620495
554586499
776780881
46169453
94160880
366595728
196680917
664030841
194069376
242827875
187723852
252685191
483701590
339618330
588090098
980002573
725041852
121929928
346860497
539356845
163387734
582490889
347897732
707466925
498233135
223816428
251100145
7187273
937875407
845112142
860853001
473010387
1142548
573462477
122319951
954341308
580751144
793499092
894136920
238980169
145772122
996923895
946045131
916794519
83541129
812862162
841803477
198000720
122846681
551561250
540155904
230328005
997650957
664566343
498543205
85589994
700545075
379808428
997148350
889338670
235783468
579292480
925278253
269654512
230011351
994706424
643739709
576813080
469247580
395257122
495397292
214798951
637631049
104451763
586442095
851490814
15783879
563497624
368550784
765287989
510601681
101445698
7084137
809589289
958363288
905782430
265888378
736082775
699815531
139337635
524064982
27613962
167586361
49785151
211661465
353219278
816341788
164841894
185667163
306327614
894171565
528243537
688240797
36899252
881605164
303833304
890330862
625853229
191341622
755104433
306024956
831642708
359450579
435391272
156594580
786853533
483041331
864370316
667217856
890532344
211906551
760362645
414225329
64059039
335439597
3560938
689465575
581403309
26330553
968067681
673009306
522641909
394802012
866938206
733555123
618717068
313439559
533414464
782764695
618519566
604845292
750050318
80155164
56223913
361792197
14960727
374427008
745652840
682159881
929100789
584305346
77729625
326571203
718574333
195780224
484805374
602543012
23813634
962802691
507850723
331504407
200220431
551795666
306191141
707173046
329961780
659616757
236258976
610369463
708017343
494077880
414114368
350921037
935512012
994909548
743400362
534322921
751233137
208710731
484293995
906160292
205102771
803224830
151202146
479052124
857935552
454114320
258361417
124123168
193272010
2103564
435870568
835080080
71202684
668115305
747481262
734082354
562380965
527452310
246191635
741585927
663933887
76732650
429214420
725223742
411450797
866182496
52317961
755054180
593603460
734183674
631543268
184246497
648399530
94421095
69026353
568156544
870362568
572519089
82303463
492477109
833712540
646710405
498405094
387315963
177136384
75989844
556345653
640477084
82717015
622385870
473768169
250534422
111432747
416020693
559153268
157783253
32094593
99211032
199106478
791076169
760083896
58122958
24288932
902475519
113482304
109968033
280750693
45883757
867434756
145238309
165299082
922340758
22984326
504216476
499252596
972468871
356030247
699954583
680178391
977474605
412919979
173699090
163257685
150883891
552784428
545699793
702271607
764478639
770742446
24538512
548833320
965455102
40422264
826199092
886536214
604764504
962844134
431083913
934062148
757613859
935512012
998460782
743959524
823135988
700825786
642440593
116417128
387516881
624731773
238526040
888981604
498363211
446531619
834865490
33327963
748630056
155614591
848880352
978308371
410354393
618003311
499378790
924072620
304213596
338924917
966581711
883900578
262013220
323168489
998164576
313660704
949649363
884186364
547630506
656588738
226108734
1849471
402202590
935217317
561744788
525394695
75481727
231878019
182277537
701105874
79047566
37033078
338654014
511559914
449519532
669192563
999171357
272123994
368425258
415125442
970670499
570830880
910904833
349257261
415312614
20593595
526387132
560738451
180864325
596768455
497416549
565917034
301926290
582690996
11489979
385289484
995897742
984141912
380257038
122186236
92266769
156885615
201468729
356734840
635080555
855235344
442223565
203585778
305212120
457225543
400522910
783661818
377206909
404532621
741737913
185341681
443621000
220265827
225999972
171564626
927020048
609462622
705393217
483024638
291719415
938302210
877169777
983876952
210601468
926408125
980737527
332146084
898388896
344747199
207038913
254969019
475174685
585913634
83190290
628867130
314821208
499381790
476569212
737914304
814697609
709828150
400381780
109863670
534689083
642022891
794616970
608773722
363237902
19732008
605635127
172561829
115218393
683075923
924938683
548485432
93721329
559771171
400030469
379212730
522882658
49901471
142080892
764581048
272586631
19763893
928720238
837379688
274353943
533960866
424633737
956599855
783615306
814575402
742970194
92570429
400241676
64809782
703099098
790014160
332779637
808136092
46161342
580255970
241266915
717755690
848495133
873619618
521529629
277390099
59924911
932065332
592159534
489273036
368236130
827963407
890349306
117640376
40612456
603851864
630158181
879769177
81738462
31317859
78114477
209688052
497626255
196413496
580052751
382953360
4653580
54917951
858285051
504929980
223089663
791076648
656574233
8158932
644990060
886636126
715985873
666338916
20131970
191013693
292090031
624630780
595358137
562134513
297911070
818159502
230619630
940986832
109054230
971846840
928240090
262119243
689423097
176848542
280391958
827575928
259787056
636420844
955444995
963663759
270825215
287522655
695151405
403975054
93473215
561749935
408190484
172038114
325566753
923001848
414472592
219205760
563858325
554726981
620008219
896948538
35193547
105164714
587575890
130114896
597094370
647841765
80633000
23915626
737325529
482326845
226496854
322734813
857055995
420852812
93585632
775952231
50252802
80141943
699651817
59765291
514175124
736498772
299531833
964451843
628558817
931622070
340193160
223990183
29857720
634347350
386234660
865318507
526250344
442675343
923689591
151867574
494576509
896856181
366416998
147177784
949366870
664813840
478794163
904377062
383897854
810518722
230342763
918347098
583486513
360318127
86341588
954145972
693444184
659604995
912331109
944304192
293874399
17138047
76918354
695544083
983649064
291096485
127655161
897238146
430349458
132510800
696831639
999659448
652068986
584808607
803855278
150658819
713922679
436063504
609147092
621399261
396662030
290465133
798972690
478098373
259474510
915451315
512184255
469728541
659970050
59784133
79430933
140910053
192247497
879649389
67218017
543849751
381577242
248461184
307962965
891820532
805647708
542094375
51707238
473085073
977232555
651847875
995423237
753404671
216342254
932151774
771761108
67526880
605635768
414329503
182223322
288436903
989190431
617237100
242803830
399623201
585083068
545428673
480515072
162625364
803762867
788496125
944561193
68070036
601307089
212642858
646480786
559042307
337868658
985620470
777309869
132075947
755230982
996864655
927114050
621950610
312976137
625686807
814874535
393667670
40007973
127815434
532653182
451422463
296192142
970195663
338974876
29050320
593371943
167143142
971649609
261832250
904939538
487931380
94502517
286687527
777353342
969805432
368543140
804257610
723196209
108415337
348987613
437361256
529649837
983307347
337773067
246274704
509597595
930624652
475751129
750194234
240112592
955793343
826468411
921972495
783705637
373077759
529957983
773566332
585866001
950085211
521741324
964800990
403115058
371953510
908365021
289056323
322814568
627995417
489992503
478604704
694321937
164757452
16198076
373981742
343223196
826846675
43588713
14157940
337677606
744184966
941585785
947448913
593997689
410723253
391774742
2597962
243209637
318181246
141533299
954454709
524953952
738156216
687972190
986602014
922650932
963462266
365128120
471636179
571407815
639742290
696706218
624116110
511423378
435172981
147436122
261640323
842913271
667078621
342623563
407898117
720542879
829439617
845832990
281722593
605142215
640988983
706986687
880273238
664550328
620492938
926075363
198583017
908070678
21932080
206767182
207435855
728284763
239849044
198360486
635979154
202158974
929265967
664727923
790690580
715976069
316912950
268579706
197805738
56274308
626422198
634341801
540108386
531610767
564061807
924994293
453511855
118702004
757011986
156313634
511175416
633005515
158724055
371374177
775813664
557893489
166439325
992288986
680943478
748468571
983849008
122760091
663150683
405384088
835187337
93598006
371814313
234311138
848244396
728577816
765869450
704323428
976343588
836811060
511403239
429182261
15276114
496128151
953567882
316236326
726557063
870312283
555161274
993254747
447871233
402141009
887168084
14929860
467550827
365916897
988832943
722221356
532189868
432392397
190845718
568175472
180358492
280966851
318489306
894897173
457275499
401667298
885732540
217065167
103409825
964949969
113804584
366459877
705125427
299673196
856791042
474911581
330775571
235426917
84801954
248748608
584812472
792197279
874829782
686759405
623760922
842608628
858257799
773524625
598008355
410463045
461837854
188715088
746566772
887059386
157854630
222114930
600627646
967881319
553399523
812706015
151753851
968757613
951356582
535356480
358991413
109013922
308894668
708834155
424584903
729153990
378267950
884717168
240298177
336891547
230298587
362194705
546730581
741035872
267148177
916437794
196238913
630764252
796516723
662908336
954192047
674793990
980369287
736316624
931904999
569295318
112737341
116797626
283637671
394227702
550957695
858389037
923035468
184614902
778255884
755879967
619866799
109208597
170444119
867855866
96254511
188573722
993006116
747546571
28588883
310970293
131215552
130576948
839671239
571539283
850588027
648207742
576863289
708877633
761774024
491086329
759522973
881506021
638766880
368695732
147265814
485204572
442252684
642040095
147573299
145029399
830024738
606034909
639199218
633877519
647585587
866833151
433658158
658550719
759941111
329495298
75481835
866953339
461537383
831070453
778537258
381529918
821366636
407978927
749998007
465900279
234407496
969878821
212148913
709715441
620972983
8955718
636285639
285487278
341335116
201294686
509445054
661432009
618774944
970163036
529319330
535206220
800888532
634395065
899384760
26926608
428295724
636805993
503877215
379670316
651837803
52040695
157360561
197585118
123466680
823002435
304354501
757813456
479396353
850016726
554823934
1850849
276394926
330500414
991067761
591639044
455209632
369968413
690864897
257049027
962462489
844380926
398882429
305335680
916355235
974045986
265328913
162059153
207549644
739852350
552412022
513458029
490400877
904772735
181054061
369198589
757954093
683504029
411704734
638200897
79663381
56036520
228384793
444464977
223359036
46227588
356489146
162367722
702216693
181198476
585782583
252693459
940750004
561012707
387490940
343901038
953954526
550830741
821807123
663276998
323668870
316535644
340112460
228998649
314106166
279992461
109328883
180980980
225797881
678081485
853196763
563349770
664503608
732707586
580691133
349469278
834629384
440433138
989713207
447950727
947552612
791674177
108821894
348517626
370965337
969519579
999958023
870440161
190623430
903362184
18395478
562738544
990776134
345440909
500453723
177086774
827515361
965420336
39331063
608633621
387740473
203564370
392019027
954073840
233262973
804372275
81984079
749430182
530754360
680403426
441019963
969934452
155205738
132405641
830772347
622484475
290961096
644359566
371896077
919089416
299849131
818280223
360745699
941118143
234494715
392784868
171864639
442113235
570821813
581945440
220617633
886360103
30910102
703017388
409161196
899251947
158280804
521220285
248821352
650336733
161842020
153403798
477847716
780217609
735935510
806386372
116097383
294430591
145075371
213203012
189880815
231174550
503058692
909780800
862558391
128112037
843321499
456555306
615222125
591651072
693821058
911089278
904902043
711316693
713728719
908218600
90564956
685747692
690069573
154940362
629323266
468495092
633192517
533364764
142635867
209851355
752173860
77700271
841292424
203498386
926745797
527095562
622231024
44020674
852389602
341039594
443968891
268672526
575735913
384458565
702802193
118763539
539152384
406531409
474318803
779404815
326766035
201544059
30107044
704780124
218853867
171716272
546180310
960578171
71456204
762392819
649758464
712990199
14279022
240622187
303499788
931871404
740126385
559442060
336751277
214095530
181054880
863927877
348686239
466700415
297837018
452347625
993363349
649441086
911357586
349433043
807347085
745072570
955382992
744144752
757094513
343297107
99476584
307146932
653285756
447986526
88242898
521646783
44337088
507528780
653362935
660007
465499709
903587269
438435477
713479260
407283318
233864692
820283137
215344612
639882659
356153586
84379317
539276000
983291550
878923036
57854536
15025906
666463557
781830061
229210455
292567863
864460527
269563790
570997807
372966754
673176830
386682391
295261284
430774676
319001869
551968964
319551750
121252097
928083071
399990423
291647121
911210732
633249236
263132061
174281749
192218434
748857993
978547664
901899362
719043865
874959010
884337914
879057736
602977915
423210651
650724973
884516780
604209716
393939704
13298356
743351437
833999971
588212882
228635079
80069544
678919200
765496760
445340749
688550511
339116199
304172103
921776913
665914898
352952469
369866059
425011927
393806239
842390453
573349668
533247138
439421204
963619408
182197210
93164294
827557247
980355075
261057042
932540893
553429816
658370362
642366802
745696217
965164797
177985367
84468791
505456332
560435605
718372941
702652430
349257897
50070139
337878183
346064831
413608642
679350650
389785605
241069841
210555564
762381838
300394254
230792344
146501670
413386658
66016449
769052180
118729066
647447197
859002437
27597306
665213988
163279023
981520743
417617602
732823441
541261013
152876128
112495040
126343622
774245586
399471706
793017996
483934602
621767286
447429143
561675057
516971680
94633896
424786740
738201976
804132466
392694400
749185550
96416867
137355441
129860021
370636717
515620213
680232492
657684811
174901406
988632497
898119019
65061589
935653471
662578885
124656069
540246700
880746920
907889512
16414394
853808519
919625233
219813040
278681098
575972200
180936216
53357345
441744630
264561399
517840519
731975834
663508851
440627199
511268044
832569275
65872904
660804810
864766577
721976308
194879007
732281918
261255220
696053126
514507966
723153476
401638392
11306552
503301349
755005900
27490555
532874420
229850696
258564061
681952400
229116097
147278040
582755970
853667809
226338199
248414964
400290920
721709302
404254172
190768176
400700742
657079785
505764216
280703270
706961917
909761714
406792767
603066120
547550226
185900974
446147463
587899624
532460645
635311354
159704036
411976946
984140352
818478235
484032615
299286645
270271332
637885289
228633735
18046886
218362340
525758602
152825574
525825629
999980037
656810438
133350592
680982472
511936524
761976773
416887017
71106862
820390248
516147305
683918926
816976663
171797721
186360583
174937417
516454512
501226123
239220740
459455128
579402907
802483704
449717106
98577226
916525265
13343837
405553289
97220576
19481171
647517901
523985038
43206586
806494219
216568182
605841865
813788829
120204848
596400242
220504773
666908415
832938547
757853484
759535289
33699869
637678355
866473550
732421564
551447358
52132376
745734274
730175293
973416329
821505651
444922858
359642198
31610249
871948030
434422094
390270667
446904515
839625341
373200121
812940220
844302874
592291037
705984344
567645424
972903704
290068442
586129395
378597435
309344227
55364834
564780855
741400692
599055874
901368219
878116317
788528216
123953028
700126521
283646854
197085820
367041567
299539148
999470668
354021221
535284402
994423667
446924891
430029800
938253375
469027165
379671627
767122339
870781519
876915891
48574045
950740096
537756379
458587456
362227330
503511526
742050913
914446831
219593413
327501057
535724707
212399472
204289758
217827146
97510466
287530499
480364410
449891653
839294466
909636991
148790249
835473770
372079807
788596171
678795020
929572288
691604407
912496075
361771325
212409088
376251514
279869797
454784936
711367574
18902858
809454438
875195734
701956229
216013796
523237661
8507230
21058855
960960515
254252438
472303518
597111033
291527720
734311335
430117759
447381098
760844232
456220971
885189637
363941445
142862960
660562314
524094974
590791792
310543497
664929472
810620110
50494920
989004249
104190492
802190365
231067404
851514620
888200639
558565146
722387061
999629926
6187074
54086141
222316080
692893049
619437779
839265242
742288154
671900139
413500239
681527912
475309991
477192236
8209176
477553563
989233534
549588438
604163893
697481538
410160360
782696811
580298088
556276972
186245445
561744991
625369584
222304613
758001770
206537263
625631186
867059475
445876291
279525975
708459178
665742371
424678945
762847750
849397643
950176210
35471671
645866853
244724679
809554847
984340868
79911046
933232173
120286318
440526614
1305341
480933680
475866413
410879462
762461914
981299560
973946605
759266953
535417000
469668418
102422228
393795672
882922159
307596089
201700293
748111741
813771384
322187969
38550509
25815404
520304151
125379976
344746193
93862591
337369841
418104580
785007363
994688924
454101553
676819660
385557026
178099742
462045014
890415810
389568715
526948600
603838032
606263624
734260282
110493119
123414940
606991775
519146999
559533003
671277334
546987388
271401121
634424921
426417371
835356642
880952672
277136744
450360263
575481227
329107890
541202572
289693727
543322117
826133688
576302851
737229614
706351261
491384278
895581125
939354206
910102998
928040014
984487800
735877463
27258171
939784890
994460563
925828164
609390283
63570889
581845433
252470309
599677591
461743453
931806631
377141695
93478239
277727101
832626279
287449822
477867033
605899359
857273067
433053601
671830491
702131552
744456519
301634636
129362659
25025745
644340389
6778934
353466196
747665767
94591416
695019244
194080804
338301955
95367802
399273339
982782778
254405363
673133602
580881984
236605449
895378393
461407717
445298611
96680237
127136273
729463769
619221571
81056946
384600232
884638402
210357973
135447494
835826070
698847278
982334138
365709101
247749704
866734633
655446703
929843621
862946767
612478768
823170031
391290980
263212820
893786100
993022381
221465477
235639248
92956476
131675096
523404742
47990026
11957242
242518127
213574655
845805342
179325661
624789653
957021899
384284267
217273382
57066180
251098826
365718326
804846239
709478605
175668986
434337934
809438196
782560576
172103897
121788516
724488207
250449018
550586731
480333205
762071133
760782928
391220863
141057900
286788960
762299074
463634454
649702824
57629116
437862800
360407457
566281384
256677240
55168634
552297639
195643369
656209811
785992568
12869572
969434480
597229951
300809847
678985648
386543805
928789057
541899533
417744496
894385888
515844501
120903198
214769438
276711641
19537592
248591777
494591350
202382122
892702174
128972260
391904911
120709867
308928473
441967285
923574467
524133089
909754322
74218675
35675582
560222165
185477636
425231130
479416025
816372927
726379731
191438546
101017709
95924271
491615843
407918020
280950641
329964237
573871690
522140419
682266336
813167692
308307857
902412483
193702020
131257481
944365509
209112572
148749231
385051221
162848409
650895430
999669417
687780007
997710656
96885590
967810517
610382405
513020328
251977847
53700279
456260764
274228110
372924336
393098620
677193507
386760522
217827146
30835249
224289423
514412787
386513150
874666615
447211843
995571457
732765126
552047093
100903468
933846433
353377828
846591786
589307491
498641583
673033602
886141478
54985295
690516053
562920479
673610265
304593587
314236040
573876388
849058834
206096619
310899609
943800133
877598373
992216565
292397540
63068490
332194444
998603411
743372569
492594059
600577591
380796762
223511581
669559672
723629990
905101418
779617457
92881753
713726241
247077500
418647671
444193386
26979933
12138021
603082636
358472979
88038923
517445790
658693343
207732786
472889553
853733407
206663807
524583335
771215451
369051380
215639737
400392768
638224263
826892366
27408226
182954804
614176270
532749238
447784584
489901877
651919627
766512028
384658036
258512840
344211514
703525886
748620687
81777904
102137111
332265503
943594924
107316786
117976303
69286739
64730491
421352516
858931792
739412405
595171945
783345355
530984385
345543610
56633134
514309386
960722590
478446565
602559797
384911697
563632961
769044663
742519853
505942658
520439390
697073626
222631768
359551718
866333095
423359428
19081578
830881947
416787323
906531139
447334054
549492037
738941587
695328686
860663437
72809089
115463707
628971352
158849877
388937001
369837863
672683164
497208373
821654397
251831006
593428359
734106934
82172932
315745980
68719055
916858108
760433394
762881333
216336759
271523831
131678528
427013804
52091368
399265061
145601711
541090096
541698325
190410766
567419417
938966612
452834050
532386519
71015662
311330420
51429564
737653556
859645456
997494027
101017056
856354075
17426571
203134993
289685401
325113079
366506556
248607627
277371344
848735097
537320294
663424468
792494045
12366011
757843694
683449528
443394962
939084980
807978335
594408812
673548092
131132554
11828951
493309780
243702081
888878102
526078597
236746329
88510474
945677094
978900550
327360191
90774099
496663365
749880210
379385675
203909238
705112590
755381544
41799077
628178907
93779566
760910260
937233544
845791736
93187176
797801151
227145944
820219005
923406769
300263218
696700083
228553107
620894932
214474174
268593908
198259743
227681891
727871159
223470996
36154106
458498317
423089285
433988096
801669628
190715797
479206499
477866752
653679500
551084005
870271372
867883186
694428059
202023338
565142473
730986452
155358288
947746801
6927787
925177383
895646895
724236284
163933175
324641986
683810345
69955430
404188844
776635790
987552486
134949812
974924256
984121896
315955337
451227194
27252732
301335489
612257618
77913510
205639321
10410850
979860498
720543939
238094345
947957397
173360574
302637874
514872957
70247560
38791847
821292600
263805390
769244056
183804227
446725798
720341007
619299579
934973618
33678226
610947061
394292150
933572595
32504067
612080605
107597544
518057179
846336558
521585331
712164146
213547486
190449869
229764285
213599170
65078147
632343937
201639931
676534600
844407344
656292186
72696670
667476913
506227340
585077716
720379131
962603470
938271742
745777579
350926944
759062402
317501845
901579023
615416171
426412587
462410969
904735021
511262328
186166412
262435703
358077396
713817351
750764132
237951525
732896583
868059323
16278505
995870660
590828705
879611469
137009699
869690474
215173991
574766091
549518662
62798466
193534544
312860982
293168809
980263318
915069519
816138522
957615502
270679453
622884212
442619860
629932652
571491502
729457689
470764325
234376689
928702541
452360654
327641050
491085938
568640045
131106625
33268232
393039710
973920492
802467301
588582036
39595800
352481406
542983939
780021899
637467820
674589064
682737695
859190050
353731767
536223096
961403611
771000427
317950992
820744306
178929386
961117631
583026880
536253323
188969360
422125780
652921177
474176254
871948289
131937351
961897628
608949324
733223130
270968323
291496625
976716323
284731295
585786212
713937048
2209955
236137143
578744699
419884108
696427497
934231690
881908792
85057825
801739662
479236489
717460258
978769459
531938228
734328362
987695492
833812947
422038214
234907057
528478719
254681531
291093136
612132891
633954307
867824640
641909167
309251853
802055118
947961296
175049899
674917050
794263294
408834343
172926320
218198917
600483146
406643579
573697981
372792211
897474048
611909026
34486154
857055094
421470224
916780765
545768807
252946704
255063214
539016008
328339317
367494347
733316149
363644557
301489502
283026253
741490269
737062081
640619280
594505346
312652973
85998533
197949590
59863877
647008913
3816837
897018261
968732639
600971732
510556160
791605768
877605354
413865081
420979728
784068905
707073117
865437705
734270594
370620190
643773701
524002156
208330765
447399606
717791276
123271262
700429354
259599792
195316162
730178397
510834532
740556483
857751467
89594080
65380918
115404435
138149487
508283377
92843056
223003480
504266714
911633080
175032407
297742866
727906753
482304914
375225367
795281673
876707570
530774943
706379403
242723654
98752837
628260552
795707380
278309700
415851573
263854903
51243661
446980812
193694020
352523420
427195544
909449760
416032169
489762591
406282283
585568983
658797010
41452505
811905803
957330622
714843561
199808368
153310553
434585037
817113037
623526360
522354582
319490259
998356231
380995012
483589949
359592811
714299338
366354711
968968171
175108481
127694234
449750797
683084883
289272141
201761022
143226176
231361778
877881207
111512287
188164371
645467561
901810276
179094227
323375707
561713702
616449530
520095929
689896123
173446860
56441456
522234970
732657238
394144894
5058776
211313141
612494784
583695681
656598806
949291269
651005165
366425291
451150267
648569031
47175280
334289349
365072604
798237328
365151470
863389258
383811765
680068620
957424054
813356510
482285663
616914962
874201235
651986081
952109176
142505705
461178937
256459394
180259563
325722751
897725906
678431191
867109914
225375912
812851193
861391243
308672893
443687369
540973946
690589050
55146840
350123335
88564381
682352110
92301113
139383400
983892577
723756798
108629221
135243729
657032057
32996656
370970374
5128414
556531366
38560290
800902997
631422979
38705386
859601371
613151389
748794869
180020946
691955048
510950837
465089109
601372484
906965096
52672874
855834581
808623785
389240105
812465887
293781219
898787709
196155988
946477078
386246219
47469738
530474727
242785520
443192224
166089376
341649499
6223134
74260199
921954287
883766213
436790901
406777823
194679797
222001156
183401780
825754741
362265396
390451274
300852813
240649777
951389716
590602458
535325281
381650753
728231096
432646976
998767395
503513612
742132459
540108883
728214767
613188864
219518430
144571607
438492632
256180762
152637192
845294471
961131984
517727046
973055695
292062145
530842517
682939942
277207444
699637883
563875718
664822215
839546275
411584659
674492221
847738593
413101237
642010848
710339419
435891869
128271791
2828505
577695697
588128114
274216659
287383593
551778910
896931944
435251083
583123323
983623093
756736072
398167747
83407321
102868733
298869004
883781960
437853927
236382734
739440666
367605381
159263996
740928079
631681521
833682709
338855414
340731425
699157284
870639224
900587023
13399009
664342624
839241627
896247760
402518680
829041715
157511424
934727058
547252062
747471734
270598332
603806627
867953095
54414303
556890345
126506184
779171287
990526639
901923285
271977856
91466858
428607159
348008486
133246080
183997837
981079198
613773923
972129490
40995310
762102254
272048255
610873830
401676738
195547955
406969877
333125730
922637809
946641166
696758668
123809869
620985423
264671431
76654063
618298737
87132084
965512365
250249961
697950717
426595155
832755382
160397041
412041115
693901183
362819632
343992353
378486253
315228458
522077815
141791436
185300993
693469758
960524193
420808636
490009267
37371290
763443511
19213989
327476636
720840212
661601870
221957526
454303142
990564934
771194219
871384289
764488867
760889693
45232566
105071765
212304938
291869001
836189904
883122077
953135392
768987073
458504275
653349296
292642327
486315407
413759947
647308483
902873113
114077866
357134799
947345789
311416215
442042435
571968787
65061063
353104657
476999793
88755775
632525839
202870200
178073767
291539971
397129967
292713581
154717030
141096888
484563783
588396160
969647237
629878514
17370313
151743151
930568848
29471665
875155752
1569425
12317406
305070116
999683511
574787949
379042256
409325816
754244879
491462790
898367860
828456131
19860867
508317893
594185613
226918647
970858170
663636629
239778465
55519813
770899892
242765433
647718339
602535377
805194394
270720294
58256611
767741147
5181577
901574562
416700229
35715416
48101349
401908315
550803387
28668202
793926203
837773783
242333764
103508946
435077505
847698576
499026882
85281098
965838326
221890908
556382263
866700912
442501997
746988024
816080587
134821738
958062809
833139387
202993873
329034142
777493037
696585375
169763749
656369733
833011315
387859196
322348188
208496635
30411274
201974655
462479514
238889253
181336832
650741189
637564858
79933759
530443560
870979626
588524355
981760533
658389102
135660656
996796932
519449397
788893897
307522025
418707204
758622891
934793153
171043678
370122897
485220205
899305817
304859794
905280484
525111829
63379243
590203950
965065043
662422200
659357931
788156244
413217811
818828458
315730293
675669511
784659093
550910442
468423480
663235122
486491305
257219983
975903571
915918286
416237545
248232953
339113785
271029635
624994301
900349474
622886348
133707702
709094989
361754376
194059325
395958000
747704129
760742154
927875322
515141130
983143476
264125373
425955604
795895111
595814711
266091876
106331120
127000089
715591938
685395926
145210211
121904649
649094327
613060179
524724108
693720197
237754662
969914034
587100494
98591110
18684049
886900528
662784446
421058618
888577865
93799210
165904725
777665783
209522106
363841331
948709083
933052551
780797337
805263109
581901506
884998081
710594432
255049308
924617754
534985046
717745943
336287216
643365940
786525221
173924174
243650652
647445816
392899235
524856837
159642544
818968815
6889477
158019814
748222748
799938335
749414529
576817401
203782345
835941006
597615809
299182036
818679126
52215299
43229658
432816230
625337061
779689450
691031221
211746060
355822773
887985461
697242514
544958937
40689280
181239079
841486973
366984684
527588182
594021294
289956972
775343947
464283957
878496594
558754152
339869235
393522413
468187544
818824695
377236744
676509476
760043560
623994598
6853757
854685819
874958640
981314578
977734773
416060283
817739525
841161210
698297744
425819035
418308894
792727959
280720849
622217070
96916619
472961322
35322950
562991214
76168594
222247462
35970107
460035667
295425056
373324344
359023225
246654489
434528548
607243031
479277231
298959570
419823833
809423507
549786746
690461100
271946917
677136134
859148112
48592449
94508973
337330941
977024409
465884897
907166332
355358786
776889928
743911030
934847419
574468709
471555056
620296945
158610332
250674460
628391231
583370782
872737581
966350464
614692509
625809977
565753965
256395598
897308117
701579203
564952268
968131655
913318529
879906912
2712703
705511968
949858984
105081896
293762846
227402461
364408963
820613031
225670972
729896060
118129362
473441546
764398435
323128495
232225743
594957481
37398351
21947059
333702190
953220502
185937059
639144506
324942646
468563991
789011318
656207607
346705518
895091747
92713244
125858452
689751672
403681890
13236121
282061071
891012947
191878970
156171589
493248216
95307813
593317506
74693059
662038578
448363314
467387412
198657436
769470058
949965519
631645852
548840711
367005358
168619910
474217868
991437385
964824993
650007354
301948894
165148345
782623895
113457730
614340060
584070745
540725566
209462683
700560560
165848804
81137197
783973688
641073536
762039376
691460184
661976316
169265989
119094225
695211190
772490926
514234142
511630129
854133762
45068847
349205236
498690528
228139948
339554640
600480453
469596383
575871059
351271338
759555141
377583236
218703312
845086739
72985813
412777277
874051250
134214591
287260943
446834552
389498252
52714003
288456227
799725764
413673278
914416895
913939166
585852850
633868242
794047972
284525679
7316677
38030506
791207639
735359960
670720841
580485578
971857997
484133351
568760396
171652413
888147040
838317406
83102892
436688945
391964841
240686693
272486734
293917381
229557845
779303941
994504338
445701211
598881443
422923589
848021325
432878975
802592956
545254284
619699311
898877718
295461741
483900307
2903095
634615459
980556415
16627971
294300349
228027550
61239163
100355427
64883048
234743680
522714879
798399525
4163484
65826420
263694448
947886688
880688875
906288412
586076872
583191220
283396481
263866750
842780643
822921617
51837140
478786255
493521664
384454580
487669943
79336906
247583583
20074114
520071527
678946737
51880965
102458660
794963785
401211844
768873814
818419774
400483096
704579023
628517114
268015563
522638411
550215052
290892039
588221787
442910244
326101863
29122091
761601570
828351982
23879891
844170402
957422088
132645340
567684221
335694274
697459607
493103306
453518524
647228963
852337015
44532376
999348343
926298806
638493264
583212585
770407681
620028304
420842950
614065816
950252783
360528099
514359738
293142900
232675259
304683971
531653970
222195962
507084469
889207369
222749570
633688008
617174519
567587697
261775937
624817787
150457584
526415306
584594775
337582535
251625658
462162803
662914349
82636423
555782014
19229301
689793334
389310034
940458419
677260704
917343987
435317640
630602554
327362759
406715394
754377850
572339639
625645869
999955640
995891389
957626311
804424135
557152091
335941532
706703844
590547279
677524407
851841695
343459254
435376299
963395725
663239711
915486430
429935740
928582525
305820122
706591321
201790564
13215413
191715911
937229095
46603576
566013029
137676156
71384887
881477732
437013736
13258027
993915293
311812064
940644861
803227556
835658614
472338936
671507196
303411862
640946468
744098354
141852948
821201296
40249603
559247418
454771807
118564364
612250407
169881668
453081739
737693069
410116558
96750993
995312552
595403424
650626380
44351037
844629161
398651446
191543106
931778535
877516483
321113415
577432697
186066676
351129033
108070225
588052413
989443724
451688371
440692445
266515673
476691874
592521441
136656486
674973792
35391658
360700794
137103199
191152433
849159305
428411858
852890759
572812167
420199574
252268618
959621995
27229096
581492196
371126669
959023362
577170075
19024346
80887674
101875344
159531914
469887901
49666623
533724315
537935129
797639776
52693539
143263818
552385723
815329139
526412559
106928540
83169399
760375448
897815027
166479378
235746657
877838774
177265480
980675096
668048294
776278130
260581522
149827447
638590090
71624208
335085373
245129123
122323814
18570719
349360745
669683884
747412170
126192552
102261747
827528695
3501830
964728266
45522701
662320231
323619398
26260259
609193137
594028940
290284665
498192548
555286790
133861227
463615599
572743919
929529731
335415055
187972699
112028729
954863501
472509589
784255783
804366770
73164196
28252962
498828441
870501675
236779760
124854173
49031568
516010386
979560385
112510528
832146479
415137410
84523999
990913118
829608499
794845965
159990236
74460401
828372199
284566021
514786879
525315400
198166959
946978417
964975954
291844123
570281539
872752209
109462574
577066282
653447063
954993276
69267803
610515559
37190055
356747490
837758040
103598038
708705964
844919799
403486506
502140589
638251818
564395515
917455880
691559927
549564949
802327465
870647495
121211734
958324264
779852018
761345245
712909948
393737960
995583806
421445307
555940959
753934718
710117223
787290509
842005796
977563294
437557770
857427307
483551219
520284765
380038294
775126292
752369325
616585422
71527226
408811743
670436138
988086791
249435367
768680139
491264415
96079877
915231311
746341863
267108394
33513101
405885733
805430100
416363743
858545424
407209724
411752281
717588686
197686490
480892927
154462222
136551994
970950926
67262215
99401174
153236659
661093291
431623701
911310484
248978205
622904071
732827421
835751855
983062094
936425317
380129061
459128234
24306512
813966152
840900472
737430998
452940863
33552470
450888054
95631550
836419733
710930208
538070064
963404875
653690312
32784606
86043594
854017532
195403691
469995558
907751410
448155454
244227738
212251939
572195433
108537364
174986440
501589836
209443501
551297165
517342870
252870066
46995371
725612064
595766555
69836267
491388332
19705393
707149675
526666640
633875259
320714599
822332584
155221335
2129176
936166130
713962864
154222246
979087018
651588403
965640962
56766511
431796722
942918235
941941609
655425950
18608185
22849539
877170961
517936313
845947140
807674528
707519763
750204731
479568698
777286669
889506807
365866738
835987969
7366139
36532487
98865396
277683789
540768331
312976359
359588428
731940499
526372562
99675682
473719323
23188116
204596477
55171172
653390816
553113930
456059726
531638123
11416727
394700017
159213945
251027487
569991543
511138490
463890178
507093514
487214149
766549949
45647804
613279343
424451924
161538619
882813257
654664978
762737250
717045802
943143073
628835135
463339118
681814271
684876655
58176758
591619176
953168283
433643069
689882034
415204467
453734702
410644633
70095869
822498870
159093864
631162922
229075641
446214147
138915768
876866520
429739514
944225414
142828821
27304214
769625947
769239446
183456998
700302061
390030917
385506708
422699685
761783562
913555178
252675066
490359613
765369600
298102917
276036781
148302464
942343252
282043093
531585795
145113256
619572788
878639757
41688125
153317752
187917882
494917935
268547459
669950536
661008196
250592438
238826160
275352465
56034331
310516428
960123183
683799756
376128427
278836614
221618482
745268656
848567507
383133814
460908001
52652684
452593298
484488896
62768853
354447364
754623246
402905056
713429417
395829150
968731901
844925010
969617387
817384312
125940758
915775907
353316754
717798366
127135541
919580340
122614119
649034174
316046338
44311470
324044201
782760675
584277211
21310246
105055036
264704837
965194942
168555097
221974134
938193558
485731887
680772916
233690480
790052616
335739446
462416847
641077223
663480451
909171439
799948986
502902263
39548485
407785963
989624082
539384703
118688298
887361279
500684510
279263237
230476796
36725063
664556046
342273585
389070019
319644007
6387720
548135441
192969613
115273609
336246258
36606927
10201121
836228478
34406613
934167661
816680055
567382426
664300334
704517689
615890848
900693449
682443335
964430213
709059856
548352148
565835465
750688548
39854578
450639847
609235506
880348966
402397788
721113100
845756235
945522206
3890183
821384239
46778967
68892721
234043498
14593799
840374599
584912796
895237022
87108308
923829832
611390772
843474122
820442233
683539783
976300695
182162685
651501254
443932893
829296638
28456332
156025301
230477845
196046370
465593457
64241123
542363607
529182837
544967589
216812599
153416076
723688909
907020958
455538528
677111891
549927650
207401252
217578453
407948136
798473001
65353928
95564665
173252357
28144010
433711508
121289769
382283271
332703734
266149673
595602096
539114815
632530011
835141135
465034240
859585040
310764770
420385676
903797096
486491481
303684338
921751591
431782267
235738350
25539418
940561118
27894092
730976861
479260917
640915404
452976488
901040125
512717855
968257643
820246986
47451427
528829070
894739869
739026031
633992658
945960632
556692705
825259743
371191075
68837027
749586089
283151042
268818780
924547649
555277727
133733911
589044777
135771838
618326733
958291862
119357399
807196700
270173276
232965776
953584013
933075661
202736016
25679406
408420624
31943513
656519481
642732367
427272744
411625412
243632853
614359865
615202987
39198769
932707437
520293698
360708772
231561518
304905178
303681515
733944726
892697344
568190915
280471786
236788091
840896599
416011601
958712053
830582148
667876206
493878039
972091610
863912403
892205911
742283975
57860369
427570625
45993287
158755441
630658074
120753911
495650694
699396469
889321195
148351108
387117183
585457982
590954587
344728044
835424696
79164215
169808970
999538287
740718030
748925968
746841421
988300980
841891974
156009500
622862054
682491300
315391290
964057262
153254266
301815074
233541928
370690808
985577690
784729361
425750452
335010775
203408181
159891791
737532112
628014345
668620742
902168557
10727133
981787634
54161143
75851023
712214929
950497534
693370379
89293522
234888116
173254845
159139483
424484209
374158052
932046090
968450684
808538533
348193561
684534373
678538606
704095645
394001203
798810352
113236260
76711674
434904132
415639974
111194779
7554478
865045196
607725892
752998397
649539788
359106068
700121055
224581716
675626043
201677721
123751045
301453961
679279726
534264947
135002114
523054404
787885286
212583159
780211287
203725940
251270656
976040669
920285708
231933438
978076033
798367459
264922768
733428761
943120686
408038716
997274135
785997610
298390892
875103754
270329877
187106088
485752493
255202187
629415630
252830025
390897192
848112209
149487045
119547245
200082221
667118902
392260907
787874780
374358046
585587533
38971395
76755043
658152710
159330272
796832688
7366991
18590502
94983958
901862523
601399082
205451120
420415247
259403743
89520584
748108129
850805316
761807340
646222430
229758454
161043695
918535737
595632690
816837419
633108317
823219471
784109834
534851763
728837347
89544562
712746863
469230512
325089279
573289957
19175556
344677001
442336171
573459616
546313806
284243199
162434442
841970421
642824576
654832802
269283036
692643041
536964686
570725043
311314668
244959598
364603246
651108196
862833609
957337321
788774720
431559787
867242199
451546690
352321699
783010893
700468189
987366071
719555642
954287789
502891965
789728785
742255885
395486845
968814424
344583845
830642954
936963197
483880689
227229160
292107813
400310805
297764377
661438861
424582083
735205758
528878989
163633443
517578356
531615033
237394142
390347901
876078935
381422244
542129414
26686386
771208545
37420666
779946826
543046198
169792686
280762624
686106999
992778753
1447305
320645730
727330423
49210460
808640977
330779655
674653731
351083748
594487860
215801385
400358787
626376123
696290898
477061914
646402406
775864403
830385486
524228970
630906880
543172991
971567665
784700343
281175623
573927439
189613056
656593648
346898801
507769658
612711300
487066928
722061261
218578834
463760425
328895808
697185265
605221806
515686643
858027320
382382126
432726513
206224156
284993243
642974112
455518118
783972615
673236813
256199488
431822309
306468428
421994742
653963603
707943012
207782306
503742777
363523617
782255988
47910951
370088660
389589771
130467480
562524684
331339336
188655756
511236237
742894627
792674049
423615514
718010446
481403874
391755501
